F0semitoneFrom27.5Hz_sma3nz_amean,F0semitoneFrom27.5Hz_sma3nz_stddevNorm,F0semitoneFrom27.5Hz_sma3nz_percentile20.0,F0semitoneFrom27.5Hz_sma3nz_percentile50.0,F0semitoneFrom27.5Hz_sma3nz_percentile80.0,F0semitoneFrom27.5Hz_sma3nz_pctlrange0-2,F0semitoneFrom27.5Hz_sma3nz_meanRisingSlope,F0semitoneFrom27.5Hz_sma3nz_stddevRisingSlope,F0semitoneFrom27.5Hz_sma3nz_meanFallingSlope,F0semitoneFrom27.5Hz_sma3nz_stddevFallingSlope,loudness_sma3_amean,loudness_sma3_stddevNorm,loudness_sma3_percentile20.0,loudness_sma3_percentile50.0,loudness_sma3_percentile80.0,loudness_sma3_pctlrange0-2,loudness_sma3_meanRisingSlope,loudness_sma3_stddevRisingSlope,loudness_sma3_meanFallingSlope,loudness_sma3_stddevFallingSlope,spectralFlux_sma3_amean,spectralFlux_sma3_stddevNorm,mfcc1_sma3_amean,mfcc1_sma3_stddevNorm,mfcc2_sma3_amean,mfcc2_sma3_stddevNorm,mfcc3_sma3_amean,mfcc3_sma3_stddevNorm,mfcc4_sma3_amean,mfcc4_sma3_stddevNorm,jitterLocal_sma3nz_amean,jitterLocal_sma3nz_stddevNorm,shimmerLocaldB_sma3nz_amean,shimmerLocaldB_sma3nz_stddevNorm,HNRdBACF_sma3nz_amean,HNRdBACF_sma3nz_stddevNorm,logRelF0-H1-H2_sma3nz_amean,logRelF0-H1-H2_sma3nz_stddevNorm,logRelF0-H1-A3_sma3nz_amean,logRelF0-H1-A3_sma3nz_stddevNorm,F1frequency_sma3nz_amean,F1frequency_sma3nz_stddevNorm,F1bandwidth_sma3nz_amean,F1bandwidth_sma3nz_stddevNorm,F1amplitudeLogRelF0_sma3nz_amean,F1amplitudeLogRelF0_sma3nz_stddevNorm,F2frequency_sma3nz_amean,F2frequency_sma3nz_stddevNorm,F2bandwidth_sma3nz_amean,F2bandwidth_sma3nz_stddevNorm,F2amplitudeLogRelF0_sma3nz_amean,F2amplitudeLogRelF0_sma3nz_stddevNorm,F3frequency_sma3nz_amean,F3frequency_sma3nz_stddevNorm,F3bandwidth_sma3nz_amean,F3bandwidth_sma3nz_stddevNorm,F3amplitudeLogRelF0_sma3nz_amean,F3amplitudeLogRelF0_sma3nz_stddevNorm,alphaRatioV_sma3nz_amean,alphaRatioV_sma3nz_stddevNorm,hammarbergIndexV_sma3nz_amean,hammarbergIndexV_sma3nz_stddevNorm,slopeV0-500_sma3nz_amean,slopeV0-500_sma3nz_stddevNorm,slopeV500-1500_sma3nz_amean,slopeV500-1500_sma3nz_stddevNorm,spectralFluxV_sma3nz_amean,spectralFluxV_sma3nz_stddevNorm,mfcc1V_sma3nz_amean,mfcc1V_sma3nz_stddevNorm,mfcc2V_sma3nz_amean,mfcc2V_sma3nz_stddevNorm,mfcc3V_sma3nz_amean,mfcc3V_sma3nz_stddevNorm,mfcc4V_sma3nz_amean,mfcc4V_sma3nz_stddevNorm,alphaRatioUV_sma3nz_amean,hammarbergIndexUV_sma3nz_amean,slopeUV0-500_sma3nz_amean,slopeUV500-1500_sma3nz_amean,spectralFluxUV_sma3nz_amean,loudnessPeaksPerSec,VoicedSegmentsPerSec,MeanVoicedSegmentLengthSec,StddevVoicedSegmentLengthSec,MeanUnvoicedSegmentLength,StddevUnvoicedSegmentLength,equivalentSoundLevel_dBp
32.95018,0.0053500277,32.79892,32.9331,33.108532,0.30961227,2.815804,1.3032552,1.933109,1.326198,1.7751305,0.31769487,1.804501,1.9468604,2.0499449,0.24544382,1.6139473,2.1450953,1.5882703,0.98193824,0.23699634,0.4683065,30.396753,0.101015866,-13.930073,-0.5783167,-7.8129096,-0.7567826,-7.2080545,-0.7038594,0.0024878266,1.3466173,0.32503405,0.5392895,11.213133,0.066857524,0.3776857,1.9505405,13.221213,0.20492357,712.2987,0.11070068,1508.597,0.11365521,-22.534948,-2.7922585,1590.517,0.05555032,1135.2178,0.205151,-23.231874,-2.6936717,2785.6396,0.052147247,713.96,0.38740224,-34.971066,-1.6718683,-4.431739,-0.27477208,17.18737,0.10895396,0.05323193,0.1466892,-0.00725727,-0.38196915,0.2518863,0.4236615,30.903336,0.058087412,-16.290144,-0.2758356,-9.324806,-0.43168384,-7.760507,-0.54587054,-12.43605,22.125626,0.036314055,-0.010303703,0.13333699,0.4538578,0.15243903,5.8199997,0.0,0.355,0.085,-16.870173
29.199959,0.04175578,29.102934,29.324366,29.545967,0.44303322,19.888517,0.0,1.2067833,0.0,0.85481894,0.24708731,0.7388756,0.83764344,0.9859488,0.24707317,2.336714,1.4672755,1.9826771,1.4729788,0.16732427,0.31316954,41.405506,0.09661786,-10.716176,-0.47229877,2.1315887,2.577893,-11.378953,-0.6360975,0.0058381315,1.7189373,0.49997026,0.6708999,8.810806,0.1445126,14.8704815,0.25461236,26.47674,0.3119287,808.8569,0.14080927,1368.9702,0.12735116,-8.03847,-3.867528,1627.2994,0.069464386,1110.4633,0.16104962,-14.400709,-2.096534,2861.8728,0.03597582,612.0486,0.38806126,-27.841887,-1.0160995,-7.9322786,-0.37271273,25.314407,0.2060115,0.018253352,0.60842824,-0.00452811,-1.5363684,0.17080867,0.28640926,41.839676,0.07255162,-11.074097,-0.42372367,1.6801041,2.8533227,-11.798546,-0.58568203,-12.662978,24.704552,-0.0039309324,0.007752622,0.059556648,1.7707363,0.09363297,10.41,0.0,0.25,0.0,-23.782299
35.624416,0.004262441,35.481174,35.59642,35.779392,0.29821777,1.5917789,0.7483871,0.9773873,0.7404037,1.1736126,0.3864828,1.1770116,1.2880116,1.4506088,0.27359724,1.0281352,0.88948995,0.80065376,0.0,0.16907333,0.4751046,31.622253,0.11177795,-11.477798,-0.5407413,-9.698949,-1.0854851,-14.0451975,-0.64153105,0.0028684803,0.5495081,0.39711308,0.4240678,12.018198,0.061198175,7.4193077,0.1558344,25.226637,0.11627753,870.9151,0.06121643,1304.4468,0.10972162,-31.22132,-2.4951055,1697.0948,0.028768163,983.6025,0.14674355,-36.21623,-2.0766923,2884.338,0.019750476,601.2685,0.25791383,-49.22467,-1.4076747,-8.008994,-0.2530546,24.124159,0.08073204,0.077669516,0.1199134,-0.0060537527,-0.6326831,0.17916578,0.45139557,32.204163,0.08051602,-14.1432295,-0.15862826,-14.086129,-0.32293606,-17.733828,-0.2212665,-12.406,21.928362,0.036567327,-0.0033053043,0.114832416,0.1490313,0.15037595,5.49,0.0,1.14,0.0,-20.521093
34.164402,0.05567228,33.42947,33.75993,34.89924,1.4697685,95.778946,98.44146,25.359322,30.776571,1.2896731,0.36749142,0.79322106,1.4846152,1.6142656,0.8210445,2.3153167,1.0145334,1.5723523,1.4945425,0.28981686,0.54242206,29.624329,0.41534236,4.347008,1.3046114,-16.353642,-0.49777877,-9.660797,-0.9279137,0.014912312,1.9072194,0.5519008,0.6924718,9.906155,0.30665165,13.922257,0.61658925,35.707672,0.28224194,892.68646,0.124086715,1250.3406,0.138616,-37.434837,-2.012247,1747.6194,0.08219087,1202.8595,0.15774384,-48.178375,-1.4440438,2968.1714,0.05458561,916.8433,0.3358796,-62.25056,-1.010472,-10.050058,-0.24608834,32.60806,0.14829595,0.060347367,0.22307377,-0.0022074105,-3.343773,0.32409516,0.4639654,33.98775,0.2191529,3.241034,1.5970659,-18.32209,-0.3511461,-11.9428425,-0.6490912,-5.804006,14.480827,0.04690142,0.0014917953,0.1378045,0.6091371,0.6128703,1.3349999,1.7615783,0.23571427,0.17036575,-16.390827
29.242775,0.065170385,27.364744,29.274958,31.046625,3.681881,8.574611,5.6447234,2.712928,0.20755029,0.9318036,0.45649755,0.5905744,0.9147448,1.3209343,0.7303599,5.2570834,2.9145842,0.6943618,0.049482733,0.20839278,0.5608958,39.512375,0.17201255,-1.4154893,-3.2976635,-5.3718452,-1.0069203,-28.475313,-0.4182109,0.0073541305,0.95749724,0.5563705,0.7518251,8.902559,0.26049665,-9.076831,-0.21944454,17.343277,0.17704737,482.5369,0.23294853,1477.8296,0.11716179,-29.97344,-2.3420658,1379.776,0.09691396,1268.0566,0.16580097,-38.60823,-1.7195048,2708.0188,0.068833426,1114.1241,0.4495409,-50.612717,-1.2140422,-14.206898,-0.12405884,28.165459,0.100862786,0.04003115,0.32378122,-0.040720947,-0.15560454,0.22918811,0.49250403,41.79319,0.09099293,-0.98378676,-4.8310137,-6.8446803,-0.5886732,-31.874105,-0.26555324,-8.479062,19.434614,-0.002763835,-0.0035831772,0.09938351,0.5012531,0.25380713,3.36,0.0,0.275,0.205,-19.4218
27.730785,0.025777303,27.700058,27.864847,28.032192,0.33213425,6.382014,4.6734366,7.0744624,3.761356,1.1569943,0.29057157,1.1256682,1.2126946,1.3034723,0.17780411,1.2267212,1.2294608,0.61804205,0.41977873,0.28064737,0.40250593,35.850468,0.1639139,-6.6295977,-0.41011214,-3.9005573,-1.6218354,-9.00282,-0.6127681,0.0075089377,0.7802742,0.687988,0.52612835,8.033037,0.14729907,-1.3015103,-4.7340803,12.411853,0.4277315,451.67307,0.059796162,1264.4308,0.07598165,-27.89656,-1.8452541,1290.5933,0.045642845,1104.3618,0.091992065,-24.792118,-2.1134338,2376.3696,0.044412192,948.3223,0.22170298,-41.600025,-1.1400502,-7.8539443,-0.23598598,24.850258,0.11683261,0.01870937,0.4437461,-0.017392239,-0.33499017,0.3037326,0.28446582,37.34333,0.07798327,-6.8862495,-0.35635948,-5.2994537,-0.74364305,-9.787866,-0.470055,-6.3849134,16.985754,0.011458042,0.016286135,0.023756389,0.37700284,0.094696976,9.69,0.0,0.84999996,0.0,-19.417358
38.021477,0.05399167,37.214172,37.8818,39.14694,1.932766,98.06735,136.23175,27.053068,39.161045,1.1388124,0.37047774,0.79491246,1.1742241,1.418226,0.62331355,4.745564,2.7562306,4.388273,4.870313,0.36792427,0.5258292,30.932615,0.14834079,-19.933239,-0.56254643,-10.295475,-0.7409949,-2.9939082,-2.41218,0.0151522085,2.2506545,1.0111557,0.59349793,6.20488,0.5819226,1.6235585,2.1377366,17.507195,0.31931153,831.7375,0.09070358,1298.91,0.12526195,-49.859207,-1.7535495,1701.5349,0.03888302,982.147,0.12823331,-51.416004,-1.6711509,2846.4524,0.034049645,671.8756,0.32570362,-63.55559,-1.2432956,-1.9127704,-1.0956484,20.027912,0.1677058,0.066333525,0.1765771,-0.004735172,-1.4075742,0.3893695,0.49844947,32.411194,0.09114853,-24.711065,-0.2549855,-12.908114,-0.40032932,-4.5853133,-1.521023,-7.089145,19.964447,0.053462528,-0.0053780307,0.3110519,1.2622721,0.84745765,0.87,1.1400584,0.24714284,0.27670068,-21.555391
34.670784,0.010288176,34.365833,34.725067,35.001137,0.6353035,5.1524234,1.9940113,4.1007433,2.1791062,0.6860992,0.33004057,0.62372446,0.6828322,0.8329096,0.20918512,3.0427217,3.7796195,0.25921097,0.615119,0.085912,0.6438737,32.617386,0.255949,6.6603546,0.68210244,-18.255882,-0.28894874,-28.493326,-0.2837867,0.0051635103,0.77087533,0.3974757,0.65194565,11.829617,0.11303734,-4.2547054,-0.37742123,26.06134,0.18436149,706.1062,0.18890694,1543.6948,0.14144117,-20.274788,-3.0868683,1546.6753,0.11182708,1337.2026,0.2827092,-34.371872,-1.6626167,2818.0886,0.04378673,731.9318,0.46791503,-45.918633,-1.1587673,-13.843335,-0.24154417,28.300596,0.14765954,0.06611143,0.14470121,-0.025418803,-0.43938828,0.09198313,0.5993479,35.13462,0.09714405,6.455979,0.7088764,-19.605337,-0.18254022,-30.755077,-0.11944271,-7.826789,15.632899,0.047674797,-0.0030655588,0.033571467,0.9070295,0.22988506,3.8799999,0.0,0.45,0.0,-25.572731
25.064169,0.054363344,24.226131,24.615555,25.398212,1.172081,5.698953,2.9641988,3.3053474,2.6937594,1.3134444,0.2281732,1.1027193,1.3425223,1.5395873,0.43686795,3.61029,4.634242,3.680406,4.513819,0.3867073,0.32905266,43.433075,0.16840282,-9.562692,-0.6604748,-7.4315734,-0.97913283,4.811461,1.0840741,0.009182743,1.1534436,0.5341489,0.68635654,6.264059,0.22320922,4.609669,0.43021917,27.499899,0.2771056,589.9234,0.1714302,1474.8235,0.08487609,-13.880277,-2.896887,1504.8881,0.05676157,1055.6724,0.20834696,-13.609311,-2.9736383,2687.2385,0.05293549,899.26794,0.29263315,-36.46703,-0.9748018,-6.004996,-0.41166562,27.287193,0.120300375,0.020036265,0.44818527,-0.002654859,-1.8016393,0.39102322,0.31901368,43.979214,0.15843831,-9.411657,-0.67386144,-7.874133,-0.9007708,5.5925784,0.6460244,-9.641536,21.442715,0.02948416,-0.012259945,0.31653938,1.6617792,0.19646366,4.85,1.68,0.22,0.19999999,-18.42351
33.202126,0.0071906545,33.085854,33.16778,33.264587,0.17873383,0.13542756,0.51253104,11.475586,11.236583,0.54941416,0.43800473,0.22716439,0.64879143,0.69673824,0.46957386,3.877927,3.1793442,0.27725118,0.007261306,0.05341466,1.0133966,27.856686,0.34931943,4.735204,1.0599309,2.2504838,1.7371595,-4.521309,-1.4490274,0.0034571628,3.6493053,0.2860937,1.7552178,12.049318,0.08114845,3.981896,0.56541353,19.43942,0.14916833,706.1736,0.11441348,1391.8237,0.10415607,-47.555843,-1.6028277,1598.8022,0.043396242,976.41315,0.21962918,-52.812332,-1.3868232,2920.6267,0.045971386,579.3375,0.4533248,-65.83691,-1.0153016,-13.777222,-0.16701548,30.2498,0.09026514,0.029080253,0.30464187,-0.0047760643,-1.3484367,0.06236298,0.90145135,32.608017,0.04836148,4.0176215,1.0450401,1.0323569,2.5450852,-7.1089354,-0.564356,-6.060914,14.106553,0.029748794,0.013029748,0.019346807,0.40404043,0.20408162,3.9199998,0.0,0.475,0.114999995,-26.529274
33.279427,0.012194925,33.020405,33.187748,33.479816,0.45941162,0.46512517,0.0,10.692195,7.291849,1.9540561,0.42076722,2.1233969,2.2389097,2.359999,0.23660207,1.7998686,1.1605002,0.44739223,0.0,0.16325836,0.7537715,6.4914274,0.86058915,-21.056677,-0.65692157,-4.1199355,-1.4339383,-12.560126,-0.7979595,0.0032126964,3.6020906,0.20341314,0.9880277,10.232963,0.20480505,-5.5457582,-0.18028955,-7.3315005,-0.36623898,486.56543,0.21324855,1205.1776,0.1389922,-36.753357,-2.0500214,1433.6111,0.064339,1097.5106,0.18135564,-22.966074,-3.473589,2555.48,0.042429384,784.4433,0.23469913,-31.096132,-2.448875,7.2781124,0.1571556,9.658545,0.20602679,0.055585608,0.13703321,0.019708809,0.15462577,0.19007897,0.60929495,8.622689,0.24362865,-27.25995,-0.06365568,-5.7239904,-0.64191824,-16.923223,-0.15616587,0.9901826,6.245359,0.030966965,0.016015235,0.03585158,0.1356852,0.13661203,6.08,0.0,0.60499996,0.065,-17.354052
25.67206,0.011884073,25.461609,25.677765,25.88721,0.42560196,5.2813406,2.8742917,4.9014688,3.4554133,1.3664882,0.35521317,1.257248,1.4409922,1.7075553,0.45030725,3.2852447,1.2156091,0.65347,0.3053828,0.2769734,0.36588714,34.772873,0.18139267,-8.577982,-0.9335326,-11.797021,-0.687279,3.928731,1.3629106,0.0048786527,0.6645368,0.46704277,0.47868732,7.632103,0.091865875,2.753339,0.5617179,18.5118,0.49292445,599.2651,0.17401311,1585.037,0.14519405,-33.109016,-2.1827333,1520.888,0.0879001,1383.7699,0.27101374,-33.47733,-2.1540108,2508.481,0.13134776,1231.7957,0.32386184,-47.476357,-1.4019938,-4.6546936,-0.70164603,23.184557,0.12236183,0.039077368,0.1333296,-0.01159403,-0.6087106,0.3047685,0.255581,37.18437,0.06382482,-9.149805,-0.90922713,-14.483596,-0.34206322,5.1876245,0.69278854,-6.6068397,16.55414,0.042990994,-0.004509429,0.13803361,0.4497751,0.1510574,5.5699997,0.0,0.51,0.22,-18.836264
31.163599,0.042563695,30.897015,31.401958,31.67451,0.77749443,86.864044,60.147568,16.813507,19.446384,1.1167551,0.59668285,0.1764416,1.3095369,1.6233308,1.4468893,4.9950004,3.8221123,3.7217655,2.4570577,0.21531321,0.87302315,29.138453,0.23241761,-15.329877,-0.6446991,0.9222913,10.112131,-11.546439,-0.609325,0.010687997,2.8013692,0.7548265,1.3845513,8.056721,0.6026236,0.79262555,3.3103838,16.270567,0.2668291,576.22076,0.22778551,1473.9493,0.11716952,-65.15808,-1.4598653,1497.5039,0.06773038,1153.6572,0.15562975,-66.12081,-1.4201477,2662.1345,0.06712924,1103.5208,0.41436228,-75.55456,-1.1560045,-3.8508863,-0.69029176,17.780416,0.14323664,0.06757458,0.17709541,-0.010376014,-0.83496,0.2608928,0.56282425,32.863678,0.08999114,-19.979904,-0.2673723,-4.3103614,-1.0929098,-14.48064,-0.35014775,-6.2927475,15.896188,0.03605158,0.007207332,0.12721872,1.7679558,0.5555556,1.194,1.5832701,0.48666668,0.5569759,-20.892603
32.346355,0.034653414,31.914566,32.107513,32.392704,0.47813797,1.3751767,0.0,34.68352,23.152023,0.58269525,0.28967616,0.52622396,0.6279822,0.6870417,0.16081774,3.0837667,3.2613654,1.0526689,1.7874511,0.1266221,0.46909136,37.456898,0.17054987,-1.4508163,-3.9582832,-3.0245645,-2.0286543,5.5439734,1.0986891,0.007550877,0.64956725,0.6907668,0.48657936,9.629911,0.134881,10.930149,0.2864789,30.333626,0.13586308,641.9921,0.2390144,1577.6958,0.14806104,-41.283966,-1.7588252,1521.975,0.080771014,1063.2545,0.1247275,-45.750366,-1.4886043,2735.6619,0.046967987,754.40717,0.2754204,-59.586456,-1.0410159,-12.483883,-0.1840386,28.571169,0.1034108,0.0393952,0.2187767,-0.0056698443,-1.4289587,0.12685475,0.28355303,39.42129,0.055679057,0.37992048,8.33271,-3.2220898,-1.022789,6.2469172,0.88672525,-5.089032,19.390903,0.028781237,0.010263997,0.11919657,1.2072436,0.40650406,2.0449998,2.0049999,0.26,0.14696938,-26.846245
33.723343,0.022364167,33.1109,33.425926,34.392967,1.2820663,-5.990813,0.0,0.6109201,0.0,1.2307556,0.3360352,1.1139996,1.256136,1.420255,0.30625534,5.952624,5.0391393,0.93692505,0.60985184,0.18463804,0.35177428,26.413815,0.29270804,-11.39329,-0.6021295,-17.027822,-0.6918429,-4.1901,-1.069334,0.0031753436,0.9144347,0.4900548,0.42589286,10.202003,0.13032477,5.1702523,0.28192246,21.188536,0.27906403,709.2024,0.13792674,1353.832,0.10303667,-31.38121,-2.247734,1618.8344,0.06476114,1028.5927,0.18014382,-27.041191,-2.662793,2893.8977,0.070950575,847.89734,0.45417517,-48.912792,-1.2902092,1.1925262,1.8715136,25.337309,0.13354327,0.03290462,0.35116532,0.009859748,0.49784473,0.19603273,0.3071767,28.711178,0.15031604,-13.793153,-0.2719109,-21.70187,-0.18818387,-4.5732574,-0.890685,-5.0498376,11.153577,0.015760066,-0.0022248207,0.12381903,0.29282576,0.14749263,5.77,0.0,0.48999998,0.01,-21.047905
30.445501,0.038613986,30.367147,30.557386,30.706255,0.3391075,575.5735,402.0715,12.097857,10.153667,1.1084595,0.2747408,0.9312313,1.165187,1.3144267,0.38319534,2.295956,2.1989217,1.7082815,0.9996174,0.30403626,0.28524247,36.998283,0.12079429,-13.598599,-0.5561307,-2.1991131,-2.2258105,2.4815264,1.8057225,0.0057930783,0.98604316,0.79923767,0.49597612,6.487851,0.26510105,1.7789108,1.2908217,17.772867,0.40620637,545.40924,0.32612497,1626.8604,0.13364595,-23.341948,-2.5390847,1442.0664,0.10275461,1231.7432,0.13078056,-23.286951,-2.5016077,2574.9084,0.06876449,1114.7147,0.2743386,-37.712673,-1.4202853,-4.1060104,-0.5807516,19.801903,0.14628385,0.021753913,0.52842057,0.0013197272,4.590769,0.3164603,0.25728562,37.896572,0.08791273,-15.432814,-0.35841757,-3.45766,-0.83658636,3.286225,1.078608,-12.913317,24.0418,0.0033940263,-0.008683956,0.20126235,1.509434,0.37974685,2.3633332,2.9465725,0.25,0.2839014,-21.9874
24.149725,0.024103122,23.68451,24.027119,24.696228,1.0117188,6.607256,3.31715,5.483795,3.607069,1.5762967,0.38022393,1.2408324,1.7656921,1.9923636,0.7515311,3.030544,2.5545404,4.026441,3.646465,0.3290936,0.45347238,28.572168,0.18682371,-21.819141,-0.5785766,3.1569123,1.3617764,-7.8784184,-1.1025866,0.0066366373,0.71280575,0.68278074,0.68138814,5.564525,0.3324547,1.878445,1.2262231,4.081871,1.0761237,473.44113,0.13802779,1249.9612,0.114472196,-38.662056,-1.9326134,1347.9829,0.05942417,1141.4384,0.20745228,-34.113735,-2.2522988,2334.5186,0.03646754,811.3535,0.21306475,-41.91951,-1.748257,-0.83811265,-3.375586,10.183913,0.2579496,0.02373464,0.30332255,-0.0025002775,-3.4755685,0.36887515,0.34920627,30.37934,0.11428482,-26.55696,-0.16400899,2.3878677,1.5845853,-10.17458,-0.7294448,-8.051598,17.766539,0.027175158,-0.003970849,0.14743412,1.3620886,0.11415525,7.21,0.0,0.76,0.48999998,-18.811214
35.89449,0.042213716,35.978912,36.068226,36.232494,0.253582,9.268717,0.8329033,2.7781603,0.0,1.6010671,0.3307915,1.2039738,1.7773372,1.9380875,0.7341137,4.0828805,3.019189,1.9263428,1.8109801,0.3689686,0.58767104,28.860985,0.12811212,-17.867054,-0.35651428,-7.0097055,-1.0875037,-7.487974,-0.7704335,0.009209997,2.2287,0.89376205,0.4755409,8.24796,0.33489305,0.5832103,8.609393,15.448018,0.2475392,718.98956,0.24219285,1575.3721,0.11590102,-14.007438,-3.546002,1595.9808,0.07586327,1194.1088,0.16091958,-15.647512,-3.0018508,2672.08,0.07105012,950.0087,0.49618143,-26.22176,-1.6914618,-4.2308993,-0.47470075,15.505805,0.19669686,0.054378107,0.22323936,-0.00811343,-0.7414721,0.38440752,0.5082603,29.359064,0.102575146,-19.153923,-0.21982536,-8.184418,-0.77510977,-7.8992767,-0.70761186,-9.950048,15.597779,0.032748982,-4.0305506e-05,0.16461913,0.61349696,0.20661159,4.5299997,0.0,0.14,0.11,-17.939285
35.530582,0.004962804,35.373775,35.526917,35.645954,0.27217865,1.8400528,0.78760725,1.6462187,1.197918,1.7037933,0.17326327,1.6315354,1.7516929,1.8549871,0.22345173,6.174513,8.7551365,0.77399296,0.32194734,0.368405,0.254144,28.339499,0.074530154,-28.45958,-0.22414003,1.6436944,2.0210516,-12.176158,-0.2994516,0.0023754083,0.47698835,0.6145888,0.41206086,8.648604,0.12863745,-7.4748178,-0.44435275,0.6487509,7.2575793,489.94016,0.15232088,1296.8802,0.11951094,-15.835894,-2.6311443,1489.9437,0.045634944,1191.1781,0.24072227,-5.6182885,-7.6722746,2379.1926,0.086961076,1628.9763,0.36289108,-17.40739,-2.336719,-0.7465515,-2.0455542,15.6329775,0.14205742,0.023591582,0.49677673,-0.0010620173,-4.663319,0.37434864,0.2407589,28.620459,0.048700716,-29.791645,-0.089265436,1.1936555,2.174651,-12.663561,-0.2357056,-7.193913,17.932936,0.019803101,0.004058389,0.25634897,0.30581042,0.10245901,9.29,0.0,0.22,0.14999999,-18.662825
32.52697,0.09406215,32.776623,33.288956,33.703285,0.92666245,168.06741,141.18681,200.06218,407.12012,0.71063715,0.5870231,0.38930836,0.6361808,0.8903934,0.50108504,3.0524921,4.1360884,1.4175559,0.9372038,0.18802968,0.59519553,21.743168,0.2792213,7.7404876,1.1813003,-6.557964,-1.3001846,-0.28893533,-21.278475,0.023476517,2.178788,0.9296196,0.5858912,6.2507515,0.36817622,7.2103634,0.4121241,20.660244,0.3176572,756.7013,0.1819284,1409.752,0.13210392,-65.84966,-1.3125937,1663.5835,0.083648026,1141.9165,0.24210903,-68.55895,-1.2263442,2847.206,0.10711804,962.8604,0.43526936,-77.86979,-1.0052878,-8.572035,-0.50386643,22.430008,0.1907733,-0.01213762,-1.3480031,-0.007474546,-0.8709603,0.2044419,0.57876724,23.803547,0.16351706,4.719348,1.539841,-9.044825,-0.7315749,-1.5145955,-3.516708,-14.688109,24.942726,-0.01362079,-0.008370841,0.16076764,1.2290503,1.5730338,0.435,0.6964783,0.24700001,0.41369188,-26.314363
24.13572,0.030083429,23.610706,24.030525,24.591305,0.98059845,9.601929,5.4016733,6.42719,2.6185195,0.7257335,0.62824196,0.20099193,0.8643181,1.086167,0.88517505,2.6048067,0.89637446,2.0197375,1.0286449,0.20188771,0.76507956,33.406445,0.34176254,-1.8731866,-3.5005505,-4.260654,-3.485489,-2.0006876,-2.6939616,0.0054206913,0.64548206,0.57439524,0.58852303,6.0046782,0.21348746,4.237943,0.8293776,19.305826,0.22246231,435.9239,0.06307758,1255.9417,0.083467625,-75.22755,-1.2167064,1322.3739,0.03169759,1074.433,0.084644176,-73.99621,-1.2495047,2351.9614,0.055607118,1038.7417,0.26964885,-86.17124,-0.97051585,-7.7866154,-0.26404756,24.872137,0.13648447,0.0076126745,1.0866551,-0.015147784,-0.44312462,0.28625044,0.45831165,41.540436,0.08635879,-5.7969112,-0.7425711,-14.893787,-0.29146093,-3.3880236,-1.687772,-10.178787,18.897808,0.0039209034,0.012072724,0.051855408,1.2383901,0.31446543,2.06,0.0,0.545,0.125,-22.784773
23.51467,0.31877726,16.15412,24.202902,29.817017,13.662897,290.26138,354.4467,42.5442,43.71121,0.5245844,0.38605684,0.35395613,0.5349845,0.644912,0.29095587,2.8211627,2.1425173,1.3409302,0.8416467,0.25069824,0.5378214,33.644608,0.1529131,9.525897,0.5472769,9.273667,0.8332409,6.9015775,1.3219699,0.03374408,1.9947,0.9559789,0.63134545,4.4632573,0.5475318,7.40297,0.75074923,34.65913,0.15296607,555.1029,0.36685923,1488.9956,0.1378738,-79.74973,-1.183322,1571.4613,0.14607924,1119.5798,0.22393572,-86.68111,-1.0071411,2726.051,0.08854261,1046.3694,0.27360508,-94.00917,-0.8658705,-17.9144,-0.1640442,33.07045,0.12751597,0.016843835,0.72527236,-0.0003132701,-37.617126,0.2876957,0.44491386,35.71009,0.06673463,11.395504,0.36165798,9.435727,0.763875,10.510956,0.8513276,-14.870684,26.687243,0.010905647,-0.003044676,0.1953033,1.3574661,1.6717325,0.3618182,0.8409391,0.19749999,0.30116788,-24.484457
31.825827,0.12787355,30.509062,31.007156,32.002373,1.4933109,39.0635,0.0,388.83643,275.68106,0.87455016,0.6735894,0.27842885,0.7499955,1.346913,1.0684841,4.548647,2.1634576,4.652785,3.509666,0.19666542,1.1050795,26.4452,0.37414315,-5.970394,-1.0669881,0.1965466,41.46595,-3.5072849,-3.6439676,0.0054808296,1.6607113,0.6084823,0.8029239,9.093661,0.24200734,3.1664798,1.8576796,20.799416,0.24035779,553.24493,0.23989533,1495.488,0.11274203,-63.878635,-1.4285494,1469.5149,0.070762314,1173.3477,0.25697404,-63.32488,-1.4083202,2633.8416,0.095248155,1178.0098,0.47059917,-75.237404,-1.083392,-6.525312,-0.5060159,21.285063,0.16253093,0.04757866,0.28231886,-0.0057496345,-1.3392705,0.2620598,0.8991372,32.03362,0.12297748,-5.924292,-1.0223094,-3.885105,-1.4683905,-10.488649,-0.74546367,-1.6417233,14.722779,0.0042709974,0.022316884,0.057314582,0.6968641,1.0638298,0.6433333,0.87446487,0.205,0.185,-21.938597
25.494968,0.094842315,24.40845,24.677711,25.325554,0.9171047,31.521778,22.506445,97.7,80.129326,1.0951828,0.446406,0.8284581,1.080051,1.4297256,0.6012676,3.3121655,1.1924208,2.7318718,1.7773894,0.3134542,0.56233835,26.855995,0.21143158,-7.3103995,-1.3200618,-8.647645,-0.9462523,-3.4789069,-2.9315464,0.011250028,2.8935525,0.9953889,0.76058435,4.2931223,0.6292136,-0.09405966,-72.88539,13.106452,0.4842057,579.6461,0.266255,1535.2432,0.15557633,-40.92278,-1.9844936,1534.088,0.10129059,1214.4219,0.20546766,-41.984024,-1.9041784,2600.073,0.0795067,1168.7228,0.40908593,-53.347622,-1.3937701,-5.8211,-0.91564256,20.280834,0.19622181,0.040595427,0.4408988,-0.012536712,-0.7594382,0.3551668,0.46795774,28.91144,0.11619859,-9.955006,-0.63456327,-11.67682,-0.35273734,-5.439562,-1.7659197,-8.184802,17.507135,0.0423304,-0.0010776634,0.16146609,0.81833065,0.99667776,0.78333336,1.3188968,0.19999999,0.175119,-21.480646
30.743122,0.011804023,30.53189,30.790329,31.006691,0.4748001,4.992869,2.4535768,2.754452,2.1127422,0.7352012,0.4115302,0.6302987,0.79871374,0.93056405,0.30026537,2.0046563,1.2018982,1.5068741,1.1273189,0.13215198,0.4839996,33.317924,0.21073604,-11.270587,-0.50861156,4.8823776,1.0586551,-1.4513394,-3.433419,0.003754338,1.0085522,0.5600415,0.6183024,9.174777,0.14696346,14.074994,0.25562385,17.677341,0.19329563,935.58514,0.09858611,1162.4995,0.20010088,-34.48987,-1.9659039,1689.1693,0.054893974,1162.4515,0.1334446,-33.515697,-2.0286746,2968.2915,0.032024857,420.27225,0.42083827,-42.678898,-1.5052629,-1.6205475,-1.5157536,17.807302,0.17707564,0.02795351,0.40799326,0.023844244,0.23457615,0.15138859,0.325541,35.834454,0.08060468,-13.148959,-0.25455275,4.3632874,1.0769464,-2.2945871,-1.8608611,-6.9976144,17.887964,-0.0003822922,0.019585604,0.027046742,1.3245034,0.22321428,3.83,0.0,0.31,0.08,-25.540174
33.77994,0.030457854,33.637936,33.75443,33.905643,0.26770782,3.3396287,0.0,-2.6612332,7.3165326,1.1234287,0.4024434,0.5477266,1.3204349,1.5072904,0.9595638,4.3744583,3.022226,1.3399144,1.966717,0.23457012,0.4883781,26.64194,0.38032714,0.6445672,13.581226,-13.418732,-0.7518251,-10.461908,-0.52830106,0.008172295,2.6650121,0.61506456,0.8219759,9.18387,0.3745994,-2.4512918,-1.6209446,17.37464,0.32910898,719.7348,0.22552133,1544.3187,0.13541326,-66.95254,-1.3801249,1544.5157,0.09694087,1209.8118,0.3274221,-67.07924,-1.355183,2818.5051,0.10358428,801.785,0.6419218,-77.57892,-1.0799458,-5.3025866,-0.5566529,20.67424,0.2294999,0.040259477,0.27784196,-0.012714385,-0.36352175,0.25207868,0.4345799,32.472454,0.09983415,-3.7420578,-1.6079679,-19.21232,-0.24528174,-12.4701805,-0.326851,-8.562945,16.705326,0.028460246,-0.012357955,0.1981518,1.7838405,0.5274262,1.282,2.4343162,0.74,0.5411562,-21.068428
34.733208,0.11641497,33.64222,33.839638,34.06368,0.4214592,531.26465,545.8944,56.207905,63.007133,1.3305429,0.28449175,1.1451211,1.4351473,1.5709004,0.42577934,7.344203,7.237079,1.4680438,1.1837826,0.33594194,0.45879087,37.545338,0.17162044,-7.8263893,-0.48914427,-13.376731,-0.4322178,-10.398113,-0.94284695,0.0153315505,1.8924879,0.75435674,0.70788616,8.903147,0.21995342,5.267066,1.1518743,28.651161,0.45855108,798.1943,0.13743928,1364.5549,0.09292459,-12.791166,-3.8548305,1679.3002,0.080960676,978.9468,0.16777444,-19.974112,-2.3047776,2985.4626,0.04948599,726.77765,0.5091126,-37.95839,-1.1080437,-9.557838,-0.42750266,27.61586,0.13930523,0.042268883,0.30319184,-0.015698116,-0.7129144,0.3504519,0.42587554,38.588936,0.1343378,-8.333943,-0.4119752,-14.305606,-0.3243843,-10.749181,-0.92973924,-8.184636,21.698078,0.01203757,-0.0017290879,0.16184966,0.61601645,0.4149378,2.25,2.23,0.14,0.03,-18.221205
30.981583,0.018382369,30.450909,30.840763,31.496914,1.0460052,6.631457,3.884405,8.692618,9.852798,1.876501,0.3556266,1.7434742,2.0177348,2.2764778,0.53300357,4.0216413,2.6753852,4.075327,4.0092344,0.553707,0.5987953,30.870771,0.18247737,-34.723328,-0.46997112,2.1302679,3.6510706,-15.587448,-0.4640672,0.028816178,1.0388428,1.1172079,0.86977684,3.7050147,1.6000657,1.8468441,1.5579004,7.5559645,0.7390019,554.18274,0.26422077,1531.1617,0.13359395,-64.40212,-1.4858006,1526.9128,0.08390345,1311.7769,0.19488877,-60.103645,-1.6064988,2434.3835,0.10467302,1425.9285,0.34262636,-67.86793,-1.3454176,0.5846949,2.3298662,17.155373,0.13852002,0.050178602,0.21621804,-0.00021837608,-10.383413,0.5526106,0.53641945,33.27599,0.089476936,-40.265587,-0.10411949,-1.670145,-3.0228896,-17.422167,-0.28965396,-3.5810204,16.010279,0.023054691,-0.00071474066,0.5728139,2.022472,1.3667426,0.48,0.55839056,0.23166665,0.17920348,-16.573736
30.63026,0.042323533,30.283895,30.5573,31.432205,1.1483097,36.84834,25.720846,1.8610721,0.5656842,0.835883,0.3378106,0.6395323,0.81347924,1.0297202,0.39018786,4.3843684,3.9006405,3.5707486,2.24813,0.36710706,0.40273795,31.642164,0.23533998,-4.1027637,-1.8465403,-0.99577874,-9.093436,2.8993702,2.6439729,0.017540662,0.7835552,1.2092193,0.46776268,3.118442,0.9017804,8.35603,0.6624793,23.06999,0.21423149,683.7463,0.34841228,1476.6295,0.19081786,-110.297775,-0.8437515,1554.3811,0.12797102,1164.4983,0.19747567,-105.25953,-0.88614607,2683.209,0.11113233,994.0347,0.3642173,-113.7761,-0.7452626,-7.0291886,-0.49999568,24.066298,0.1881249,0.02054329,0.6618499,0.0017055342,6.382864,0.3633343,0.3352957,34.325455,0.12260487,-5.840869,-1.1399574,-0.32607055,-26.451048,3.799641,1.9546059,-6.800405,21.241959,0.026049837,0.0044264635,0.37816268,2.5796664,1.6819572,0.28636363,0.6674547,0.26333332,0.5198931,-24.48995
33.24223,0.018455982,32.89663,33.104298,33.42894,0.5323105,4.0218496,3.4225135,7.8905587,15.07701,1.9413333,0.18692617,1.8399997,1.9977851,2.1558301,0.31583047,3.581815,5.261966,1.8448311,2.8541718,0.52080846,0.45739564,33.735737,0.10217198,-25.036194,-0.25569612,-15.734591,-0.45686117,-7.493702,-0.8314525,0.009984132,1.286514,0.58166087,0.6701888,8.225681,0.34080666,3.7935016,0.95062804,15.458298,0.49695605,639.8944,0.20524253,1335.062,0.107325874,-2.613478,-13.107616,1587.2865,0.0638188,1079.782,0.29222742,-1.9630064,-17.327488,2721.3323,0.0831763,995.9031,0.48316008,-19.263828,-1.6180134,-3.5839703,-0.5718856,23.041801,0.16255987,0.06359542,0.17231092,-0.004861442,-1.1838719,0.5278528,0.43643376,34.08474,0.07911361,-25.578003,-0.21556796,-16.290411,-0.40091088,-7.474361,-0.84328413,-6.5150027,18.102247,0.058798388,-0.00498356,0.3742146,0.5723631,0.32840723,2.9424999,2.7435775,0.082499996,0.074624054,-15.379464
32.03198,0.055959832,31.604832,32.096916,32.652306,1.0474739,43.845974,26.74446,0.6829399,0.0,0.67176986,0.33348003,0.5885386,0.66880274,0.8283401,0.23980153,2.2324786,2.324326,1.9450512,2.430921,0.21592714,0.32462695,39.2623,0.18476416,-7.282787,-0.9994551,5.574669,1.758843,-8.402243,-1.3381499,0.0077522905,0.71260077,1.0718068,0.40833154,4.922196,0.40119419,3.3544176,2.475989,23.655802,0.28494176,544.578,0.25514108,1528.9786,0.13024797,-31.928392,-2.1894784,1471.6711,0.08541683,1204.1063,0.1965534,-37.732697,-1.7691745,2657.2742,0.0796031,1076.927,0.4594712,-49.68956,-1.2453556,-10.589468,-0.25579444,24.668604,0.1539712,0.001812703,6.2673836,-0.01131955,-0.51029736,0.2281288,0.2415322,41.672287,0.09525682,-9.229267,-0.5240838,3.5009296,2.259485,-12.267882,-0.43177512,-13.767462,23.724134,-0.019240089,0.005837305,0.14863728,1.5852048,0.26595744,3.205,3.165,0.35333332,0.2049932,-26.168892
33.554264,0.0045586955,33.434814,33.546288,33.63934,0.204525,0.97151035,0.4364664,1.760471,0.53507835,0.9784387,0.3172471,0.9162259,1.0692712,1.1895515,0.27332556,0.24193463,0.8340359,0.78183734,0.7474906,0.09147219,0.69223475,31.878628,0.25796866,-10.593984,-0.348935,-8.150951,-0.41085914,-6.9492683,-0.56683236,0.0024944255,1.9964013,0.2856587,0.82500565,11.930913,0.0848243,0.8866938,1.0514183,13.680807,0.23547488,757.37,0.078440435,1398.0343,0.07414217,-29.297646,-2.1719189,1599.7345,0.04330876,1100.0758,0.20983966,-31.66518,-1.9831051,2865.3735,0.044115428,572.5114,0.3167377,-45.0721,-1.283427,-5.2446733,-0.31539947,23.526602,0.11705598,0.042600546,0.17472942,-0.0010378739,-3.2605503,0.097951114,0.6475659,34.836796,0.059830785,-11.3751745,-0.25093055,-9.163854,-0.2055238,-8.09856,-0.27626494,-1.2157007,8.72558,0.054396566,0.012780719,0.03651679,1.0666667,0.2710027,3.23,0.0,0.44,0.0,-22.913511
28.626001,0.006485502,28.509295,28.616299,28.749111,0.23981667,2.5364146,2.0232003,1.2944514,1.6171721,1.4911326,0.16201355,1.4040949,1.5249643,1.6116239,0.20752895,2.985219,1.7843447,1.048834,0.70175123,0.42129266,0.23359025,38.141308,0.10850996,-2.4283984,-1.0197848,-10.085716,-0.5661962,-22.20102,-0.24346434,0.0027699969,0.5642901,0.5502735,0.500289,8.556241,0.101848096,-2.0612745,-0.8998867,20.447598,0.15571734,460.14343,0.11467064,1372.7594,0.08649617,-12.856734,-3.4236538,1350.5201,0.052070297,1154.1597,0.12442342,-17.84706,-2.392253,2616.384,0.041737072,920.5275,0.31570634,-34.987812,-1.1077858,-11.058996,-0.12183498,28.189947,0.09301208,0.029255023,0.29672354,-0.03353911,-0.16370422,0.4289044,0.21762593,39.06196,0.036564063,-2.5200822,-0.9696157,-11.248839,-0.2654975,-23.269161,-0.13158394,-8.791472,18.261942,0.013395225,-0.005888881,0.29598796,0.2588997,0.064935066,14.589999,0.0,0.39,0.049999997,-16.393244
30.868109,0.06333097,30.177162,30.577991,30.93256,0.7553978,16.429665,16.27747,0.46971634,0.39640966,1.4836826,0.33963442,1.3638626,1.5815662,1.8317237,0.46786106,3.3721335,2.7817473,1.604789,1.2726114,0.31367263,0.43904543,28.262365,0.21044698,-12.355499,-0.82429755,0.34302685,19.10811,-11.666174,-0.8834037,0.005115367,0.5172621,0.5093575,0.44401163,8.631404,0.14182822,10.815616,0.6226006,19.048904,0.23930243,688.3738,0.18419443,1407.5894,0.09150264,-25.085836,-2.3901393,1572.792,0.051515426,1138.3156,0.22635427,-20.547024,-2.9467773,2804.0022,0.061944023,958.5555,0.63566166,-36.166294,-1.5281427,-1.9545156,-1.3198724,19.66313,0.13163485,0.021605488,0.7182692,0.0043187346,2.2429268,0.34071997,0.33798358,29.422136,0.13692494,-15.221061,-0.37120363,-0.7279253,-7.071377,-14.119258,-0.54409784,-11.559834,20.470303,0.008948686,0.010123258,0.10120486,1.1889036,0.2663116,3.36,3.21,0.375,0.235,-19.042477
37.61062,0.027473737,37.391155,37.823257,38.074448,0.6832924,48.86381,71.35731,18.735668,10.54533,1.1065111,0.596057,0.30948114,1.3683633,1.7258234,1.4163423,2.8891358,2.022025,4.208975,3.6494472,0.3351844,0.69710046,24.947685,0.26693094,-6.6750255,-2.3449626,-3.4364533,-3.1318169,3.595039,2.4055326,0.01374463,1.127588,0.8620466,0.58042,8.518719,0.31041226,5.0068846,0.8734044,17.748083,0.39942437,892.0807,0.1186626,1025.6316,0.1482225,-80.18638,-1.1358814,1784.2004,0.052286778,888.5864,0.1754879,-79.711395,-1.131277,2978.269,0.05077157,607.2867,0.35631615,-90.03473,-0.91490394,-3.1156437,-1.1215565,22.464823,0.16748348,0.058206003,0.27098292,0.0047944435,1.9023598,0.4644672,0.42305624,28.090738,0.18226826,-17.191935,-0.39095515,-8.091227,-1.0127212,5.997247,1.3436813,-11.903661,20.366106,0.02494914,-0.008695339,0.112261474,1.459854,0.73529416,0.85800004,1.6113026,0.39999998,0.21931712,-19.57325
25.277348,0.008838473,25.157288,25.285727,25.394167,0.23687935,3.1186993,2.0663886,3.0234888,4.1252174,0.4052832,0.41962567,0.15874201,0.45781568,0.5348372,0.37609518,1.4678363,0.9601216,1.2624934,0.85317874,0.07756694,0.44694158,30.890272,0.3171044,11.760813,0.32502124,6.4662395,0.60985154,-7.7769637,-1.2849354,0.005360605,0.5252665,0.4634344,0.44227123,7.9836206,0.06639525,9.689014,0.20962441,31.957445,0.08575643,661.5642,0.22928637,1528.4977,0.11016156,-63.82789,-1.3153235,1644.3589,0.15321586,1385.6384,0.23645352,-74.62006,-1.0316244,2769.0613,0.08106546,1086.0793,0.2154472,-80.57982,-0.90908056,-18.72462,-0.12320619,31.421984,0.08319562,0.0062497915,1.050457,-0.023772502,-0.26444498,0.09368788,0.2585627,36.693558,0.04109406,12.539653,0.2644004,5.4857445,0.6430077,-13.108808,-0.40853944,-10.494166,19.860428,0.0024179798,0.006065267,0.03599581,2.765648,0.14662758,4.96,0.0,0.91499996,0.275,-28.70024
33.806225,0.030271934,33.79058,33.90978,34.03649,0.24591064,103.21951,70.94585,1.853374,0.0081352,0.6724953,0.2784347,0.5385702,0.62486917,0.8783911,0.33982086,1.9424307,1.1551467,1.0035617,0.6891497,0.1826684,0.44944885,34.830215,0.115918204,4.6597958,1.3106169,-8.624401,-1.1131743,-7.525338,-0.5518137,0.013685418,1.3032341,0.9790184,0.5553088,7.1859813,0.3552942,1.4804989,2.2611248,30.912035,0.28343898,519.7301,0.336254,1511.3956,0.120150745,-7.654546,-4.0571213,1434.0524,0.10695409,1127.1754,0.18986669,-16.527973,-1.7304623,2657.863,0.07826405,1007.7258,0.4046799,-35.585754,-0.73065966,-11.351248,-0.3150053,28.368624,0.23424408,0.025780702,0.49541765,-0.0077681066,-0.8657347,0.18526086,0.44188696,35.17468,0.0980645,4.7308025,1.2961589,-9.338935,-0.9491932,-7.508231,-0.5454568,-13.108824,19.228119,0.014579955,-0.011636305,0.11705481,1.0243278,0.25773197,3.7749999,3.5549998,0.085,0.065,-26.598867
37.647335,0.030302182,37.4056,37.68778,37.983383,0.5777817,252.69768,251.75018,5.316575,3.87271,0.9371297,0.38052857,0.44909883,1.0365871,1.2173514,0.7682526,5.1902833,4.522038,3.408453,3.6368222,0.2625724,0.8453159,30.251652,0.35817572,4.9087753,1.2489074,-9.8175955,-0.9334262,-3.3171697,-2.1835353,0.0100131575,1.9841186,0.62887746,1.0561321,12.558594,0.19456622,-6.6185193,-0.53410184,24.721802,0.20287094,775.0299,0.19103022,1426.8119,0.17154536,-58.67805,-1.3945036,1697.4565,0.10310266,1119.9609,0.1732837,-64.94377,-1.1537695,2994.875,0.053960707,853.98615,0.36500168,-78.203545,-0.86264116,-16.81593,-0.2044626,34.996822,0.11728063,0.0461931,0.2301732,-0.011271523,-0.6839339,0.28716293,0.70672673,35.300606,0.13813578,4.2819595,1.248589,-13.275422,-0.48508868,-5.074303,-1.192983,-7.1992126,17.033987,0.02277568,-0.0022895462,0.18661237,2.1173625,0.66747576,1.1327273,2.1374457,0.31583333,0.40551323,-17.853304
27.370214,0.009208972,27.273394,27.387213,27.534748,0.26135445,3.88621,2.7324834,3.2428966,1.9546937,1.5479113,0.25062156,1.4946878,1.6332163,1.7249964,0.23030865,3.5978463,1.8353784,1.568847,1.2815883,0.39750186,0.5230467,38.3851,0.16461597,2.4966826,1.3792863,-12.336586,-0.6209936,-10.6304245,-0.45077696,0.003849283,2.2473314,0.50114536,0.848821,8.903553,0.099791564,-0.692552,-2.2788255,18.411575,0.181248,420.72177,0.05943595,1222.0295,0.06613222,-18.588015,-2.9380014,1323.3966,0.032899357,1077.9004,0.14563802,-24.395052,-2.1689873,2337.8796,0.038481284,927.855,0.19772868,-36.56198,-1.3485162,-14.268155,-0.15893899,26.568125,0.13191281,0.04577604,0.12784049,-0.031473026,-0.19068484,0.41919237,0.45323542,40.088993,0.048247818,3.245682,0.70067054,-14.461622,-0.21128426,-11.031863,-0.4194557,-6.003527,15.706505,0.035665642,-0.002029864,0.19295052,0.2670227,0.13440861,6.81,0.0,0.29999998,0.07,-14.006142
17.719936,0.0325004,17.22044,17.669436,18.118431,0.8979912,12.972766,12.539245,9.360101,6.4477096,0.58532584,0.28283033,0.46894157,0.5801559,0.7268708,0.2579292,2.9058397,2.2056446,1.949721,1.1157664,0.18734685,0.30782053,38.99332,0.14322995,-10.953405,-0.41068274,-2.6472392,-2.3266087,1.5088174,3.8727496,0.007791175,0.60985774,0.7643445,0.6739521,3.1937394,0.26399472,-7.4183345,-1.9655621,10.203758,1.4740863,473.0283,0.14330395,1242.9712,0.1156502,-44.552097,-1.4154695,1348.9384,0.07148772,1067.9128,0.11455169,-42.207714,-1.5139158,2424.2283,0.065894395,1023.7317,0.22221656,-57.17889,-1.0130718,-9.451615,-0.29095796,28.35969,0.123519406,-0.031904683,-0.305078,-0.0011944786,-4.1892285,0.19726002,0.25170872,40.394028,0.07120592,-10.580531,-0.42743158,-3.443992,-1.4025456,2.10527,2.6635656,-4.7055416,23.196024,-0.012806047,0.012330069,0.13752332,2.4529846,1.3957307,0.5976471,0.98629737,0.097647056,0.1485827,-25.97228
36.725872,0.05303809,36.38976,36.572323,36.9902,0.600441,27.669022,27.759739,73.82042,7.132744,1.7059782,0.29154864,1.3163596,1.8771333,2.0014062,0.68504655,4.078834,2.095283,1.6466037,1.0788383,0.3850464,0.34281924,25.824633,0.2266328,-19.545702,-0.582184,-3.4906292,-1.9100323,-23.741013,-0.31745404,0.0058845794,1.3379375,0.64317155,0.6334901,10.244746,0.25389802,-7.067489,-0.64588714,9.43562,0.7345084,673.8322,0.19309275,1318.7898,0.09496499,-31.280323,-2.177664,1640.802,0.07483454,1050.6432,0.16393673,-34.62114,-1.9106517,2808.5728,0.049054243,759.9734,0.43715242,-43.209927,-1.4497626,-7.6534023,-0.41545752,19.11489,0.2004326,0.069134936,0.16407117,-0.016428005,-0.39224336,0.38894528,0.33067867,27.538641,0.101252176,-21.588732,-0.49845377,-4.472926,-1.2902796,-25.393616,-0.24724165,-5.0316386,13.428603,0.06615546,-0.011511929,0.3554784,1.0348071,0.85066164,0.99888885,2.5786364,0.15666667,0.25394663,-17.00678
34.96237,0.16791818,32.675087,32.83809,33.242832,0.5677452,64.52352,44.159267,493.87814,221.21858,0.7681442,0.4181253,0.4732721,0.7551735,0.9572045,0.48393244,4.0882316,3.167127,2.0272622,0.90741056,0.24625045,0.4973966,31.506874,0.24647477,3.1191082,2.1433117,-8.570133,-0.9836438,-6.7111163,-1.1042346,0.017424999,1.0140553,1.1089222,0.5271153,7.483532,0.28568196,3.9024158,1.4554826,29.43455,0.20797329,719.7278,0.23860125,1572.9774,0.14096081,-57.373817,-1.5514307,1615.3674,0.10337558,1192.5428,0.23691481,-61.971825,-1.3297248,2820.9988,0.088989556,827.69476,0.43371445,-72.50762,-1.0495851,-13.076595,-0.23952888,27.449133,0.1520106,0.055087287,0.22290789,-0.019243605,-0.23354322,0.26127654,0.34631652,34.06782,0.16310872,1.7925322,3.4527755,-11.948933,-0.43126726,-7.699736,-0.7862454,-13.095656,22.238024,0.04633946,-0.013850575,0.21006191,1.0130246,0.87463564,0.8283333,1.569792,0.29166666,0.21450849,-23.499191
24.635471,0.2233428,19.759403,20.51774,31.328129,11.568726,196.29083,186.81763,86.035515,125.48236,0.9640558,0.43526435,0.41572797,1.0731821,1.2717426,0.8560146,3.2724683,2.1007144,3.0844731,1.7207495,0.3348372,0.53792536,32.67464,0.2150297,2.5337849,2.4689577,-5.131614,-1.3909435,-12.429755,-0.82281315,0.02475477,2.295723,0.79021573,0.64752495,5.1658764,0.63335335,3.5068781,1.2237881,27.17767,0.16884716,805.66595,0.14007992,1491.6061,0.11076714,-55.335964,-1.6974896,1654.1232,0.067465246,1200.6041,0.12093635,-62.52142,-1.4149784,2850.539,0.06662946,750.57855,0.51129484,-70.87548,-1.1735134,-11.848012,-0.17703201,26.754042,0.13515472,0.051612694,0.18065181,-0.021803893,-0.29493952,0.38901246,0.3693972,35.395912,0.09216829,0.29235882,13.368996,-8.157527,-0.4969109,-16.688448,-0.40692666,-12.844998,22.788834,0.03581604,-0.014296147,0.2143118,2.0344288,0.63091487,1.1125,1.6053407,0.4475,0.37658828,-21.098839
28.940767,0.073574305,28.437254,28.740082,29.122421,0.6851673,36.706768,0.0,251.39284,177.72209,1.3772265,0.2774709,1.2155763,1.4451643,1.6118336,0.39625728,2.484428,1.3639479,3.2651367,2.5245087,0.30890602,0.3831326,38.04124,0.14656726,-12.437897,-0.54910165,-10.368016,-0.7190288,-19.145437,-0.46218547,0.0039261673,1.5742294,0.49649015,0.5867335,8.375651,0.1853908,5.910601,0.42870027,22.239138,0.24197772,494.66864,0.14829002,1291.9764,0.08768332,-17.456242,-2.9598918,1400.554,0.056782633,1014.22485,0.06555889,-12.728054,-4.145175,2627.461,0.037975304,797.20294,0.24216047,-34.011093,-1.3722833,-4.6937733,-0.6376243,24.60163,0.16017526,0.025937006,0.4072052,-0.009176913,-0.7199694,0.32248852,0.3369809,39.167496,0.099388264,-12.961,-0.5028331,-11.702177,-0.5209896,-21.031464,-0.29402173,-8.014064,19.656801,0.002556922,0.005894808,0.16514087,2.1621623,0.36363637,2.5349998,2.495,0.19,0.12,-18.386269
22.850142,0.024518346,22.742884,22.883265,23.024765,0.28188133,161.48924,107.12153,0.16186894,0.0,1.1542381,0.4280658,0.7845041,1.3822932,1.5330347,0.74853057,1.6062452,0.8457478,0.70554084,0.3874549,0.18538134,0.5091056,27.697536,0.22140421,-8.190708,-1.1800269,-8.723854,-0.86623293,5.4765577,0.91424143,0.0075848647,1.3325068,0.4848921,0.8108359,5.901379,0.21919201,2.4738808,0.9469917,9.716777,0.34404704,444.3902,0.08969231,1132.773,0.084779516,-35.878876,-2.0110497,1362.5729,0.044728823,1063.1522,0.12940003,-34.711338,-2.09741,2314.7617,0.031142965,837.3189,0.15233257,-41.55493,-1.678864,-8.206538,-0.30412197,16.45023,0.20160244,0.021454558,0.35193267,-0.018154012,-0.32797414,0.20723052,0.32309654,30.066095,0.07979623,-11.593957,-0.5041776,-11.08306,-0.44258067,5.0481863,0.9244843,-10.7637,20.709051,-0.0068637133,0.0008159039,0.07766515,0.93936807,0.3430532,2.4299998,3.7941732,0.37,0.35816196,-21.164316
30.499443,0.008743834,30.335033,30.471733,30.585987,0.25095367,2.6832836,1.6241317,0.9059128,0.62590694,0.99517703,0.31948817,0.90668714,1.0958043,1.1920189,0.28533173,2.7315798,2.6521022,2.5776155,3.6167054,0.19523746,0.4562304,36.421165,0.25388014,-5.120083,-1.1701673,-7.1978927,-1.0294317,-7.8990464,-0.5335247,0.0056519145,0.8276846,0.46528932,0.46279302,9.523642,0.10905627,-1.7686517,-0.87890404,25.133104,0.12638204,798.4815,0.08838592,1274.959,0.07865498,-33.09308,-2.2391148,1752.631,0.04451474,956.61017,0.10947461,-43.17625,-1.609929,2881.535,0.043891408,838.6144,0.3200713,-56.1738,-1.1358109,-11.479207,-0.1637875,26.195353,0.11119003,0.060080435,0.11402931,-0.033086244,-0.1086335,0.21456194,0.3915099,40.120865,0.059520155,-6.9143977,-0.5873662,-9.909176,-0.38113767,-8.866248,-0.3776703,-8.370861,16.091713,0.043215204,-0.0073332908,0.100163944,0.84299266,0.105932206,7.89,0.0,0.76,0.21,-21.885923
33.707684,0.056764923,33.343628,33.52202,33.65475,0.3111229,119.15116,116.45785,171.31354,123.19197,1.4419525,0.30137286,1.2808623,1.5039793,1.6900184,0.40915608,3.8870265,4.7079477,2.0526705,1.7794607,0.3848588,0.44309157,21.657604,0.1597602,-5.4827952,-0.960321,-0.30976012,-32.183453,-11.059254,-0.6028082,0.009120203,1.3481638,0.83047736,0.5243722,7.3433843,0.35418198,0.29922146,8.725394,10.766925,0.4009577,728.82526,0.26659924,1523.5192,0.16057926,-18.965523,-3.213701,1774.7902,0.1126667,1140.492,0.1789205,-26.853586,-2.099508,2688.5337,0.06477689,1076.082,0.32101315,-25.084349,-2.2763894,-8.14578,-0.2792727,11.385251,0.37151235,0.062056944,0.17566483,-0.035307966,-0.19719583,0.40067723,0.41733402,21.127874,0.13862033,-6.5452037,-0.61371785,-0.5396273,-19.053047,-11.743916,-0.5345888,-13.896041,21.947763,0.05884073,-0.021562314,0.254898,1.2949641,0.5797102,1.545,2.6125515,0.16,0.11022704,-19.669474
35.20349,0.008565397,35.00514,35.225357,35.411613,0.40647507,4.3075957,2.598359,3.655367,2.0029166,0.94598943,0.33558214,0.7787091,1.0054445,1.1220285,0.34331936,2.6055682,2.7841089,3.9096024,5.511474,0.15343411,0.478392,33.59615,0.29146782,5.863417,1.2365346,-10.996359,-0.81189746,-9.262243,-0.5517442,0.0052577644,0.8187751,0.42292568,0.55846673,11.9728155,0.09700396,-0.34555915,-4.6733294,26.545542,0.19687778,690.2666,0.13673402,1394.7495,0.0730168,-33.163048,-2.075896,1587.873,0.063831,997.24023,0.17644686,-42.467407,-1.5345074,2876.515,0.029707128,582.3768,0.336418,-55.644093,-1.0736586,-13.61712,-0.261964,29.43623,0.15736757,0.045681372,0.20453733,-0.013326723,-0.5986954,0.16153209,0.46573636,37.19926,0.09728303,4.9385524,1.4267844,-13.829752,-0.41909435,-10.656647,-0.3597651,-8.67516,15.672941,0.022040809,-0.0122036515,0.10742168,0.3944773,0.06596306,12.96,0.0,1.0849999,0.225,-20.837791
24.115532,0.018073995,23.838442,24.128284,24.390114,0.551672,7.5955462,5.199477,4.7752857,3.8554268,0.8771636,0.32032076,0.82575613,0.96511406,1.0433586,0.21760243,2.0249867,1.1832148,1.5794863,2.0364485,0.1475811,0.47526905,29.980106,0.20116253,9.440621,0.44974923,-12.714335,-0.60124373,-5.195639,-1.4267226,0.0042031882,1.0749265,0.31977767,0.77994007,7.077289,0.13012318,0.8657016,1.4640385,20.526129,0.18886584,436.02798,0.19249046,1306.8383,0.07938178,-29.258865,-2.2185209,1323.7263,0.09277467,1086.5902,0.14907396,-31.380318,-2.0430384,2406.8218,0.06872756,950.1613,0.25503507,-46.01047,-1.2726953,-10.591275,-0.23786779,24.585855,0.10165447,0.026663847,0.2610455,-0.02875848,-0.21699846,0.15813743,0.33719435,32.05763,0.073763855,9.033121,0.44911325,-15.336581,-0.20201775,-6.840271,-0.89282334,-11.090983,19.924202,0.008783112,-0.0016640023,0.07751428,1.3077594,0.17513135,4.98,4.3399997,0.47,0.29131883,-22.994873
27.407763,0.043387346,26.924992,27.597706,27.827919,0.9029274,142.9136,100.65871,2.6074717,1.1236379,0.62045205,0.25316453,0.58628476,0.6602143,0.7087956,0.12251085,1.8045316,2.0522687,1.4188178,1.0974588,0.16334124,0.4197907,33.68173,0.17361115,1.4028049,3.273837,0.06396048,91.35791,5.125087,1.1678547,0.007932793,1.316157,0.7684132,0.62672925,7.4474134,0.25525472,6.036159,0.5747726,33.30283,0.13735634,928.0855,0.15207928,1400.4716,0.12526576,-53.2581,-1.5054529,1724.6083,0.082897246,1315.4911,0.22836538,-56.747562,-1.363667,2914.9905,0.057402175,883.0425,0.32645372,-69.846596,-1.0056549,-10.718497,-0.2152451,29.449017,0.14566068,0.029484557,0.29024392,0.0077819466,0.9743032,0.1589056,0.2862406,35.577515,0.09205029,1.6890537,2.4189003,-0.9489635,-5.062268,6.173417,0.97349036,-9.6808405,22.511116,0.045974977,0.003916471,0.18517637,1.4947683,0.75301206,1.0139999,1.3770199,0.29,0.24223955,-26.611153
25.014202,0.019428812,24.706356,24.965515,25.355968,0.6496124,0.06037405,0.30814013,37.365414,34.766804,1.2522148,0.31370944,1.112344,1.2581325,1.506791,0.39444697,0.9783184,0.92001426,0.670202,0.36788622,0.29056436,0.27406126,34.328224,0.13461365,0.46050856,8.124556,-11.653978,-0.6616788,-7.0842896,-0.6080863,0.0041678003,1.571756,0.45880535,0.654671,7.328609,0.083885,2.1473897,0.9792124,19.924158,0.1442565,478.6717,0.098471254,1320.2781,0.09224632,-29.513842,-2.1506348,1375.1742,0.041153,1034.1471,0.12594923,-29.601425,-2.1440315,2635.868,0.041200478,868.48724,0.47846323,-47.790928,-1.1872127,-7.066382,-0.30132633,25.545242,0.12387118,0.019819181,0.37252334,-0.01578445,-0.3178727,0.307679,0.20614986,35.642452,0.07601858,1.0661252,3.1171172,-14.252769,-0.25512704,-7.142351,-0.53167486,-9.301419,18.62069,0.026961423,-0.008171785,0.177839,0.30911902,0.15576324,5.6299996,0.0,0.38,0.02,-18.926756
35.955105,0.062213387,36.12258,36.452526,36.731003,0.6084213,535.57404,490.15558,-5.6904416,17.954624,0.88466614,0.5004962,0.67632043,0.8668561,1.0246813,0.3483609,2.9294846,2.7177932,2.329369,1.9100713,0.22486995,0.7313594,31.336163,0.16173948,-4.2107453,-2.8470552,-1.5710808,-4.700464,-5.704878,-1.2968143,0.01398678,1.7550037,0.9807007,0.6738409,7.943479,0.45502448,3.2452583,0.62531406,20.143707,0.27419442,725.73676,0.24077126,1651.8303,0.11520525,-41.87289,-1.770959,1589.9572,0.09352205,1192.7474,0.2054162,-39.622433,-1.7672429,2777.8433,0.10990408,925.3113,0.4520668,-51.138844,-1.2732234,-8.278439,-0.57032114,23.187895,0.17617717,0.060102012,0.19304064,-0.00720392,-0.97929776,0.24397117,0.6885883,32.34919,0.13046357,-7.363925,-1.373276,-3.8595207,-1.3308306,-7.859363,-0.70969933,-15.887989,26.095242,0.02803424,-0.008550042,0.1346892,0.6973501,0.42134833,1.9833332,2.7059112,0.275,0.20402206,-23.158062
30.541016,0.1489048,29.24602,29.48403,29.711166,0.46514702,33.233517,27.45421,104.79724,18.912373,1.0968379,0.3803375,0.56365085,1.3114139,1.3945103,0.8308594,1.5381519,1.2930504,1.7210435,1.9872261,0.3316457,0.43564832,31.109838,0.24905466,-3.1665325,-2.2806387,1.9947757,2.5479662,-10.643303,-0.66154766,0.011033677,0.7402476,0.7674426,0.55422074,7.0214233,0.2757041,-0.23417115,-22.23075,17.932165,0.34682515,485.2302,0.25795048,1318.8861,0.10965263,-53.41928,-1.5118464,1377.7601,0.11335945,1224.8682,0.1733308,-57.48621,-1.3366197,2366.432,0.08247233,963.988,0.24704976,-66.29945,-1.0864868,-11.1216345,-0.3778497,23.610586,0.14207475,0.03356038,0.32851037,-0.023414057,-0.3084105,0.38833088,0.26934478,34.32093,0.15362877,-4.7376075,-0.8829253,3.1127362,1.3975985,-12.477667,-0.46151185,-7.2888994,16.93951,0.02478462,-0.011905073,0.15298493,1.0014306,1.0086455,0.7514286,1.6740066,0.19125,0.17229606,-19.786064
35.9331,0.013726185,35.624847,35.83266,36.11506,0.4902115,5.5933,3.0015516,7.4043174,8.553001,0.76801234,0.5155526,0.29235828,0.81348604,1.0875086,0.7951503,2.9149747,2.2808652,3.2737718,2.1133943,0.15085578,0.6186901,32.210907,0.29507694,-0.6472288,-11.871686,-0.6174733,-19.234657,3.4764657,1.7826666,0.0067640087,0.8509315,0.55811244,0.48204342,12.217538,0.09467129,5.2914414,0.6825384,29.37676,0.1446132,844.04816,0.10706812,1398.909,0.1817775,-62.00204,-1.3054825,1700.0786,0.06193151,1025.5345,0.20398618,-63.87653,-1.2178348,2965.3357,0.047979623,735.3135,0.29115507,-77.25287,-0.90709174,-13.518401,-0.2976176,30.656221,0.13462336,0.05635531,0.15208238,-0.006969985,-0.5961708,0.17492956,0.46694914,37.39032,0.08372054,-2.4867566,-2.7751565,-6.1712465,-1.1781294,1.5531508,3.0327692,-9.17112,16.4139,0.029175282,0.008838225,0.08394508,2.1686747,0.4878049,1.535,1.485,0.32666668,0.07845734,-21.345993
28.360426,0.20259227,23.531532,23.848862,35.237534,11.706001,110.709564,91.426506,49.159058,45.35429,1.2925402,0.26114383,1.2343752,1.3356804,1.4222004,0.1878252,1.6750674,1.377761,0.34699255,0.12769331,0.3846103,0.3394982,30.020878,0.12808,-8.415872,-0.663703,-11.5484295,-0.4918701,-24.114021,-0.2716181,0.02602745,2.96313,0.87169784,0.80369264,5.223845,0.63679016,2.7280169,3.0198975,22.222658,0.18356782,562.36584,0.23893602,1584.7864,0.12597565,-15.8469925,-3.9491682,1437.4495,0.09423234,1320.6888,0.14577489,-19.392683,-3.151141,2582.5398,0.07373002,1237.3243,0.36470184,-34.83616,-1.6059421,-5.673252,-0.4199796,23.040098,0.09381335,0.035896745,0.3335522,-0.0142871365,-0.48430347,0.39962694,0.27066022,30.567396,0.0814397,-9.542554,-0.4400525,-12.591892,-0.34314457,-25.698019,-0.16526507,-11.117626,20.590277,0.03486011,-0.014897587,0.24287227,0.41407868,0.8368201,1.0575,1.2417804,0.1175,0.108714074,-20.253374
34.761127,0.10300264,35.668385,35.871746,36.13248,0.46409607,142.9108,115.848495,37.509914,36.297665,1.4380677,0.23744331,1.251281,1.4932737,1.6738625,0.42258143,2.6378696,1.1695249,3.0121434,1.9580748,0.6130289,0.39410642,33.984844,0.12841047,-13.059756,-0.37890318,-9.660274,-0.6984053,-2.5497427,-2.0014367,0.04182072,1.3518736,1.3446184,0.46097168,2.6276252,1.2870247,-1.7920364,-1.4270223,21.670433,0.21498339,670.2201,0.32588288,1592.953,0.13652514,-26.544706,-2.4639022,1545.0056,0.09215371,1259.0194,0.15551782,-27.337248,-2.235856,2628.72,0.09231322,1109.9523,0.35411474,-41.228897,-1.3656137,-6.770675,-0.34112486,23.254074,0.12426099,0.07268803,0.14456786,-0.007792665,-0.70372766,0.63352853,0.33317804,34.88382,0.0739566,-13.869562,-0.3168385,-11.133662,-0.38547826,-1.8994439,-2.415369,-8.459602,20.456532,0.06333555,-0.008857973,0.47177193,2.275313,0.68728524,1.2783333,1.4909886,0.186,0.1660843,-18.112995
32.628338,0.04430757,32.044308,32.420074,32.858734,0.8144264,2.9628901,1.1838951,-18.135838,14.069626,1.3414183,0.27960727,1.243514,1.4243307,1.562171,0.31865704,4.8074517,5.879087,2.6002436,1.8460658,0.3325915,0.4744452,28.868336,0.14563969,-25.71134,-0.44906285,-2.229395,-2.4453082,4.7663436,1.2977381,0.0056115435,2.2148967,0.77183837,0.6341455,6.801003,0.29903477,5.0822587,0.53167266,14.876274,0.25772813,868.97546,0.07654826,1201.2529,0.07669289,-20.174784,-3.0300052,1761.8367,0.029477762,1004.1294,0.09480537,-16.222761,-3.8421078,2875.9497,0.031189641,767.01086,0.32900423,-31.567665,-1.8112112,4.0583925,0.53757375,15.867526,0.22240421,0.05831898,0.18606913,0.006329308,1.1000487,0.3529685,0.42835945,29.508589,0.10140835,-29.23122,-0.17543665,-3.2567492,-1.3950801,5.6788583,0.92721015,-11.41942,19.769476,0.05542101,-0.0149932355,0.16530602,0.44345897,0.22255194,4.0166664,5.65214,0.34,0.22135943,-21.270872
30.577887,0.012358527,30.376097,30.579372,30.813087,0.43699074,11.809412,16.038652,3.195901,6.1012526,0.82549715,0.3131595,0.8062273,0.86386555,0.92304003,0.116812706,1.2349336,0.83853966,1.5498207,1.4825597,0.11432394,0.47316048,34.129284,0.20873345,-6.9729924,-0.7209595,-1.8691766,-3.4483497,-3.7198634,-0.96383464,0.00509659,0.82759655,0.512567,0.76378447,9.967388,0.10750835,6.8106995,0.48881802,21.545385,0.2425694,749.4366,0.10714819,1371.7748,0.07834841,-25.714094,-2.081225,1607.6584,0.046467956,993.4813,0.15088075,-26.452902,-2.0160413,2860.2188,0.047245994,730.14484,0.28451332,-46.55292,-1.016758,-6.942201,-0.28307706,28.975637,0.085962035,0.02804161,0.3709405,0.00043016137,12.839045,0.12384543,0.37700135,36.18713,0.041791003,-7.6660857,-0.5941177,-3.4764946,-1.0924072,-3.9022026,-0.8589618,-4.8944316,12.62442,0.029770324,0.017577695,0.014899352,0.1846722,0.18570103,4.91,4.83,0.45499998,0.435,-24.212025
32.215977,0.013344025,31.781475,32.20032,32.608807,0.82733154,11.632141,11.061789,10.073442,13.603295,1.0386482,0.1529049,0.9090413,1.0545217,1.1583195,0.24927819,1.9057474,2.2230392,1.6090984,2.334305,0.45340222,0.19950828,27.613451,0.18834545,-6.5173936,-1.0397642,-1.2958264,-5.955134,-5.143345,-1.5999274,0.0077594626,0.87554955,1.3329302,0.423919,2.7885935,0.49607852,-0.5464179,-6.440893,12.261597,1.0770801,512.9521,0.29354626,1488.8425,0.12680104,-138.45766,-0.6414032,1379.2307,0.13975783,1170.8682,0.12630741,-134.54677,-0.678596,2546.8447,0.0724632,1052.3093,0.34557498,-140.67653,-0.5890567,-1.9635623,-1.0900153,19.972097,0.13112445,0.0272902,0.5346411,0.003601117,2.435458,0.44002292,0.2405513,30.609755,0.11427701,-13.063192,-0.38486674,-1.7574966,-3.2975056,-10.353895,-0.5829188,-6.6305776,19.657074,0.025941873,-0.0042922553,0.46152103,1.2170386,1.6393442,0.19375,0.19286895,0.39624998,0.63219726,-23.781076
22.752523,0.019940378,22.482832,22.771383,23.03422,0.5513878,4.530705,1.8530676,2.9286017,2.6538954,1.2665586,0.3535464,1.0763588,1.4250633,1.563633,0.48727417,1.5932778,0.7504868,1.7326832,1.3048204,0.25987172,0.37932074,33.468594,0.111025326,-4.584427,-1.0899123,-4.625339,-1.9957713,-17.112213,-0.53039193,0.0044958466,0.58587986,0.48768175,0.6219472,5.9596186,0.13798855,5.0244,0.45116302,13.3431425,0.26981467,453.68344,0.09428791,1143.5901,0.114163294,-31.480436,-2.18462,1320.2867,0.04279691,916.0763,0.11474597,-30.298143,-2.2878327,2665.315,0.038536,543.7099,0.518527,-43.291477,-1.4793156,-6.3426595,-0.2527633,18.419933,0.17915733,0.015208676,0.40823716,-0.01937348,-0.1966399,0.28526622,0.28465125,34.22344,0.091613606,-5.161515,-0.92844605,-7.643816,-0.742019,-20.0297,-0.28264946,-11.527033,21.779457,0.014009881,0.00096191064,0.1127677,1.0560521,0.08156607,10.51,0.0,0.85999995,0.16,-19.44754
39.695538,0.008820028,39.531094,39.731808,39.89104,0.3599472,2.832777,2.2011285,4.1602674,3.4817696,0.9706533,0.41312188,0.3717788,1.1474622,1.2645056,0.89272684,2.2435584,1.7674294,1.3868276,1.1366802,0.18530764,0.4493,28.67699,0.22681198,2.1279576,3.6632195,-11.3744955,-0.8582823,-13.781134,-0.63138777,0.00522844,0.75932187,0.5376224,0.43443042,13.00973,0.11844448,-5.3114133,-1.3011303,22.99298,0.18507275,842.602,0.07615183,1201.309,0.08127673,-54.67327,-1.565431,1706.589,0.0312903,991.91,0.14392534,-63.791058,-1.255085,2993.4165,0.026938029,570.99896,0.25881884,-76.14684,-0.9567309,-11.514579,-0.24318436,31.23464,0.10222593,0.026759394,0.42181632,-0.017367361,-0.41051295,0.20973952,0.40755767,31.791769,0.11170061,-1.8130463,-1.994015,-16.5702,-0.24079356,-18.306496,-0.22157612,-13.289906,21.66405,0.011133503,-0.010624893,0.118315466,1.0014306,0.14409222,5.16,0.0,0.875,0.48499998,-19.827385
34.363697,0.009421927,34.099785,34.31016,34.675636,0.57585144,5.552022,2.5530527,2.267968,2.8386774,1.1858187,0.3843314,0.57707286,1.4342251,1.573051,0.9959781,4.141406,2.8487573,1.8006713,0.7762182,0.31957412,0.33018187,37.491436,0.22935589,-14.909933,-0.391619,-2.4013247,-4.0350327,-3.1347873,-3.2372565,0.027605742,0.60971445,0.8290619,0.5925071,6.6155796,0.35359523,4.441208,0.5565294,19.598404,0.6302172,658.79236,0.23090477,1532.3451,0.14468922,-59.083458,-1.4470515,1518.3271,0.09301095,1155.6725,0.16309491,-58.382626,-1.4459981,2733.206,0.036935784,793.1033,0.29260102,-72.81505,-1.0412213,-4.8292494,-0.3887088,24.547358,0.1121093,0.038138047,0.3141443,0.0032259256,2.030907,0.36619213,0.19109756,42.175465,0.05879192,-17.076855,-0.19142321,-7.239514,-0.85032946,1.8058432,1.6974232,-8.104747,14.5328245,0.025812091,-0.016371751,0.20478928,1.4760147,0.37593988,1.9599999,0.0,0.68,0.0,-19.206652
32.851036,0.05995711,32.458786,32.730785,34.07528,1.6164932,426.33008,477.0435,25.96218,21.540224,0.63054734,0.47420475,0.38667986,0.5926106,0.80222213,0.41554227,2.2743948,1.2607322,2.257924,1.5753117,0.21834755,0.53542274,29.299368,0.17179367,3.1440973,1.7198741,5.186758,1.5677458,0.08516044,98.230545,0.025265232,1.2469354,1.108617,0.54288185,6.9147706,0.32017487,3.3857365,1.7771031,19.163912,0.33441108,648.7154,0.33630198,1502.9265,0.20201123,-93.57726,-0.9699201,1583.0244,0.15016691,1106.9202,0.2647234,-90.96847,-0.9706701,2815.1777,0.08519893,841.4301,0.4491786,-99.79203,-0.81354135,-12.223812,-0.21982698,28.185595,0.11110844,0.007363532,2.330099,-0.0037874216,-2.4291084,0.24443252,0.43666676,29.78866,0.15178424,3.4440415,1.7256951,4.8771353,1.4243731,3.2463672,2.6500013,-11.67186,23.26921,0.012598709,-0.008046908,0.18310498,1.8867925,1.1695907,0.50124997,0.8014118,0.29555553,0.33826718,-24.796179
21.78246,0.07711693,21.238178,21.470764,21.785995,0.54781723,64.914116,79.82554,-0.3555893,1.8348954,1.5448909,0.18919788,1.4309533,1.5733365,1.723301,0.2923478,4.348261,2.2701197,3.5400763,1.9468722,0.4341915,0.36732215,42.3456,0.07613479,-13.501717,-0.36684033,-11.564415,-0.5614143,4.504662,0.8736266,0.008154154,3.0586808,0.6424238,0.74198514,4.9854097,0.24007477,2.0992384,1.0795554,22.689781,0.17360131,488.63135,0.16738552,1351.878,0.09582603,-14.4593,-2.6076982,1434.5671,0.06903902,1104.332,0.15351555,-9.648241,-4.025126,2526.9395,0.06577391,1205.7495,0.3154462,-31.342018,-1.0963056,-4.22724,-0.583173,24.216948,0.09151709,0.005507696,1.6767621,-0.0075957263,-0.5389579,0.42773455,0.32596546,42.53058,0.060769886,-13.685208,-0.35901883,-11.989563,-0.498829,4.7420907,0.77309936,-5.9726133,23.030603,0.014671184,-0.0028229319,0.62249863,2.695418,0.45167118,2.11,3.5664265,0.08399999,0.029393878,-17.033173
34.70527,0.07114633,33.991997,34.97179,36.122593,2.1305962,124.85232,118.23577,3.3125854,1.7460951,0.8502967,0.78272045,0.35842413,0.44901523,1.5984253,1.2400012,6.608948,5.9310555,1.8262892,0.102069676,0.27552316,1.0187918,26.951708,0.15906549,-13.856041,-1.0803688,0.9073747,10.058709,-7.9383883,-1.0952846,0.010052328,1.255797,0.69045657,0.64511317,7.8191032,0.43557575,-2.0048835,-2.235206,7.9563594,0.9812838,668.0276,0.22617428,1350.5006,0.16485232,-136.33054,-0.68012613,1616.0907,0.07151301,1187.5062,0.25299808,-132.59595,-0.72432154,2735.451,0.06961285,888.9984,0.34777454,-138.25078,-0.63654864,4.099868,1.9152864,20.56447,0.19357717,0.052342255,0.3527733,0.010407032,1.8969374,0.54723525,0.6461711,27.59285,0.17445733,-31.835993,-0.31616926,-7.5097027,-1.2352581,-8.745677,-1.4139193,-8.434786,20.498316,0.038636595,-0.0036241035,0.14365032,0.530504,0.8064516,0.39999998,0.3144307,0.6125,0.32406595,-21.449705
33.57855,0.006176084,33.4663,33.541294,33.658276,0.19197464,1.9898384,1.170901,2.678895,2.3901052,0.67110145,0.39007545,0.52853876,0.7672143,0.84762746,0.3190887,1.1220025,0.44918603,1.3727999,1.4817781,0.11282595,0.37159142,32.498154,0.14783745,-10.679295,-0.51459134,7.5593085,0.5633281,2.4290242,1.9477586,0.0060392255,0.9950766,0.7016352,0.5027612,9.626565,0.1315742,-2.4831808,-0.38448745,12.131324,0.18491803,753.22644,0.12266598,1385.5151,0.11659607,-45.281574,-1.6420839,1662.6265,0.049631055,994.1277,0.10505583,-47.65195,-1.5298692,2772.124,0.02595685,674.887,0.23030505,-57.269104,-1.1931949,-9.119052,-0.192344,23.891449,0.1088036,0.0012722305,9.773588,-0.009872971,-0.4455363,0.12899888,0.19455409,34.493484,0.05692068,-12.889392,-0.231091,6.270368,0.517888,2.409,2.048433,-10.381705,21.725355,-0.00499747,0.013032402,0.044994246,0.88365245,0.14836796,5.48,0.0,0.615,0.13499999,-26.732056
32.686455,0.03100517,32.59703,32.751534,32.923527,0.32649612,100.53462,71.06637,4.0964155,0.0,0.720367,0.4407622,0.30833548,0.8207676,0.94881284,0.64047736,2.6632943,1.6519158,1.8379332,1.506847,0.1455497,0.4321673,32.651016,0.2913775,4.2298365,2.2330933,-2.9836967,-2.6041045,-3.1033645,-2.103841,0.008138406,3.9559007,0.6025972,0.46643844,10.107715,0.10967839,2.9492416,0.516393,22.174013,0.14062975,666.40265,0.17560132,1511.7324,0.10727278,-51.53636,-1.5651616,1508.3376,0.085656315,1198.8723,0.19813322,-55.947247,-1.3786607,2681.9294,0.04053039,737.8779,0.21423943,-67.85367,-1.0426865,-12.050995,-0.16953564,27.78777,0.10532399,0.02290146,0.44933578,-0.0079512885,-0.705113,0.16883354,0.28606293,37.18864,0.099591576,-0.03952164,-129.18129,-6.3498206,-0.7032434,-5.288637,-0.8525309,-14.841647,23.782127,-0.0021436722,-0.0064857397,0.067434154,2.3319616,0.2762431,2.8049998,2.735,0.52666664,0.2735365,-24.126112
35.53941,0.029718393,35.489254,35.629284,35.771267,0.28201294,2.1356583,0.0,3.6278255,0.0,0.48310578,0.3237928,0.38998467,0.48851225,0.6012025,0.21121782,1.6315548,1.0338053,1.070176,0.7962333,0.10933979,0.3274164,35.105125,0.22389394,5.0173855,1.1922002,2.1123738,4.122475,-1.1619107,-4.4556723,0.013324691,0.6068498,0.86060053,0.43146724,9.471833,0.200218,-1.4659419,-0.98919284,29.490192,0.16819884,646.5697,0.17704637,1511.0345,0.0922731,-40.238865,-1.7273035,1627.9954,0.06546274,1063.8928,0.16203877,-49.042,-1.3123015,2883.6028,0.051695097,923.20135,0.3936188,-63.934097,-0.90651184,-16.881266,-0.20713577,34.56324,0.11683358,0.020700663,0.54167175,-0.010645227,-0.5162016,0.115717985,0.25248253,37.83526,0.08621382,4.4294295,1.3326231,-1.0822029,-4.473763,-1.5439972,-2.5648851,-13.89264,22.858433,0.012898001,0.010739644,0.07566049,1.8766756,0.5434783,1.545,1.525,0.275,0.185,-27.827368
20.635496,0.10458592,19.049622,19.617647,22.778004,3.728382,46.637386,22.721737,23.3936,24.19844,0.6137858,0.65115625,0.13403386,0.68147045,1.0083157,0.8742818,9.691436,9.655333,7.1774125,6.9306602,0.27604547,0.85151356,21.142628,0.24028353,-1.8027157,-2.5896018,-4.8704476,-2.611141,-2.7663424,-2.7453675,0.034395695,0.74721974,0.82153785,0.6626588,1.9592743,0.63794214,4.635334,0.69163465,20.896486,0.2893156,607.95605,0.12680174,1428.7329,0.090619095,-180.91458,-0.3059229,1484.9048,0.051446546,1153.4036,0.2026559,-180.50809,-0.31262457,2639.32,0.10107403,1111.439,0.502997,-182.6977,-0.27541053,-4.287053,-0.52116454,25.013166,0.11206526,-0.026020527,-0.35781065,0.003434378,1.9902049,0.35911396,0.2264102,26.133982,0.07980473,1.4591795,2.1763756,-14.624635,-0.18022911,0.5353671,8.4908285,-3.6264067,18.089016,0.0047965464,0.010286723,0.2693191,3.3268104,0.9881423,0.098,0.09495262,0.74333334,0.83719105,-26.789806
30.033865,0.20760857,29.292189,30.415878,31.574545,2.2823563,21.994751,108.61569,123.47521,117.04696,0.90736103,0.2596162,0.77515304,0.9291679,1.052144,0.276991,2.2310205,1.778161,1.3862455,0.20943743,0.26823518,0.3848365,19.828669,0.31616372,4.3897123,1.5622511,1.6647694,4.9417067,-11.775107,-0.5593359,0.03476343,3.0582714,1.2364161,0.8644245,5.2284565,0.74794406,1.6644703,4.6199927,19.052378,0.32845017,652.4313,0.29452738,1384.9685,0.12327315,-87.77902,-1.0439374,1613.2471,0.17650098,1187.5468,0.14030494,-90.95027,-0.94320107,2632.0608,0.10127105,860.72437,0.3080637,-94.793976,-0.8723774,-12.332805,-0.30379578,23.149961,0.18126555,0.03332274,0.37914488,-0.02181239,-0.43460622,0.27863052,0.32999793,23.36538,0.12711035,6.5990634,1.1400414,1.2392869,6.740537,-12.280095,-0.5935228,-6.851041,14.920304,0.029744381,-0.013286401,0.26107448,1.6722409,2.0408165,0.28666666,0.33164573,0.17999999,0.15143755,-23.901493
26.135986,0.028235596,25.878656,26.071356,26.303799,0.4251423,5.223847,0.0,1.3527752,0.0,1.1803919,0.4296749,0.4194942,1.4378823,1.5306518,1.1111577,3.9657493,3.7922106,2.33859,1.5274934,0.26688063,0.45747015,30.370314,0.30561334,-2.7166035,-3.7636838,-5.8224754,-1.5335879,-2.7362957,-2.7763612,0.004603536,3.0629027,0.35412148,0.89242256,7.8669457,0.13658124,3.9046435,0.7562408,13.240899,0.30257162,439.51132,0.110256575,1147.972,0.06571797,-57.532787,-1.4852527,1325.9005,0.058172476,961.51654,0.10543881,-56.585392,-1.5227149,2469.0098,0.03581473,657.08655,0.19888073,-64.980194,-1.2476009,-8.436689,-0.2609092,19.40621,0.14236033,0.02983732,0.34009403,-0.02171637,-0.23205586,0.31501195,0.24770232,35.54735,0.07575883,-7.5857635,-0.8099435,-8.737892,-0.8708357,-3.1057427,-2.5030513,-10.275114,19.106567,0.019510346,-0.0069169216,0.13896963,0.8995502,0.3021148,2.425,2.345,0.5733333,0.24499433,-19.17104
27.339817,0.012958018,27.130575,27.322618,27.479431,0.34885597,3.3423908,3.2362454,9.117651,11.577013,0.81335956,0.2774872,0.6972078,0.8418469,0.9419122,0.24470437,2.51784,3.800177,1.6450386,1.7763977,0.17394654,0.49584314,29.140444,0.29054338,11.295289,0.40538657,-6.0564666,-1.0112987,-12.716249,-0.5926316,0.004045552,0.8238657,0.5015594,0.5434088,8.078185,0.17169797,1.314821,1.3681092,21.420174,0.21311973,457.1785,0.10743522,1329.7336,0.08469855,-26.741138,-2.3729837,1323.5334,0.063759826,1184.1948,0.16099624,-35.250423,-1.7125125,2526.75,0.04230419,751.6391,0.30338773,-45.79444,-1.2356464,-14.718745,-0.14234015,24.710623,0.15088235,0.030744184,0.26211882,-0.035026476,-0.19530146,0.18546636,0.45288023,31.751759,0.116722986,11.901147,0.34269926,-7.614309,-0.53721493,-14.514567,-0.40545103,-5.5839624,11.546561,0.022551136,-0.0026539913,0.0887913,1.196709,0.07513148,11.74,0.0,1.55,0.0,-23.571701
32.327774,0.030590791,31.861517,32.15777,32.499695,0.6381779,138.93713,137.71123,536.76135,375.9891,0.94849414,0.4391075,0.3472903,1.0418702,1.2305129,0.8832226,1.926535,1.4642112,2.326902,2.4599743,0.22634274,0.63775027,32.004063,0.19524975,-11.943767,-1.1033851,-2.656745,-4.213818,3.3142,1.8115741,0.008707893,3.3385444,0.6214872,0.42258066,8.327026,0.21574204,14.31465,0.17389306,26.09016,0.14645587,872.12225,0.0668004,1121.5763,0.09912921,-48.316246,-1.8239756,1762.7684,0.032413907,920.697,0.12584081,-51.70376,-1.6626816,2841.6018,0.038808033,757.5452,0.2267485,-64.42663,-1.2209045,-1.696404,-1.9104042,23.682524,0.16457573,0.04470042,0.22299162,-0.0015745426,-3.5635471,0.26006,0.56632364,34.924473,0.09305229,-19.13612,-0.18934557,-7.534426,-0.9757505,3.3049684,1.8683125,-13.678973,21.496487,0.02418474,-0.0101133995,0.13115133,0.608828,0.30674848,2.4299998,2.12,0.5366667,0.4123375,-22.82587
35.02533,0.06541547,35.08268,35.29535,35.469597,0.3869171,14.797072,0.0,-6.9246864,6.5491753,0.7217938,0.397795,0.6446375,0.72715765,0.9565358,0.3118983,0.74644405,0.7675633,1.0683382,1.128585,0.101598226,0.56489885,31.124693,0.27316374,14.376802,0.33418527,-16.278206,-0.7945975,-4.385354,-1.5828922,0.005862625,2.4108918,0.42072025,0.5618766,12.202014,0.13269381,-3.3311582,-0.75235486,30.30739,0.22633207,616.5823,0.19424763,1517.3364,0.1054728,-41.38435,-1.7762598,1509.6641,0.07192832,1064.3079,0.18993014,-47.528095,-1.4690832,2957.8318,0.05147673,746.4998,0.365034,-66.16735,-0.9303223,-13.302245,-0.20427673,34.991493,0.12642209,0.036339268,0.3481517,-0.004653983,-1.3685744,0.11102172,0.49621227,34.67865,0.09032894,14.637761,0.2983288,-21.816484,-0.20554315,-6.453193,-0.7773205,-11.478227,19.96582,-0.007049361,-0.0019846638,0.057991937,0.5249344,0.17574692,4.705,4.665,0.64,0.26695818,-22.861788
32.783264,0.014788064,32.502384,32.667343,32.88694,0.38455582,4.991921,4.172837,3.8702822,2.8814917,0.68281096,0.39479426,0.42702365,0.7473493,0.87034804,0.4433244,1.9776838,2.0366547,1.6794173,1.6269026,0.115934156,0.4720655,24.010513,0.35232115,16.083813,0.2889549,-8.308215,-1.1367819,14.622617,0.48136303,0.0073624607,1.4725412,0.5514289,0.3937794,10.199462,0.10496618,4.4836435,0.77180105,26.175049,0.18079826,520.57764,0.3633175,1455.014,0.12467831,-53.779083,-1.5071747,1494.8765,0.15333624,1096.5852,0.2395083,-55.027256,-1.3838247,2662.5808,0.09232772,1171.6027,0.3472863,-69.08079,-0.9931782,-12.42405,-0.29360247,30.847958,0.08583279,0.016815092,0.6963146,-0.0033827927,-1.8125026,0.13105826,0.40915126,27.89832,0.09919576,17.190979,0.23962641,-12.44527,-0.43149462,16.888489,0.33811834,-8.218538,16.030537,-0.003629161,0.0016361562,0.06289261,0.9345795,0.13440861,5.8399997,0.0,0.78499997,0.074999996,-24.03893
31.369652,0.07983297,31.644451,31.896177,32.092545,0.4480934,100.79614,6.2492332,13.787895,39.163387,0.7668535,0.37887567,0.63893986,0.7870264,0.8913176,0.25237775,4.456316,6.8198066,3.5108776,3.7815378,0.26946497,0.57524407,32.2842,0.19102038,-6.8809285,-1.047263,3.6210706,1.8735431,4.4395976,1.196092,0.016799523,1.2939407,1.002495,0.45954138,6.1565633,0.3439248,10.542608,0.2783833,22.355143,0.15637203,820.15027,0.14929038,1388.1588,0.13864495,-85.84987,-1.0636076,1624.4878,0.07556694,1057.4258,0.13850662,-86.37086,-1.0409257,2816.9006,0.04713659,604.14325,0.23128195,-95.506935,-0.86591285,-7.522307,-0.376454,24.221233,0.11880745,0.0039265817,3.2883928,0.002751223,2.1857758,0.256488,0.4107215,35.520065,0.09104706,-8.376926,-0.5283777,3.247633,1.5727526,6.0722303,0.64670813,-7.0126586,20.150303,0.0067342124,0.004268826,0.29549453,0.88626295,1.1904762,0.50124997,0.68686676,0.35999998,0.32845962,-25.056902
26.548855,0.020992635,26.073711,26.557205,27.057648,0.9839363,4.1008883,3.0175638,4.482127,2.9482706,0.92109495,0.40584219,0.73116994,0.89246863,1.1291766,0.39800668,2.1609137,1.3930049,1.3121159,0.74260277,0.2881348,0.3732205,30.951822,0.122670256,-2.9490144,-1.8390038,12.840286,0.34054366,-9.447031,-0.91735923,0.00836284,1.013614,0.8820056,0.52744895,6.5958595,0.2011708,1.5679159,2.0206509,14.184113,0.28313568,487.41733,0.35932675,1305.0043,0.13352303,-55.290997,-1.424585,1408.0916,0.1874027,906.78595,0.108287945,-54.681133,-1.4098446,2562.1016,0.11121801,677.4857,0.28226492,-63.969048,-1.1287372,-9.217558,-0.2520868,22.280436,0.16192655,-0.007256091,-1.7978379,-0.003354078,-2.127724,0.31492552,0.29440796,31.87753,0.07470467,-3.6904223,-1.4299492,13.922876,0.27326563,-10.770547,-0.8515735,-11.007598,21.644323,-0.003084814,-0.0040350934,0.19910458,0.5973716,0.24038462,3.24,3.1399999,0.5966667,0.45345587,-21.591125
31.560574,0.08985208,30.710464,30.92541,31.406332,0.69586754,131.80336,204.69974,128.24622,79.80995,1.6193262,0.34497917,1.2798,1.6151451,2.1612017,0.88140166,5.5282836,3.5813653,3.5194042,1.2719669,0.37954208,0.39296487,28.48083,0.11196299,-21.547014,-0.3492237,0.5352644,11.519494,-15.444871,-0.5317577,0.013737358,2.2438316,0.7738403,0.64534616,7.842335,0.37567714,7.1753125,1.4359384,6.7261176,1.6234993,488.24997,0.3439787,1215.5249,0.121741846,-20.482157,-2.878913,1419.8207,0.1784499,904.5219,0.1684782,-13.139622,-4.407592,2547.939,0.07432636,605.8325,0.21811423,-23.239653,-2.367105,-1.5840969,-1.5047529,13.010626,0.23868133,0.029520689,0.5184373,-0.0017462439,-4.4982967,0.40430748,0.30753896,28.744278,0.09697965,-22.605911,-0.29410505,-0.2693078,-20.871624,-16.367668,-0.4710605,-4.652367,14.701747,0.004379951,0.0018382056,0.16625594,2.9795158,0.18796994,4.85,0.0,0.45,0.0,-17.794443
42.429527,0.003582984,42.337376,42.437008,42.564728,0.22735214,2.5889397,1.3989743,1.5352931,1.50644,2.128152,0.16048177,1.938515,2.0938072,2.260817,0.3223021,10.021742,7.0273323,1.2201582,0.0,0.21310195,0.62671226,23.958096,0.11040276,-28.061146,-0.20558445,-31.53342,-0.19035368,-22.737324,-0.28485212,0.0026886186,0.34701633,0.2618289,1.4916971,15.396579,0.060372908,3.4522424,0.32883868,22.64976,0.47582167,902.42804,0.11114629,1527.232,0.11832987,0.23643255,6.3272486,1663.9209,0.061974984,1186.2412,0.13475388,-2.0004828,-2.0570486,2843.8467,0.053364474,820.83997,0.25086164,-19.812477,-0.1574099,-3.7663245,-0.47650838,23.081396,0.08601773,0.044007674,0.27387628,-0.004707775,-1.2211674,0.21397525,0.62834406,24.06608,0.09667905,-28.075745,-0.19562319,-31.752583,-0.17865595,-22.604906,-0.27676156,0.0,0.0,0.0,0.0,0.0,0.3717472,0.38022816,2.62,0.0,0.0,0.0,-13.794789
36.354347,0.08293892,36.75001,37.14914,37.54303,0.79301834,307.5602,354.16824,25.757685,79.22878,0.7832312,0.22081615,0.66382515,0.7997127,0.9225689,0.25874376,1.6959763,0.9273825,1.1462191,0.8317487,0.24468261,0.38127682,37.319115,0.106788024,-7.732921,-0.9115255,0.68070424,7.4294677,-0.65358883,-7.18406,0.019435672,1.7090476,1.3891556,0.4032073,4.056326,0.59129095,1.5386752,2.779592,17.377523,0.27771443,777.26337,0.14804927,1475.6353,0.117755115,-24.761005,-2.2481108,1621.5499,0.057558928,1091.7567,0.18496186,-27.973377,-1.9033545,2770.678,0.04487445,682.19434,0.32413408,-38.659508,-1.2951748,-9.7936325,-0.29472396,22.514606,0.18428431,0.037015416,0.2565823,-0.012384374,-0.6213146,0.2465578,0.36585394,37.81046,0.08740508,-9.124421,-0.59872794,0.027759677,156.50566,-0.94137686,-4.6176677,-14.94037,26.675163,0.03130944,-0.016070824,0.23043846,1.6858238,0.53846157,1.68,2.0321486,0.212,0.1893568,-25.064087
33.328156,0.050730247,33.34819,33.563374,33.682144,0.33395386,116.25992,29.705975,-24.88408,76.68059,1.5213087,0.41480497,1.2532047,1.6175942,1.9841068,0.7309021,3.3907871,2.750658,4.6730247,4.5463433,0.21988463,0.6486611,28.458635,0.156698,-19.191488,-0.6801773,-5.223672,-1.3507079,-14.553643,-0.36175826,0.008084795,2.6066532,0.41252193,0.8654694,10.235644,0.22780977,-0.00024620275,-12757.424,12.867869,0.38101968,608.0554,0.24662015,1649.8986,0.11342634,-23.752785,-2.9224696,1555.68,0.06872241,1230.8551,0.25470167,-25.264055,-2.691197,2670.537,0.073005445,1196.3348,0.53362375,-34.415253,-1.8713007,-5.0126424,-0.637246,16.07729,0.25410992,0.06321169,0.1414801,-0.014071279,-0.3021662,0.22804229,0.5632118,29.224457,0.12790851,-23.163954,-0.3259538,-6.6174016,-0.6324622,-15.905638,-0.22920547,-11.17608,21.177288,0.047428083,-0.008286957,0.17462943,0.47095764,0.7911393,1.0819999,2.0045187,0.13333333,0.08556999,-19.037476
28.122131,0.025289051,27.517687,28.091698,28.59793,1.0802441,11.727507,4.8293715,12.440518,5.6771994,1.3060467,0.3810188,1.1484995,1.3531138,1.6900936,0.54159415,4.0604053,2.0970306,4.927967,2.7199247,0.39154682,0.43445823,26.138155,0.15146217,-6.6686153,-1.0873628,-11.2345085,-1.0592992,-9.503816,-0.8731153,0.01247616,0.83853394,0.67377126,0.519692,5.551851,0.38184327,5.05131,0.4090792,12.190243,0.42765167,512.61554,0.1008239,1218.8214,0.10555171,-41.092285,-1.82513,1407.2451,0.053137947,1076.2662,0.17493859,-37.49787,-2.0467606,2564.1572,0.044586986,735.3002,0.34118104,-49.872967,-1.4231411,-3.3053832,-0.7223716,19.164959,0.18786527,0.0053976383,1.7700067,-0.004060907,-1.9119627,0.43522534,0.31937698,26.7122,0.12376857,-8.903179,-0.5812471,-15.904355,-0.38934907,-11.975564,-0.55077815,-11.9770355,21.738615,0.00036895231,0.0029692822,0.20247893,2.5882354,0.4761905,1.7049999,0.49499997,0.375,0.305,-19.720682
37.351883,0.042227034,37.042057,37.67821,38.150215,1.1081581,43.462925,27.171322,24.794373,21.783745,1.11722,0.69293046,0.30090117,1.2262596,1.9181881,1.6172869,4.4694753,1.9027656,4.814921,3.5408404,0.32569164,0.79524684,22.971828,0.22952731,-7.271535,-1.4126247,5.1886144,1.4358267,-3.9858792,-1.711465,0.013947884,1.3771663,0.9359544,0.39390546,7.5249753,0.26462314,1.4781005,2.6196167,16.21914,0.3068612,714.4295,0.2058515,1515.1404,0.12888162,-104.63488,-0.9202575,1671.1969,0.06570597,1092.2578,0.19789734,-101.70689,-0.918107,2745.0918,0.06761465,1023.9118,0.42547953,-106.20901,-0.8388671,-5.7497125,-0.5943622,16.94411,0.21328141,0.06624918,0.14192064,-0.009342078,-0.4993657,0.49309924,0.48132616,23.373,0.13451043,-14.418533,-0.35575184,0.45164162,12.938307,-7.258047,-0.61428374,-9.268933,17.809336,0.037956882,-0.008145269,0.14895995,0.8948546,0.9049774,0.5675,0.8625942,0.68,0.2060744,-20.407707
34.029587,0.0364908,33.879505,34.27544,34.533985,0.65448,13.369011,8.115699,-5.1211348,6.260956,1.1264853,0.34773043,0.8754665,1.1543201,1.414509,0.53904253,4.8776755,2.716621,4.423469,3.8243086,0.35049877,0.43788132,34.838303,0.18055387,-16.329266,-0.51271254,0.49147594,16.281195,-0.7224421,-10.048381,0.019924333,0.9342486,1.5679778,0.6877429,5.8584733,0.5919238,3.144486,1.0001211,21.784973,0.27041996,873.08527,0.20816514,1349.06,0.16942298,-57.66734,-1.43418,1700.668,0.0986327,1168.1587,0.17599905,-52.21088,-1.5579164,2869.1826,0.10585843,819.3754,0.38392913,-66.50819,-1.1067395,-3.1730447,-1.1407787,22.552862,0.18927203,0.027643299,0.48805252,0.00685441,1.2834541,0.35774255,0.31313998,37.16517,0.08066818,-18.302229,-0.3453504,1.8644787,4.3367906,-0.43603057,-17.119541,-3.7651706,19.362833,0.033208746,0.004840573,0.34078106,2.0797226,0.5244755,1.4499999,1.9447536,0.325,0.2650943,-21.30527
33.67074,0.01661161,33.07113,33.738068,34.162308,1.0911789,5.954367,6.80761,0.9676,0.41382116,1.3334752,0.3781449,1.1671994,1.4315577,1.6514437,0.48424435,3.5232747,2.0230892,1.4035909,1.2146183,0.16610253,0.58277196,30.596954,0.16839063,-19.260952,-0.5431811,-10.072582,-0.8598083,-1.7622703,-2.7998178,0.0027342548,1.6471559,0.35099182,0.69196343,10.807341,0.12497265,-2.5843127,-0.75566024,10.9540615,0.47360918,624.19507,0.24736692,1578.0164,0.1141281,-29.104565,-2.4597876,1503.0471,0.08081842,1178.6106,0.08533774,-26.81874,-2.660304,2707.0906,0.052450486,889.6369,0.25702816,-39.001396,-1.7043561,-0.7724823,-1.523295,14.4933,0.25564346,0.044300236,0.21241811,-0.0019740544,-1.8956641,0.17707765,0.5657311,32.008083,0.11822548,-23.275654,-0.19217831,-12.932352,-0.42894706,-2.037163,-2.4782891,-10.79619,18.09524,0.033136435,-0.008810957,0.1061154,0.9762901,0.14044943,6.08,0.0,0.505,0.015,-20.619442
21.718964,0.012078583,21.556726,21.723976,21.867868,0.31114197,4.2912893,3.3469155,1.9586549,0.8531317,1.0358484,0.29894835,0.9415343,1.0739979,1.2731824,0.3316481,1.4654306,0.7428815,1.3610677,0.6966974,0.15883596,0.46941411,31.815659,0.20162256,-13.835997,-0.32418463,2.951969,1.860509,-12.056908,-0.38452944,0.0025388252,1.0387214,0.4398337,0.5699693,5.8466268,0.14145319,3.4959514,0.34712553,9.748152,0.46787962,446.37094,0.090017475,1141.4639,0.11895418,-24.613277,-2.4720292,1330.511,0.04793149,959.3017,0.08537667,-24.802778,-2.447303,2455.6558,0.02945324,656.5066,0.33297062,-33.07408,-1.7524902,-6.4722133,-0.4674287,15.762164,0.32142887,0.01704543,0.40610892,-0.012254038,-0.5693416,0.16953103,0.38125712,33.83104,0.051998913,-14.593215,-0.26016936,2.1923056,2.261702,-12.697653,-0.34021086,-3.6116705,9.9293585,0.031022867,0.005687714,0.079238415,1.4084507,0.15772872,5.65,0.0,0.32999998,0.04,-22.851095
34.896877,0.008888369,34.772945,34.919067,35.08832,0.31537628,3.4684002,3.1305091,0.88940257,0.51294917,1.3326014,0.39438376,1.223899,1.4202517,1.5751865,0.35128748,1.5113034,1.3256017,0.5088372,0.16434634,0.2203805,0.69720054,33.44098,0.20550288,-5.886607,-1.2215306,-4.794997,-1.6558173,-15.280657,-0.53326255,0.0031840752,0.58385235,0.49961096,0.5612345,11.303387,0.11471399,2.9274726,0.70307124,28.557001,0.20895678,622.9654,0.31183353,1697.1781,0.12443182,-42.622677,-1.9140567,1545.3425,0.07827486,1156.937,0.17690746,-41.709415,-1.8329422,2759.479,0.10631187,1166.4243,0.38548177,-57.578156,-1.1981435,-8.413232,-0.33191264,26.016674,0.12079026,0.04369293,0.24520966,-0.00989066,-0.44485077,0.23521006,0.66569847,36.360832,0.06661593,-8.223962,-0.6352711,-8.36232,-0.35566777,-18.238945,-0.31025597,-10.435978,19.24194,0.006300155,-0.00419311,0.16393831,0.2728513,0.13736264,5.9,0.0,0.675,0.005,-17.990137
32.468704,0.031469014,32.196198,32.325325,32.492367,0.29616928,27.978186,31.309114,184.56516,172.68784,1.4477167,0.47791353,0.414325,1.7702489,1.9541507,1.5398257,3.8280447,3.3130422,1.9593453,1.2246337,0.18793362,0.6730589,21.269705,0.24967694,-6.999322,-1.5157176,-4.809143,-1.2705437,-0.41083142,-10.928123,0.0093303695,3.6602612,0.6020637,1.4883953,9.579627,0.38261157,4.207257,0.36573943,7.477223,0.70345414,649.4695,0.13513507,1472.1288,0.10241696,-52.998043,-1.5926453,1607.6146,0.07301734,1380.9298,0.43114913,-51.940147,-1.6297256,2627.9011,0.124681294,1326.5188,0.49480063,-58.07771,-1.3985018,-2.3641684,-1.3898932,13.908864,0.30450547,0.050963905,0.15486239,-0.010160455,-0.543163,0.2073448,0.5620026,23.157135,0.14140008,-12.037238,-0.47016612,-7.1587133,-0.44547054,-0.2081968,-15.946716,-8.87547,17.278473,0.041699175,-0.0070650075,0.13154224,0.530504,0.44444445,1.686,3.287136,0.544,0.31097266,-19.808975
26.062866,0.057892915,25.669876,25.837225,26.00524,0.3353634,2.6255827,0.0,16.07821,14.061015,0.9637907,0.44292358,0.37476176,1.1030781,1.3573797,0.9826179,2.3778424,1.6061869,0.67853636,0.5773571,0.20190918,0.45186535,24.813469,0.39825147,6.4482284,1.182594,-4.6599345,-2.0598803,8.421047,1.1111376,0.005230597,1.1437453,0.39855203,0.8734066,7.8835273,0.08912994,7.509086,0.44354504,22.612045,0.17279688,536.60504,0.20406453,1421.5613,0.08882883,-68.75569,-1.2940105,1474.2941,0.086587906,1118.6113,0.12936191,-71.42434,-1.2146035,2611.3022,0.050300162,808.9817,0.23485991,-79.37805,-1.0253155,-11.4915695,-0.2728655,22.79468,0.19518141,0.0199606,0.5336721,-0.019039176,-0.34260136,0.24088866,0.28231776,30.245108,0.112656824,6.4950924,1.1949661,-8.976972,-0.7103577,12.461492,0.49006474,-6.595926,14.511812,0.025977096,-0.0053248275,0.11769166,1.1995637,0.4385965,1.5575,2.5543332,0.56,0.38015786,-21.343477
34.425987,0.04506238,34.575897,34.66225,34.749527,0.17362976,11.839156,5.8538227,1.9993782,0.0,0.7315673,0.48041683,0.30302075,0.70043063,0.88905114,0.58603036,1.0886475,0.3313196,0.29443926,0.028948352,0.11997608,0.518082,30.268482,0.17439933,-7.434139,-1.217999,-3.392812,-1.5443764,-3.1403694,-0.98001796,0.004232204,2.9926155,0.57844496,0.47523504,10.186377,0.1473434,-0.9468223,-2.8849225,13.82687,0.46793762,677.588,0.18179557,1596.4606,0.10447124,-45.64286,-1.7064347,1546.9088,0.079618186,1328.348,0.24841632,-46.894817,-1.6364399,2654.286,0.12276452,1052.8744,0.44904116,-58.86218,-1.2055156,-5.9832234,-0.4716774,24.264742,0.1590321,0.03058784,0.3638579,0.002229926,1.9698436,0.13015132,0.5109161,32.247044,0.113794304,-11.463163,-0.40074062,-5.693285,-0.42961156,-3.820664,-0.677048,-12.840214,23.289173,0.021749863,-0.006009463,0.081395924,0.2773925,0.13966481,5.72,0.0,0.705,0.114999995,-26.330788
29.352068,0.021894667,29.156837,29.47496,29.692816,0.5359783,86.33075,144.70639,6.9928412,6.293385,1.3759807,0.44220158,0.60691315,1.5533355,1.9099754,1.3030622,3.2022421,2.0443711,2.1562815,1.3242278,0.41476396,0.6032356,23.914968,0.22572833,-5.3956666,-1.9415227,-13.5225,-0.89368457,-1.5793476,-5.6270947,0.005830349,0.7956632,0.8064764,0.55462676,6.4879546,0.29522902,-9.248362,-0.51924914,5.5936418,1.0766475,480.30145,0.31842375,1363.2781,0.12065895,-61.29978,-1.4746786,1398.7677,0.12649053,1151.4268,0.111703835,-59.503036,-1.5021775,2442.1387,0.0910021,910.24774,0.19021447,-68.383736,-1.2250267,-5.8545766,-0.51298904,18.670355,0.20558482,0.05129551,0.23829512,-0.01062449,-0.6664226,0.4891686,0.46829927,24.786196,0.14255348,-7.496084,-1.4185629,-19.858938,-0.30017272,-1.4051781,-6.9290013,-9.080316,16.740028,0.040756766,-0.012104997,0.23520741,0.9060023,0.34168565,2.0766666,2.859211,0.62,0.28372523,-18.930391
25.11704,0.058302328,24.518286,24.782804,25.297792,0.7795067,14.039294,2.7342405,24.34132,24.057535,1.0898308,0.3650601,0.89650035,1.2002379,1.3716738,0.47517347,1.4265819,1.9064984,1.0384595,0.74337894,0.29896393,0.4023624,28.647951,0.14480801,-2.5096493,-3.4740217,-3.4604776,-1.8279864,-9.200815,-0.6593878,0.0064147958,0.88507473,0.69863313,0.61330247,5.4697795,0.26697922,6.2305036,0.47862455,17.827465,0.28398967,439.3785,0.14585881,1159.3882,0.097695455,-32.865997,-2.168012,1361.9271,0.07106569,931.613,0.08350371,-33.40215,-2.127629,2463.6086,0.04390317,791.48785,0.29246572,-44.721264,-1.4794723,-8.218578,-0.38760558,20.40902,0.17529044,0.029134057,0.27299267,-0.016077066,-0.30178237,0.33560824,0.27759463,29.833736,0.09017316,-5.205228,-1.2161473,-4.8197694,-1.1472473,-10.946318,-0.3876428,-13.999536,22.696795,0.022578012,-0.012783522,0.10809182,0.82051283,0.41237113,2.04,3.3605433,0.29,0.27655017,-21.961311
25.828669,0.09062378,26.063843,26.341825,26.571333,0.50749016,257.758,412.70166,102.03549,168.40808,0.91905576,0.28419498,0.7620913,0.97018117,1.0732955,0.3112042,1.65993,0.92314976,1.2459178,1.1441493,0.23280138,0.45769227,30.998825,0.14999402,-2.7704868,-1.7812783,-6.4784794,-0.897396,-5.3870516,-1.2047793,0.014031273,1.93479,0.8714543,1.2196547,6.330522,0.47509593,4.794323,0.7863112,17.962034,0.25844222,484.6774,0.08237659,1241.816,0.08425023,-44.15275,-1.5436068,1420.8253,0.03709163,1011.83984,0.10537308,-40.29242,-1.7339386,2487.5813,0.03560122,917.6438,0.21235973,-55.78812,-1.1335953,-6.988518,-0.49527556,24.924381,0.13069884,0.012192074,0.9750194,-0.004805597,-1.1843867,0.22753812,0.38765976,32.08684,0.055630166,-2.9693906,-1.5516543,-7.4709682,-0.5577889,-4.9797215,-1.122342,-6.5573187,21.282728,0.0130755445,0.00032384152,0.25922334,0.9718173,1.171875,0.7,1.2627484,0.13333333,0.1513458,-23.320251
32.270977,0.01183558,32.089565,32.17907,32.31142,0.22185516,1.9519043,1.4250264,-0.5157146,1.8087838,0.88129175,0.42806587,0.7931573,0.95661443,1.0487492,0.25559193,1.52011,1.2895137,0.551367,0.0,0.17001909,0.66318214,31.591167,0.2561122,-16.861658,-0.3979208,-9.339052,-1.0395154,-4.304775,-1.2495327,0.00501438,0.7102526,0.8231678,0.51013154,8.353028,0.23184302,7.898956,0.41744554,15.745436,0.26610327,677.46204,0.11915428,1405.794,0.07669068,-23.588184,-2.61981,1582.1377,0.044645015,1069.343,0.1827319,-23.335527,-2.6513424,2801.6309,0.056214143,705.5508,0.5244471,-37.309628,-1.5280789,-2.4937623,-0.78878254,19.234077,0.1607633,0.046562158,0.24710135,0.0043423325,1.334105,0.19314055,0.52365017,34.304176,0.08972462,-18.685856,-0.25504518,-12.337608,-0.41758186,-4.509546,-1.1925304,-3.1510146,11.42338,0.033110846,0.026626667,0.0058405153,0.2898551,0.29498526,3.01,0.0,0.35999998,0.0,-24.214634
27.82229,0.011436795,27.6642,27.895098,28.052776,0.3885765,3.106909,2.2622979,1.9425323,1.4296423,0.7650429,0.3554282,0.6072923,0.7861967,0.98159003,0.37429774,1.5388541,0.7130368,1.1336381,0.88139683,0.21658655,0.4274654,32.56044,0.14887534,-6.1916842,-0.729403,-10.931667,-0.86381495,13.619795,0.536317,0.0073494916,0.67962533,0.92916435,0.5170094,5.71337,0.36602643,16.65937,0.253351,26.795029,0.18966636,802.1764,0.07718512,1258.8335,0.06790588,-32.588814,-2.156008,1650.8439,0.031733986,1004.915,0.13698329,-34.350983,-2.026206,2834.4802,0.024883684,674.0051,0.33685288,-51.30998,-1.2184856,-4.7212334,-0.612656,25.605942,0.13469619,-0.009123378,-1.3688966,0.005449099,0.9555444,0.23476861,0.30701008,34.13657,0.06642874,-6.855926,-0.6607223,-14.150771,-0.33805686,15.147168,0.42779613,-8.201247,21.527315,-0.016092207,0.012553406,0.11110086,0.89399743,0.5148005,1.6374999,2.213576,0.285,0.29837057,-25.259949
35.301216,0.07676255,35.410732,36.205193,36.33951,0.9287796,395.16168,397.9978,41.265697,32.984116,0.90292627,0.51125675,0.27368033,1.1546282,1.3301877,1.0565073,3.4811187,2.611818,2.7927334,1.6957215,0.17053604,0.61580145,23.917181,0.35708925,-1.0026252,-7.991868,-16.203016,-0.7887366,-1.8158447,-3.97853,0.012982253,2.9476988,0.7852794,0.69246507,10.156138,0.2961839,2.023644,1.5312506,20.288065,0.32123804,728.4611,0.14674559,1361.8726,0.111584716,-62.468338,-1.446183,1600.8663,0.051636316,1009.8383,0.13093792,-65.339935,-1.3417985,2778.619,0.035463076,643.38715,0.3582631,-76.600494,-1.050223,-7.227743,-0.4679911,22.430086,0.21897289,0.068898074,0.26614684,-0.004415035,-1.4572875,0.19089276,0.35264605,27.391914,0.15070033,-3.6488743,-1.9960712,-22.092913,-0.37143403,-3.816581,-1.7167192,-5.7659245,16.690449,0.02121958,0.0032840746,0.12774506,1.5898252,0.8012821,0.864,1.5189023,0.364,0.33212048,-23.16555
21.10536,0.019406436,20.837086,21.048943,21.259613,0.4225273,4.744282,4.466375,2.3995402,1.4515934,0.82286084,0.3169305,0.72627884,0.87824756,0.99775493,0.2714761,2.785531,1.5254235,2.5576665,1.3594286,0.2464717,0.4074413,29.269466,0.13934037,-3.3458037,-1.3476473,-3.687979,-1.9597763,-2.751948,-1.6259594,0.0054514,0.88432723,0.8011588,0.5299157,3.3657591,0.37388068,0.5566974,4.570793,15.900616,0.20552991,472.64252,0.2699193,1379.6482,0.098356694,-50.315517,-1.7309594,1358.1235,0.11014827,1117.0488,0.089581534,-52.58332,-1.6302636,2326.8699,0.09294678,856.1535,0.23090972,-60.046623,-1.3560922,-7.3711305,-0.15366837,16.58334,0.17255645,0.027580658,0.3639631,-0.011865931,-0.37698364,0.25799224,0.25342485,29.644474,0.12506492,-4.4361076,-0.86202925,-5.7841377,-1.1003788,-3.0142057,-1.447179,-10.114638,19.144447,0.029403253,-0.009364895,0.2182709,2.9447854,0.4938272,1.5,1.5700636,0.402,0.5619395,-25.961784
30.663538,0.028268576,30.003473,30.775797,31.459345,1.4558716,5.54654,3.7034686,3.8694475,2.8543143,1.3174025,0.621427,0.16014504,1.7221857,1.9812212,1.8210762,1.8213048,0.7292951,2.0249524,1.1083393,0.28841466,0.75916606,22.751684,0.3370295,-15.053557,-0.87666255,-2.269397,-5.541906,1.512395,5.4572616,0.0038100027,0.7343322,0.6579892,0.6503847,8.523268,0.17820108,1.3768153,1.504232,7.8047953,0.75398946,576.1536,0.1711084,1312.5883,0.16063394,-71.38689,-1.339177,1513.8474,0.049881592,1146.0997,0.13679263,-67.37521,-1.4583616,2646.12,0.05831972,1047.7045,0.40831658,-76.27949,-1.2030241,2.281033,1.5648202,14.979343,0.30731213,0.04869304,0.26169348,0.0029174965,3.7641766,0.39713365,0.34905162,25.456589,0.23870344,-22.879423,-0.31523845,-10.210223,-0.61700255,-0.3013137,-29.309643,-7.1621637,18.533802,-0.0013178941,0.012265713,0.08848277,0.8991009,0.1004016,6.45,0.0,1.74,0.42,-19.170029
34.28994,0.13764769,35.27413,36.035828,36.35873,1.0845985,55.60335,31.051655,8.054285,2.0910892,1.0759819,0.46262154,0.5941309,1.1089476,1.4508007,0.8566698,2.840647,1.6059606,4.6246896,4.472636,0.26318017,0.7731293,25.005163,0.24790967,8.608371,0.65184593,-18.534632,-0.54828626,-11.921169,-0.76013917,0.013191096,2.5203042,0.57463884,0.8808509,10.27272,0.34291306,1.9086068,2.0020225,24.757826,0.17012216,774.3979,0.23706597,1468.4834,0.17124026,-60.267708,-1.4920696,1668.6243,0.15858544,1377.4514,0.2052578,-66.85567,-1.2209216,2782.9414,0.05998289,818.30237,0.44912952,-72.64055,-1.0732086,-12.87818,-0.3361739,24.672506,0.12351617,0.06730537,0.2604273,-0.0235311,-0.35359707,0.26161155,0.7119657,27.56782,0.10096319,8.490245,0.60879725,-21.210947,-0.24249776,-14.9289875,-0.34220478,-6.942666,19.00903,0.0404635,-0.009430714,0.27420637,0.78431374,0.7894737,0.90666664,1.6235934,0.29,0.22469026,-19.6366
38.360355,0.013730755,37.91469,38.14054,38.93744,1.0227509,8.458129,4.755453,5.0539784,1.3317828,0.6936698,0.40341398,0.44163346,0.67670923,0.9551638,0.5135303,3.8962748,1.8334419,1.0682595,0.61786354,0.19795425,0.45646277,21.577288,0.22674413,-9.351535,-0.4593459,7.596443,0.7732565,-7.2704115,-1.1809086,0.013927909,0.731673,0.9480404,0.33259487,6.785363,0.23664808,-9.108119,-0.36509508,9.051508,0.40215755,761.8523,0.18822876,1450.3611,0.1272831,-140.73016,-0.62909317,1650.6685,0.095124796,1237.4894,0.18337335,-137.20795,-0.638176,2725.8196,0.097310126,977.83563,0.4442513,-140.08095,-0.5969328,-5.538434,-0.375605,19.537582,0.09034816,0.02295063,0.41970047,0.0026258281,1.8419229,0.27154064,0.3720293,25.600613,0.058645114,-13.103616,-0.18441732,2.4372249,2.3567672,-14.939216,-0.3254828,-3.7553697,13.588493,0.014751595,0.011027912,0.15878896,0.7117438,0.72727275,0.45999998,0.089999996,0.895,0.765,-28.124744
30.974516,0.014470127,30.671604,30.930449,31.250645,0.5790405,7.1092415,5.455065,7.6137476,6.709883,1.6870239,0.33413827,1.6580462,1.8420511,2.0040143,0.345968,2.2934191,1.4852865,2.609043,3.1733859,0.40315032,0.560181,35.2831,0.20973347,-18.75803,-0.337952,-4.4363356,-2.044954,-8.047167,-0.967257,0.004061372,1.1634651,0.5040174,0.6098185,9.465692,0.20652281,-1.8045387,-1.5576967,14.038647,0.3029007,505.83987,0.23955669,1431.3674,0.14544857,-20.094597,-3.2041423,1428.3693,0.06944349,1081.7982,0.16464761,-21.113997,-3.0032473,2670.1147,0.050759885,832.813,0.4850222,-33.56119,-1.7597731,-5.1095247,-0.3999025,18.069733,0.20839153,0.07533507,0.10960939,-0.009934159,-0.49492347,0.44752082,0.44145995,37.487076,0.08978708,-20.006426,-0.2548048,-5.991434,-1.3128272,-9.199959,-0.79317605,-3.042501,12.848219,0.027526155,0.016840165,0.05138778,0.9407338,0.09460738,9.389999,0.0,1.16,0.0,-16.4508
27.710459,0.05834069,27.513023,27.929663,28.180954,0.6679306,7.8834796,8.820991,26.194075,24.256804,1.4309614,0.5083415,0.51801425,1.4779004,2.1796808,1.6616666,2.5928733,0.9829715,3.490622,2.940453,0.35148612,0.5412685,33.68038,0.1757678,-12.371952,-1.0041072,0.03979677,152.47899,-4.071435,-1.6895317,0.012373933,2.6357343,0.59356284,1.1008977,7.377879,0.34082288,0.756039,3.2772832,14.306574,0.44387612,543.4964,0.17840178,1424.16,0.10457473,-54.332924,-1.5596176,1492.7202,0.048001256,1159.3971,0.18630049,-54.50826,-1.5553071,2616.088,0.060020585,1219.1465,0.5120554,-64.728004,-1.2194042,-5.5560536,-0.8059927,19.132486,0.28581175,0.03897236,0.21068694,-0.010057353,-0.5606246,0.39473987,0.37529176,36.042423,0.07530107,-16.770372,-0.6174674,-1.1978685,-3.7090313,-5.898402,-0.9405608,-10.316908,19.981817,0.038970746,-0.009370122,0.23409513,1.0738255,0.6756757,1.0919999,1.2915169,0.305,0.28848743,-18.059572
22.717577,0.012506322,22.480381,22.707651,22.937279,0.45689774,5.801477,2.2440424,4.131975,2.712304,0.7773714,0.30641812,0.71907115,0.80087906,0.941149,0.22207785,1.7924463,0.86293703,1.4622695,1.0885738,0.16605581,0.40404296,31.49518,0.15034157,-4.723271,-0.73735356,2.954388,2.0909462,-20.736841,-0.4803703,0.004602772,0.5490254,0.6186051,0.48179653,5.5856104,0.1341983,7.4125485,0.76945025,16.471596,0.21800005,455.86923,0.08935534,1156.0773,0.100737445,-29.783745,-1.9334196,1311.048,0.0516709,995.4209,0.12228209,-28.136332,-2.0647974,2422.9753,0.04033217,789.2049,0.27559492,-42.047764,-1.2700131,-8.11913,-0.315324,22.653996,0.096358195,-0.0049996404,-2.5331516,-0.0125321215,-0.6873473,0.17941427,0.30362728,32.420753,0.10736791,-5.2034035,-0.6232218,1.4905025,2.5053494,-23.194729,-0.2916809,-10.05547,20.802588,-0.00032629917,0.010627747,0.05434853,2.0128088,0.09191176,9.76,0.0,0.545,0.085,-25.28139
34.66291,0.015997335,34.521683,34.66069,34.8591,0.3374176,87.39688,107.04854,6.5984855,6.161057,1.1837775,0.3543877,0.985586,1.323337,1.4516808,0.4660948,2.9041579,2.837867,1.5446603,1.2808156,0.17613661,0.55541295,33.94564,0.20550816,-16.861715,-0.6660877,8.886846,0.57216,-12.230602,-0.4569198,0.004613606,1.2975034,0.4507238,0.588085,11.062308,0.14394939,2.6979954,0.7205054,15.953982,0.23433843,752.41846,0.19511966,1578.3192,0.12620853,-39.450775,-1.8566605,1623.506,0.06825308,1198.2917,0.18459372,-41.169064,-1.7345608,2699.879,0.07384077,913.5734,0.469992,-48.741543,-1.3962942,-6.389728,-0.3628261,17.62334,0.18538019,0.05801411,0.15942882,-0.009197889,-0.48425484,0.18896784,0.5268089,36.572735,0.055785883,-21.332493,-0.2631783,8.846956,0.47412467,-13.706751,-0.29672894,-11.124958,18.133682,0.042582817,-0.017408624,0.11662355,0.87390757,0.2512563,3.3,3.28,0.43666667,0.09977753,-21.276712
30.701939,0.08838661,30.119839,31.655558,32.256706,2.1368675,181.55327,148.32243,173.15755,157.98027,0.69420904,0.4654432,0.31170428,0.63000536,0.98260796,0.6709037,2.4475038,0.81206936,1.3229197,0.7391213,0.26040125,0.43743953,27.26958,0.24723771,4.683179,1.9428551,2.7456539,3.8632658,-6.88973,-1.3552372,0.034941558,2.3115947,1.0882328,0.50697976,4.519028,0.47334382,-0.3232059,-17.15165,18.742687,0.37240535,654.03674,0.21866734,1473.5775,0.12526752,-87.14364,-1.0615706,1524.9938,0.08282476,1210.2955,0.22003676,-87.444145,-1.0558553,2775.8782,0.0905013,1220.2252,0.46886167,-99.43357,-0.8315523,-8.069808,-0.38561702,26.46333,0.14636858,-0.017678687,-0.73123753,-0.0023119887,-2.4813054,0.30945435,0.32284334,31.15329,0.055292018,-1.1915351,-4.9778566,-3.84856,-1.0813998,-10.18442,-0.43757758,-14.261628,24.177492,-0.032094933,0.003939226,0.18890922,1.4164306,0.86206895,0.68,0.6083311,0.3425,0.2769815,-24.965027
34.849503,0.16582872,27.261658,37.70706,38.646656,11.384998,203.02814,116.09844,54.86216,65.8543,1.349799,0.246089,1.0965443,1.3243346,1.5875441,0.49099982,7.798104,4.9910836,5.377208,5.859975,0.66167873,0.52577907,30.78378,0.2051035,-4.0219855,-1.4960636,-25.565876,-0.5897028,-6.624506,-0.9290215,0.030059686,1.5705419,1.1512285,0.7264228,6.4147167,0.64858234,-0.42562473,-14.870073,27.338684,0.36975738,669.6933,0.22524068,1424.0424,0.10977181,-93.34311,-1.06267,1587.7944,0.09973916,1120.6016,0.1849334,-94.53384,-1.0057489,2784.6204,0.07432738,965.5963,0.28541315,-105.70151,-0.8036932,-8.462994,-0.42993757,29.391844,0.21741152,0.054698467,0.24154778,-0.016849125,-0.6071609,0.5161411,0.45770454,34.289383,0.13708793,-3.6121538,-1.8195251,-26.589983,-0.45347825,-7.8501415,-0.8197603,-5.688805,24.432165,0.04694674,-0.008166538,0.84239846,2.4034336,1.0344828,0.5225,1.2170875,0.42416668,0.5416096,-18.36526
32.955276,0.08514074,33.268684,33.760223,33.973904,0.70521927,23.967705,16.232046,3.1581607,2.4161623,1.4065485,0.35947186,1.1019721,1.6018591,1.7060509,0.60407877,1.7213526,1.1592085,0.7088593,0.4060548,0.29294094,0.5990396,31.876759,0.095148504,-7.599784,-0.4889839,-8.415689,-0.9023522,-9.313925,-0.48437765,0.011629606,2.5955155,0.5247305,0.55642444,9.136772,0.28977248,-0.5703894,-7.4303117,16.945091,0.36049563,724.6236,0.15001716,1475.5508,0.120404676,-40.954212,-1.9276413,1590.4531,0.08771445,1101.5159,0.26021975,-42.362785,-1.8279415,2788.2805,0.107789785,774.6324,0.55486166,-54.866383,-1.302933,-5.632326,-0.35326967,21.493956,0.11708728,0.015918892,0.7754102,-0.0147347115,-0.40391025,0.31746566,0.59589773,32.87959,0.05489855,-8.883365,-0.3006956,-11.639399,-0.35964555,-10.248787,-0.40857613,-9.660389,20.82471,0.0038654534,-0.0049136863,0.19700572,0.25940338,0.1305483,6.17,0.0,0.72999996,0.04,-18.584742
35.097496,0.08057572,33.980953,35.46838,37.1399,3.158947,86.09531,63.464375,22.014282,6.837509,0.6437233,0.84446883,0.19589467,0.28756544,1.3036143,1.1077195,2.352163,0.95136887,1.7799692,0.2688746,0.17825045,0.9163884,28.315933,0.20525572,-13.4815855,-1.0350292,5.2027197,1.101648,1.639456,4.880251,0.07221346,0.9993112,2.6351497,0.5312322,1.4818026,3.670846,6.1109943,1.4888309,18.47657,0.28987765,889.9981,0.112915434,1220.6105,0.11187501,-114.43888,-0.8255066,1805.3914,0.047613114,1081.2778,0.20797646,-114.59102,-0.80566573,2934.6992,0.053781845,812.2096,0.42505494,-119.75686,-0.72388303,-1.4171714,-4.109865,19.510572,0.20622766,0.041466333,0.3291845,0.011883034,0.38710007,0.32101914,0.4454595,32.861702,0.092633255,-25.52937,-0.47586524,4.379039,1.605653,-3.2435012,-2.2720122,-7.3362093,19.304794,0.02336301,0.013450696,0.06427437,0.93896717,0.9615385,0.45999998,0.21,0.37,0.26981476,-25.484638
31.638067,0.08861857,30.65451,30.936253,31.402033,0.74752235,52.02909,50.99827,187.10681,130.40546,1.1380037,0.37886536,0.65229267,1.2692994,1.4084408,0.75614816,4.4509215,5.997549,1.2443497,1.2907146,0.37721533,0.5838881,35.120575,0.17860799,-12.707909,-0.56405324,-2.1123614,-4.0489163,-8.299684,-0.8553637,0.011109119,1.6886288,0.90672964,0.47959536,6.738617,0.2512347,2.8362215,0.8083683,18.587872,0.20186162,772.7718,0.10698429,1353.4923,0.1233069,-44.14581,-1.7694489,1579.8529,0.05629045,1023.9082,0.13487138,-42.08745,-1.8732756,2873.4062,0.031536967,509.0791,0.27184668,-57.19867,-1.2439729,-1.5871398,-1.9879134,21.44053,0.13594651,0.02177861,0.47754335,0.008521966,0.7138259,0.4253557,0.47229177,37.886696,0.058193345,-15.00765,-0.34596834,-5.473432,-0.88501006,-11.050201,-0.37430787,-8.326561,18.67727,0.0006670981,0.0017313778,0.19417529,1.1188812,0.4225352,1.8833332,2.348224,0.345,0.3060637,-20.453718
31.140549,0.1240485,32.2179,32.67088,33.002327,0.78442764,140.07487,81.397285,51.5367,50.16404,0.8601878,0.18893424,0.73093843,0.8926828,0.9915406,0.26060218,1.5889518,0.7125733,1.7070439,1.0972605,0.20078765,0.2912523,33.198753,0.07153322,4.84647,0.61921084,4.6377997,1.1684372,-7.807099,-0.8776214,0.04455216,2.0246964,0.8866939,0.8084123,7.9237905,0.3166047,10.391813,0.32449996,26.612461,0.34351045,642.04395,0.3135523,1549.7482,0.1483015,-6.1507626,-1.2258556,1566.5735,0.1331843,1135.4293,0.18518198,-15.983227,-0.45753506,2813.7432,0.052616127,772.53973,0.56138897,-28.13531,-0.2368421,-13.696561,-0.14105922,26.91845,0.11271839,0.017543351,0.7452097,-0.005258331,-1.7467206,0.20209324,0.28517,33.325302,0.054024737,4.872188,0.6211701,4.599209,1.1839743,-8.000352,-0.8452358,0.0,0.0,0.0,0.0,0.0,2.3017905,0.25974026,3.84,0.0,0.0,0.0,-22.36828
22.29378,0.034190267,21.768616,22.163193,22.980774,1.2121582,7.9445066,4.035992,-0.15332198,2.459804,0.7576696,0.6965316,0.1883046,0.7177046,1.2094429,1.0211382,1.4357994,0.7530326,1.7506876,1.487211,0.14584626,0.84692305,29.299505,0.2992225,-14.366922,-0.61019814,2.9733326,2.0051534,-9.513803,-0.98924476,0.005457401,1.588248,0.6224012,0.6643416,5.2233434,0.2269571,2.456719,0.8515335,14.258609,0.27840158,444.7678,0.17049365,1302.8851,0.092814445,-74.55607,-1.2733252,1344.7698,0.05775359,1102.3909,0.11457435,-72.42949,-1.3259941,2408.68,0.04275977,937.32104,0.211837,-82.58123,-1.0715466,-5.118634,-0.5417894,19.796423,0.19121319,0.018858386,0.79612136,-0.008802011,-0.8115968,0.20273134,0.58072525,35.351406,0.094602704,-19.330656,-0.3306189,0.8075829,5.0184417,-14.470943,-0.49379298,-5.922551,17.084457,-0.0045537194,0.010905459,0.046555,1.1764706,0.23809525,2.6799998,0.0,0.745,0.145,-24.49278
33.6325,0.026858836,33.22689,33.553772,33.798832,0.5719414,87.21052,67.631256,5.082794,9.468498,1.3262525,0.5044556,0.5208576,1.7116203,1.8771877,1.3563302,4.4769063,3.3831725,-0.31332222,1.8881575,0.34501204,0.48754218,30.788395,0.1616632,-13.563653,-0.8303544,-7.3557796,-1.1309532,8.3148365,1.6422187,0.0066334303,1.7363079,0.7003261,0.72929746,8.521308,0.25241113,7.479867,0.36009663,15.132766,0.6448489,849.7447,0.0942777,1331.3666,0.099132955,-70.63299,-1.3132474,1712.7047,0.03995978,1154.3833,0.11696141,-70.54977,-1.30782,2768.9495,0.028951451,809.78125,0.1969719,-79.24506,-1.0846338,-0.80020744,-4.5444374,15.767152,0.17254621,0.054332796,0.20408621,0.0043571065,2.276635,0.38642493,0.4211961,31.51147,0.107817695,-20.293419,-0.33486497,-11.64092,-0.46860892,16.216722,0.5263074,-12.096714,23.142393,0.04905064,-0.018611314,0.26857436,0.6772009,1.369863,0.47,0.96178645,0.24,0.11590225,-19.423801
29.924597,0.17546134,22.854013,30.667847,34.727856,11.873842,167.51372,87.36133,118.205215,97.86486,0.9719431,0.24574706,0.81201375,0.97813433,1.081606,0.2695923,2.5855777,1.9728618,2.997433,2.660291,0.38953784,0.26357985,32.29204,0.1344975,-10.072964,-0.6503149,-2.638454,-2.2855015,-10.122795,-0.64234346,0.05639806,1.8205628,1.6277515,0.50005907,1.9715908,0.9002529,-2.0159743,-3.9275403,20.729069,0.2714205,551.5972,0.2776007,1469.4893,0.14557451,-108.52121,-0.88846564,1472.9309,0.060575698,1072.3302,0.19268803,-108.49698,-0.88059855,2711.709,0.07582729,998.1213,0.5380827,-116.568886,-0.74809104,-6.3019657,-0.49823233,23.793945,0.17475285,0.019762652,0.66683966,-0.003310602,-1.726485,0.40505198,0.2353166,34.322014,0.10829002,-11.63609,-0.59532374,-4.848115,-0.9398934,-13.365462,-0.3567089,-6.164916,20.172298,0.016066043,-0.0014618946,0.3782133,1.1655011,2.3400936,0.188,0.2885527,0.24185184,0.30832928,-23.544214
32.018158,0.14117105,30.285524,33.5197,34.548214,4.2626896,103.82601,106.07163,110.667145,98.52379,0.8030685,0.3937618,0.39966297,0.8891633,1.0880233,0.68836033,3.6807516,3.1656816,2.7775476,3.439378,0.28034014,0.4999239,24.967249,0.18894805,12.491667,0.3974877,-4.943136,-1.2832036,-2.8782017,-1.7321327,0.047749847,1.3240347,0.9500574,0.60063356,7.578438,0.25645253,-1.0435965,-5.6400914,19.427404,0.4399911,902.1431,0.14713012,1355.1752,0.18653788,-77.74781,-1.1360533,1692.9714,0.08444714,1263.5493,0.24744494,-81.34362,-1.0492213,3018.2058,0.047285195,535.7781,0.50140715,-88.47151,-0.9068911,-13.393942,-0.24619587,28.922485,0.102763556,0.017408935,0.7869326,-0.0069586146,-1.4901009,0.32780626,0.3744851,26.797686,0.10140131,12.192541,0.40698838,-6.7161794,-0.7733489,-2.5957143,-1.828722,-13.157041,22.232273,0.02224283,-0.014890667,0.18890038,2.4604568,1.0638298,0.6066667,0.5073679,0.26714283,0.29668233,-21.509466
35.55358,0.059317052,35.657326,36.012386,36.209793,0.55246735,223.80759,106.13387,32.91238,47.58412,1.452215,0.35439524,1.2015523,1.5186411,1.8111987,0.60964644,3.7099338,1.3979223,2.8012028,1.3011358,0.24677497,0.5624189,24.915588,0.18682441,-11.4716835,-0.7162966,-12.131277,-0.80944836,2.1525564,1.7576004,0.016259009,4.0173626,0.56490576,0.89982563,10.128093,0.29092982,2.3746853,1.4180818,13.537046,0.3476242,630.415,0.24699298,1691.0669,0.123212785,-26.54251,-2.5441613,1573.618,0.07486077,1398.4194,0.21613348,-28.8862,-2.2375104,2526.538,0.0722647,1208.1484,0.3736099,-36.193314,-1.7103778,-6.2795568,-0.36183968,15.123234,0.22804272,0.06679312,0.16987602,-0.009880368,-0.4213491,0.261137,0.5231427,25.14242,0.15887527,-13.350072,-0.446888,-15.18063,-0.39368466,2.1518624,1.6592156,-9.937468,18.345064,0.035213463,-0.0044668126,0.15482092,1.7364658,0.41067764,2.1175,2.3248696,0.2925,0.2690144,-19.467625
35.78756,0.034651246,35.715347,35.879307,36.17208,0.4567337,73.14261,0.0,1.0526007,0.0,1.4130348,0.32982567,1.3467753,1.4810448,1.6625912,0.31581593,5.1098685,8.2755165,2.216107,1.6831598,0.17379189,0.5830017,23.773527,0.23552905,-8.598084,-0.87813747,-14.50616,-0.4912835,-20.282293,-0.36960185,0.004508674,2.686858,0.3823199,0.78200525,11.870141,0.14110133,-2.650699,-0.5756244,15.090032,0.25903252,741.1185,0.10934833,1484.1882,0.10269152,-24.912397,-2.7154045,1619.4113,0.047727406,1047.1217,0.15311827,-28.084723,-2.3456023,2897.7854,0.047025543,619.0755,0.3735898,-39.99692,-1.5345316,-5.5394835,-0.38980502,18.80828,0.1593227,0.072290756,0.12315594,-0.010491085,-0.5559041,0.185068,0.55720425,25.338175,0.11396447,-10.902028,-0.35944346,-16.847765,-0.15651493,-22.719742,-0.16467024,-7.6973333,15.610242,0.03687832,-0.010315792,0.10023974,0.40883076,0.08210181,10.62,0.0,0.765,0.105,-19.752317
30.671648,0.016388534,30.26139,30.725592,31.142767,0.88137627,7.9075036,4.809703,9.263099,4.5284004,0.8317377,0.3438299,0.6796873,0.8900481,1.066512,0.38682467,3.2076166,1.7296335,2.972952,2.0913014,0.2433648,0.43963724,34.75901,0.15901388,-5.2609177,-0.84611154,-1.2918477,-5.1014366,-38.169476,-0.4314444,0.0071799033,1.2226964,0.8984067,0.6032816,7.2417564,0.34706426,-0.53679657,-6.706935,21.837305,0.23790798,460.99805,0.24375537,1358.9263,0.09298565,-25.367918,-2.4581563,1361.5836,0.11323217,1148.5216,0.15728821,-26.204159,-2.3217032,2554.7227,0.071913585,1301.0289,0.37183452,-44.35585,-1.2281952,-8.621884,-0.33088648,20.42072,0.22961274,0.03164451,0.36817357,-0.024529925,-0.33082446,0.26835853,0.31586474,36.27048,0.075611226,-5.7158446,-0.7545354,-2.1981914,-2.8684847,-43.32701,-0.1909057,-8.480163,20.470808,0.0028749697,0.009656905,0.05725081,3.2626429,0.32894737,2.695,2.655,0.21333334,0.1569147,-23.833881
30.965984,0.10510066,29.99606,30.434551,30.908604,0.91254425,195.56427,247.98116,37.785957,23.141533,1.4403304,0.3398461,1.1433142,1.5486284,1.797188,0.6538738,7.0280695,5.101535,5.992515,3.8741965,0.39736474,0.4302372,27.57892,0.13364169,-22.377357,-0.42470208,-2.376082,-2.2305453,-14.794054,-0.58403915,0.0059172795,0.9125423,0.7293379,0.6518197,6.2194405,0.35521477,-2.4808893,-1.6210091,8.354704,1.0267093,545.44775,0.2469389,1364.9098,0.12494482,-23.073704,-2.7962506,1466.3778,0.089458495,1158.086,0.17815277,-19.698051,-3.2742803,2657.772,0.052157786,1023.3915,0.33992922,-32.35812,-1.8534745,-0.029735263,-94.15214,14.780555,0.2886905,0.03734703,0.35583663,0.0024246983,2.8111455,0.41454142,0.3688089,27.652977,0.11805194,-23.85229,-0.31265637,-2.5054688,-1.9236284,-15.351427,-0.49933958,-4.227622,19.555565,0.015588939,0.0015182111,0.29033065,3.088803,1.0362694,0.84,1.9114,0.105,0.1107926,-20.360258
28.73942,0.009894479,28.529871,28.68596,28.88409,0.35421944,3.0984545,2.598508,2.2525678,1.6263839,1.2303468,0.23922643,1.1789492,1.2885101,1.449235,0.27028573,2.2916853,1.7633336,1.4976151,0.79808533,0.34793502,0.25384018,26.439466,0.11967693,-7.5020638,-1.0137191,-0.9132177,-6.050426,-4.9944253,-1.4610554,0.005350872,0.7082813,0.6543521,0.5385939,5.841694,0.28099185,8.092786,0.34267044,17.255306,0.17565092,577.08655,0.16573639,1430.2559,0.09195434,-30.418726,-2.1238651,1492.5537,0.068280466,1246.1266,0.11466821,-30.027317,-2.1556637,2588.3103,0.04970227,1101.06,0.35705996,-40.963604,-1.4793986,-3.9896815,-0.5597782,17.557302,0.13423388,0.012501968,0.84187627,-0.0050642015,-1.4102197,0.36548436,0.21521716,27.005377,0.097115636,-9.86902,-0.4338562,-2.204623,-1.9221377,-5.4221487,-1.3755537,-12.24137,20.635847,0.014409775,-0.01444119,0.23992722,2.3448277,0.1388889,6.2799997,0.0,0.445,0.155,-22.315905
29.073513,0.038052727,28.498138,29.146606,29.774134,1.2759953,33.462284,67.17635,3.4671872,2.568238,0.9704032,0.37252167,0.7353544,0.99078727,1.2078674,0.47251296,3.578904,3.4961717,1.2866255,0.6438251,0.2903425,0.4182964,26.998186,0.18854618,-5.7506943,-1.4213203,11.063106,0.48599643,3.6271002,1.5776474,0.0102746915,1.3124074,0.8844808,0.4766263,6.1826916,0.24124435,4.1895514,1.070348,12.569427,0.44594982,865.3444,0.12803587,1215.5603,0.1673748,-47.923893,-1.4929264,1718.7612,0.06871968,1067.846,0.17872983,-49.344532,-1.436757,2843.4097,0.061638035,678.54156,0.50601,-57.071697,-1.1788896,-7.0104866,-0.467431,22.100883,0.12621976,0.0044580176,2.111475,0.0061618835,1.2337747,0.32075655,0.3424289,28.261375,0.11902036,-8.264577,-0.72678745,10.665348,0.42560378,4.457619,1.1415056,-10.197484,20.689907,0.009883261,0.0018444156,0.1660869,1.037037,0.9009009,0.8933333,1.1697958,0.19666666,0.19379255,-22.333763
27.024305,0.06542074,26.573263,26.90129,28.235039,1.6617756,4.173795,0.0,-12.231975,9.803472,0.64650685,0.49770722,0.32724756,0.636257,0.8108577,0.48361015,1.6813908,1.5196537,1.2137471,0.7261628,0.2683674,0.56021625,33.105118,0.12664661,8.853014,0.57803935,-5.91273,-1.5074618,4.9392204,1.1429181,0.015772201,1.3852837,1.1275549,0.55510014,5.4322653,0.2587966,5.900162,0.88948846,25.297071,0.20091958,608.50287,0.29346582,1521.7899,0.11096094,-63.708496,-1.2956885,1516.2908,0.16110024,1339.7366,0.15017673,-67.5551,-1.1842966,2622.8694,0.1016767,1161.0193,0.2695204,-78.50659,-0.9337342,-12.152899,-0.24492064,29.469152,0.112736955,-0.0019730001,-7.038442,-0.016168067,-0.40778583,0.3092516,0.46961293,34.167397,0.063281335,10.696059,0.34103647,-10.484414,-0.40783674,4.214172,1.1197636,-12.900101,27.560232,-0.0062014344,0.0053585013,0.16698891,0.6472492,0.32894737,2.22,0.0,0.39499998,0.035,-23.93319
25.990408,0.008196332,25.866352,26.017233,26.13459,0.26823807,2.992822,1.1676612,2.5090103,1.678158,1.1065011,0.14921264,1.055029,1.1344267,1.2074349,0.15240586,0.9795925,0.9392839,0.6393313,0.433017,0.4353414,0.18402559,32.105156,0.11467618,-3.6123369,-0.8031875,1.5402595,4.155758,-13.605922,-0.39549303,0.0049984977,0.88987166,0.99247116,0.46076652,4.9175625,0.19785802,14.409297,0.22630174,27.168602,0.1394564,485.40585,0.19342287,1412.768,0.09863195,-27.05149,-2.2761838,1407.2314,0.08056361,1139.3707,0.18952875,-27.058449,-2.2686632,2575.9253,0.061042752,1148.2504,0.3708754,-41.194584,-1.3664733,-9.61612,-0.19303758,25.029827,0.10212081,0.015658032,0.6327075,-0.01198988,-0.35456413,0.44970608,0.15334119,33.228287,0.049149256,-3.9319987,-0.7142413,0.97260505,6.6651664,-14.750937,-0.30159566,-8.005617,20.055464,0.0229051,9.983907e-05,0.32509032,0.87227416,0.0625,14.219999,0.0,0.875,0.545,-21.173433
20.063957,0.020462578,19.871437,20.04274,20.209923,0.33848572,5.094625,2.0613298,2.669572,1.7404909,0.66008675,0.45999843,0.37004563,0.7155673,0.88959384,0.5195482,2.313528,1.347985,1.3524998,1.0700101,0.16392775,0.5974433,30.046057,0.2112326,0.6308296,7.3545966,-7.6958685,-1.3449471,-1.8732357,-2.5493262,0.00623125,1.2630005,0.51697856,0.92220116,4.765087,0.17029566,4.3501754,1.043014,14.225829,0.2863589,428.24847,0.07399602,1166.318,0.079201266,-63.426296,-1.3384539,1279.9377,0.045382246,1015.2574,0.11038032,-61.363346,-1.4054092,2275.2258,0.037416764,717.3821,0.19853362,-70.51965,-1.1430683,-9.742725,-0.2194848,20.238697,0.15665509,-0.008092779,-1.1337417,-0.021377726,-0.24207853,0.18045145,0.32136676,32.599804,0.06560184,1.0013839,4.3811135,-12.278151,-0.2979284,-2.7224236,-1.6755576,-7.6802087,18.667385,0.008903863,0.005246495,0.12470312,2.0932446,0.3824092,1.875,1.5217506,0.574,0.84341216,-25.539564
31.755236,0.0076828585,31.617914,31.75365,31.96672,0.34880638,5.0996957,2.1628666,4.6200933,2.446608,1.0202371,0.45177457,0.539981,1.0987453,1.3788152,0.83883417,3.6255946,1.2609781,3.9126573,4.285955,0.34570035,0.6095349,20.0212,0.41207227,-0.5235252,-12.988233,-8.084351,-1.4898345,-4.0833564,-1.5581551,0.009142438,2.0220523,1.0194882,0.41068622,5.967805,0.32773766,-5.695271,-0.8346863,13.455082,0.30619255,457.78387,0.0946659,1294.8646,0.09394114,-89.50063,-1.0606053,1354.5525,0.034336984,1013.733,0.07136421,-83.65982,-1.1786627,2629.6294,0.032913096,905.98584,0.3351644,-98.54621,-0.8737641,-0.727032,-2.1967716,23.28906,0.09853675,0.0216137,0.4344626,-0.00028164353,-12.994671,0.44952255,0.34035006,26.479816,0.065187335,-4.7190323,-0.74468833,-17.158632,-0.17904383,-8.8633795,-0.3221767,-3.409716,14.464366,0.006784315,0.014559632,0.21078973,2.0648968,0.5988024,0.96,0.74,0.45666668,0.30944395,-21.985876
36.686302,0.058360837,36.846153,37.13497,37.482323,0.63616943,80.89233,95.089096,58.903366,58.003147,1.323577,0.44821614,0.5385031,1.4736837,1.7107604,1.1722572,5.6050024,7.044622,1.2212745,0.5876112,0.18626262,0.5868043,30.56704,0.27457514,-6.243193,-1.9604857,-10.843089,-0.8876143,-4.5803456,-1.7888352,0.0043313126,1.8041074,0.42191616,1.1416259,12.796949,0.20218046,-1.614644,-2.808761,19.409252,0.2223718,834.8383,0.11111652,1231.414,0.14762343,-32.62952,-1.9966065,1742.4834,0.058305163,1031.2971,0.1789958,-41.994175,-1.4631122,2855.4102,0.037260782,733.3341,0.35366058,-52.183537,-1.100601,-10.755342,-0.29881477,27.157705,0.1419407,0.060490023,0.15391211,-0.010307289,-0.71223575,0.20116414,0.5259847,32.83722,0.18741712,-9.749108,-0.8662507,-13.622174,-0.49574652,-6.0673327,-1.2049513,-12.758377,22.653765,0.027548835,-0.0035793025,0.10084146,0.9102731,1.0484928,0.8125,1.9873648,0.14,0.1374253,-16.848202
33.03817,0.01368404,32.843563,32.979336,33.16407,0.32050705,4.045585,4.6014113,3.1791494,4.722648,0.8163395,0.35626936,0.5724489,0.92559624,1.0019609,0.42951196,2.8053844,4.1848702,2.637475,4.2946515,0.12587348,0.49066076,28.433239,0.33206147,-3.2875414,-2.3264947,0.33871415,13.0093565,-12.185011,-0.72454435,0.0037582237,1.2631494,0.5560142,0.5154785,10.239107,0.12556718,5.2434173,0.35348433,18.912624,0.1604944,712.0572,0.21341173,1580.4968,0.13279091,-46.20454,-1.7124938,1544.9327,0.10168832,1340.5841,0.1640527,-50.623215,-1.4983152,2727.755,0.051584143,833.47943,0.4946154,-58.16687,-1.2375972,-8.525024,-0.21627994,20.52251,0.1390479,0.041486766,0.2177318,-0.007102114,-0.56556034,0.13955313,0.4156642,32.508205,0.10471338,-6.0730205,-0.78385377,-0.39856097,-10.290701,-15.605552,-0.3695782,-7.447954,15.817433,0.029773287,-9.036922e-05,0.07450499,0.9626956,0.24213074,3.2749999,3.235,0.5533333,0.5741274,-25.215542
26.45579,0.06313866,25.774792,25.961508,26.235287,0.460495,12.898696,8.6590395,75.14209,96.77966,0.88583887,0.28570977,0.74310505,0.9361756,1.0344989,0.29139388,2.880821,1.6401759,3.08476,2.795809,0.22801325,0.3547637,36.416924,0.1555671,-0.0033479643,-1585.7561,-15.750084,-0.44506556,-5.9206753,-1.1696962,0.012544683,1.2018838,0.6284159,0.75238156,6.706795,0.23502296,1.5706661,1.638174,22.388252,0.15401702,485.81644,0.2213303,1554.6849,0.11948254,-29.529617,-2.4293637,1350.8612,0.10439589,1275.5568,0.15265416,-35.073727,-1.9709288,2458.8157,0.07920991,970.3535,0.29182857,-47.33003,-1.3521227,-10.182478,-0.14156541,22.343752,0.12597536,0.04281363,0.2659778,-0.026982082,-0.18548076,0.24004447,0.28939843,38.362667,0.08316569,-0.91882825,-5.541924,-18.0209,-0.22552568,-6.4074845,-1.1158869,-11.481697,20.656723,0.027537595,-0.01362225,0.16711101,0.89399743,0.5141388,1.64,2.117156,0.28,0.31304953,-23.22036
26.097681,0.16709216,24.025843,24.407446,27.841621,3.8157787,151.2068,171.09084,210.19946,114.432884,0.86336267,0.49019468,0.442996,0.92751354,1.1982033,0.7552073,3.11108,1.4903389,2.6936536,1.1870507,0.26997748,0.48403612,34.840897,0.21257234,-3.292206,-2.6233995,4.425314,1.9592717,-12.564751,-0.74439883,0.021035254,2.6463149,0.91341484,0.8892344,5.7795043,0.3585341,2.0603464,2.5199082,19.587406,0.33497086,478.94357,0.27497852,1372.4039,0.1542263,-68.01318,-1.3292615,1389.9425,0.1252255,1163.8645,0.25103304,-71.65685,-1.1975033,2484.3428,0.08106995,904.20483,0.4372678,-78.29062,-1.0378361,-12.900081,-0.22065626,22.12525,0.2206971,0.03471724,0.6356962,-0.0291112,-0.26653787,0.3005893,0.4068976,38.01484,0.14963481,-6.71494,-1.0789903,6.640215,1.0506452,-15.990565,-0.49460992,-14.567875,25.496624,0.056860525,-0.01639383,0.20644562,1.8832392,1.9047619,0.347,0.7840414,0.15799999,0.18977882,-21.797596
32.02637,0.031201975,31.9231,32.276432,32.428047,0.50494766,15.871117,0.0,-3.6827798,4.530837,0.70799565,0.41909105,0.40132493,0.74533254,0.8807591,0.4794342,4.282061,2.2152903,1.1198568,1.0899638,0.19668514,0.46244237,27.414078,0.23534273,5.7878165,1.0226692,2.7537024,2.5385277,-0.42496592,-16.757341,0.01249834,0.949694,0.74225354,0.7629934,8.778945,0.29752722,20.686937,0.47456825,31.733477,0.16574593,863.9223,0.15601964,1376.1613,0.15774356,-74.33072,-1.2102401,1697.715,0.06509847,1099.3483,0.18443377,-77.785706,-1.1090708,2906.3276,0.044082753,668.47,0.3927002,-86.17622,-0.9315854,-14.670871,-0.22362061,28.42858,0.14792837,0.050320882,0.21180552,-0.0072455294,-0.7740786,0.2083115,0.42635477,30.91916,0.095552094,5.4815245,0.8156559,-0.20449822,-23.51118,1.3331507,3.8134239,-11.247195,19.88755,0.051771116,-0.008017913,0.17642187,1.6260164,1.3736265,0.47,0.82597816,0.19666666,0.091408715,-23.581596
29.029293,0.07188624,28.909979,29.305056,29.73475,0.8247719,244.1718,0.0,2.6439435,1.103296,0.88975793,0.5005782,0.4466952,0.9170993,1.1755521,0.7288569,3.8767133,1.8178132,3.5440853,2.303849,0.24515027,0.56369543,31.192228,0.17351997,-2.1245856,-3.5243282,-0.30732253,-19.117098,11.106974,0.7958498,0.009643072,2.0982068,0.63646144,0.4887098,7.643294,0.22711916,-3.626658,-0.8647301,21.015034,0.28326738,823.8982,0.21203981,1532.5155,0.13758963,-64.70385,-1.325754,1671.748,0.07733959,1154.8656,0.13243553,-63.90324,-1.3250529,2805.2734,0.08843254,931.97955,0.42271674,-75.01117,-1.0391927,-7.849347,-0.3949534,23.858578,0.18021424,0.05482253,0.2072986,8.510021e-05,78.26057,0.28565353,0.465114,33.452084,0.10241727,-4.8144565,-1.4027869,-2.0315354,-2.4765384,14.797718,0.47088596,-12.376082,22.485188,0.042366173,-0.010207809,0.14504558,2.2514071,0.3787879,1.905,1.435,0.4733333,0.3026916,-22.694239
31.675983,0.037444733,30.663101,32.1347,32.81781,2.1547089,6.7343316,7.853207,3.8519135,1.6801947,0.8907283,0.17258927,0.7776449,0.9036188,0.9873656,0.20972073,1.4526992,1.5504447,1.1759831,1.4902463,0.38278052,0.23023298,27.417324,0.104845576,-8.659843,-0.5123759,5.7831054,0.8032148,-3.600517,-1.117875,0.007495855,0.6050947,1.1279618,0.4434089,2.2084558,0.5132399,-0.6864687,-8.5243435,11.873788,0.5021363,629.9323,0.32265404,1429.7662,0.11863727,-154.0049,-0.51156986,1542.8429,0.15649384,1289.2083,0.1842882,-153.15938,-0.51392,2537.4832,0.082189046,1144.0332,0.20269822,-156.02264,-0.47376055,-5.635644,-0.29517722,18.06251,0.13747264,0.01749388,0.6865538,-0.0026993153,-2.0678039,0.41771963,0.20610818,29.256432,0.075512744,-12.007645,-0.32753313,2.1251915,1.9794961,-4.042788,-0.92009604,-6.6998067,18.554644,0.015942829,2.9108191e-06,0.37303293,1.0882709,2.43309,0.09149999,0.15650159,0.2847619,0.31811377,-25.747787
31.248508,0.14989498,31.29872,31.838095,33.64885,2.35013,193.2797,96.89817,119.28977,129.0279,0.9796758,0.37184396,0.7796405,0.96005124,1.1299169,0.3502764,2.4371808,1.2046236,2.0591516,1.7074896,0.45052746,0.40928444,33.041584,0.2157828,-5.631374,-1.820473,-8.883617,-1.0028477,-1.438338,-4.407997,0.054353938,1.2359229,1.5367488,0.54242575,2.1731489,1.3925407,4.802125,1.3244038,22.928452,0.38087818,672.53253,0.29166666,1588.9092,0.14188324,-134.07559,-0.65784305,1531.3218,0.12989113,1354.755,0.16979086,-131.24348,-0.6712948,2627.6182,0.098717704,1144.7133,0.32028767,-136.88173,-0.59050405,-6.142738,-0.7677168,23.53552,0.20961726,0.044595882,0.31836563,-0.0068132794,-1.4654883,0.4646128,0.44435376,34.309322,0.15568091,-8.112394,-1.419048,-11.091226,-0.60067236,-1.9669088,-3.6343796,-7.408068,22.943352,0.044752248,-0.007750238,0.4459705,1.4686248,2.688172,0.122999996,0.113978066,0.26470587,0.2672764,-22.350945
32.36128,0.05614637,31.958298,32.139755,32.351833,0.3935356,56.373394,41.191517,93.43577,82.98529,1.3199078,0.2962474,0.9894133,1.4154739,1.6454933,0.65607995,4.2256436,2.8182063,1.6375846,1.1218929,0.36531764,0.3841389,28.387615,0.156842,0.47969982,20.41126,5.1321554,1.1978229,-1.840155,-4.293012,0.013569837,1.5431224,0.7342156,0.6637626,7.76787,0.3339274,6.0146685,0.9130814,24.000196,0.26994208,701.1603,0.27711225,1555.5588,0.19825006,-19.618504,-2.535593,1659.2968,0.10314691,1013.5387,0.17396341,-23.936022,-1.9472737,2754.5347,0.062211905,886.0398,0.2860414,-32.927467,-1.3452686,-11.564124,-0.38044882,22.67405,0.20445098,0.056334376,0.2329698,-0.028772367,-0.38021448,0.37854305,0.35034668,28.957579,0.12459538,-0.70301926,-12.151792,5.4738374,1.0889248,-1.5941509,-4.8879476,-14.112709,20.949211,0.026131459,-0.02299899,0.19839478,1.4888338,0.4152824,2.238,3.579941,0.185,0.14361405,-18.336098
27.733776,0.2021374,18.207727,29.763638,31.503052,13.295324,243.26001,176.8443,85.08453,30.951633,0.62353545,0.4432127,0.20381463,0.7382048,0.82357717,0.61976254,3.0780172,3.205714,2.5492437,2.621586,0.24778865,0.5511303,25.258759,0.18191867,14.71637,0.35018542,-5.3014274,-1.7405674,14.49349,0.42361024,0.045041587,1.7519836,1.0500016,0.56572974,4.8952475,0.6332826,2.8940728,1.2039946,24.624773,0.13413793,458.23483,0.16023114,1324.3735,0.101189494,-115.88973,-0.81423527,1468.2878,0.05158917,1039.6957,0.18674108,-118.45069,-0.7570136,2526.7737,0.046116482,929.41376,0.17873831,-123.72645,-0.6781187,-14.003409,-0.15583509,24.21251,0.15484448,0.027666945,0.42082822,-0.025322212,-0.288858,0.26989803,0.33647096,26.742842,0.11566503,16.698639,0.19888724,-7.6746855,-0.582682,14.474979,0.428571,-13.22431,22.863838,0.022797009,-0.012036902,0.2363896,1.9202363,2.529762,0.16235293,0.21544835,0.224375,0.52239794,-26.231123
35.39005,0.057526246,35.58416,35.705276,35.820244,0.23608398,44.46844,24.138437,29.084732,26.798256,0.94603264,0.44597608,0.5301651,1.0513572,1.2258997,0.6957346,3.9148967,4.679692,4.3929963,8.1138115,0.11012873,0.7995473,22.084208,0.35492474,1.699084,5.055963,-6.3718433,-1.3711927,-0.50162864,-13.382657,0.008708598,3.6839986,0.35408387,0.6536097,12.537816,0.108991206,-3.782203,-1.1173141,13.952228,0.4604559,828.1336,0.078497626,1260.9192,0.103614084,-49.77078,-1.5845994,1738.444,0.042611685,875.74963,0.1646404,-52.77921,-1.4626485,3035.4106,0.04384513,676.9905,0.5415604,-64.64043,-1.0988361,-10.353121,-0.4472643,26.827736,0.19850299,0.035809252,0.29206645,-0.006977497,-0.68835586,0.11118094,0.6117101,25.128244,0.1433519,-0.8208347,-8.562459,-9.4645405,-0.6762303,-2.260809,-2.161773,-7.55622,15.388136,0.014557808,-0.0005774763,0.10934364,1.1004126,0.13850416,5.67,0.0,0.76,0.41,-22.205738
32.146698,0.049930852,32.145775,32.333717,32.626575,0.48080063,28.910086,32.07876,7.6356964,8.336541,0.9497659,0.5500978,0.18773347,1.0918609,1.2575135,1.0697801,3.550129,4.506863,2.8454368,3.0882127,0.16638131,0.7510813,30.928782,0.2305921,-16.694332,-0.67885786,-0.33386493,-32.242256,-6.504266,-1.3105749,0.008839298,2.380474,0.6622592,0.8740004,9.15181,0.28361598,4.331496,0.78329706,14.483831,0.4014269,711.49084,0.14676337,1337.7667,0.082104094,-48.431072,-1.7551949,1619.1836,0.050709937,1058.337,0.15562539,-49.141495,-1.7186253,2774.393,0.0519102,751.52386,0.51809084,-59.86348,-1.3126888,-1.8319923,-1.3826231,19.131788,0.22508737,0.033409268,0.36694086,-0.0026097146,-2.3496494,0.2076636,0.5601701,33.755882,0.14055967,-22.272026,-0.24291134,-5.451062,-1.0699668,-9.696037,-0.6852239,-9.999431,20.969206,0.0007811627,0.011353673,0.036683846,0.92678404,0.18621974,4.085,2.0349998,0.84,0.29131883,-23.00896
23.451515,0.04884957,23.056208,23.230835,23.497766,0.44155884,3.523451,2.1422248,3.5578096,1.6242316,0.7025365,0.42243782,0.38376746,0.73890954,0.89899445,0.51522696,2.3738852,1.7566645,1.324971,0.7178456,0.24372607,0.3608952,34.721104,0.18153968,2.0019228,3.0796437,-2.9787545,-3.568065,-3.7306557,-1.9408268,0.0094650565,0.7072965,1.3631366,0.5270694,4.435957,0.3089591,2.411395,1.4509445,21.96463,0.19247153,474.8646,0.16225176,1280.3484,0.10004318,-63.215336,-1.4124192,1371.5079,0.07527743,1122.0732,0.13954462,-67.40173,-1.2855642,2442.9812,0.057843678,1010.0815,0.28141993,-78.764145,-1.005404,-11.690951,-0.17159113,25.162241,0.08527497,0.022272764,0.309153,-0.023888875,-0.22697386,0.28484,0.22650799,37.951458,0.056730445,-0.24869168,-21.203074,-8.440418,-0.6483439,-7.3743267,-0.6432969,-13.414865,23.385023,0.017698731,-0.00824412,0.15303332,1.5355086,0.5813954,1.1933334,1.5958347,0.3775,0.38388637,-24.732557
21.971592,0.024565974,21.40888,21.93852,22.56198,1.1530991,6.8885775,4.864722,4.614524,4.1624994,1.1375848,0.40057418,0.5228179,1.2595936,1.5232866,1.0004687,8.611543,8.067639,8.776669,9.086466,0.37871957,0.5189646,37.310192,0.17235313,-14.293198,-0.70152533,-0.541178,-13.120127,-4.1998405,-1.5887598,0.01032903,1.0795808,0.6531895,0.54553944,3.8125463,0.52162623,0.6148225,5.2508698,15.397287,0.2473497,468.51404,0.1644237,1281.6025,0.10106009,-72.439384,-1.2481524,1339.446,0.07448896,1067.2891,0.13798122,-69.0927,-1.3416826,2393.9587,0.06606467,925.5144,0.30332538,-81.36135,-1.0339319,-2.8352752,-0.6504828,19.232594,0.16626738,0.0041337884,1.7514961,-0.0057955403,-0.90453994,0.39473346,0.3099803,40.381275,0.059885036,-19.4755,-0.23787828,-3.2031837,-1.5879751,-5.210906,-1.3840548,-9.073515,21.615097,0.0068236887,-0.0039013263,0.35419694,3.211679,1.0294118,0.63142854,0.57222444,0.27875,0.32937202,-20.685438
33.636044,0.008825602,33.451973,33.58065,33.768414,0.31644058,4.3350463,2.217471,3.3737805,3.553663,1.0514755,0.36683294,0.81517655,1.1685823,1.260662,0.4454854,3.366753,4.2469172,1.933393,0.90862596,0.2756554,0.56931764,25.865797,0.16976306,1.6555879,3.709727,-4.8995576,-1.1944487,-1.3740499,-3.8026292,0.007277481,0.99274725,0.6089276,0.46926466,9.684769,0.19524486,24.018425,0.1534359,32.671787,0.09759147,954.75854,0.08972918,1207.318,0.1302171,-50.638664,-1.6534765,1741.3871,0.07168861,1222.2941,0.25596508,-55.295265,-1.4601223,2888.6475,0.044589974,683.0674,0.2662582,-67.61709,-1.0925393,-9.464591,-0.21783464,27.95136,0.087414056,0.058867957,0.14772646,0.012876116,0.5133005,0.286874,0.46283492,27.298536,0.09923138,0.018206587,157.0045,-6.679505,-0.49695602,-1.38668,-3.6521642,-11.180879,21.33685,0.052534685,-0.0063737133,0.24598207,0.57061344,0.14367816,5.31,0.0,0.81,0.19,-20.068708
27.85521,0.025408916,27.612284,27.880892,28.046095,0.4338112,6.7295747,1.9667523,67.04047,108.69877,1.3920085,0.5018855,0.55168337,1.7407374,1.9445686,1.3928852,3.0582263,2.254449,2.76725,2.046002,0.3434881,0.52214175,33.03559,0.21617764,-7.6176205,-1.085416,1.6477019,3.671033,-13.951234,-0.7862209,0.0042704283,1.7529963,0.4859852,1.8779792,8.27729,0.26941013,-1.3055174,-0.98957574,12.773937,0.23349534,433.82834,0.12666018,1211.8324,0.09243795,-70.135254,-1.3362551,1309.9875,0.061430033,1008.4956,0.110445604,-71.80408,-1.2840042,2439.7522,0.03493109,677.27295,0.2846443,-79.469635,-1.0911683,-9.014888,-0.14448345,18.629818,0.13244721,0.032512262,0.26545933,-0.026964752,-0.1936004,0.4115636,0.3101329,36.94918,0.06589668,-12.030643,-0.31923413,-0.082655035,-62.77904,-19.651669,-0.3465336,-9.744999,18.116766,0.013773458,-0.007886093,0.22255543,1.2482663,0.55865926,1.1675,1.9359155,0.48,0.4835287,-16.920353
30.903427,0.019570822,30.721556,30.964111,31.1488,0.4272442,94.20709,0.0,2.283425,1.6250043,0.7683189,0.27966553,0.6260749,0.7813134,0.8941928,0.2681179,4.1788173,3.3156545,2.0833917,3.0675738,0.25764048,0.5821903,29.952217,0.1381737,-2.3762958,-2.5898647,-0.7510569,-7.9161277,-4.6290183,-1.1995208,0.01059709,2.8877823,1.0684981,0.46989918,3.5009813,0.5038731,-0.3514451,-8.912019,12.985548,0.29423907,512.50415,0.19032933,1317.6323,0.13705143,-50.327957,-1.5863042,1426.6838,0.06086561,1105.1238,0.12455754,-53.02599,-1.4742515,2557.3154,0.040271476,834.1165,0.33401218,-60.235462,-1.2355655,-8.706532,-0.2812262,19.04467,0.16125059,0.006209746,1.6490816,-0.010365104,-0.7838549,0.24716745,0.226376,30.349628,0.11722546,-3.9441698,-1.4514432,-2.830985,-1.258706,-4.8940425,-1.1086155,-12.739655,23.62413,0.005961568,-0.009935516,0.2960729,1.0709505,0.9433963,0.81,0.781738,0.26333332,0.32013884,-26.0485
21.456892,0.19186743,20.069761,20.202274,20.560759,0.4909973,175.72299,125.07463,18.191618,41.812447,1.0137379,0.502634,0.243655,1.2355216,1.3314965,1.0878415,3.0527213,1.547725,0.54571015,0.2447181,0.32714164,0.669995,37.315647,0.29392728,10.511628,0.46459365,-32.68271,-0.55546695,-35.244247,-0.5201533,0.023448978,3.8109956,0.5513093,1.244131,4.7585506,0.41737285,0.45157355,6.483831,28.17389,0.18988489,659.88275,0.32093343,1314.6118,0.10720652,-37.47826,-2.3672354,1743.4746,0.1962819,1126.1288,0.112306,-47.760876,-1.7297318,2919.2896,0.119616106,1159.5905,0.17413186,-64.397766,-1.135748,-9.812687,-0.21515666,39.774464,0.06853119,0.048447374,0.12402368,-0.07068317,-0.067345046,0.4142004,0.39645645,42.85452,0.04270155,10.408126,0.29140615,-41.948456,-0.10175493,-44.63416,-0.1010047,-10.519598,21.810932,0.022790149,0.002050435,0.036378223,0.6500542,0.21786495,3.55,3.52,0.6766666,0.50241643,-16.685976
34.89611,0.037051287,34.374077,35.010483,35.956017,1.5819397,21.661673,18.748539,8.318079,6.1794887,1.1822833,0.4622445,0.5779521,1.0733156,1.7268584,1.1489062,3.9799724,1.3652986,2.8907394,2.6226015,0.42751518,0.633826,31.444868,0.15558779,-9.020459,-0.93982077,-0.98685265,-7.5137157,-14.502781,-0.48607916,0.008874706,0.75891644,0.9136149,0.5439599,7.4975758,0.35132286,3.6807847,1.9888024,19.84097,0.40309063,664.2806,0.3262709,1461.1523,0.09165981,-70.986664,-1.287015,1589.3113,0.18513694,1293.8018,0.17269702,-70.73003,-1.2540442,2685.1194,0.08652989,1147.8455,0.34122747,-79.4295,-1.0385913,-6.16627,-0.90429527,21.62764,0.18685831,0.0423371,0.29273066,-0.006774834,-1.0796309,0.50429934,0.560841,33.16923,0.12702233,-11.584697,-0.76330453,-4.1152306,-1.2368855,-17.173983,-0.36680743,-9.337914,22.028214,0.029848363,-0.0025242572,0.2753418,1.5209126,0.7751938,0.865,0.805,0.26666665,0.25629845,-19.59756
29.252897,0.024998546,28.474924,29.394827,29.95842,1.4834957,6.7323623,2.150224,4.7958627,4.007557,1.5928963,0.287175,1.316144,1.6477928,1.8347089,0.51856494,3.5148504,2.729494,2.813397,2.0492997,0.52006435,0.5282826,32.29026,0.1761702,-0.46213895,-10.87702,-17.617168,-0.46726292,-8.392075,-0.6774704,0.009453788,1.0574403,0.71895933,0.5171568,7.6322346,0.2201053,-1.3461025,-0.9343937,18.729069,0.1670869,458.75052,0.083776385,1268.032,0.07075061,-20.381481,-2.6520712,1353.7538,0.031341188,1030.079,0.22616895,-20.211535,-2.6746192,2585.1045,0.03240992,757.4276,0.32981324,-39.30984,-1.2315351,-7.173386,-0.24522291,24.102093,0.10031978,0.03913493,0.20771873,-0.020300714,-0.21758378,0.5540826,0.4719651,33.793667,0.08002646,-0.25062543,-18.372917,-18.869905,-0.2767186,-8.752268,-0.65141976,-3.4061542,13.351756,0.014299672,0.0060591875,0.17307593,1.3623979,0.27700832,3.3,0.0,0.29,0.0,-16.184673
39.157566,0.07339108,39.36344,39.87971,40.25968,0.89624023,276.63525,450.38824,101.506096,105.69473,1.3047398,0.42571196,0.6447454,1.4238273,1.8264421,1.1816967,4.4332623,3.0067878,3.0514672,2.8989768,0.37693757,0.4739204,22.212894,0.2156427,-8.683686,-1.3810018,-11.66666,-0.7517384,7.8451147,1.5071576,0.01242311,2.0897338,0.74938625,0.51967967,9.639738,0.30374768,5.784833,0.98194885,13.508923,0.37513953,865.5963,0.14517704,1041.5442,0.2027966,-55.953648,-1.3393314,1751.9331,0.06285914,928.3822,0.1615793,-52.03643,-1.4530997,2803.8384,0.037448063,628.933,0.3509985,-62.215748,-1.1322658,-3.607583,-1.1592262,22.893167,0.1472688,0.047654703,0.3590909,0.0031469644,3.668746,0.4188178,0.34517688,23.176369,0.12388655,-12.520925,-0.53374547,-14.855933,-0.39476165,10.302816,1.1036099,-8.888425,18.999039,0.033265084,-0.0077464534,0.22893687,1.8043685,0.85877866,0.9077778,1.593799,0.23444444,0.31864685,-17.88674
32.074135,0.0063236584,31.909174,32.087612,32.243168,0.3339939,2.620336,1.4799306,3.3168132,6.1327176,1.3527226,0.28389674,1.2170436,1.4397645,1.5614351,0.34439147,7.633299,11.082389,0.63002443,0.41813114,0.19844565,0.40037534,22.780624,0.20213407,-7.9115734,-0.8863523,2.129718,1.7690415,-7.3317337,-0.81907463,0.0032677383,0.68444943,0.40156507,0.50374556,9.828372,0.09587119,6.988442,0.3730067,9.361487,0.36666635,660.7191,0.16014063,1435.044,0.08760414,-29.53272,-2.0503063,1563.8887,0.045684516,1097.9607,0.15068603,-27.314991,-2.2434454,2764.9072,0.049530536,789.2649,0.49516425,-35.63828,-1.6389169,-3.3132524,-0.5278068,14.504329,0.26521924,0.03567235,0.2311602,-0.0048283353,-0.63211805,0.20708434,0.37941727,23.919157,0.11939808,-9.780491,-0.47951022,1.7129159,1.7913065,-8.046025,-0.69940764,-7.658676,13.796896,0.034023378,-0.011922591,0.13466018,0.28653297,0.09596929,9.25,0.0,0.57,0.04,-21.449087
25.873491,0.18841106,23.882904,24.00381,24.214846,0.3319416,58.798534,41.276608,16.178936,0.0,1.4847118,0.4200224,1.3911624,1.6799251,1.8622893,0.4711269,2.5639908,2.5624857,1.8898529,0.79308385,0.37487137,0.5416442,28.716877,0.15447415,-23.978697,-0.36984792,-8.214187,-0.8997244,-5.04645,-1.2973142,0.016738081,2.3106704,1.2402843,1.0217377,4.43063,0.79166687,7.224297,0.43583396,7.9821324,0.48379555,465.28238,0.24375853,1261.2603,0.087578505,-34.414036,-2.167039,1367.4114,0.10194944,1085.0225,0.07286157,-25.141579,-3.0612438,2322.1772,0.08646084,826.822,0.1152874,-37.953735,-1.8795955,1.6283985,0.9317738,15.504639,0.19266325,0.027146023,0.28792787,0.0052543306,0.82796186,0.43968016,0.35623187,30.108427,0.06791301,-27.300795,-0.1070384,-10.693141,-0.31406116,-7.093659,-0.60883677,-4.686941,18.780525,0.009382874,0.021377087,0.07711104,1.6722409,0.34013608,2.45,0.0,0.22999999,0.089999996,-18.30031
32.047195,0.15252897,23.670963,34.481674,34.73103,11.060066,64.90424,48.061054,35.2582,42.910736,0.77826035,0.49175695,0.28650492,0.8792984,1.1438937,0.8573888,2.854789,3.436379,0.9817314,0.93118083,0.16033274,0.47346437,23.955809,0.21019877,5.1347175,1.6706954,-2.2181077,-3.8965416,7.758687,0.73366165,0.018847995,1.6912042,0.711145,0.6781702,8.617711,0.2799119,1.9223866,2.4994054,19.091873,0.42301935,901.0662,0.14690204,1445.6603,0.14741331,-63.46857,-1.3312525,1688.9886,0.09338986,1172.7393,0.19821388,-62.044724,-1.3566197,2895.9521,0.057143573,684.732,0.41358495,-71.073235,-1.1016852,-9.105908,-0.57582307,25.07181,0.18495512,0.041149464,0.32345855,-0.00095670397,-8.063091,0.17446336,0.39321694,25.906782,0.12012318,2.6159468,3.0928447,-3.861054,-1.9616172,8.693067,0.642543,-11.603564,23.513943,0.031043498,-0.0023562806,0.1265581,0.94466937,1.2228261,0.5833333,1.4213372,0.192,0.22959965,-24.02493
34.81585,0.07538425,35.17475,35.869255,36.23503,1.0602798,193.09796,293.55594,2.0293617,12.892408,1.1148943,0.7198344,0.22117153,0.9400964,1.9945376,1.7733661,7.2630105,7.330573,5.946134,3.3005786,0.3210463,0.9238704,24.772474,0.2537397,-0.11602697,-96.23183,-11.462337,-1.4272135,0.3227395,22.412212,0.009020857,1.1522517,0.7614721,0.66248447,9.063239,0.3423198,2.8289948,1.4404254,21.990143,0.36070263,787.64703,0.20822419,1279.0319,0.112289816,-75.667015,-1.2306343,1675.5087,0.06425366,1048.5057,0.12924251,-78.06868,-1.1371142,2920.1553,0.06409037,660.63947,0.39337465,-88.39039,-0.917631,-3.6293578,-2.1095834,26.09966,0.19304982,0.062674575,0.19756545,0.007836501,1.3268659,0.38616356,0.7317466,27.32981,0.15145062,-4.0587473,-2.314997,-18.03891,-0.8027907,-0.599891,-11.774408,-10.7045555,20.942417,0.04819119,-0.002506204,0.20990755,1.1441648,1.388889,0.45499998,0.71490675,0.20857143,0.10615737,-17.850193
33.89903,0.13195725,33.02124,33.156246,33.315998,0.29475784,5.4860682,0.0,-2.9020946,0.0,1.149409,0.4043771,0.44332308,1.3347765,1.454437,1.0111139,3.2953148,1.3818144,2.8564928,3.101706,0.197794,0.8103206,27.687723,0.24057482,-4.0641484,-2.0886374,-6.639562,-0.996153,-11.637604,-0.7307102,0.002377931,0.7566651,0.36707005,0.59791315,11.022178,0.082881115,4.80641,1.2938923,11.933387,0.4218706,551.46106,0.16208406,1286.0392,0.10623868,-54.391964,-1.5667193,1511.271,0.060751323,1047.4932,0.21472578,-54.07105,-1.5546448,2818.4805,0.028961893,602.3499,0.49141046,-60.35044,-1.3310624,-7.861551,-0.57748467,16.957783,0.13072668,0.035355072,0.28460646,-0.0126663465,-0.2867402,0.20939289,0.86595106,29.394812,0.20782843,-8.709071,-0.31671143,-9.647959,-0.4042094,-14.31191,-0.4821053,-12.926447,22.118872,0.026808443,-0.018533364,0.16712674,0.4379562,0.29411766,2.5449998,2.425,0.5533333,0.32887012,-20.961649
34.45274,0.037995093,34.133476,34.65381,34.985924,0.8524475,30.64271,20.230604,11.641757,8.145555,1.3544637,0.49328035,0.38329148,1.5550407,1.923594,1.5403025,8.820922,5.2057242,8.3174515,5.592285,0.5730852,0.61884224,28.712946,0.14082061,-11.737562,-1.2327529,-9.530839,-1.1013631,-5.32594,-0.99229205,0.02412603,0.83083564,1.4297142,0.5047979,5.5839577,0.5667016,6.370156,0.5387242,18.136457,0.32061124,664.28937,0.22922833,1552.7244,0.09185773,-50.378185,-1.7308993,1564.6859,0.07895974,1342.0421,0.19077769,-53.03221,-1.5943853,2624.5823,0.07325994,1026.6156,0.43301067,-61.601913,-1.2924917,-3.6304874,-1.1824255,17.696201,0.23276773,0.06487764,0.16184102,-0.0058844294,-0.9543498,0.6928421,0.44867817,29.308754,0.10543446,-17.921549,-0.5171349,-14.099922,-0.4073114,-6.5176415,-0.731025,-13.722989,23.60382,0.04479454,-0.015117298,0.24487053,3.3043478,1.0526316,0.7,0.95626,0.19571428,0.1783141,-19.100315
29.835968,0.11958091,29.913216,31.255253,31.616058,1.7028427,218.08371,186.09763,71.58461,130.70238,1.1156985,0.28605354,1.0516845,1.2173839,1.3306234,0.2789389,2.233595,1.2041639,1.6384131,0.9938601,0.5203612,0.39470714,38.359943,0.14531067,-18.537666,-0.4821716,2.757397,1.882294,-8.373859,-0.5312413,0.06186674,0.84200984,1.3673856,0.5594852,0.6453672,4.270034,3.017088,0.81260145,21.0829,0.18647185,459.95044,0.22342823,1366.8573,0.15821543,-137.95976,-0.62671876,1434.5254,0.06941889,1067.1877,0.23050056,-137.86148,-0.6210378,2610.5227,0.07064339,1291.4377,0.42575935,-143.23259,-0.547492,-5.0833592,-0.5985743,22.8101,0.1207461,0.019986639,0.51855206,-0.01021567,-0.69476974,0.49869448,0.31734955,40.601955,0.05855178,-20.837275,-0.24658051,2.4042392,1.7137082,-10.169194,-0.4062213,-5.081798,21.840498,0.017166115,-0.006961208,0.53442585,1.8535681,3.0726259,0.09484848,0.10415958,0.21,0.24588738,-21.68674
20.820166,0.019700577,20.499285,20.761742,21.180689,0.6814041,3.0106037,1.8397565,2.1976554,1.7297887,0.67546237,0.4644981,0.4292605,0.6240965,0.93261,0.5033495,1.2363367,0.997416,0.92604303,0.77713704,0.12089959,0.6903325,39.858566,0.16665453,-9.315531,-0.82104194,6.6712575,0.89022994,3.425941,1.4794803,0.0044260854,0.69336,0.4913049,0.63187134,5.39869,0.116692804,-2.020493,-2.6314776,15.55954,0.23841423,442.8825,0.2077008,1354.1143,0.1158276,-15.250621,-3.0607626,1373.25,0.08141954,1074.5035,0.13686824,-21.83728,-2.0698829,2395.9011,0.06700671,954.2562,0.14502682,-34.34271,-1.222771,-9.888843,-0.4296263,23.15918,0.16020149,0.0061345045,1.8169345,-0.0044093635,-1.4118994,0.12525861,0.65777695,41.3608,0.07084181,-9.578244,-0.7918413,5.6131015,0.7170897,3.352591,1.4133415,-6.210692,16.11408,0.0050607226,0.018544937,0.05980682,0.73327225,0.09208103,10.2,0.0,0.315,0.114999995,-25.81123
33.469727,0.004939372,33.35871,33.46748,33.59324,0.23452759,3.0477934,2.3218014,2.1099408,2.3285325,0.85748935,0.38641018,0.49407047,0.887408,1.1606089,0.6665384,2.490801,1.6512291,0.54816526,0.45899683,0.13886625,0.44914153,27.538866,0.25898695,13.808026,0.44156775,-15.848568,-0.7301955,-3.203303,-2.3026597,0.004935197,0.81267625,0.44018847,0.7171665,10.772511,0.18158804,-1.2774855,-1.0656695,28.523087,0.19250588,575.51984,0.2236969,1596.6606,0.115639925,-47.218906,-1.730967,1486.4926,0.08282441,1228.6449,0.21339536,-53.96569,-1.4355545,2694.3965,0.09976501,1031.59,0.35296953,-67.33024,-1.0470716,-13.15866,-0.2604129,29.127512,0.13545369,0.03621819,0.2667162,-0.02070701,-0.2876693,0.14295137,0.39929685,30.458103,0.12648763,13.336823,0.45901382,-21.231487,-0.18394578,-4.639363,-1.5640466,-12.47791,20.839832,0.01800269,-0.011196966,0.12692091,0.7968128,0.26737967,2.9099998,2.86,0.5366667,0.15627609,-22.804522
35.895714,0.025404254,35.76368,35.951897,36.143948,0.3802681,145.465,53.812325,25.688799,37.53687,1.6698883,0.25363827,1.4713168,1.7417297,1.9413929,0.47007608,2.6281962,1.393816,1.5368598,0.72508514,0.2876832,0.43425602,36.669777,0.10464673,-37.637646,-0.25641626,7.551947,0.71359664,-1.3799372,-2.6760657,0.006017761,2.9416907,0.461255,0.702469,10.752025,0.15305069,-3.5271626,-0.39797708,5.3983593,0.7518648,816.459,0.13012029,1342.0858,0.10583141,-19.243309,-2.3992236,1616.47,0.050598133,1233.4731,0.10812306,-9.243105,-5.272582,2828.5632,0.032326568,717.6947,0.3052193,-25.432373,-1.7583851,4.6499233,0.47552487,17.41993,0.16023995,0.03214748,0.26233062,0.017451074,0.25471285,0.2902887,0.38144162,36.85699,0.09302202,-39.593113,-0.13877529,7.38645,0.7206984,-0.87694055,-3.4276097,-8.834692,22.864101,0.014773035,-0.0005779991,0.25840262,1.3352073,0.14104372,6.645,6.245,0.28,0.08524474,-17.345732
33.274445,0.024798525,32.51318,33.185547,33.889072,1.3758926,8.917978,4.4564443,7.6149416,5.4026103,0.718533,0.23785256,0.6258423,0.71281815,0.83483213,0.20898986,2.2141373,1.6877267,1.4567913,1.0852338,0.19783834,0.40559524,29.45274,0.16922188,-9.572537,-0.5238672,-4.856418,-1.1103768,-7.398967,-0.8496881,0.023119174,0.9076224,1.1687608,0.50418854,4.426437,0.7460546,5.3999243,0.87330854,17.947926,0.25732753,780.59503,0.17707817,1446.0707,0.14878589,-28.16761,-2.1115544,1573.344,0.064790875,1178.5342,0.17387241,-27.776857,-2.1140463,2858.797,0.043045714,703.20386,0.6228998,-41.51493,-1.303935,-3.144609,-0.8802278,19.525385,0.20798476,0.028357312,0.40599093,0.01082672,0.8334893,0.2042736,0.3865513,30.326519,0.14220574,-9.938654,-0.4678978,-4.642132,-1.1865115,-8.0509615,-0.7426637,-1.847132,16.64604,0.0257399,0.015779242,0.15079598,2.294197,1.2244898,0.7144444,1.4203138,0.08222222,0.057499327,-27.649002
32.78336,0.035782974,32.60872,32.760616,33.018066,0.40934753,7.7202115,6.0666256,12.286563,10.012228,0.9580167,0.4376333,0.46022114,1.0397226,1.3232276,0.8630065,3.8147953,2.9281301,2.240013,1.8459979,0.25187948,0.5611276,22.783497,0.20356987,-4.6520224,-2.2667096,-2.9272697,-2.5821538,-4.870022,-1.608503,0.009259194,1.311468,0.8085753,0.6316583,6.833687,0.35995826,1.3548633,2.1835477,11.670619,0.3078484,551.1071,0.24202512,1303.1592,0.090758644,-70.01341,-1.2935716,1510.0382,0.08198837,1086.9752,0.20554891,-68.19127,-1.3365995,2720.6187,0.048365153,1037.5823,0.49011597,-76.90604,-1.1054245,-5.7570853,-0.72608316,18.137842,0.20841786,0.01847059,0.67127216,-0.005262732,-0.96099854,0.3037688,0.46641758,25.619738,0.065355845,-9.760633,-0.9151886,-5.8985314,-1.215747,-8.158235,-0.8470304,-9.133891,17.527214,0.015558734,-0.005603254,0.14772753,1.7475728,0.5882353,1.14,1.4088529,0.4025,0.24963723,-23.770031
30.313261,0.012715188,29.978987,30.348993,30.605358,0.6263714,2.5092099,1.6632469,3.1770666,2.96304,1.2879295,0.37608778,1.0432394,1.4184605,1.6507285,0.6074891,5.0433426,4.7999067,4.4522533,3.967913,0.23662631,0.44213793,21.687086,0.21779515,-13.547051,-0.75628316,-6.0908685,-0.5746619,-6.0954785,-0.58509845,0.010029259,1.5594717,0.63741696,0.89303285,7.396812,0.4990875,9.86592,0.1539849,12.124418,0.47686675,655.8968,0.1485684,1391.0049,0.10946195,-49.517094,-1.6653132,1569.13,0.08595623,1416.4216,0.24797192,-46.933144,-1.7864802,2461.5293,0.11845493,1187.6586,0.33706856,-55.54244,-1.4285109,0.7129351,1.8966184,19.299294,0.08652522,0.04983419,0.17699166,0.0057522315,0.62767076,0.25511688,0.3289658,22.39004,0.14162411,-17.93336,-0.21584316,-7.1017528,-0.32877162,-6.165078,-0.5417603,-6.0384865,18.175913,0.043263383,-0.004642963,0.18349412,2.6033692,0.9259259,0.815,0.8085944,0.20857143,0.22490814,-21.757652
31.328323,0.024993993,30.474308,31.347488,32.142582,1.6682739,6.0001698,6.181511,1.3171471,1.5954893,1.2628908,0.3465402,1.1309605,1.3679422,1.5212758,0.3903153,1.3737601,0.8565762,0.98378825,0.71878415,0.26238415,0.44952628,30.763952,0.15820144,-9.691851,-0.68455935,-17.48061,-0.5257223,7.167192,0.7783504,0.0048904293,0.9131077,0.54946995,0.46674907,9.057357,0.14199193,8.22488,0.35414463,20.625378,0.20690063,498.40503,0.22557655,1490.4369,0.15167958,-30.441566,-2.308042,1441.396,0.06338929,1145.9667,0.10820942,-24.130873,-2.977945,2539.9258,0.06271256,1181.5947,0.2759813,-43.106136,-1.4887377,-1.7853822,-0.9221908,22.536558,0.078776106,0.032267846,0.29963323,0.0009328957,5.2920823,0.28759754,0.37090954,32.13463,0.0717627,-12.144635,-0.24891365,-21.052267,-0.11016998,8.568337,0.32675296,-12.140872,21.216915,0.0284929,-0.004250758,0.12684248,0.27510315,0.13850416,6.18,0.0,0.505,0.155,-20.040384
39.020306,0.059990503,39.012238,39.586037,39.975216,0.96297836,2.1535256,16.03913,33.745358,16.615835,1.4964797,0.47573224,0.645188,1.7665468,2.1752112,1.5300232,3.6803138,2.1666286,6.4701676,4.0749145,0.40712342,0.5319542,17.507732,0.33138308,4.949303,1.2341253,-15.451162,-0.9125357,-5.2896824,-1.8974167,0.021434328,1.5897557,0.70828664,0.728419,9.602782,0.35837376,1.7292478,4.0908937,19.547314,0.20864376,651.4395,0.30173466,1503.2465,0.13590685,-89.3775,-1.0734218,1572.3057,0.14026229,1186.5178,0.20106336,-80.32541,-1.1113083,2765.374,0.08571109,805.23413,0.41365507,-86.99599,-0.96852666,-10.629617,-0.26924968,22.332483,0.1263127,0.061789133,0.20453349,-0.016349189,-0.44257995,0.4720635,0.30451694,18.181787,0.22471507,2.4202993,1.700605,-23.961382,-0.32778853,-9.324697,-0.9604798,-10.127026,18.673317,0.035523053,-0.0138794035,0.29197183,1.7475728,0.78431374,0.8075,1.3409394,0.35599998,0.25199997,-16.077076
40.506935,0.035638493,40.487614,40.680443,40.810986,0.3233719,115.17557,138.17068,40.19761,25.03825,0.9964981,0.50650537,0.4028749,1.1448275,1.4007035,0.99782866,2.7573886,2.2340574,2.5679152,3.5584855,0.20196734,0.5862166,25.1246,0.2845532,-6.0146923,-1.9547381,-8.523303,-1.118061,-4.584,-1.475001,0.01081085,1.7113218,0.61008906,0.8261103,12.809191,0.20962706,-5.06573,-1.2436714,15.548751,0.42899507,909.9789,0.1128275,1185.9213,0.12267907,-69.11477,-1.2589704,1768.0824,0.062925234,1091.1465,0.20659058,-72.46423,-1.1513852,2936.225,0.044683434,686.3684,0.41882244,-82.16002,-0.9373483,-10.848201,-0.414423,28.673723,0.21573411,0.04174934,0.30127847,-0.00045485047,-19.253098,0.24160172,0.49693105,28.58987,0.15592733,-11.137701,-0.8545478,-12.314435,-0.5583052,-4.427542,-1.4965683,-7.8640866,17.860361,0.03041968,-0.006056234,0.11286867,0.84033614,0.8474576,0.8128571,1.8123916,0.30249998,0.10997159,-19.007032
20.807364,0.013691274,20.570213,20.826447,21.02957,0.4593563,3.7669067,1.7025503,5.0453086,3.709588,0.5583631,0.23636946,0.50021076,0.56670797,0.6486615,0.14845073,1.8831594,0.8916576,1.6918532,0.9691681,0.11328164,0.30416945,41.75163,0.14118159,-16.274117,-0.3978499,-2.8426094,-1.5843236,-6.9019666,-0.9008237,0.006680076,0.6578577,0.80365324,0.52984595,4.668876,0.1949094,5.514677,0.45224962,16.168844,0.23570852,482.5074,0.084184624,1178.8135,0.06698224,-21.635092,-1.7200568,1318.6775,0.059705585,1087.3312,0.13236451,-14.726017,-2.6408935,2519.9966,0.03579533,820.48364,0.32514107,-33.779938,-1.0308911,-4.766264,-0.5685222,24.188133,0.11388003,-0.015949788,-0.49578488,-0.005911594,-1.1294855,0.116966344,0.23534869,42.916393,0.046185285,-16.83939,-0.32056528,-3.2439744,-1.2288634,-7.7474313,-0.6677885,-7.334389,17.144316,0.010129755,0.02575918,0.01346303,2.8355389,0.1915709,4.99,0.0,0.21,0.0,-28.706112
34.752872,0.024686277,34.70635,34.84613,34.96158,0.25522995,1.5627718,0.0,-21.434149,0.0,1.1695589,0.40270534,0.38733834,1.3784862,1.4718056,1.0844672,0.5714586,0.40921748,0.2680357,0.0,0.18522143,0.4186489,30.873314,0.19091818,3.1463609,1.8474724,3.1765642,1.4516819,-26.207792,-0.47182864,0.0034936715,0.63087136,0.41789627,0.62773806,11.997607,0.10537388,7.35192,0.37880236,24.593279,0.16449286,749.90063,0.25478244,1746.2852,0.16234814,-48.889942,-1.5925329,1538.895,0.098053254,1245.3763,0.22466068,-49.65056,-1.4754562,2920.4277,0.051930927,632.17725,0.68414646,-57.45293,-1.2096279,-11.135065,-0.19683865,21.280954,0.1425574,0.06150492,0.13605966,-0.0067219585,-1.0750864,0.20800689,0.32131994,33.338764,0.056566697,1.3511184,3.086971,3.6051085,1.0051153,-31.622847,-0.1740535,-12.284201,20.873356,0.021481944,-0.015297123,0.09401959,0.1303781,0.2624672,3.07,3.01,0.47666666,0.16006942,-18.448133
36.214817,0.022823406,36.077873,36.282917,36.52937,0.45149612,-35.806263,25.466505,4.963517,0.0,1.4075466,0.40487108,1.2507993,1.4943247,1.8009657,0.55016637,1.5949199,1.5730624,1.0995928,0.642939,0.27851108,0.52306926,29.761625,0.18409978,-28.761585,-0.3644919,-6.634864,-1.157397,-4.923314,-1.2615237,0.021882609,0.9801777,0.6753759,1.0134959,8.030529,0.43392888,-3.3367388,-0.9728835,5.625232,1.106193,578.87787,0.13441598,1368.7493,0.11320176,-31.03579,-2.0607312,1545.305,0.06991592,1341.6858,0.29604116,-26.638948,-2.4561753,2479.4158,0.11056787,1281.6877,0.44189644,-37.92874,-1.6190152,-2.4843872,-0.97247636,20.763485,0.13735178,0.056225553,0.19565451,0.010017192,0.6462322,0.31559503,0.3709168,31.375938,0.09268812,-32.148666,-0.17176953,-9.095043,-0.42295554,-5.108487,-1.2290311,-5.6588087,15.640966,0.021979293,0.012214416,0.026848389,0.2615519,0.17513135,4.99,4.94,0.4633333,0.23893279,-19.043423
32.56204,0.014669347,32.1895,32.446873,32.869514,0.68001556,4.5935035,3.4107435,2.4006653,2.130067,1.1566784,0.29916558,0.87763745,1.2022446,1.3124795,0.43484205,2.4064095,1.2594697,0.55666786,0.32163426,0.30768907,0.33802366,27.682224,0.150962,-13.04201,-0.36395255,-15.358794,-0.40752834,-6.95078,-0.817651,0.0044953814,0.6969818,0.7607697,0.4232313,6.757177,0.303825,2.9643486,1.0873214,19.451069,0.27168524,747.58734,0.12543857,1410.1908,0.08690479,-44.92496,-1.9442345,1643.8652,0.055829015,1134.5233,0.24079065,-47.500793,-1.8048452,2834.2727,0.0738292,861.2985,0.4283563,-61.323277,-1.272617,-2.5316362,-1.2491429,22.446547,0.14805874,0.052362632,0.18970646,-0.0071595586,-0.7493081,0.32751292,0.31003654,29.061481,0.109852806,-14.478558,-0.26647437,-17.850283,-0.22379364,-8.915224,-0.4387812,-4.361669,16.014309,0.043099698,-0.0025808658,0.24804533,0.31612223,0.21186441,3.58,3.56,0.74333334,0.32045105,-22.126633
28.931505,0.04760308,28.409077,28.679808,29.009212,0.6001358,9.620201,13.305347,38.188416,37.21029,1.2134297,0.4925619,0.5393853,1.5298713,1.7134546,1.1740693,10.860214,14.2455,0.59235215,3.5357244,0.30293673,0.4902762,23.547808,0.34426484,-4.297748,-2.6880405,-6.075648,-1.6585093,-8.279809,-0.69881207,0.0039781868,1.1437716,0.48128456,0.65367806,7.6404657,0.25267175,1.3083965,2.035865,14.965527,0.30682075,560.5523,0.1691663,1374.7386,0.091066785,-84.95751,-1.1819061,1497.0216,0.05072683,1049.2288,0.09015508,-84.66532,-1.1867726,2765.1116,0.047637973,858.9861,0.46323,-93.05192,-1.0020713,-3.904703,-0.4144503,17.458048,0.16274971,0.049643677,0.19283512,-0.00548827,-1.0402598,0.37969854,0.3834341,28.975956,0.12560768,-13.430116,-0.23865427,-12.855215,-0.36753935,-9.128942,-0.5646084,-9.064994,16.766342,0.030072546,-0.013995881,0.20749134,0.9070295,0.4587156,1.23,1.15,0.6166667,0.3021405,-20.457113
29.08959,0.05462112,27.836027,28.31822,30.770603,2.934576,9.157594,6.6778855,6.699601,9.351886,1.7734058,0.22001953,1.6219095,1.8814994,2.0231972,0.40128767,4.105557,2.9839134,3.0757189,1.9352671,0.64494735,0.36284435,35.138966,0.14188367,-9.965226,-0.6039692,-7.4341426,-1.2220238,-28.207169,-0.38218218,0.0070498292,1.4646436,0.7992452,0.646132,6.260564,0.48842385,2.4244688,1.1016515,19.895596,0.20066452,498.9042,0.13975777,1358.394,0.12734176,-12.615593,-3.4782798,1410.3055,0.06368603,1135.1036,0.16074932,-13.740005,-3.181296,2664.2065,0.050573472,898.36664,0.38483155,-31.333416,-1.2610751,-8.661632,-0.306534,26.00446,0.17560674,0.037034776,0.25902534,-0.022649594,-0.32344303,0.67197716,0.31571838,36.019943,0.09403797,-10.742425,-0.4886499,-8.073519,-1.0914054,-30.066717,-0.26684096,-9.091325,19.50237,0.016404241,-0.0010877273,0.22779532,1.6774193,0.25974026,3.635,3.355,0.185,0.015,-15.072947
25.64254,0.012334662,25.419828,25.695822,25.873398,0.4535694,5.01807,2.6005554,3.6185994,2.7306588,0.90410686,0.45446283,0.7287693,0.8573478,1.022351,0.29358172,1.9743286,1.1538923,0.92500174,0.4726988,0.25078312,0.49755356,33.07685,0.24720168,2.0140188,2.3640206,-1.9061834,-3.9121776,-4.084893,-1.3523997,0.009923753,1.0798129,0.6351987,0.5599213,6.2434974,0.26949733,0.12081307,16.834595,24.930513,0.1930954,616.6306,0.15675259,1437.2604,0.08359028,-32.704544,-2.1262565,1561.7534,0.05172865,1124.9746,0.21560217,-39.8496,-1.6750493,2692.9937,0.05474976,889.1817,0.31966764,-52.51975,-1.1704286,-12.673059,-0.30515525,24.84845,0.14602049,0.03645692,0.21044756,-0.022871085,-0.25858253,0.27249056,0.41314137,35.812805,0.1298561,1.243757,3.6248858,-3.0985363,-2.248091,-5.4329143,-0.7326578,-8.696311,16.719183,0.041416686,-0.0038795816,0.1250653,0.76335883,0.1540832,5.5299997,0.0,0.94,0.0,-22.549332
32.508163,0.010339271,32.308437,32.514866,32.71464,0.40620422,4.4905252,3.1596713,6.4249635,10.548486,1.6825935,0.33041248,1.6375248,1.8575802,2.0223475,0.3848226,4.5562806,2.3474298,3.309543,1.7691969,0.21263933,0.63497794,32.666183,0.21665391,-1.9944158,-2.4264235,-8.088595,-0.8385446,-25.560583,-0.44562188,0.0027932723,1.7888724,0.30420038,0.7788363,11.485925,0.10925452,6.1545057,0.4692441,21.280384,0.18050522,433.82968,0.26458254,1379.5264,0.114488184,-14.42959,-4.0213614,1338.1786,0.14661467,1006.30725,0.14888626,-17.719784,-3.1411645,2682.5232,0.06127009,673.01373,0.3768698,-32.429817,-1.5761755,-7.5637608,-0.3115204,20.842648,0.16331682,0.064259626,0.15042406,-0.02457427,-0.33386388,0.23072077,0.5546536,34.632946,0.095310576,-1.7690603,-2.3048968,-9.381855,-0.57494664,-28.006464,-0.30634174,-2.5805652,12.418975,0.042329963,0.020374456,0.030667966,2.457956,0.13020834,7.02,0.0,0.315,0.21499999,-14.9615555
32.374454,0.04668448,32.337444,32.54016,32.71028,0.37283707,227.67288,70.65791,544.4666,784.87744,0.80684376,0.42999616,0.56174207,0.8783104,1.0657513,0.50400925,3.0987017,2.0798979,2.1294522,1.1776962,0.12525931,0.47731018,28.203135,0.3012789,4.3354993,1.3008945,-7.8840775,-1.8540148,-3.5820944,-2.3852468,0.008605173,2.5711994,0.5497664,0.61955225,9.584578,0.14491202,4.745718,1.0328708,27.453165,0.23180307,859.5314,0.16725889,1403.6725,0.16378427,-40.923557,-1.7298597,1639.5087,0.09444596,1113.2483,0.23372513,-38.88782,-1.8175932,2947.2295,0.058286835,737.9523,0.3533489,-58.31825,-1.0647831,-5.7357945,-0.7446317,27.416727,0.1603603,0.04733505,0.24391381,0.005223734,1.7493439,0.14286737,0.3331248,31.332138,0.12906824,3.75551,1.4917442,-13.231183,-0.65293825,-2.6953046,-3.1539395,-9.072995,18.142094,0.03054479,0.007105442,0.03308002,1.8666667,0.5361931,1.5516667,3.3757489,0.29333332,0.40036094,-24.15502
24.859644,0.039991237,24.285908,24.640007,25.219482,0.9335747,44.90855,105.92672,26.813969,33.465073,1.0923506,0.4118969,0.70827127,1.1226896,1.4960212,0.7877499,3.9228113,1.4088651,3.2929957,3.1024723,0.36838326,0.42669547,34.475353,0.14216748,-11.202375,-0.9165684,5.660118,0.75102353,-9.90847,-0.6945649,0.023290595,1.1843504,1.0348059,0.73875487,4.211717,0.5615798,1.7038718,2.3324916,13.902791,0.40913606,434.52246,0.15389167,1242.7876,0.0907864,-72.99641,-1.2301505,1320.9835,0.06863774,1018.61096,0.14847982,-72.1905,-1.2469356,2409.2559,0.04546238,811.8031,0.20984715,-80.25139,-1.052123,-5.9490905,-0.44295472,17.097897,0.25208488,0.014572148,0.70246905,-0.010362418,-0.45891163,0.40650168,0.325041,36.53078,0.091946304,-15.557101,-0.5457406,4.785939,0.82114,-10.391218,-0.6004202,-9.119819,22.041311,0.0077524856,-0.004854218,0.2990102,1.4247552,1.3416816,0.48266664,1.1490254,0.22687499,0.25538498,-21.404182
31.938429,0.0384415,31.911171,32.060097,32.214096,0.3029251,0.56594217,0.0,1.8678625,0.0,0.86619407,0.2611367,0.78878343,0.9130156,1.0146365,0.22585309,2.0907207,1.0689071,1.0818206,0.5897003,0.25154755,0.22414349,35.55449,0.09613792,-4.1534896,-1.0344417,-3.8133829,-1.6537381,-3.6618469,-0.98977864,0.0074463743,1.6395823,0.8450368,0.4119153,6.346962,0.20353629,10.958115,0.19171587,26.236506,0.16938671,787.99945,0.11578024,1424.1256,0.0936042,-34.978897,-1.9435686,1597.6982,0.05206062,1028.0497,0.18878432,-35.65256,-1.8931777,2885.5583,0.032376654,584.8497,0.31134415,-52.99382,-1.1399586,-6.5470366,-0.30677998,25.848919,0.11389043,0.006483361,1.715861,-0.0028853996,-1.3848594,0.2637911,0.158741,36.51501,0.052518103,-5.1391754,-0.7370632,-5.8253207,-0.68817526,-4.115763,-0.84049755,-12.294869,25.15525,-0.0021022607,-0.0007053277,0.18011408,1.6993465,0.2631579,3.24,3.1999998,0.35666668,0.2444495,-24.058056
19.971422,0.21130973,18.909544,19.10492,19.315605,0.40606117,60.743702,58.614105,67.65024,56.47193,0.68442,0.45672598,0.33758628,0.75054854,0.91138005,0.57379377,4.4397793,2.852725,4.303512,3.573297,0.23632148,0.49772894,39.404053,0.34885836,-0.51357436,-14.519835,1.7886447,6.1967416,3.738961,2.091029,0.009417671,1.2057257,0.5727372,0.78068155,4.743079,0.18447816,-1.3592856,-1.9964507,25.071272,0.15926182,468.51178,0.28263453,1432.1669,0.11276679,-60.88282,-1.2998163,1334.5735,0.12523316,1204.9355,0.13935481,-62.789562,-1.2382491,2388.0913,0.08954589,954.88367,0.2576333,-72.78667,-0.9894411,-13.92637,-0.226764,28.032,0.11719416,-0.027369395,-0.7193749,-0.018115008,-0.45706683,0.28282928,0.3038537,46.098,0.108992055,-1.2178081,-4.0045834,-1.8297056,-4.860286,6.611411,0.8019316,-7.576545,15.622893,0.022577291,0.006951568,0.10156453,3.5582824,0.9876544,0.75124997,1.7504458,0.21333334,0.25293827,-21.957653
31.335297,0.01921747,30.955233,31.168518,31.51975,0.564518,4.7693315,6.3843846,1.8661783,1.5662662,0.93163395,0.40093115,0.46584332,1.0407814,1.2146993,0.74885595,2.2715364,2.0731485,1.5642455,1.1478163,0.23916554,0.39265567,29.483843,0.1616036,-0.83710325,-7.0118885,-16.272835,-0.6543521,13.680561,0.57812226,0.008701656,1.2544978,0.9016814,0.5536777,7.4131374,0.2512087,8.338843,0.2840501,25.319916,0.17744645,665.1723,0.24152552,1614.1296,0.10864625,-44.422535,-1.8700267,1529.8767,0.06945683,1099.7317,0.14893514,-42.791843,-1.9447528,2710.0818,0.049826957,858.66724,0.29581815,-60.326263,-1.2271498,-3.7018087,-0.83785725,24.133701,0.13965748,0.029216034,0.3763959,-0.0020347028,-2.7112494,0.27217948,0.2798341,30.572151,0.10213267,-2.7732043,-1.7116265,-21.435268,-0.16258653,16.960966,0.27979052,-12.517599,21.504126,0.01752144,-0.0036112384,0.12660511,1.175088,0.2366864,3.2949998,1.055,1.81,0.0,-23.344574
36.08363,0.047684666,35.96404,36.192547,36.38789,0.423851,177.86206,0.0,1.7134941,2.0135598,1.0893673,0.50965846,0.44934365,1.258593,1.4437068,0.99436307,8.661475,7.1136246,0.720521,0.62097824,0.21774393,0.5372595,29.710224,0.203441,-21.63793,-0.6831617,3.0161777,2.0423787,-5.0872297,-1.5590577,0.0045901653,1.8067893,0.58358735,0.7568534,9.401601,0.23816475,4.7038,0.87667096,11.671557,0.46393818,789.09894,0.12493274,1356.9023,0.09091984,-60.842594,-1.4346733,1645.1816,0.043271564,1144.9462,0.11661688,-56.83589,-1.573073,2832.2944,0.04953725,740.02094,0.28233933,-68.052826,-1.2115037,1.535197,1.8871968,16.275124,0.16953196,0.056479353,0.21483393,0.009918284,0.649399,0.25087517,0.48155904,31.080778,0.122874856,-29.648104,-0.23684387,2.3873854,1.7734716,-8.166957,-0.7487306,-9.157846,19.980566,0.035207402,-0.0030482844,0.13891509,0.79207927,1.0,0.704,1.3330656,0.272,0.1709269,-22.163198
36.934036,0.014387805,36.860725,36.982506,37.128822,0.26809692,3.8214796,2.3587139,4.096096,3.8289025,0.5371961,0.28992325,0.42451692,0.5393651,0.6133278,0.18881088,1.7341526,1.2866707,1.5210651,1.1023219,0.18420196,0.37315693,23.210619,0.24873656,7.6232595,1.1028597,0.90512246,6.058284,2.2937286,3.2749343,0.0136665385,0.69088614,1.1354967,0.51787835,5.615554,0.36522108,0.29880378,10.327122,16.134954,0.24376824,573.74384,0.19090721,1471.5531,0.20511656,-107.94134,-0.8772748,1584.6172,0.06476831,1113.3479,0.20652373,-108.77326,-0.8507589,2627.364,0.06943058,1138.4172,0.40616074,-114.26827,-0.761538,-11.003504,-0.22054373,20.538631,0.14147723,0.0013228896,10.043667,-0.023857648,-0.23472631,0.17854875,0.3593491,24.260262,0.119563825,1.849752,2.391127,-0.40055117,-10.498421,4.329635,1.3791081,-16.189293,24.454372,-0.0030352203,-0.026709931,0.19630222,2.3630507,1.511879,0.31071427,0.5458082,0.35384616,0.5448859,-29.855576
34.847374,0.023004357,34.665237,34.885475,35.0861,0.4208641,127.42898,127.101166,7.7198787,5.00963,1.0332476,0.470569,0.29148537,1.2799535,1.3929718,1.1014864,0.9185163,0.5907968,0.2145237,0.46776664,0.1703751,0.4848609,25.293766,0.3229023,-1.5673696,-8.378662,-16.331837,-0.951118,13.758235,0.7529208,0.010659724,0.71604306,0.46266338,0.63026065,9.829919,0.17668688,-1.5039796,-1.0946561,13.152543,0.24340366,506.53925,0.20560229,1494.1819,0.12223273,-54.447124,-1.6019084,1497.288,0.056423616,1233.7639,0.0982372,-57.247463,-1.4924952,2448.7766,0.04710535,1114.8063,0.23568726,-63.964493,-1.2722205,-5.8899703,-0.35018426,15.137382,0.1487337,0.059671544,0.15709601,-0.010440972,-0.41214693,0.2036097,0.284267,29.331741,0.10753705,-8.962879,-0.55128175,-24.855143,-0.23122424,19.09052,0.24074358,-12.984801,20.381079,0.02815023,-0.0117263105,0.08304836,0.8635579,0.5226481,1.3966666,1.9398338,0.37,0.32194722,-22.691715
28.745491,0.010390855,28.530315,28.786386,28.977352,0.44703674,3.5216653,1.5305871,3.4639142,2.7012074,1.8453227,0.2093743,1.7299435,1.9134248,2.0369024,0.3069589,8.051425,9.309479,2.6442246,1.5514113,0.6052106,0.3568831,31.08456,0.10474814,-6.279373,-0.5376235,-4.0853696,-1.2017312,-19.701254,-0.4580106,0.0070927204,0.6175711,0.85200447,0.46470788,7.2772455,0.12201556,-2.2037654,-0.676623,13.314118,0.27132714,449.87653,0.05662865,1152.3716,0.0797939,-17.922132,-2.7500472,1292.4379,0.037148733,1028.3634,0.11043125,-18.75087,-2.621248,2473.7695,0.025477856,663.4607,0.15124643,-32.398266,-1.4035764,-7.7789307,-0.24736643,20.089565,0.107657775,0.02445461,0.39227864,-0.019237073,-0.31665936,0.6226171,0.3386149,31.115637,0.09444605,-6.1872897,-0.46927792,-5.054427,-0.67132396,-21.550932,-0.26642048,-8.1065445,25.747398,0.011040105,0.008731378,0.3709259,0.84566593,0.21413276,4.3399997,0.0,0.31,0.0,-15.374915
34.09946,0.031647954,33.966915,34.111855,34.251724,0.2848091,184.37083,130.18776,1.2911391,0.0,0.92461324,0.30836576,0.8422066,0.9984824,1.1367002,0.29449356,2.558732,2.2608407,1.1085804,0.62724894,0.16617806,0.3757334,27.638693,0.2320274,-2.6474993,-3.0421352,-5.847987,-0.93866867,2.1286652,2.3654885,0.005150474,0.93726116,0.5908062,0.49642232,10.174832,0.16405953,-6.966705,-0.4147408,9.372317,0.40154886,552.9223,0.19258954,1368.8359,0.1005382,-33.82783,-1.8824788,1514.9797,0.0729037,999.38635,0.18239631,-33.950565,-1.8692329,2708.4639,0.038777065,699.73474,0.355276,-44.596912,-1.3286177,-8.523041,-0.37535736,21.633673,0.1818862,0.037092816,0.307824,-0.014768864,-0.38727254,0.1756749,0.34157833,29.41349,0.14581645,-4.7303295,-1.3160409,-6.8026013,-0.7242246,2.7375488,1.583376,-10.691753,19.671846,0.038961697,-0.009534438,0.10344061,1.472754,0.2967359,2.9299998,2.8999999,0.27666664,0.17326921,-23.56029
29.87333,0.025975458,29.700611,29.966742,30.217707,0.51709557,4.7965026,3.5999367,79.98232,93.27374,1.1100641,0.43750614,0.7681435,1.1980596,1.4568732,0.6887297,3.9664736,2.9900053,3.836784,4.0351334,0.3293544,0.58070874,28.39218,0.270683,-5.108225,-1.3187596,-12.061179,-0.7124515,10.176353,0.48733318,0.01821801,1.6639144,1.0244507,0.7073453,6.7158456,0.41193622,3.7451494,0.7721208,15.8305,0.26849595,655.11566,0.124830596,1390.3212,0.08427658,-54.826035,-1.4675367,1536.7065,0.048659936,1079.6211,0.2269158,-54.609653,-1.4762564,2721.6436,0.05727308,711.0304,0.46668336,-68.72341,-1.0602974,-5.7203245,-0.4802205,24.959694,0.12439255,0.0308457,0.35632104,-0.0012678629,-4.9530444,0.3802524,0.3985307,31.618916,0.05323451,-3.3052213,-1.3217803,-15.595416,-0.21181843,10.382411,0.4355793,-0.07559705,17.044733,0.019611167,0.020359162,0.17448726,1.3500482,0.5813954,1.3016667,1.5821021,0.34,0.3824358,-20.1645
35.111782,0.044181686,34.37409,34.84102,35.420063,1.0459747,65.35745,105.56677,16.807074,23.038084,1.0796969,0.27636042,0.9077091,1.1415311,1.2638892,0.35618007,4.9654765,4.7767534,3.7836199,3.8555357,0.4075316,0.42578155,27.723534,0.2010672,-1.3498437,-3.536129,-6.012768,-1.3141894,-10.006921,-0.8792837,0.02898847,0.8154121,1.3451701,0.48820394,4.7709875,0.57924867,5.429657,0.68092746,24.111403,0.15012565,760.9534,0.20984124,1427.8898,0.13138323,-38.554844,-1.9031583,1656.0452,0.07611838,1067.0621,0.17624944,-46.001175,-1.4723957,2906.0154,0.06111309,760.7445,0.6264754,-53.58308,-1.2001859,-10.655732,-0.243603,21.868664,0.14014548,0.07015988,0.17704487,-0.016637534,-0.5967161,0.41509664,0.31674552,29.319403,0.10441085,-1.8782852,-1.9895797,-7.4554057,-0.9036982,-10.49742,-0.83982766,-9.5053425,18.21656,0.06846291,-0.013870391,0.38606212,1.3732834,1.1306533,0.7244444,1.4234159,0.125,0.11011357,-21.275448
33.285625,0.037776772,33.08416,33.376446,33.633102,0.54894257,119.53418,0.0,1.9372786,0.8597248,0.7594321,0.47801578,0.29135,0.8690996,1.0038564,0.7125064,1.9648913,2.3630736,1.5402299,1.6086816,0.14515716,0.63537014,31.737423,0.2944477,-17.473948,-0.37210342,-2.9056888,-3.861933,5.656339,0.8161425,0.010020635,2.6932282,0.59051716,0.39532664,9.26465,0.20301694,1.7504734,1.5941098,12.74919,0.32990894,634.1951,0.14162222,1342.8918,0.08161307,-49.938107,-1.6314762,1571.1135,0.044712286,1120.6375,0.15053564,-50.633408,-1.6003702,2593.572,0.04230681,834.0393,0.3395595,-60.49448,-1.2521291,-5.2961373,-0.49025106,19.3317,0.1495913,0.033009745,0.28068757,-0.0029268628,-1.8551217,0.17881586,0.4406383,36.462368,0.05842752,-19.383995,-0.21804123,-8.199208,-0.4514384,5.832698,0.73787427,-0.60306555,9.724455,0.020704074,0.016674759,0.03663552,1.4675052,0.21186441,3.6399999,0.0,0.525,0.155,-25.951344
23.795929,0.029836703,23.351768,23.561922,24.08751,0.73574066,1.2435825,0.117874116,2.2435098,0.03941977,0.40734932,0.34940445,0.3215988,0.3995888,0.48240137,0.16080257,1.7769314,1.2724595,0.5568252,0.520755,0.18210894,0.40930092,25.03683,0.21919216,20.744608,0.25198781,-5.406843,-1.1997272,6.5808177,0.8442861,0.015692921,0.86815214,1.0243807,0.550581,2.7870069,0.569761,10.003937,0.487883,30.585411,0.17015405,560.69745,0.29736727,1464.6617,0.0933693,-108.51419,-0.8618445,1517.5009,0.16505736,1287.4451,0.18977731,-112.941154,-0.78470176,2600.241,0.12490257,1084.3468,0.23607711,-118.68598,-0.69810325,-15.913218,-0.11470082,25.540752,0.13836454,-0.017430134,-0.675119,-0.0153813055,-0.67307377,0.19169791,0.41455024,27.708338,0.08631279,20.792105,0.18320487,-7.5452075,-0.7306291,6.771883,0.814581,-18.042475,27.575201,-0.016828228,-0.01039362,0.18183173,1.4416777,1.4511874,0.32363635,0.4012769,0.31583333,0.57223916,-30.008001
39.979126,0.0040772934,39.863377,39.91842,40.08557,0.22219467,1.7993461,1.227626,1.4964929,0.90719056,1.0109975,0.28234154,0.98849654,1.0850053,1.142526,0.15402949,6.66987,7.929817,0.930495,0.7210407,0.16994815,0.41995874,30.512161,0.19581239,-15.185656,-0.5435386,-7.3436418,-0.9882186,0.10660544,40.791008,0.004577287,0.6849721,0.6370676,0.5769127,11.118189,0.11901219,14.177712,0.0629459,20.652866,0.29299194,793.53345,0.3022372,1490.335,0.12529661,-38.10905,-1.9428198,1647.3774,0.123254575,1195.8647,0.15164521,-27.594742,-2.2963226,2752.72,0.13157281,955.2051,0.15586136,-38.1291,-1.567517,-5.031503,-0.35355094,20.775803,0.16335769,0.01720696,0.58781636,-0.013090223,-0.44240123,0.1783941,0.3790724,32.239532,0.06776382,-17.98016,-0.17279394,-9.5373745,-0.41763824,-0.7905563,-4.6706986,-8.981931,16.356548,0.018840982,0.007506035,0.11422199,0.29895365,0.15060242,5.8399997,0.0,0.77,0.0,-23.133728
27.029205,0.085672826,27.161201,27.412773,27.646385,0.48518372,143.05403,0.0,0.062888846,0.0,1.3585864,0.43676525,1.0105124,1.4496136,1.9699606,0.9594482,4.273064,1.1334574,3.241555,1.8877736,0.435006,0.447145,26.09427,0.19753696,-24.238653,-0.6514373,1.2345093,8.386971,-9.063127,-1.0126956,0.009019534,0.82873523,0.87274635,0.5983129,4.8653526,0.46058476,2.635874,3.7376547,5.04966,1.2570906,535.09064,0.33151215,1325.9142,0.15903871,-40.304337,-1.949712,1479.0732,0.12816022,1075.429,0.2037693,-31.740726,-2.5823398,2617.062,0.06800946,946.08875,0.33129323,-44.413635,-1.7051733,1.9075584,2.1593945,16.607533,0.2515544,0.032744482,0.44394886,0.0032863875,1.5616615,0.4813981,0.30888826,27.170767,0.12199569,-28.628471,-0.33541954,-0.7204667,-11.119343,-11.703244,-0.5234713,-7.6050987,21.463041,0.004374234,0.010000906,0.24822618,2.5917926,0.43668124,1.8399999,1.75,0.28333333,0.17782637,-20.17607
29.870129,0.14552735,28.748549,29.464798,30.05611,1.3075619,12.016957,0.0,73.07766,51.33196,0.8395425,0.45689735,0.3144257,0.97058386,1.1467037,0.832278,3.0920663,1.3102888,1.6987225,0.39167282,0.27209482,0.59439075,23.850357,0.24496064,0.94525075,7.416618,-10.018305,-0.57980174,-16.359335,-0.7927015,0.014175735,0.8205374,0.976087,0.44567573,5.16535,0.35378703,-5.623027,-0.83855796,12.447552,0.43220595,467.73285,0.1903833,1262.8065,0.07446418,-61.204735,-1.4257336,1341.5819,0.09099016,1095.9136,0.1011681,-62.560005,-1.3678406,2479.2737,0.048493322,843.30707,0.3660373,-73.57995,-1.0685499,-8.717552,-0.26581106,19.423004,0.13662295,0.038893502,0.3594435,-0.019318657,-0.33498248,0.3514215,0.33441824,26.26554,0.105009094,4.015093,1.2561384,-11.9562,-0.3020563,-22.026838,-0.3247104,-2.871944,10.074983,0.045656804,0.0054442654,0.084599584,2.2801304,0.66225165,1.0749999,1.005,0.27333334,0.15151091,-23.982878
32.353634,0.0067201047,32.218796,32.370464,32.50467,0.2858734,5.0467663,2.371921,4.7627754,2.2765653,1.7181367,0.26827773,1.6201409,1.8165699,1.9987327,0.37859178,5.427702,3.6471238,3.5792859,2.7045846,0.56642383,0.29985088,21.818708,0.14057986,-9.595525,-0.44173038,-3.495836,-1.4671079,-2.9002063,-1.8666301,0.0075824824,0.689424,1.3657794,0.5474611,5.287927,0.4015426,12.222988,0.26728266,14.866382,0.21077485,626.52313,0.21328141,1414.2589,0.121559255,-31.115793,-2.0798223,1498.2618,0.078428484,1173.6565,0.17110589,-25.7092,-2.5742717,2735.0261,0.05527678,1070.1187,0.45178646,-37.757195,-1.6324471,-1.4000859,-1.0049778,13.971285,0.1826537,0.021777047,0.5425775,0.007979096,0.73990107,0.6088044,0.22204423,21.273458,0.115355976,-10.470692,-0.33181652,-4.7289796,-0.87525445,-2.3067136,-2.3109224,-9.390669,19.732227,0.026623737,-0.007011111,0.29557452,2.233903,0.13227513,6.6,0.0,0.465,0.105,-18.423132
34.58612,0.16432159,33.853565,34.161022,34.44994,0.5963745,170.99208,59.32555,45.223118,43.800358,1.3305832,0.56401336,0.30874762,1.5758318,1.8415184,1.5327708,2.7225525,1.4584504,1.4455671,0.6654325,0.26143873,0.94425994,18.940886,0.2248155,1.765185,5.55291,-4.3851595,-1.7557398,-4.8827295,-1.5055679,0.01833049,2.4428484,0.46497756,0.78376,9.594184,0.30646086,14.599881,0.49620503,21.649916,0.22071694,857.54395,0.13179755,1262.6235,0.098781735,-57.026073,-1.564328,1775.4657,0.05814384,926.97675,0.22376426,-59.52603,-1.4327165,2980.6409,0.068878725,792.9585,0.59991974,-67.84444,-1.1793575,-7.747254,-0.51539505,19.613285,0.13519803,0.065521136,0.22601923,-0.010113811,-1.4502486,0.30034557,0.6370919,19.92732,0.14459273,-1.3414525,-6.524975,-8.100402,-0.5044943,-4.2853117,-1.4442883,-10.793711,18.468327,0.041118667,-0.010081735,0.16756064,0.72859746,1.1029412,0.6483334,1.2506454,0.28,0.33328667,-18.57079
34.809494,0.017661074,34.419346,34.834732,35.331757,0.91241074,5.7603607,1.058955,0.69091815,0.6051525,1.2309806,0.38783586,0.8822672,1.1378545,1.6916533,0.8093861,2.987993,1.323519,1.5601662,1.1000997,0.30687264,0.38011146,31.185621,0.11031111,-24.17081,-0.44653508,-4.1746287,-1.6652229,-2.1032832,-2.6688888,0.005967913,1.1541692,0.81821233,0.39073765,7.157094,0.34521776,-0.56961477,-4.242092,8.841292,0.418893,581.66364,0.31149387,1617.7849,0.20790115,-34.08692,-2.3081357,1486.5831,0.08174382,1217.0664,0.13556358,-29.27303,-2.6297622,2554.6863,0.04294832,1004.6516,0.43048894,-38.64401,-1.8840824,0.36539087,8.6936655,12.483169,0.16002004,0.042971026,0.2945579,-0.0025612547,-2.6148877,0.329083,0.34323964,32.11458,0.08049325,-28.606014,-0.18717748,-6.5414457,-0.7792717,-0.5554534,-8.576881,-9.043976,19.704649,0.019802213,-0.006354795,0.20684129,0.47058824,0.23809525,3.48,0.0,0.345,0.005,-21.492367
29.883371,0.15002748,30.959045,31.742579,32.16328,1.2042351,89.01046,37.245014,77.92759,219.00221,0.80154204,0.39647594,0.53753257,0.7836283,1.0960448,0.5585122,2.3732626,2.0436547,1.7097362,0.973887,0.20721954,0.46186203,34.010475,0.20118247,1.197,5.6922846,4.3656936,1.6292369,-5.5237494,-1.1817151,0.017232219,2.3625183,0.92795146,0.6130919,6.8831525,0.41791746,4.275122,1.0148579,25.13958,0.17849948,645.9111,0.27169207,1495.369,0.118328616,-37.104965,-1.870949,1541.4082,0.08566033,1084.0719,0.19228674,-43.641777,-1.516825,2796.4292,0.05515015,728.89,0.43503156,-54.187855,-1.1386334,-11.288597,-0.27998853,25.447966,0.14607635,0.018612565,0.8083659,-0.012987871,-0.65691537,0.21835634,0.43343282,35.434322,0.14719085,-0.12107964,-49.114735,3.0539596,2.08377,-6.306951,-0.9441053,-14.710999,25.656818,0.010064632,-0.0014477418,0.15275,1.2578616,1.0126582,0.8225,1.492102,0.12777777,0.13264638,-23.592033
23.536448,0.011722151,23.384392,23.539305,23.712065,0.32767296,11.187658,19.95175,4.772022,3.0940711,0.9100497,0.28880492,0.831035,0.96193725,1.0895,0.25846493,2.0776365,1.0140214,1.5569468,0.89437234,0.18425259,0.41820887,44.45532,0.15286954,-21.605383,-0.33761403,-13.612586,-0.58466357,9.248492,0.5911635,0.0064963074,1.1808833,0.6023032,0.6070602,6.1902175,0.21841006,1.2754724,2.3070629,6.2726183,0.83759874,443.12305,0.047728397,1144.7385,0.06763872,-22.591248,-2.0368388,1326.7922,0.02807477,1054.9464,0.07677003,-15.339654,-3.128037,2292.349,0.030880185,833.3309,0.11831651,-28.65497,-1.5591968,-6.485826,-0.31736106,20.219398,0.19708388,0.010671767,0.60640925,-0.012179044,-0.412587,0.1959392,0.3363885,46.154495,0.045167804,-22.871641,-0.24585599,-15.412139,-0.24773642,10.036165,0.4627356,-7.594811,17.859686,0.014371611,0.016038965,0.025955295,2.2792022,0.19083971,4.895,4.795,0.21333334,0.15520595,-22.733444
23.226376,0.06580563,22.82854,23.095985,23.30249,0.47394943,0.019756684,0.0,7.8020763,0.0,1.7246454,0.25364748,1.6235173,1.820939,1.9984936,0.37497628,2.8434086,1.3673006,3.2541163,2.7145302,0.3801636,0.51061547,36.61637,0.1079308,-18.162346,-0.2520941,1.0972413,3.637542,-21.268696,-0.26062652,0.005073427,2.28576,0.46655104,0.8015792,5.7164607,0.25118315,-2.7077413,-0.8484613,12.998247,0.22499292,444.94135,0.14016205,1285.2449,0.096444696,-19.105467,-2.6570423,1343.549,0.062275715,1071.6523,0.08355814,-14.173181,-3.668637,2385.977,0.0511267,880.3987,0.18256699,-27.753897,-1.7372727,-5.124045,-0.3198757,18.886055,0.100391865,0.023195142,0.31192628,-0.0131259905,-0.21665163,0.39770433,0.47095844,37.399063,0.06000754,-18.940416,-0.19826774,0.6504711,5.0317926,-22.22142,-0.18543221,-8.397927,19.260054,0.05150209,-0.0036408736,0.18411647,2.1556888,0.36144578,2.55,3.563818,0.19,0.12027746,-16.740479
27.5563,0.04625447,27.166393,27.621786,28.212826,1.0464325,2.829745,5.229698,2.6964717,1.6967589,0.51124775,0.30185756,0.39371526,0.4790322,0.6230552,0.22933996,5.059277,5.1070137,5.3928194,5.6159267,0.12378596,0.5227321,37.694458,0.14325999,0.39600617,14.895108,11.0408,0.73051023,4.8062057,1.8366069,0.0067497916,1.1136883,0.49809313,0.7338348,8.819718,0.13978873,23.491985,0.18740512,33.2398,0.226859,893.7023,0.19440636,1429.7078,0.22592326,-35.035694,-1.704976,1720.7427,0.1216593,1236.6644,0.27186307,-38.8105,-1.4874318,2995.9968,0.072463065,726.68713,0.52430725,-50.271564,-1.0631852,-14.768211,-0.2773418,31.158007,0.123672575,-0.000639143,-17.499392,0.0045941486,2.0926347,0.111710675,0.49162102,39.13047,0.07368303,0.7174303,7.6829433,11.029632,0.74312824,4.7866564,1.8931811,-10.04073,24.092012,-0.0059144357,0.0124250855,0.21589267,1.2633625,0.1953125,4.535,4.485,0.565,0.405,-26.385616
33.173714,0.04561713,33.277763,33.451427,33.55916,0.28139496,471.2186,390.39832,7.629059,5.306682,1.1577191,0.32208368,1.0001471,1.1914024,1.3551471,0.35500002,4.2197804,2.992576,3.7307868,2.376908,0.37728354,0.3760995,32.013138,0.13514058,-15.030886,-0.6427008,4.666918,1.3235917,-4.390498,-0.9253528,0.010809638,1.7812219,0.9874096,0.5414288,4.9223795,0.5090362,-2.1284554,-1.5811998,9.445338,0.4541898,479.53165,0.16268739,1302.195,0.10380952,-52.242577,-1.5513002,1435.2045,0.058130465,1005.9009,0.15749136,-48.293453,-1.6985158,2606.084,0.05567523,1058.7671,0.4159613,-58.85454,-1.2979892,-4.039147,-0.4807958,15.614349,0.17031308,0.016853577,0.7900657,-0.010020603,-0.49365726,0.39184597,0.31731173,32.42958,0.115931705,-18.794207,-0.2585141,3.754718,1.4164996,-4.108891,-0.8968921,-11.126233,21.250763,0.019017452,-0.012350219,0.33163178,2.015504,0.9404389,0.80833334,0.9523377,0.235,0.22141589,-22.136469
32.607822,0.06519524,32.432137,32.85893,33.543537,1.1114006,699.86365,692.27234,12.556773,18.680346,1.2451386,0.32314646,1.1045367,1.3589329,1.5181277,0.41359103,4.1833453,4.820363,1.823856,1.1460239,0.37690884,0.5215718,31.50052,0.23379263,-13.633104,-0.36892465,-11.440753,-1.0339189,-13.7512045,-0.8331079,0.03492892,1.1158601,1.3425999,0.5951611,3.5277615,0.98418605,0.8296563,3.0220466,18.287928,0.17651422,479.04584,0.15966395,1341.62,0.09309735,-29.054884,-2.5399513,1349.5526,0.054434966,1119.0751,0.08424105,-28.252726,-2.6092408,2577.0146,0.030272776,760.1109,0.21662374,-44.542328,-1.4964443,-3.7890673,-0.47273508,21.192333,0.08855735,0.0125765605,0.91506237,-0.010042212,-0.5365709,0.417311,0.42451087,34.34079,0.07132904,-15.368893,-0.19810519,-15.903164,-0.2980079,-18.25249,-0.26925525,-7.02724,15.28839,-0.030151997,0.017314762,0.14114055,1.336303,0.6772009,1.2333333,1.6526812,0.22333333,0.16213848,-19.691317
26.261189,0.02552873,26.032654,26.346767,26.663176,0.6305218,-6.5456963,5.1438537,56.889923,50.899357,1.3320705,0.5401167,0.37017885,1.6306978,1.9557073,1.5855285,7.280655,7.359864,3.0061,5.353805,0.3225425,0.5983304,24.948864,0.29875892,-5.0051203,-1.7636615,-3.9343326,-2.992197,-6.950911,-1.1795133,0.0043251193,1.4401423,0.52128977,0.8905674,7.258793,0.19115767,6.1075435,0.28331357,13.291132,0.22108585,425.83478,0.16928947,1252.7838,0.06464401,-73.0381,-1.2542728,1309.1082,0.06825136,1042.1438,0.05881684,-67.17748,-1.4241003,2337.629,0.053975344,906.11365,0.1705275,-78.61077,-1.1125193,-3.2832706,-0.5357056,18.719536,0.10878904,0.023156459,0.36595756,-0.012711103,-0.26320165,0.42091367,0.38486162,29.210726,0.08537784,-9.699483,-0.36622623,-11.822872,-0.3096994,-11.463558,-0.43722275,-8.596752,17.516497,-0.00406682,0.00055735605,0.13785674,1.1009175,0.37037036,1.77,1.7099999,0.6033333,0.37853518,-18.382088
33.05438,0.057010785,32.855827,33.234623,33.78756,0.9317322,403.56747,508.3168,29.071726,37.70282,0.58843166,0.487644,0.2566203,0.61626714,0.86453617,0.6079159,2.5549755,1.2828311,1.6307807,1.3684381,0.15699492,0.51687384,25.116373,0.24430996,9.124953,0.5597567,-1.7094789,-5.74312,14.475535,0.43201014,0.01912144,1.7675213,0.96280795,0.4493377,7.7676725,0.23511578,6.0577326,0.597897,30.420546,0.17730424,657.5923,0.32050082,1499.3862,0.1615006,-66.01922,-1.3382881,1616.3986,0.08461725,1046.7137,0.23686235,-71.11771,-1.1715348,2734.8875,0.05502255,878.253,0.36719996,-79.25292,-0.98564017,-13.067208,-0.28612208,26.456734,0.21286307,0.04687956,0.21600877,-0.009876481,-0.5998151,0.19160825,0.35549456,27.741764,0.1187457,9.3480625,0.57726014,-6.90984,-0.87496054,16.522257,0.27191034,-11.609008,20.190462,0.022074424,-0.0013412593,0.07870181,0.2971768,0.748503,0.92800003,1.3379896,0.384,0.32897416,-26.734934
35.647575,0.025051134,35.55614,35.671043,35.792206,0.23606491,4.6492357,0.0,-84.12744,59.68625,1.9779944,0.27879027,1.7106309,2.1969013,2.405397,0.69476604,5.977199,4.6499534,4.0474405,2.9072804,0.44028932,0.39975318,14.913531,0.29736942,-23.17458,-0.37920222,-6.48648,-0.77748555,-10.554457,-0.48631635,0.0045006494,0.8965372,0.6101389,0.70758307,8.504384,0.21176131,-2.792387,-0.70780706,3.2525022,1.2149044,690.4992,0.4047297,1530.9291,0.19079009,-43.893055,-1.950965,1646.711,0.15330015,1277.3865,0.22682434,-34.34723,-2.322523,2643.2769,0.06203348,1143.8972,0.2487054,-38.74553,-2.0060744,1.5798573,1.5314956,8.204066,0.363642,0.084689245,0.13090293,-0.0102141,-0.5006627,0.42980957,0.2751624,14.316484,0.2977803,-26.673965,-0.1612908,-6.9673986,-0.5553192,-10.643717,-0.4088061,-6.1304274,15.012339,0.072220996,-0.015839778,0.47360256,2.4665983,0.6204757,1.2933333,2.8427901,0.25428572,0.14974809,-18.477428
36.667118,0.01827631,36.598957,36.732838,36.99274,0.39378357,2.4525957,1.4013768,2.8551583,2.1016588,0.60118836,0.37151456,0.522045,0.663692,0.76996064,0.24791563,1.2617722,0.94853634,0.8623919,0.476855,0.07480398,0.5580772,32.52781,0.29194483,-20.027546,-0.4145848,3.2238576,1.6358072,-5.200592,-1.2714614,0.0029229058,1.7330112,0.38300428,0.80647767,12.766919,0.07592581,2.8758957,1.6240449,11.587112,0.32670936,869.76935,0.1912324,1269.0487,0.2180043,-35.320793,-1.9608306,1882.5764,0.14107338,1292.9591,0.22145778,-40.804966,-1.5519385,2801.2834,0.07105934,1035.4056,0.28828844,-45.82288,-1.3361568,-4.1785254,-0.67773473,20.412668,0.16111091,0.042759225,0.22863035,0.007657994,0.659734,0.084272005,0.43778217,36.030445,0.07656315,-22.691347,-0.21382535,2.6114433,1.5708629,-6.700317,-0.8091172,-3.4147494,12.6668625,0.016069455,0.021177838,0.016476149,1.768173,0.19880717,4.3399997,0.0,0.66999996,0.0,-28.187262
32.849743,0.013953044,32.66608,32.80156,33.06537,0.39928818,24.343937,0.0,1.1650172,0.303395,1.0501813,0.48499486,0.24865109,1.2361475,1.3901879,1.1415367,2.0155473,1.0342703,0.9275198,0.64636153,0.11383461,0.75304294,37.28003,0.27205208,-7.2087474,-0.6717335,-6.9589496,-1.621707,-9.382411,-0.68302566,0.004071235,1.2047994,0.2970022,0.8319478,11.611207,0.10723629,-0.24797714,-10.972371,19.47865,0.2498395,656.04224,0.15573701,1512.3792,0.09464416,-40.93903,-1.8454584,1505.3102,0.07256051,1159.3408,0.24161461,-42.307156,-1.759403,2820.4197,0.0853201,761.3436,0.40271497,-58.4497,-1.1441752,-6.8990507,-0.360017,27.074615,0.11425849,0.04351187,0.16186404,-0.009526072,-0.4694315,0.13735001,0.5653649,41.794025,0.08170816,-8.698485,-0.43732846,-11.953046,-0.32790768,-11.151803,-0.44461998,-7.4735236,16.658062,0.022623502,0.019808013,0.010467387,0.84190834,0.18796994,4.345,4.305,0.6333333,0.5235987,-20.084627
23.706451,0.008679494,23.567299,23.700827,23.836807,0.26950836,2.9037106,1.7920355,2.6453657,1.6879588,1.4587134,0.2077555,1.3020003,1.4360056,1.7062804,0.40428007,3.0106184,2.7779357,1.2802572,0.977105,0.4600774,0.4804973,36.812187,0.092946835,-4.822478,-1.1754295,-1.224536,-4.1169963,-35.996475,-0.18803455,0.0043695294,0.8591406,0.48398826,0.6446172,5.4884257,0.29886657,6.349852,0.2975048,20.945856,0.20162617,454.2394,0.12413666,1335.6427,0.09384909,-9.478246,-2.1726532,1295.9474,0.07791255,1143.5397,0.18028279,-7.7428513,-2.7271252,2604.9314,0.04957943,833.9592,0.3214746,-26.958113,-0.70682955,-7.587356,-0.28756484,23.953926,0.17873147,0.01224484,0.52817404,-0.03798824,-0.19042537,0.46536678,0.4696631,36.918007,0.08629185,-4.7645984,-1.1718044,-1.3190825,-3.7794056,-36.417828,-0.16044253,-4.5667176,17.305445,0.058094,0.011652621,0.104908936,0.57636887,0.057836905,17.08,0.0,0.19,0.0,-17.58728
33.763428,0.0042004474,33.641197,33.804214,33.86118,0.21998215,2.9904063,1.8581479,2.728474,2.5793495,0.73613477,0.19807222,0.6577859,0.7059528,0.75564003,0.09785414,1.9444518,1.996774,0.29590616,0.025864333,0.13586555,0.19067247,28.25239,0.107683174,-14.812073,-0.2652576,2.714401,1.7985184,-15.280439,-0.3207309,0.018592415,1.2035742,0.9215723,0.48958695,6.3304033,0.48731348,-7.5731163,-0.20881113,10.3475,0.80428934,579.702,0.23083855,1522.5587,0.11454058,-6.001739,-0.6660572,1497.2268,0.08371976,1180.4333,0.23301385,-5.92071,-0.60011923,2666.9211,0.07597309,1161.3905,0.4651477,-19.244028,-0.25361532,-4.5696425,-0.5190523,18.327137,0.19273086,0.02867499,0.41651568,-0.00014614416,-62.349457,0.13655038,0.18293694,28.37106,0.09434511,-14.849284,-0.2629055,2.742148,1.7882186,-15.348719,-0.31580344,0.0,0.0,0.0,0.0,0.0,0.39761433,0.2008032,4.97,0.0,0.0,0.0,-28.611113
37.800983,0.004499124,37.725246,37.829044,37.91093,0.1856842,2.0764241,0.98308605,2.7692745,2.091532,0.7888174,0.34593672,0.72461367,0.8152773,0.96441054,0.23979688,2.9402163,3.3035626,0.6006167,0.3069987,0.14032127,0.40689987,33.69418,0.206594,-2.196476,-2.1532867,-19.331606,-0.53671545,-1.2074778,-3.8212028,0.0048538214,1.1082821,0.43923742,0.39969736,12.496797,0.08490817,1.7153295,0.8814278,27.065628,0.1645495,859.65356,0.03708187,1193.4237,0.08658626,-37.84501,-1.8339374,1717.934,0.021158766,899.4304,0.14302939,-44.412823,-1.4982632,3024.2163,0.0183785,557.5826,0.2973976,-59.685883,-1.0069842,-11.666719,-0.20602748,31.817623,0.092540234,0.07876005,0.10104681,-0.010269687,-0.3636599,0.15424573,0.3260802,36.319424,0.06822625,-3.0356617,-1.2336372,-23.263266,-0.2123385,-1.3586864,-2.9579697,-9.633562,17.85638,0.06493512,-0.0077735186,0.068696454,0.541272,0.13623978,6.2,0.0,0.555,0.105,-22.948196
32.71507,0.0113378,32.355667,32.69799,33.101753,0.7460861,3.347601,1.525468,2.134134,1.4415427,0.8073458,0.3085305,0.6985459,0.8542175,0.9961578,0.29761195,1.6109658,1.3689132,1.05427,0.85107774,0.20052615,0.29543355,36.544884,0.18269244,2.301158,1.8035777,-4.831447,-1.7894152,-1.8812759,-3.1102886,0.0063416744,0.7278545,0.9632161,0.56801116,7.89959,0.24064235,5.713984,0.27635518,29.610163,0.12814048,574.6782,0.21183655,1544.2887,0.13240401,-39.253384,-1.9114786,1467.9116,0.07200896,1082.8053,0.20426317,-43.217045,-1.6793485,2749.7253,0.049378738,838.6455,0.32481295,-60.937206,-1.0568581,-10.768242,-0.30489236,29.594702,0.10614161,0.0076430803,1.3825252,-0.009173845,-0.8119899,0.21471128,0.24345787,39.13564,0.08208917,1.9790936,1.9073232,-8.44275,-0.41399065,-2.547291,-2.189925,-11.982481,22.655313,-0.0019792472,0.0032237242,0.13580287,0.84530854,0.08488964,9.71,0.0,1.02,0.26999998,-23.22731
27.61874,0.033166397,27.003977,27.238388,28.12397,1.1199932,3.8924115,3.2074568,3.6808352,2.5892901,1.5117693,0.40347585,1.1930189,1.3886663,2.068503,0.875484,2.7301025,2.2756758,2.0733619,1.1649244,0.35019338,0.54505783,31.866804,0.15617973,-19.785055,-0.42742795,6.237158,0.7200034,-1.9239151,-2.8290606,0.0047762347,0.61790603,0.54288554,0.48798501,7.336259,0.14487562,2.4689867,1.3659263,9.80729,0.67202085,643.438,0.17059587,1391.2379,0.16029364,-24.010057,-2.2697127,1559.1382,0.086522356,1297.1714,0.27759543,-21.262573,-2.6064436,2518.3755,0.13017243,1134.2389,0.41555795,-31.109795,-1.6895864,-2.0640273,-1.5235085,18.189983,0.15450712,0.011180856,0.9731346,-0.0020134281,-2.772331,0.3721133,0.4981845,32.62543,0.13137573,-21.852875,-0.23922099,5.683339,0.72186655,-2.3339565,-2.3394916,-11.748326,22.01125,0.011461992,0.0020672167,0.12577732,0.93240094,0.23640662,3.85,0.0,0.35999998,0.0,-18.780903
30.446274,0.11998373,30.786491,31.156485,31.485855,0.6993637,223.70905,153.78897,17.110712,6.6657853,0.47902638,0.34614357,0.3028362,0.52009726,0.61458516,0.31174895,1.1724226,1.1405189,1.1421025,1.2314665,0.18444693,0.3514617,19.017097,0.28055438,13.131081,0.48013693,0.38488168,23.714348,0.84976566,10.770069,0.011791488,0.9510113,1.1911812,0.4652711,1.5678835,1.6273701,8.8913145,1.5342897,24.737051,0.17726634,822.6309,0.16557732,1503.5969,0.11840252,-131.52332,-0.6637533,1684.2996,0.08228886,1250.1876,0.18923049,-132.96707,-0.6400412,2898.1665,0.081624225,900.5196,0.40157658,-137.70755,-0.5744956,-10.341101,-0.27917093,20.15913,0.18133731,-0.020746727,-0.5628258,-0.00095057103,-6.069694,0.16987136,0.2628254,20.9112,0.08037713,10.891404,0.32663265,-4.46197,-1.2528877,-2.0722084,-2.376746,-14.658577,23.860722,-0.022068385,-0.0013106714,0.20005263,1.7038009,2.9023747,0.114999995,0.12246521,0.21809524,0.2689241,-30.949606
35.546516,0.013029828,35.10002,35.57402,35.96516,0.865139,-0.08140198,1.4285645,1.140514,0.19057944,1.1396224,0.5004523,0.77170646,1.0399384,1.8025666,1.0308602,3.219429,4.7066045,1.5641677,1.0734531,0.16211982,0.87789935,25.603735,0.21497065,-14.66524,-0.92246646,-5.5475554,-1.0058699,-22.401476,-0.6191187,0.003892415,2.0221553,0.53817123,1.1087903,10.952744,0.19813246,2.2803428,1.0712445,9.717908,0.65283334,496.76663,0.16408911,1235.9889,0.13599214,-27.595196,-2.5106626,1415.0674,0.046625838,968.1471,0.10694603,-26.80972,-2.5757174,2643.0073,0.03274383,628.9172,0.14827862,-35.793648,-1.8352433,-3.1859078,-0.9909352,12.775244,0.37575573,0.08613691,0.1246491,0.0013312063,4.4945526,0.17725666,0.83868563,26.65677,0.17945312,-18.811516,-0.51581126,-4.621519,-0.9902892,-26.622276,-0.37280786,-8.109051,23.832573,0.07465938,0.0030753037,0.070525765,1.0335917,0.2624672,3.28,0.0,0.51,0.0,-22.366465
37.90445,0.012458137,37.619987,37.826977,38.047356,0.42736816,4.820933,2.3829193,2.8319936,4.2709336,0.7509861,0.38630015,0.6243883,0.7576406,0.8863123,0.26192403,2.022933,1.0963433,2.0934193,2.4784188,0.1276957,0.59720206,22.471666,0.36923724,3.00538,2.797516,-8.250282,-1.0644802,-20.42984,-0.3984638,0.006581031,0.48878783,0.7113222,0.4066912,9.8443,0.16558577,3.0907998,0.78399414,25.72292,0.14432806,846.93634,0.10201707,1349.2795,0.14695281,-37.49186,-1.944096,1692.2401,0.057919364,1139.5529,0.19206391,-44.8463,-1.525314,2855.175,0.035861168,616.4502,0.44165877,-55.457806,-1.1469631,-8.210049,-0.27622157,19.76967,0.14255057,0.046407808,0.2653173,-0.008295855,-0.78140956,0.14320129,0.5173298,25.989628,0.10510528,1.0082631,7.6234336,-11.754482,-0.34378114,-23.370422,-0.20940003,-1.0259352,3.718834,0.005143674,0.010473246,0.05197187,1.3769363,0.17361112,4.8199997,0.0,0.45499998,0.024999999,-26.304796
32.65357,0.009906805,32.46295,32.633427,32.868286,0.40533447,4.7301497,2.5305314,5.654377,3.9347885,0.800438,0.49752286,0.1146597,0.9607973,1.0491389,0.93447924,1.317883,0.74397475,0.9880424,0.49916968,0.11251427,0.7570736,25.275755,0.17221607,0.80483496,5.029272,-8.494124,-1.6485995,3.8370614,1.4122413,0.0028960991,0.84078497,0.44616544,0.5589777,10.851095,0.13082808,6.096005,0.7508199,20.408728,0.18335193,594.52155,0.34155923,1553.3485,0.13321374,-51.344387,-1.6041563,1472.4552,0.100871526,1261.27,0.19044085,-48.40091,-1.6999333,2581.1797,0.098416224,1287.2903,0.42714137,-63.54919,-1.1661546,-4.040161,-0.41610867,20.865828,0.10336459,0.040626436,0.24738693,0.0069961883,0.7962297,0.13936153,0.55902034,27.167816,0.06883755,1.0101722,4.227867,-15.651112,-0.2517719,3.4927723,1.5002141,-8.614773,19.404087,0.0035743373,0.02030779,0.022902403,1.1292347,0.12626263,6.12,0.0,0.885,0.035,-24.827803
29.09768,0.08669621,29.014046,29.44179,30.209377,1.1953316,71.04542,47.24196,101.98541,97.126144,1.2733499,0.24595752,1.2120394,1.354753,1.4526087,0.24056935,5.6887875,4.891218,1.4731767,0.98610955,0.24654807,0.38413247,32.615784,0.086224414,-2.8197482,-0.98744065,-0.5489484,-11.318737,-23.569752,-0.30080307,0.012966645,5.935216,0.43600988,1.3325857,9.141702,0.3244047,-1.141287,-3.6340137,8.382356,1.1837817,433.98706,0.092140235,1120.6802,0.092593014,-19.140398,-2.43574,1328.0597,0.038620133,1010.33875,0.19234061,-22.450583,-2.0401235,2573.4648,0.02597435,537.2065,0.41739804,-29.199486,-1.5090712,-13.617403,-0.17378029,20.741585,0.21988517,0.038833905,0.2747658,-0.032932393,-0.26457947,0.24993059,0.35968345,32.72724,0.06906527,-2.790707,-1.0319148,-1.4681869,-3.7161233,-24.008709,-0.26831347,-11.135208,22.243769,-0.0030042105,-0.004099224,0.15727426,1.2461059,0.6369427,1.4649999,1.435,0.17999999,0.0,-17.739714
25.830318,0.06911057,25.692562,26.310484,26.604576,0.912014,135.62346,170.60023,20.047354,26.834364,0.35453972,0.34491637,0.23832756,0.3442656,0.46377516,0.2254476,1.1125201,0.8502257,0.8656798,0.61296195,0.09600491,0.48993957,15.786476,0.5169804,16.432442,0.2131056,13.528976,0.32795054,1.5275302,4.094765,0.027790843,1.8662567,0.88761795,0.4844944,5.767786,0.27237833,4.077354,1.2621886,13.917027,0.39242983,578.4566,0.35056868,1488.8774,0.13340685,-116.172775,-0.77189785,1530.5144,0.14902814,1265.5256,0.27529407,-120.01285,-0.70750046,2636.215,0.054288715,767.0441,0.5098849,-119.99942,-0.7072915,-15.737526,-0.10545947,22.73996,0.12979539,-0.0076351236,-1.7529285,-0.014377431,-0.6146027,0.11451247,0.29677996,21.859203,0.20490865,16.1168,0.19928202,11.464934,0.33326694,-0.12964681,-42.7296,-9.565783,12.855822,-0.014269006,0.0023408467,0.08098531,1.6806723,1.4204545,0.31599998,0.5028161,0.305,0.18562956,-32.097008
30.169651,0.0089229215,29.981478,30.143904,30.331163,0.34968567,3.0023587,1.7460302,1.6988536,1.5445933,0.9819549,0.4079747,0.7427715,1.0281613,1.2738048,0.5310333,1.3073924,0.7249784,1.0193645,0.78347754,0.17132959,0.6084822,27.99266,0.33538744,-6.339231,-0.77149236,-10.928342,-1.1179649,-5.043578,-1.2909634,0.0033811044,1.786976,0.56043535,0.49638304,8.91205,0.18444575,1.860522,1.9746466,17.23628,0.40878257,629.1404,0.14174831,1476.6211,0.14562246,-28.801508,-2.1536658,1516.0784,0.07958148,1267.2544,0.23813292,-25.193844,-2.5130227,2685.6604,0.1140128,1139.6422,0.36710384,-44.141605,-1.2857698,-2.2319193,-1.0140384,22.389141,0.13796903,0.051024903,0.18706192,0.0048548533,1.1501476,0.19169025,0.48915753,31.164871,0.08773746,-7.448469,-0.54041296,-15.037733,-0.28316358,-5.1064014,-1.2204086,-0.16981281,6.4233503,0.023804924,0.022963656,0.016504504,0.56657225,0.09496676,9.309999,0.0,1.1999999,0.0,-22.765692
33.103745,0.021953905,32.534103,32.93705,33.78568,1.2515755,4.889025,0.14549837,-3.0269039,5.025832,0.88390595,0.60096073,0.23743609,1.1939415,1.3298335,1.0923975,4.7366,2.0943458,2.1113276,1.2121096,0.28337705,0.62467945,25.752045,0.23479946,-5.5220184,-1.4619169,-0.30643827,-31.662241,16.09291,0.8394833,0.031799443,0.8653719,1.4798568,0.45726252,4.0991874,0.73641634,7.929078,0.6336392,14.71124,0.2616655,640.9146,0.23053807,1507.4912,0.112839215,-95.79754,-0.98241067,1520.8683,0.07292841,1200.5863,0.12688267,-95.22748,-0.9865818,2570.6836,0.05393633,969.4717,0.22847071,-101.7742,-0.8659858,-5.413036,-0.26642537,19.463491,0.13516967,0.015494324,0.7059375,-0.0054404857,-1.0809488,0.42561573,0.1762818,30.219233,0.08158739,-9.435436,-0.27073187,-7.030176,-0.62628365,23.08654,0.2131217,-7.465962,18.682442,0.005636291,0.006204257,0.11075929,1.5564203,0.3968254,1.39,0.0,0.55,0.32,-22.598774
20.656246,0.015197842,20.505415,20.618374,20.735304,0.22988892,8.339948,10.643529,19.993853,33.605484,0.6557403,0.48297685,0.31944424,0.6798256,0.87196076,0.5525165,3.9017394,3.217753,2.8882463,1.5749948,0.18417235,0.54405,39.188717,0.23706904,-1.1630933,-4.914435,1.3029045,8.234347,1.2304444,5.3913174,0.004822999,0.62815934,0.60424507,1.0233661,5.3325987,0.13554652,8.132856,0.33123,30.041609,0.13486694,494.54526,0.23001802,1416.6085,0.09177124,-70.21278,-1.2255222,1403.7703,0.121686704,1151.5596,0.15752926,-71.74415,-1.1885376,2605.1553,0.08914306,1172.3547,0.1887562,-86.948265,-0.863155,-10.837002,-0.29017308,33.97783,0.09981085,-0.019185971,-0.49216348,-0.013261539,-0.42468473,0.21067688,0.48771188,44.8165,0.063021235,-2.35972,-2.1442475,-5.069818,-0.90987766,0.3348701,15.829414,-11.808782,21.931145,-0.0012766713,0.0061007515,0.12789948,2.1194606,0.5836576,1.1766666,1.579395,0.51,0.45745674,-23.077076
21.347435,0.013733138,21.096182,21.347067,21.590132,0.4939499,13.586149,18.318686,7.0108953,8.344954,0.75850505,0.4416263,0.5974982,0.84164387,0.9535351,0.3560369,1.538487,1.0126107,0.8743592,0.46208972,0.29096657,0.5020662,35.327568,0.20915687,-7.5205,-1.0575527,-9.216395,-1.5549883,-9.946238,-0.7980295,0.022799082,0.65390295,0.83552414,0.59274507,1.4185544,1.5470576,9.45679,0.40956503,21.615454,0.2526721,497.85388,0.17020467,1441.3995,0.10892865,-99.81983,-0.925204,1374.8103,0.067631,1295.4718,0.1388106,-97.801125,-0.96233666,2416.8584,0.08939936,1315.0802,0.31151,-108.876724,-0.7725754,-4.6701283,-0.32191157,27.167807,0.10171918,-0.0063031656,-1.4811771,-0.016261619,-0.27083293,0.34075296,0.27448356,39.07346,0.054323155,-10.897012,-0.6258764,-14.43905,-0.31927422,-13.121577,-0.2959795,-7.141477,26.33896,-0.0015790199,-0.004559002,0.2388825,1.1305242,1.96281,0.25894737,0.4557919,0.2185,0.362233,-24.294142
33.126026,0.022254588,32.826084,32.98544,33.175148,0.34906387,12.739881,8.38245,3.096182,5.461222,1.763292,0.2800815,1.5429478,1.8363637,2.1227343,0.57978654,3.7944307,1.886387,3.057206,1.9275838,0.49551427,0.46492136,32.78373,0.09994587,-8.852782,-0.6644934,-14.058638,-0.45167425,-14.993276,-0.3603044,0.004526764,1.2461874,0.6462265,0.6589181,8.968623,0.236641,0.28993213,16.687426,16.033697,0.577084,635.60675,0.15940051,1429.363,0.11212283,-10.623318,-3.8895142,1559.1603,0.06326075,1046.7418,0.2681614,-11.52055,-3.5380478,2837.059,0.07636846,753.512,0.6957198,-28.64727,-1.2975851,-6.0240703,-0.50442415,23.182606,0.20135665,0.053130995,0.1908172,-0.009003687,-0.573998,0.50831705,0.44161755,32.83155,0.091033034,-9.415124,-0.58147645,-15.067571,-0.3053667,-15.755777,-0.28022856,-13.387995,25.408281,0.05941915,-0.0069961553,0.3001805,1.9363762,0.55788004,1.6999999,2.736704,0.099999994,0.092736185,-15.978637
24.711931,0.01805224,24.336744,24.614454,25.109243,0.7724991,6.0759773,9.381815,3.1265454,2.303861,0.7537925,0.32060364,0.6665199,0.7644102,0.85706353,0.19054365,1.2584838,1.4431726,0.960932,0.5761329,0.1790782,0.5925666,42.20611,0.15873891,1.466387,4.374824,0.677543,7.862553,-26.657387,-0.322106,0.00710711,1.9517512,0.49068677,0.78541654,7.2401695,0.20270838,4.2799273,0.6141665,18.107145,0.29692498,418.70044,0.24328072,1293.5953,0.09386991,-35.269955,-1.9718896,1252.9077,0.14096583,955.3666,0.1096014,-34.080505,-2.0368073,2474.7754,0.07240436,519.5853,0.23548578,-47.36579,-1.3500142,-9.544205,-0.31038734,23.59623,0.18234532,0.023744844,0.5162906,-0.051065058,-0.17344674,0.17074767,0.492274,43.997395,0.034898862,1.4423242,4.5687723,-0.49293083,-8.225482,-28.704813,-0.13380048,-7.9203205,19.462032,0.021924404,-0.018135205,0.23008126,0.80808085,0.61349696,1.3733332,0.7792874,0.23666665,0.044969123,-23.267666
31.360456,0.05308556,31.377623,31.504343,31.685131,0.30750847,15.946999,10.035834,53.123367,31.753862,0.8488438,0.3597296,0.6384602,0.8749755,1.0599232,0.42146295,5.1439157,3.6338336,2.3887384,3.0077271,0.17712612,0.6602265,35.578835,0.19655186,-8.612993,-0.7949626,1.0519253,6.6641264,-3.660251,-1.7657601,0.007475782,1.4394169,0.7039032,0.56763357,8.351904,0.34551218,9.772531,0.48558402,20.261314,0.30699816,696.4094,0.22832239,1544.7981,0.13668713,-23.497316,-2.2439797,1522.1963,0.09775565,1177.881,0.17608953,-25.657356,-2.010844,2706.0552,0.049410377,740.9001,0.33574897,-38.26883,-1.2512054,-6.709496,-0.58469874,22.29163,0.21330914,0.029624455,0.45220995,-0.00051023846,-18.92152,0.18552905,0.63195336,37.00122,0.13634698,-9.137717,-0.73644805,0.18173459,35.088966,-3.71443,-1.6921263,-7.568786,16.306915,0.024666848,0.0017807963,0.086082704,0.75313807,0.42016807,2.1739998,3.779199,0.15333332,0.16649991,-24.1964
28.120481,0.012988376,27.837433,28.024149,28.453035,0.6156025,3.0476213,1.9911078,2.7555203,2.8665562,1.2971158,0.38355625,1.2764949,1.4366804,1.5376315,0.26113665,1.5919945,1.4798552,0.7325516,0.23204353,0.26948193,0.48622093,39.54577,0.20917915,-6.6142883,-1.0606976,-0.70621246,-11.506618,-12.823753,-0.6297454,0.005340452,1.0640804,0.395219,0.58362967,9.109607,0.08291773,3.3084223,0.9792156,19.65777,0.19811496,419.43527,0.054491606,1206.7539,0.056718715,-35.74626,-1.9251487,1308.0737,0.025696207,978.90155,0.058131248,-34.093678,-2.0402732,2400.11,0.035970643,859.86316,0.17421445,-49.941914,-1.2603103,-8.894692,-0.2636182,25.098816,0.1169729,0.025072161,0.31076455,-0.022807745,-0.23357776,0.30425173,0.3534492,42.910618,0.042503867,-8.972356,-0.46922266,-3.4835472,-1.3544399,-15.702047,-0.2675606,-12.814144,23.327162,-0.011674197,0.003741755,0.07496125,0.4691165,0.07849294,10.84,0.0,0.935,0.21499999,-17.330214
30.667223,0.027009616,30.02256,30.94689,31.163303,1.1407433,10.4514675,8.627375,62.224438,108.79569,1.0537499,0.37635347,0.6366244,1.2177273,1.3005697,0.66394526,6.0083227,5.184616,4.4774413,4.1936445,0.3455954,0.42762697,27.590488,0.28229037,7.0870433,1.0164611,-5.08046,-1.5074806,-5.24107,-1.2387938,0.0072391774,1.5893902,0.7666309,0.54509896,7.3379683,0.28225824,15.160113,0.25996336,27.401402,0.13658425,750.0828,0.12686867,1326.4086,0.08544687,-50.14214,-1.7068404,1691.0166,0.038959928,1072.2515,0.23810954,-58.211308,-1.3924736,2871.207,0.047379132,679.29333,0.37712073,-68.15498,-1.1056049,-13.939182,-0.10483663,25.80982,0.10324295,-0.0040844376,-2.8212311,-0.023742324,-0.21788295,0.38640434,0.33557576,29.923956,0.14274876,4.717599,0.8762413,-6.698964,-0.8119826,-5.946491,-0.8609828,-17.251173,25.747515,0.0029239224,-0.01339943,0.26009578,1.1090573,0.7462687,0.995,1.4964708,0.258,0.2812401,-19.974812
28.329643,0.023254864,28.063282,28.343092,28.617785,0.5545025,10.237245,8.828614,0.74964046,5.5947914,0.6177681,0.43127313,0.43217728,0.63180035,0.7880652,0.35588792,1.8393465,0.8159598,0.39255303,0.033948317,0.1761015,0.45775563,37.146935,0.18185963,-2.240919,-1.6947916,8.947108,0.40558088,-5.2548275,-1.6399168,0.010574256,0.8665531,0.6695423,0.57580584,8.253087,0.14077032,6.3219495,1.0586034,14.397836,0.4239435,545.14417,0.3603427,1380.1311,0.14121975,-51.28836,-1.2870246,1467.1096,0.22277415,1136.3556,0.18125995,-50.43327,-1.2894338,2692.4033,0.100128055,775.5284,0.3558081,-59.491707,-1.024085,-14.337477,-0.2053345,28.960238,0.1366766,-0.008424861,-1.27928,-0.021116542,-0.5233172,0.19971651,0.29901308,39.62959,0.07448675,-2.2060938,-1.6165942,8.821239,0.41053587,-7.124216,-1.1319612,-9.896981,24.213804,-0.008352583,0.014350469,0.06292757,0.51150894,0.25906736,3.24,0.0,0.295,0.035,-23.102781
29.518032,0.023829825,29.190685,29.321533,29.668043,0.47735786,23.52997,23.326134,31.482931,35.639816,1.166152,0.5835127,0.26687974,1.4548521,1.7020876,1.4352078,1.6134186,1.3360556,0.73414326,0.10952407,0.18796672,0.5914436,35.24663,0.20936792,-24.143272,-0.6080982,0.40876156,18.519615,-9.311461,-0.78720784,0.005526347,0.70496297,0.33817917,1.0108472,8.903886,0.18142302,0.8156071,3.324471,8.484678,0.71035177,466.17908,0.17708169,1453.4331,0.11975796,-60.00091,-1.4910978,1435.569,0.047521614,1167.8473,0.19135968,-55.458374,-1.6578215,2522.233,0.04559543,1120.6864,0.40718678,-65.76326,-1.3009979,-2.0028238,-0.99304485,17.991762,0.2576179,0.04267848,0.18587197,-0.0031953515,-0.9699548,0.24239464,0.3539488,38.784878,0.12422312,-32.757637,-0.18786979,-1.3920122,-4.7927446,-12.167853,-0.47663516,-9.057578,20.055023,0.024294473,-0.0001344209,0.059305627,0.3752345,0.5681819,1.24,1.654811,0.4933333,0.15627609,-20.611803
33.54788,0.005331522,33.425358,33.52845,33.69778,0.2724228,3.030337,1.185579,2.5484364,1.106043,1.3364958,0.13426863,1.3065683,1.3598715,1.414401,0.10783279,2.4185214,3.0958846,0.881169,0.4478397,0.22621301,0.24042356,32.381435,0.07523395,-2.5594978,-0.9288763,-5.651569,-0.5458535,-13.698509,-0.5551536,0.005098824,0.9700919,0.58686596,0.8699415,10.291231,0.12895885,4.8825297,0.52837354,23.607975,0.47094285,737.71027,0.13425022,1498.5562,0.09761563,-1.5075263,-1.9044535,1617.4777,0.037208926,1065.16,0.17769518,-9.82176,-0.34102923,2863.0503,0.042466722,640.4231,0.29213578,-23.459885,-0.17189406,-10.289033,-0.22887026,23.559362,0.09931988,0.036423266,0.30171916,-0.017525908,-0.48484695,0.22634724,0.23317069,32.47043,0.051453106,-2.6012373,-0.90915364,-5.654071,-0.54497445,-13.528269,-0.5572876,0.0,0.0,0.0,0.0,0.0,1.0830325,0.36900368,2.7,0.0,0.0,0.0,-19.144152
28.261372,0.017068103,27.906403,28.322245,28.61037,0.70396805,8.387634,4.330388,3.3605278,1.5646685,1.5993233,0.27229416,1.4475074,1.6170473,1.897003,0.44949567,6.00392,6.246137,0.5385316,0.029685259,0.48788747,0.32811046,39.21362,0.12069076,-15.744498,-0.4054925,-2.7324758,-2.378999,-12.136207,-0.4073878,0.005396976,0.44409356,0.545443,0.7681938,7.268026,0.15236357,1.7921257,0.7468229,20.132292,0.45396924,567.60535,0.2703842,1608.6702,0.14452672,-19.355642,-3.1853318,1417.7946,0.082231514,1219.0706,0.2138049,-18.749252,-3.273737,2663.599,0.061415978,984.9407,0.402421,-35.700993,-1.5619817,-3.6589737,-0.46452188,20.649137,0.19650728,0.04725024,0.1890696,-0.0067425827,-0.85853285,0.5140076,0.27852622,40.680233,0.046900813,-17.064573,-0.31192714,-4.483805,-0.92960817,-13.107034,-0.31246635,-9.562541,13.877046,0.03998818,-0.008285711,0.29344773,0.33726814,0.17006804,5.27,0.0,0.59,0.0,-16.941734
36.090282,0.01677269,35.551304,36.084778,36.666042,1.1147385,6.2457585,4.4469833,7.8687267,5.07177,1.1813028,0.45523176,0.46769178,1.3642586,1.5905361,1.1228443,2.4811492,1.9695367,1.7226167,2.1342616,0.21516098,0.50560796,19.76403,0.27671728,6.122285,0.7860392,-7.8043633,-1.0453818,-15.90519,-0.4834506,0.0049226303,1.0410143,0.5019041,0.54343355,11.458362,0.11757091,-5.2518573,-0.2716171,14.829037,0.22871633,760.64777,0.087839015,1217.8496,0.08617961,-60.22645,-1.5090603,1764.6055,0.05569361,952.85236,0.14294545,-71.07518,-1.181406,2840.6404,0.02140243,547.4574,0.3148736,-74.54556,-1.0957595,-13.753642,-0.19714081,20.23881,0.13988906,0.04964591,0.22697604,-0.03172385,-0.2319807,0.25696865,0.38041636,21.531366,0.11693692,5.15413,0.8896344,-12.238721,-0.36333343,-18.940954,-0.2943251,-8.795858,14.927201,0.017689444,-0.016238678,0.11734351,1.0477298,0.11709602,6.0099998,0.0,1.25,0.08,-19.532629
29.93966,0.033262983,29.308388,29.788656,30.568249,1.259861,67.19466,104.58514,6.47478,3.3706818,0.8204453,0.44103613,0.43051624,0.9033807,1.1542003,0.7236841,2.4875321,0.7735245,2.126954,1.2647392,0.20023137,0.50099266,38.674706,0.20327993,-13.00534,-0.38489532,2.2699008,2.7225423,-14.899561,-0.47066674,0.008464886,1.2385148,0.66889495,0.55196995,7.9541197,0.2763045,1.7184908,1.826541,19.368578,0.2028664,590.7229,0.17484708,1477.1543,0.12117077,-42.48023,-1.8934222,1491.8029,0.04376302,1013.2955,0.28617772,-44.141514,-1.8012413,2808.918,0.04549335,599.6783,0.5998594,-56.43499,-1.2986686,-7.3039217,-0.2863358,19.985788,0.17407408,0.052830778,0.24125075,-0.004263696,-1.606654,0.23781724,0.3259386,42.377674,0.076647155,-13.695745,-0.33280903,0.7052438,7.706022,-16.686646,-0.37127137,-5.288234,15.634846,0.028630137,0.004128055,0.067328475,2.1791768,0.49019608,1.605,1.5849999,0.27333334,0.13816254,-23.744797
33.083794,0.009409946,33.021145,33.113316,33.20768,0.18653488,30.685705,38.423252,0.2271827,2.7266932,1.403524,0.37457514,0.5634029,1.6087376,1.7532345,1.1898316,2.597115,2.0606163,2.173266,1.7691376,0.25388744,0.447687,29.22278,0.18152235,-6.6875587,-0.59080005,5.294716,1.0877389,-14.766047,-0.38250116,0.0028594087,1.47492,0.43204087,0.47457665,10.680732,0.08616511,9.372683,0.09493698,13.682213,0.18893,619.4786,0.15541403,1501.3346,0.082247384,-45.77467,-1.7045761,1525.8682,0.042822216,992.79425,0.07554971,-48.106102,-1.5903262,2796.1267,0.029499365,496.42648,0.37684026,-53.40083,-1.3854661,-8.004837,-0.18150955,15.382009,0.16256894,0.040452026,0.22398558,-0.0065236394,-0.54380465,0.2835192,0.3853349,31.101143,0.049569402,-6.2384195,-0.4874017,3.1792827,0.9521495,-16.10669,-0.29006553,-6.0544343,14.500607,0.03676184,0.003924962,0.14546026,0.39138946,0.3952569,2.0049999,1.9649999,0.3333333,0.20757863,-18.436514
33.875763,0.02367386,33.60071,33.791256,33.86481,0.26409912,1.1426432,0.0,5.274306,3.764188,1.6457491,0.5153838,0.336472,2.030867,2.1072924,1.7708204,1.4154749,0.9251208,0.48741442,0.0,0.26445782,0.6374721,28.519733,0.10708109,-24.356401,-0.5454076,-7.9467735,-0.8639419,-4.803778,-0.8222066,0.0053534554,2.1892316,0.31984904,1.9209338,10.4376135,0.14072804,-2.9619224,-0.85420376,6.51467,0.5699263,447.01678,0.20357324,1369.1901,0.10560126,-50.879562,-1.710374,1410.7528,0.056801695,1136.5292,0.13210398,-44.380028,-1.9986368,2518.025,0.03714488,940.82983,0.15183462,-54.113926,-1.5362048,0.024634365,91.14553,13.825951,0.1619698,0.044032827,0.21552017,-0.0018150947,-2.5110962,0.3146864,0.48427874,28.425043,0.081092715,-31.014462,-0.16678937,-11.404336,-0.123748355,-4.4635577,-0.5434572,-10.170261,22.216959,0.026809476,-0.0041372785,0.11276241,0.2710027,0.8264463,0.9,1.216251,0.435,0.21499999,-17.355335
25.760067,0.011134859,25.522772,25.783955,25.98616,0.46338844,7.578065,2.9196537,6.9796095,4.345687,1.0657773,0.4416111,0.354741,1.2944872,1.3882333,1.0334923,6.2191525,6.5847607,2.758997,3.3057683,0.26364163,0.4719808,27.955057,0.33984554,10.697248,0.5605747,-13.598738,-0.7573346,-3.3443406,-1.6760396,0.007118847,0.5302921,0.45106155,0.641853,7.4264984,0.13756612,2.0235124,1.2259696,22.417757,0.1796843,450.5243,0.06561655,1236.5438,0.06943248,-63.201046,-1.37414,1321.0627,0.03025912,993.8964,0.06727432,-64.14178,-1.3454039,2543.331,0.023849096,691.32874,0.19346942,-77.93122,-0.99609345,-10.32891,-0.22532682,26.588182,0.12635572,0.016033862,0.422627,-0.02758495,-0.19310686,0.3275782,0.24353445,33.548637,0.07390268,11.125795,0.5008836,-19.57531,-0.15772708,-5.359404,-0.91580975,-8.204721,17.540981,0.0025768166,-0.00418528,0.10959428,0.64412236,0.16233766,4.39,0.0,0.87,0.07,-19.13176
38.045704,0.011332677,37.792595,37.96313,38.218483,0.42588806,32.695766,35.86225,6.4851103,30.721535,1.3154333,0.28386214,1.1519822,1.3493261,1.5987729,0.4467907,3.605673,2.7567463,1.6687001,1.5725967,0.29508013,0.2987485,24.491116,0.17732538,-14.609721,-0.6030349,-1.5495456,-4.057466,-19.865213,-0.3267347,0.007054111,1.1433519,0.7787537,0.55161774,8.234073,0.36835998,-4.021006,-1.0899409,11.469641,0.39626005,622.1094,0.19955954,1511.9948,0.12828548,-27.277128,-2.3109012,1574.0431,0.077328905,1212.9359,0.27928856,-27.827024,-2.098651,2579.2449,0.10080467,1262.1337,0.41989687,-36.62388,-1.5127076,-5.8531294,-0.39757204,17.3569,0.18187839,0.06079031,0.19672798,-0.013922435,-0.5538683,0.30666262,0.27578217,24.882793,0.15818614,-16.62336,-0.3920757,-1.5348716,-3.864118,-20.79228,-0.2879961,-9.870832,19.195032,0.042902578,-0.020948876,0.20643935,1.4760147,0.86633664,1.0185714,2.3849375,0.11571428,0.11647896,-21.308125
37.93144,0.02327941,37.585835,37.946095,38.35196,0.7661247,21.726528,12.9239235,1.130921,0.0,1.6131765,0.34534112,1.5634533,1.7060341,2.0231383,0.45968497,1.1921359,0.40361813,0.8546675,0.42861104,0.1823538,0.5959005,25.96899,0.23072046,-15.879557,-0.7157859,-1.0304304,-5.6059327,-26.178108,-0.45152357,0.00342647,1.3229198,0.3300573,0.9876581,13.28045,0.10496495,-13.162124,-0.3028254,3.9483337,1.4228145,555.495,0.20023637,1428.8528,0.13246126,-33.6995,-1.8636314,1501.402,0.08672017,1227.2638,0.33065602,-30.482565,-2.0736904,2509.2388,0.14780383,1277.6858,0.5444824,-40.181515,-1.4843054,-6.540682,-0.4888248,19.619225,0.21315421,0.058046088,0.18764351,-0.00261166,-2.0603724,0.19340938,0.5675714,27.395885,0.16764891,-19.647985,-0.30243137,-1.9787518,-2.3595555,-29.760595,-0.24497421,-10.384261,18.57954,0.040342018,-0.0037332552,0.10676698,0.43763676,0.29368576,2.9775,5.1109996,0.324,0.26717785,-16.779848
33.881023,0.012607255,33.715652,33.89029,34.10596,0.39030838,6.7600975,4.186946,3.2008743,5.340556,1.6798419,0.30813047,1.6733384,1.8193827,1.923872,0.25053358,2.2518926,0.9912251,0.95026344,1.0017672,0.26853704,0.54837835,24.670607,0.18616945,-28.002192,-0.33793262,-10.979699,-0.886559,-5.8487616,-0.9876539,0.0035066737,1.3472571,0.3790797,0.57156473,10.549783,0.11704706,-2.5183775,-0.8681183,7.091687,0.5687635,702.7397,0.23468259,1531.291,0.13208893,-13.299041,-4.2433357,1557.6633,0.06057221,1158.528,0.093729146,-6.455034,-8.9238205,2731.8022,0.037134472,769.73236,0.22858629,-21.735186,-2.4413471,4.5261607,0.74724394,16.644053,0.20212474,0.054060176,0.21254833,0.007901137,0.91711515,0.29049557,0.46102902,25.287745,0.12151015,-30.103693,-0.21359132,-13.480994,-0.36850777,-6.777079,-0.73581845,-4.35176,14.880275,0.016582139,0.021126842,0.033237226,0.2734731,0.09157509,10.03,0.0,0.42999998,0.07,-18.079447
35.82892,0.08447758,35.910595,36.22964,36.578205,0.66761017,233.5623,108.37688,96.202736,95.782364,0.6271504,0.4667045,0.42518133,0.6221227,0.7755598,0.35037845,2.5466304,1.433655,0.31367514,0.0,0.19640507,0.50793195,18.308973,0.2793127,13.955589,0.40946645,-13.739304,-0.5376489,22.620174,0.5831149,0.016358545,0.9392802,1.0371745,0.3602851,6.141515,0.29937086,-9.06174,-0.9993637,11.60619,1.637127,739.12354,0.2877682,1570.0525,0.14734535,-72.41876,-1.1448027,1589.617,0.10323601,1218.938,0.23218343,-66.64039,-1.2011843,2792.538,0.07537186,1013.553,0.41216287,-79.66926,-0.909857,-11.393858,-0.23513584,28.844685,0.12521413,-0.024290785,-0.8736461,-0.0031745788,-4.3313704,0.22155847,0.46554375,20.30382,0.15214573,13.34549,0.37968847,-15.977287,-0.34631148,22.572931,0.56043875,-12.393274,27.056988,-0.024746452,0.008661378,0.1476063,0.15503876,1.5625001,0.45499998,1.087881,0.1490909,0.2656195,-25.880016
32.60303,0.1723487,31.75393,32.1785,33.088524,1.3345947,190.28088,207.00824,38.748676,115.49333,0.93492484,0.4912768,0.38814408,0.97483826,1.2864293,0.8982852,6.7863727,6.0082955,3.935002,3.6497657,0.30865493,0.6703861,24.005846,0.25081354,0.46799475,19.060183,-1.6245276,-6.605716,-9.930966,-0.7316605,0.018475277,2.4057374,0.97136617,0.56824934,6.3143454,0.5635888,0.3066081,28.493677,22.762646,0.34753904,736.4402,0.32565823,1507.7042,0.17979278,-85.125175,-1.135342,1645.4153,0.11353754,1113.4374,0.14778976,-80.31272,-1.1450557,2755.5583,0.08291041,933.17896,0.39717254,-86.41818,-1.0100309,-9.811458,-0.39339912,21.183153,0.31367296,0.06504512,0.23022723,-0.018074062,-0.4207562,0.3552317,0.62612975,23.179607,0.25128832,-1.1403618,-7.9964094,-3.8781838,-2.6305456,-13.367044,-0.42159283,-11.037208,21.723516,0.04945702,-0.011217329,0.23772684,1.7944536,1.6447369,0.367,0.8566336,0.219,0.2600173,-22.423813
31.725126,0.040235665,31.33187,31.581419,32.31935,0.9874821,-3.4911773,0.0,5.3474417,0.0,1.5710871,0.35424834,1.3819976,1.6336569,1.8200506,0.438053,8.177953,10.54375,1.8512868,0.783898,0.30016643,0.8551469,26.456606,0.17047504,-5.0379033,-1.2487919,-15.06542,-0.62149566,-30.949211,-0.31539702,0.0058357785,1.9222429,0.4651817,1.1554873,9.959916,0.28255755,-0.52178144,-6.181074,14.986533,0.5996947,588.23627,0.37510517,1442.2068,0.16808185,-18.679409,-3.4119885,1495.5166,0.1567954,1201.152,0.2415914,-21.999113,-2.752752,2740.1223,0.07380218,823.3781,0.5674917,-32.117554,-1.7793715,-7.5607257,-0.4214688,22.195408,0.2019603,0.06609683,0.13375716,-0.023026189,-0.4638756,0.31932876,0.82373416,27.58534,0.1008691,-5.5568733,-1.120126,-16.975044,-0.4645979,-33.481564,-0.21485399,-3.353738,17.62446,0.0168227,0.01192586,0.18069999,0.5797102,0.29411766,3.04,0.0,0.34,0.0,-16.36128
39.023506,0.044522107,39.193844,39.388767,39.558792,0.36494827,163.25029,146.78262,36.198956,36.524296,1.4514835,0.43631718,0.6588329,1.741577,1.9062482,1.2474153,6.7931056,8.972179,4.97747,7.126551,0.19903605,0.7969881,31.741522,0.24712826,-8.733819,-1.5501189,-9.079771,-0.9096679,-22.760052,-0.4558716,0.007646481,4.056344,0.36861488,1.6140318,13.828908,0.22644205,-0.6798595,-5.143809,19.794767,0.19312038,856.2872,0.12105481,1366.5402,0.12831004,-38.93687,-1.8692739,1679.193,0.06785091,1250.6217,0.18332867,-46.91934,-1.4447633,2884.4436,0.0435973,613.99426,0.5033263,-54.793343,-1.171543,-8.414889,-0.35750443,24.4533,0.1508758,0.05238558,0.17354934,-0.025213007,-0.18790266,0.2116313,0.66668963,34.270164,0.14074206,-13.461464,-0.59702164,-11.573314,-0.52268237,-26.125826,-0.28005612,-13.3458805,21.969408,0.034831855,-0.01396549,0.14374049,1.5781924,0.72254336,1.142,2.0447922,0.18333334,0.13072447,-15.548977
30.827972,0.06932356,31.15076,31.287195,31.3914,0.24063873,2.2619095,4.120025,2.0819252,0.0,1.18212,0.45463452,0.33034563,1.466076,1.5832045,1.2528589,2.4443552,2.0921168,1.3091894,0.8528673,0.18979852,0.41257474,23.501268,0.1938177,0.8998444,8.897843,-22.50719,-0.68582773,2.5476213,2.3467762,0.004920444,1.2387341,0.46416414,0.6106787,9.802597,0.16165814,1.9878963,1.2201691,13.483214,0.33351687,605.2197,0.14480528,1381.4807,0.08976438,-50.183357,-1.7487968,1523.1792,0.0485545,1132.385,0.117730126,-52.99448,-1.6254433,2649.0083,0.032335505,714.4856,0.24275829,-61.74039,-1.312932,-3.6952665,-0.756791,21.069971,0.18680778,0.0549477,0.14448152,-0.015547508,-0.5241735,0.22100359,0.26642257,25.049799,0.11111339,-2.7571495,-1.8204969,-30.92445,-0.18628274,0.9652178,5.30257,-11.699845,21.906548,0.019008024,-0.0075370176,0.1023225,1.4943961,0.25062656,2.965,2.925,0.995,0.16499999,-20.343643
34.530922,0.09273365,35.107525,35.308216,35.460487,0.3529625,133.11133,53.264107,87.77859,112.65166,0.8597077,0.6036331,0.18407145,1.0038397,1.2838817,1.0998102,4.363177,7.419055,1.3901968,0.8444639,0.12034531,0.69494927,23.365307,0.22352287,0.5281525,23.01874,-12.057918,-1.1949508,2.1143136,5.332918,0.009808837,4.337551,0.55521744,0.820138,11.061993,0.20560859,-5.0880527,-1.5923595,13.627719,0.4499657,681.4671,0.16275102,1390.6824,0.09338068,-50.691395,-1.6648438,1633.4397,0.07158337,1033.8846,0.19316296,-55.765835,-1.4596298,2771.647,0.037231997,657.3759,0.21232398,-63.85093,-1.2013717,-8.033999,-0.5324025,20.35437,0.20034777,0.04347384,0.39451045,-0.006383674,-0.79941165,0.1423993,0.58398193,24.980692,0.1007893,-4.209887,-2.3205812,-18.819324,-0.48430505,-3.0514882,-2.168087,-13.831218,23.55459,-0.003714766,0.0067779,0.055115927,0.9296149,1.0695187,0.695,1.6955605,0.19444445,0.13191842,-23.990639
34.128864,0.024819583,33.76702,34.11832,34.60028,0.8332596,5.0685816,3.5268342,-4.8129044,4.1082077,1.0633874,0.3025369,0.9971479,1.1256143,1.2476783,0.25053036,2.305916,1.3295912,2.3388703,1.0114212,0.32146156,0.41464567,37.206676,0.14031419,-24.841665,-0.31764415,-16.292233,-0.6429527,11.758986,0.44224003,0.0100321155,3.5313969,0.8237262,0.59325653,7.832071,0.28029174,-0.79847306,-2.1371112,11.606772,0.46222734,525.261,0.36154678,1415.3489,0.1027075,-34.07984,-2.21733,1450.8853,0.13898559,1180.1759,0.09554453,-25.122402,-2.9243982,2482.1343,0.12626877,1039.2157,0.19042704,-40.206734,-1.6734121,2.4027104,0.7628466,18.07102,0.16085684,0.0216656,0.5730712,0.011138554,0.3470595,0.34724334,0.31991956,38.475292,0.08511673,-27.51704,-0.12397958,-19.90263,-0.20542651,12.530064,0.3685614,-6.5222807,19.334415,0.007189711,0.008972487,0.1732207,2.3850086,0.5163511,1.6333332,1.0894748,0.28333333,0.24850664,-22.282196
20.84049,0.022185408,20.683884,20.822348,20.946495,0.2626114,1.7298368,0.99360865,31.660234,31.412737,0.6392503,0.43136832,0.24646224,0.71548444,0.81567925,0.569217,2.3404248,1.7523893,1.5429921,1.271206,0.26197016,0.5954187,34.89194,0.15350342,2.4348474,1.7593552,11.9696455,0.35138968,-11.701932,-0.85598963,0.0046960386,0.9521223,1.2038139,0.54344577,3.038978,0.68570954,-1.4821972,-1.5238236,17.244253,0.18859461,442.42337,0.14087814,1316.1053,0.10787801,-47.938244,-1.6062288,1310.8759,0.07858724,1220.6676,0.17679414,-56.14401,-1.2982138,2343.2974,0.04748672,808.9133,0.14769009,-62.92925,-1.1038339,-15.238778,-0.12681188,24.249243,0.10378178,-0.0029889797,-2.5818791,-0.022864498,-0.2646017,0.31863734,0.36853775,37.182278,0.07426472,3.8130574,0.90186816,10.993589,0.3437378,-16.207148,-0.2827356,-11.392676,24.208347,-0.0026049954,0.014774307,0.04271068,1.8597997,0.43290043,1.8266667,2.1438646,0.4633333,0.52448916,-24.040913
33.204792,0.031131674,33.19673,33.422314,33.562885,0.36615372,-22.881626,20.778963,0.62944376,0.0,1.4202704,0.4481239,0.8855612,1.5443834,1.8573996,0.97183836,5.505934,3.241372,6.7602797,6.8484735,0.37316072,0.68192613,27.901817,0.22548634,-6.6944084,-1.1026093,-0.070277974,-114.82123,-12.488313,-0.7613568,0.0052094106,0.573213,0.6630995,0.5171537,9.641088,0.19501902,12.76463,0.32370254,23.222824,0.16123748,634.31683,0.2468466,1577.6636,0.13192691,-61.86108,-1.4747239,1516.3911,0.07061994,1068.9364,0.17252809,-63.216957,-1.410926,2794.2444,0.07193258,962.4999,0.58785605,-74.78719,-1.092469,-6.3954806,-0.3501992,21.134611,0.15375412,0.035566077,0.29379725,-0.0023909367,-2.7494144,0.38489532,0.4849414,29.972044,0.12015019,-8.019394,-0.39581743,-2.602317,-1.5085684,-14.347555,-0.36876968,-7.940876,19.522268,0.016205493,-0.0025921462,0.35448048,0.71736014,0.72254336,0.956,1.8520323,0.3383333,0.2735822,-18.070095
26.426075,0.13075459,25.662924,25.90438,26.134787,0.4718628,34.325546,25.009295,4.7248087,0.0,1.2095942,0.26037475,0.98627937,1.2194268,1.4149005,0.42862117,3.2972908,0.72755766,0.090459205,0.13705146,0.36001155,0.28701344,36.485016,0.20082517,-15.093474,-0.36676878,0.87706447,7.1712823,-9.023712,-0.6753736,0.004870368,0.9159523,0.6988477,0.526087,6.2389684,0.16556236,-4.518533,-1.0353975,10.563468,0.52683854,608.0687,0.33691275,1450.388,0.13837083,-30.018278,-2.224012,1547.5691,0.15587705,1197.0549,0.14037736,-32.700157,-1.9473865,2570.4514,0.09748766,987.7212,0.32378724,-41.686165,-1.4468912,-7.5892243,-0.39723942,18.14798,0.24684116,0.02890552,0.35063064,-0.022604013,-0.32851833,0.37557554,0.23523457,38.94635,0.09409726,-15.2183075,-0.38006476,-0.8290882,-5.5073104,-10.76222,-0.3899392,-1.1973118,11.630223,0.014049043,0.012359687,0.26952326,0.2805049,0.56497175,1.53,2.586532,0.174,0.20722932,-20.226915
34.462276,0.18067066,29.05198,35.43318,36.914803,7.8628235,41.70618,20.56836,104.48542,92.72505,1.1534884,0.42144403,0.6384932,1.0838062,1.6940454,1.0555522,6.419423,3.6797707,4.199688,5.3227243,0.34869158,0.5507476,15.561031,0.5933663,-0.51231694,-14.067051,-5.9202423,-1.6840818,-14.459113,-0.8354591,0.024478257,1.449553,1.1715105,0.5973276,4.5654907,0.5769487,-3.8760011,-2.9534693,9.04296,1.3164417,782.4249,0.20971604,1306.4337,0.17308417,-54.980007,-1.6235517,1748.5894,0.13078128,1215.3761,0.2608338,-60.657074,-1.3592545,2779.1907,0.05548929,885.4545,0.3615463,-62.36716,-1.2974155,-9.987519,-0.7799207,19.158842,0.39921477,0.04289205,0.63049954,-0.015236118,-1.5177494,0.36332446,0.45710838,16.865105,0.508225,-0.810348,-8.086746,-6.7094445,-1.6196704,-17.412916,-0.6878979,-3.138748,12.336568,0.03275703,-0.001876298,0.3192552,2.1176472,1.4285715,0.505,0.3139931,0.175,0.18427788,-21.743017
35.372673,0.08820317,36.142975,36.3356,36.552086,0.40911102,20.671291,4.45141,2.24074,0.0,0.60233283,0.40372378,0.34069616,0.60507774,0.8584642,0.517768,1.974161,1.0422356,0.8153963,0.8163852,0.174913,0.48906606,35.403,0.16750425,11.015322,0.569498,-0.791718,-10.183845,-4.8005505,-1.5435932,0.016372956,0.9904235,0.7993131,0.5386896,10.753349,0.20864643,1.8121835,3.752604,31.074968,0.15705724,779.7676,0.21740755,1447.8113,0.16414791,-49.957623,-1.4117595,1783.4545,0.11838276,1197.769,0.20456362,-56.863167,-1.1284508,2958.8274,0.081745155,1076.1562,0.34312403,-67.50531,-0.87851727,-20.523216,-0.18672496,35.09049,0.109523095,0.03791053,0.34570566,-0.019065486,-0.2789285,0.186725,0.44101575,37.141327,0.11798242,10.702491,0.55198413,-2.6068504,-2.7803268,-5.837081,-1.2675874,-17.014252,26.82125,0.024386356,-0.015080475,0.12089161,0.7112376,0.42979944,1.9266666,2.3797803,0.2825,0.24963723,-22.391634
33.047447,0.01773359,32.893486,33.062077,33.21439,0.32090378,148.18497,104.74511,0.5080841,0.0,0.67483526,0.3837264,0.4060253,0.78412175,0.84801245,0.44198716,1.1222321,0.47832307,0.66017056,0.34715372,0.13012762,0.3651591,33.97483,0.22206375,-5.7148438,-1.1769192,4.215244,2.0951128,-4.588699,-1.0658002,0.008535956,2.7472408,0.8106802,0.43081808,8.779302,0.122655995,8.124663,0.18542221,24.992533,0.10148292,819.7047,0.07760498,1385.1726,0.094051495,-52.009544,-1.5575609,1639.5679,0.034810245,997.98883,0.074641936,-53.695534,-1.4918435,2890.39,0.021606604,611.1003,0.2521664,-67.85747,-1.0669656,-8.481908,-0.16614905,26.503014,0.08083093,0.0064418223,1.5047685,-0.0003293165,-8.118277,0.14699121,0.2373978,37.68934,0.047332752,-8.680172,-0.35121405,0.12548153,35.449932,-6.4847374,-0.48631316,-11.861538,20.806963,-0.0020779544,0.0049576075,0.07525599,0.9009009,0.12953368,5.94,0.0,0.875,0.015,-26.666016
38.126266,0.04978391,37.53778,37.7344,38.034847,0.4970665,38.9995,30.85857,48.80924,63.951702,1.2814159,0.48600364,0.46049458,1.5783467,1.7584236,1.297929,1.7814173,1.0885415,1.0379621,0.42179683,0.26340425,0.6262394,26.215656,0.19529895,-20.698807,-0.5172747,-4.7939496,-2.5083969,-30.897158,-0.7263387,0.00680026,1.5981196,0.5316251,0.77460957,11.505103,0.28043592,-8.112785,-0.954352,3.6604652,1.6260414,575.44214,0.24790965,1316.1304,0.15268263,-38.4077,-2.0979896,1528.015,0.13817517,1245.7324,0.20502897,-34.042477,-2.1614094,2747.9612,0.047226164,625.8494,0.47508672,-38.08223,-1.889484,-3.7460725,-0.89351296,20.181381,0.19034103,0.038156457,0.4468788,-0.003749026,-2.1565053,0.3064623,0.48533303,28.082014,0.092912845,-24.565073,-0.2636385,-8.70925,-0.86304045,-39.79787,-0.28452694,-6.5088787,15.179524,0.0015377143,0.01742363,0.06416457,0.536193,0.5434783,1.525,1.235,0.285,0.255,-16.020071
42.74201,0.05039056,41.01474,41.8939,45.575813,4.5610733,9.768757,6.5445313,4.911369,3.0712538,1.0307149,0.43551683,0.66591436,1.1229635,1.3415079,0.67559355,5.3004127,5.2652836,3.8567605,2.1768863,0.2357948,0.8042252,26.645351,0.19249666,-8.370493,-0.89237297,-0.5927616,-15.694899,-12.850975,-0.9219901,0.010101275,1.2202578,0.7244433,0.6649574,11.403636,0.30116385,3.8198197,0.8084457,16.770998,0.33543766,872.26245,0.16623479,1345.5804,0.19854982,-52.595444,-1.5016053,1693.1178,0.074294336,1128.7168,0.21498518,-52.50702,-1.4471936,2921.7007,0.06540936,667.0742,0.608292,-61.014385,-1.1715276,-9.011489,-0.6110138,23.088436,0.25356302,0.024016835,0.9199728,0.00028320318,42.565773,0.25543475,0.7466631,27.911669,0.13599777,-10.203092,-0.61176676,-3.9710011,-1.5934871,-16.649803,-0.5780038,-8.40337,18.700249,0.0057375724,0.0067255273,0.17254071,1.4799154,0.42735043,1.8399999,0.28,0.31666666,0.26284763,-20.19453
27.628914,0.03297647,26.903221,27.85675,28.391533,1.4883118,7.0790806,4.6981535,6.7921424,6.660769,0.8548443,0.34890616,0.5694983,0.91051626,1.0384734,0.46897507,0.65256673,0.639808,0.23679067,0.0,0.20501645,0.31742185,36.800655,0.2019451,-3.5771835,-1.3141704,0.59227604,9.625226,-3.2759473,-1.9993085,0.0044793165,0.72001994,0.62063545,0.59958154,7.8911524,0.17234914,1.9390284,1.3113492,22.184849,0.14054434,429.6576,0.22877394,1404.7382,0.07742091,-30.486828,-2.2596645,1344.102,0.09305477,1127.1226,0.113512754,-35.05958,-1.9053845,2396.1025,0.06487542,979.2237,0.1846545,-47.43322,-1.301867,-10.485702,-0.18473825,22.701345,0.12959863,0.036850106,0.42376867,-0.016706306,-0.29580083,0.22233292,0.23403503,39.532146,0.08368911,-3.7470446,-1.3003484,-0.8022432,-5.732699,-4.335418,-1.4359337,-7.1678696,17.474447,0.019238787,0.0017200805,0.10532193,0.15267177,0.15384616,5.58,0.0,0.445,0.415,-22.821419
30.273956,0.016218087,30.08658,30.36592,30.579084,0.49250412,8.855382,8.273798,7.638101,6.2923055,0.6816946,0.34787834,0.41060585,0.7449749,0.8508133,0.44020748,1.198367,0.6316943,0.4182015,0.062855735,0.2540846,0.34906274,30.118965,0.16089864,2.0767407,1.8937198,7.16487,0.86325365,-1.67737,-2.4684865,0.016303057,0.6855533,1.0487136,0.4870161,4.0838375,0.37196493,1.8792002,1.5789967,23.46574,0.13794704,469.81015,0.17163101,1443.5674,0.112622395,-77.46316,-1.195004,1443.7264,0.047890164,982.9673,0.07980418,-80.26915,-1.111167,2705.1233,0.05670144,928.49274,0.57921684,-89.98385,-0.9112916,-10.927073,-0.19060096,23.927053,0.117468,0.011779817,0.9589367,-0.011230976,-0.41747835,0.29498795,0.2169744,32.48971,0.07108156,0.9285853,3.6740644,5.232297,0.9975113,-1.54667,-2.4456248,-12.4326,21.499327,0.0042561293,-0.0054430375,0.18484394,0.40080163,0.60728747,1.0466666,0.7441027,0.4325,0.44420573,-26.00525
33.94123,0.032738037,33.695793,34.139637,34.621307,0.9255142,7.992526,4.522865,5.9342113,5.079331,1.0173733,0.29026967,0.8852241,1.134667,1.2188219,0.33359778,3.4828203,2.0968702,1.9087162,0.82560813,0.22157672,0.3882958,30.180876,0.16188851,-3.3788075,-1.0283434,-10.346922,-1.0134957,-3.119013,-2.1094706,0.012017977,1.4295073,0.68896925,0.9112639,8.913955,0.3994105,1.0189025,2.7882757,22.913542,0.45288515,768.8125,0.1317293,1482.7102,0.12698266,-23.29988,-2.5090797,1662.1868,0.079609476,1234.6561,0.15924999,-31.436745,-1.7601767,2810.9429,0.064373456,860.6879,0.30424628,-45.134575,-1.127659,-7.7429824,-0.26143757,25.651295,0.09899243,0.035615757,0.31480137,-0.01109767,-0.86894375,0.23791748,0.3194717,31.607777,0.06994824,-2.8856905,-1.0933176,-13.5264015,-0.4067553,-4.80953,-0.9141584,-5.627654,12.388952,0.009908005,0.0110042915,0.099931635,2.3880599,0.3030303,2.97,0.0,0.31,0.0,-22.114367
33.538216,0.010016215,33.236477,33.645016,33.826565,0.5900879,4.057812,2.101467,3.0510924,1.5654256,1.2101985,0.39154232,1.0749269,1.2759424,1.3648076,0.28988075,3.0413177,2.3510723,0.6119801,0.308234,0.1949371,0.92776525,34.640083,0.1810341,1.1045241,6.635858,-5.8399096,-1.355536,-14.4807005,-0.4471471,0.0042376006,1.7379485,0.33128756,0.6963604,11.720787,0.13771267,12.373969,0.27296665,32.771637,0.15323189,817.82324,0.154834,1434.6288,0.13809967,-26.218327,-2.6277916,1726.4642,0.08698323,1110.72,0.23041874,-35.416298,-1.823806,3001.937,0.07315593,927.74396,0.29226497,-48.07792,-1.2389416,-14.79512,-0.28270698,29.763115,0.12496786,0.05894826,0.1264803,-0.020999104,-0.3850882,0.2101221,0.9031742,36.50536,0.07251076,-0.23963147,-28.378025,-8.191593,-0.6513227,-16.289375,-0.2786328,-13.089343,20.593655,0.03061519,-0.011031569,0.09913042,0.260078,0.13089006,6.62,0.0,0.49499997,0.114999995,-17.304165
33.303093,0.0064000697,33.14978,33.262104,33.409805,0.26002502,2.6258397,1.6941735,1.6823398,1.4258716,0.7481575,0.4712201,0.2372881,0.81740695,1.0083311,0.77104294,1.8892492,0.6067549,1.8009536,1.2095824,0.14871475,0.51024985,35.993034,0.15018491,-11.106176,-0.87933147,-3.5549736,-3.0603616,-8.932858,-1.0886356,0.009164078,0.93968457,0.7340513,0.48715597,8.552195,0.17281842,6.9587507,0.4655644,29.636883,0.15666884,885.5745,0.118213736,1360.2164,0.14686121,-44.49618,-1.841466,1722.1467,0.06323262,1055.616,0.1903269,-44.729237,-1.796527,2944.0012,0.06844951,899.47504,0.43687764,-62.962097,-1.1281127,-4.221757,-0.7059404,24.635262,0.13257822,0.04748808,0.19142304,0.001202511,3.1787882,0.17217658,0.3753393,38.01845,0.069472745,-15.594599,-0.29080388,-8.342651,-0.7346017,-13.275539,-0.3922484,-14.558296,23.520874,0.030332291,0.0016969547,0.06396089,0.8284024,0.23809525,3.3049998,2.185,0.865,0.155,-26.050386
21.834743,0.025829654,21.389803,21.669922,22.442263,1.0524597,4.47473,1.6960568,3.23429,1.6571448,0.9197907,0.33496907,0.77025807,0.96913195,1.1160688,0.34581077,2.8667343,1.8181112,1.5417271,0.995992,0.24716797,0.31199616,34.62176,0.117688395,-4.6670985,-1.1907957,-13.127571,-0.54418045,-6.5221877,-1.036476,0.007611832,0.6244291,0.6326768,0.49880263,4.353094,0.26041907,3.7106678,0.50317204,14.400379,0.34782094,425.10205,0.16762456,1313.8322,0.090880044,-31.970957,-2.233754,1309.5137,0.07301283,1130.6423,0.16393647,-33.256855,-2.1334195,2276.7134,0.06774539,848.8342,0.23989214,-43.05301,-1.5533116,-8.221464,-0.27470404,18.08372,0.20680541,0.027159762,0.2574009,-0.020981023,-0.23017238,0.2703688,0.21633282,35.94593,0.06351929,-5.896624,-0.840845,-15.496111,-0.30687794,-6.8862057,-1.0247229,-11.676513,20.953434,0.03585598,-0.013683829,0.12612176,1.1887072,0.1497006,5.65,0.0,0.5,0.29999998,-23.37004
35.56603,0.020529673,35.132824,35.59463,36.1159,0.9830742,1.8291334,0.0,-0.83056706,0.0,1.8178504,0.30161047,1.7995344,1.97342,2.1134734,0.31393898,3.359934,5.9044304,0.8299277,0.38434914,0.20445044,0.5088846,27.11681,0.20018227,-34.993378,-0.3673486,-1.9351776,-2.7200925,-3.0641906,-1.3955809,0.0050183185,1.6739439,0.26096925,0.6183509,11.5234785,0.12680812,-4.8802433,-0.40228122,1.7472459,2.2080789,584.8168,0.13867763,1290.6022,0.09102449,-23.78077,-2.5497763,1569.5778,0.038715433,1116.7483,0.13575722,-17.67301,-3.5324268,2740.5637,0.043666814,1054.1516,0.4296721,-27.646366,-2.136829,3.4483569,0.35844475,12.475164,0.21276473,0.055805087,0.15533358,0.0076730317,0.53697854,0.21837261,0.44915253,28.449858,0.123108745,-39.308567,-0.07208881,-3.2594504,-0.9779121,-3.937007,-0.743813,-6.5057116,13.420409,0.015584845,-0.0012475132,0.08967609,0.38784745,0.064850844,13.799999,0.0,0.79499996,0.114999995,-17.985182
31.825653,0.05772425,31.227219,31.415354,31.700455,0.47323608,27.2637,16.820013,13.109726,27.816818,1.6432933,0.34068868,1.4784973,1.8368722,1.9789734,0.5004761,3.3346949,1.3590343,1.5873325,0.98390377,0.3540725,0.42199263,33.314045,0.14547728,-16.063244,-0.64506084,-12.658211,-0.5700277,-1.0920002,-4.1133237,0.004353338,1.5008225,0.5101387,0.6700506,9.127681,0.20507295,-2.4843135,-2.0711987,13.547851,1.0506046,804.9544,0.27276933,1614.8746,0.15166408,-22.019375,-2.9066806,1603.3772,0.11580302,1460.7135,0.20154855,-20.32282,-3.0122573,2620.264,0.09104521,1140.8368,0.23531725,-32.841583,-1.7333888,-2.7826521,-1.0940349,17.971006,0.16123524,0.04333794,0.25176686,-0.007880657,-0.81924224,0.37151223,0.3893115,34.05243,0.08066946,-18.900124,-0.3135234,-14.368468,-0.34405178,-0.80155224,-4.859769,-15.037487,26.973726,0.026496375,-0.01089627,0.24204297,1.0463378,0.7564297,1.1719999,2.2191474,0.13,0.122963406,-17.320175
35.051754,0.017124502,34.53034,34.852646,35.565907,1.0355682,2.4079068,1.6539546,3.9094074,5.048065,1.6976542,0.36504447,1.3780901,1.8376642,2.1537514,0.77566123,3.3122814,1.1396959,1.6537005,0.96644795,0.2558566,0.5345424,27.911007,0.1960439,-19.515615,-0.3719308,-5.364608,-1.6381917,-8.492319,-0.46420866,0.004065486,1.016791,0.45185113,0.7071018,11.056814,0.12531021,2.1597557,0.83302635,13.978987,0.31882185,856.2088,0.23693088,1643.357,0.17402501,-33.46346,-2.251933,1625.8992,0.12931097,1387.9484,0.18858345,-29.968485,-2.4383254,2669.3467,0.06367339,899.91266,0.271266,-40.88233,-1.6752901,0.38560092,5.7148056,14.385441,0.25169244,0.047610316,0.19964676,0.0072160293,0.6787465,0.26883274,0.4957126,28.492243,0.1865048,-21.973658,-0.2090357,-8.46799,-0.5470335,-8.787905,-0.44185558,-7.1880345,14.022717,0.017816275,-0.0056699733,0.19497566,0.7012623,0.14124294,5.97,0.0,0.53999996,0.01,-17.967686
33.00547,0.0073064207,32.79609,32.953213,33.24552,0.44943237,3.33529,1.7221826,2.9472353,2.0737314,1.132293,0.23421612,0.99553454,1.2300552,1.3096292,0.31409466,1.9308932,2.096952,1.139024,0.59144455,0.27562037,0.23895684,30.148956,0.09558074,-12.239374,-0.4310741,-2.652026,-1.6907325,-4.1880445,-1.3817621,0.004422927,0.5316907,0.7128661,0.587609,6.8799586,0.23890565,-2.1566246,-1.671532,5.9833794,0.5813412,512.5651,0.16825111,1272.2076,0.13265944,-31.504692,-1.8290085,1379.0436,0.0744005,1128.4987,0.11917964,-25.20356,-2.325868,2450.211,0.054100167,1022.5357,0.22051556,-38.52822,-1.4055572,-4.473063,-0.4610701,19.98773,0.154989,-0.0045712353,-2.9586825,0.002167271,2.5211174,0.28392673,0.21704562,30.755648,0.061011605,-13.600834,-0.2549093,-3.8568485,-0.68369955,-4.411542,-1.3487918,-10.242642,16.81773,0.0075034625,-0.008768622,0.21330082,1.1444921,0.14409222,6.23,0.0,0.66999996,0.0,-22.130838
37.452374,0.057665594,37.083332,37.619614,38.59682,1.5134888,7.638874,4.153233,15.076618,14.879169,0.6116528,0.3373334,0.40892452,0.6077265,0.7747166,0.3657921,2.2762668,1.0049742,1.3253884,1.0236237,0.15825054,0.51599556,21.209951,0.34041154,-6.347244,-0.98745143,7.2868137,0.9671633,-3.8241467,-1.8535875,0.016028566,1.3176537,1.0997224,0.42596403,6.432552,0.33841953,-2.995871,-2.3463993,5.480438,1.265725,818.23126,0.21129139,1269.535,0.14961028,-102.54812,-0.89955956,1742.0305,0.12729181,1141.1196,0.16402325,-102.85752,-0.8837037,2815.1052,0.039443735,789.43835,0.3966144,-106.21984,-0.8256448,-6.925916,-0.37710607,17.485353,0.23799634,0.009662367,1.5265431,0.00016538883,51.840195,0.16440144,0.36959928,24.841108,0.17351952,-9.659266,-0.46505776,6.216057,1.0468392,-4.8346024,-1.4549115,-6.1104083,14.351443,0.0056487233,0.0013783211,0.14790748,2.1001616,1.791531,0.28181818,0.19811925,0.27899998,0.2904978,-29.434284
31.164335,0.01026751,31.04092,31.19608,31.335054,0.29413414,3.0286908,2.0290995,2.606557,1.8174027,1.3749058,0.2650421,1.36036,1.4558706,1.553514,0.19315398,1.6765774,0.7748794,1.0002106,0.5972911,0.19141449,0.36719507,37.899143,0.16388896,-17.65865,-0.36033383,0.23049852,25.352556,-8.664959,-0.65408075,0.006404582,0.88126475,0.36657092,0.68566066,9.934141,0.13097523,2.7176762,0.5851482,10.059615,0.35860187,438.1496,0.14150204,1365.4827,0.106159985,-19.676283,-2.594041,1282.2942,0.079861745,1146.6038,0.12944284,-16.345173,-3.1500456,2418.6663,0.046528492,824.44727,0.24147822,-27.311504,-1.7752649,-4.8096943,-0.24011025,14.407302,0.22347923,0.04247473,0.1894173,-0.01793606,-0.24371754,0.20393082,0.2801144,39.347202,0.07357838,-19.2531,-0.14070827,-1.0416119,-3.030097,-9.54247,-0.48236004,-9.703571,20.30134,0.0030688487,0.016914906,0.036054753,1.1505274,0.096432015,9.61,0.0,0.74,0.0,-19.42647
32.89532,0.13776235,27.078804,34.93004,35.872612,8.793808,134.00848,137.73892,36.192932,37.45044,1.6583046,0.2128724,1.4332372,1.606903,1.9060844,0.47284722,6.209852,2.9474444,4.656072,2.877217,0.6719834,0.2783588,33.29254,0.098079704,-26.431059,-0.15481405,-0.66849256,-4.889434,-34.19463,-0.1593466,0.046497542,1.1075134,1.6844859,0.5647634,1.1746905,4.631782,-0.6416052,-6.3436685,15.859391,0.24365216,698.70886,0.14965628,1444.6838,0.081581846,-54.340477,-1.5457219,1610.7649,0.038179297,1098.1313,0.35957718,-57.111305,-1.4338242,2870.8706,0.061795775,700.10944,0.66549087,-67.75886,-1.1192949,-2.9158545,-0.70225745,17.23293,0.1257034,0.05374005,0.2302542,-0.00962877,-0.49614975,0.6619906,0.28036717,33.440727,0.08324513,-27.099968,-0.1482839,-1.1749612,-2.54486,-34.86955,-0.12524824,-3.7494044,16.67416,0.04721837,-0.010562083,0.7039686,3.7694016,3.811659,0.17941177,0.34135485,0.065,0.033726845,-18.160776
29.736391,0.019298151,29.305788,29.66339,30.078611,0.77282333,8.46199,3.45048,12.656189,15.697391,0.52938014,0.26470762,0.48118696,0.5367864,0.62270665,0.1415197,2.1241896,1.3230889,1.4898604,1.2566049,0.11229374,0.33969066,29.31643,0.13949202,1.1713151,3.813474,5.037327,0.8792478,12.861611,0.41677442,0.010119283,0.7907557,0.7233828,0.5437616,8.478829,0.1772259,9.887816,0.80851495,19.103281,0.2959969,744.5478,0.27941096,1561.475,0.1883336,-29.37127,-1.4851965,1588.202,0.13672338,1133.7372,0.2399523,-26.77974,-1.6280116,2831.6064,0.08297608,751.3098,0.3049004,-42.501877,-0.932454,-10.305832,-0.26683864,28.18593,0.11836163,0.0011101259,11.585399,0.008943312,0.92381924,0.11900985,0.248812,30.14257,0.086761855,1.0781298,4.2145348,4.63175,0.88296586,13.455728,0.3356812,-8.880054,19.92986,0.023129303,0.02335358,0.008722142,3.2258067,0.29850748,3.1399999,0.0,0.19,0.0,-27.595787
24.241108,0.016707236,23.884571,24.1808,24.560966,0.6763954,6.0275693,3.3797104,4.339035,2.2892127,1.390949,0.39806017,1.0128152,1.4709072,1.7441611,0.7313459,4.4469485,2.791652,1.7420686,0.42540285,0.3272908,0.3537432,26.983408,0.12418737,0.98106533,6.2219815,-4.170973,-1.8817611,-11.186227,-0.56933755,0.0044378787,1.4185694,0.5302466,0.6762559,6.322418,0.18532366,6.9548755,0.82323086,16.032887,0.24516256,481.19922,0.24694006,1444.8734,0.10999309,-36.792095,-1.9848411,1374.1913,0.1071744,1256.281,0.10755951,-39.141075,-1.8302824,2338.7478,0.10497675,1038.9133,0.24780527,-47.45621,-1.4328296,-7.959605,-0.21890342,17.573175,0.13005053,0.022189204,0.4013245,-0.021982528,-0.190397,0.34031034,0.33417514,26.3596,0.08338339,-0.5705846,-9.011397,-7.257189,-0.55003136,-13.391524,-0.2894107,-16.792957,24.494167,0.021075657,-0.016493995,0.26344523,1.3831259,0.27855155,2.985,2.455,0.3866667,0.1890914,-18.97732
31.261862,0.022086157,30.474913,31.517387,31.869774,1.3948612,6.272735,8.114745,1.0694674,1.4840052,1.3938729,0.21086046,1.2475958,1.4461321,1.5644056,0.31680977,3.55502,3.442737,2.4658408,3.8266454,0.26385903,0.59748447,45.316685,0.0863735,-9.10282,-0.518753,-13.53996,-0.36384305,-13.708675,-0.2945031,0.007621838,1.3206028,0.4148679,0.7645419,10.115985,0.15408987,8.459536,0.16369829,32.28973,0.12292971,695.6031,0.16065386,1503.1268,0.07118649,-14.742237,-3.1277215,1531.3513,0.065613635,1091.6537,0.092034936,-16.22955,-2.820854,2805.626,0.03726827,853.64545,0.21929455,-41.290993,-0.9585846,-5.8058605,-0.27618402,30.372135,0.10112943,0.04418166,0.23170157,-0.011536664,-0.31064636,0.25089243,0.42571828,45.86731,0.057064254,-9.554051,-0.4595354,-14.37803,-0.20305687,-13.848117,-0.27966604,-11.864062,27.442913,0.022183228,-0.015529255,0.48465955,1.1242973,0.18796992,4.9966664,7.016857,0.225,0.20217568,-17.60163
24.5244,0.015119305,24.396238,24.553707,24.72395,0.3277111,25.527851,42.67679,2.688488,3.9574022,1.4021078,0.27009276,1.223631,1.4467558,1.631417,0.407786,4.9466395,2.5779216,2.7408376,2.4413183,0.30191928,0.33220094,41.36096,0.12565708,-10.390014,-0.580106,-2.3135142,-2.9177105,-14.618011,-0.40582782,0.0055184984,1.5054427,0.47934622,0.5653236,7.1994467,0.12533623,1.3912302,2.8098283,20.025345,0.29550517,451.8504,0.14121105,1267.0752,0.09844788,-17.081625,-2.44988,1326.9686,0.066899166,988.1318,0.096444175,-12.618282,-3.3937283,2536.0957,0.055764224,794.43097,0.32573268,-31.404953,-1.2347176,-5.6990724,-0.41928113,22.882633,0.2036475,0.010964686,0.9045927,-0.012482906,-0.6815833,0.30969915,0.28140044,42.209686,0.07445347,-10.801029,-0.54113775,-2.9625745,-2.094496,-15.137363,-0.36521763,-8.077778,19.344524,0.020240426,0.0017117979,0.16772823,1.6806723,0.2247191,4.2149997,4.0272107,0.17,0.18428239,-17.633093
27.79049,0.016531743,27.539688,27.708519,27.89431,0.3546219,6.426949,3.7982144,9.685034,11.932933,0.97828454,0.38176233,0.8511659,0.9501868,1.1555879,0.30442202,6.7216616,8.41302,1.7291734,1.5044395,0.23267557,0.8236968,42.207977,0.22404106,8.737301,0.7103353,0.27217966,17.795507,-3.9632258,-1.3960228,0.0037540519,0.7544815,0.42091435,0.5360461,9.286171,0.10868599,-2.139561,-0.5976585,27.74083,0.18044655,486.08707,0.14021854,1290.8906,0.07483861,-22.856028,-2.5555854,1433.0449,0.052145816,1028.4297,0.12476118,-38.38655,-1.3911781,2666.6448,0.031585768,706.7827,0.19257046,-49.650455,-1.0032846,-19.327316,-0.1512237,30.961296,0.15730111,0.04574075,0.15054382,-0.031079667,-0.21054181,0.24801642,0.78062123,44.998234,0.081361465,9.550062,0.46848774,-0.6760401,-5.4301367,-4.614539,-1.0182531,-7.9628015,17.813934,0.043787386,-0.0026112513,0.10476591,0.59970015,0.1510574,5.96,0.0,0.315,0.105,-17.939579
30.099958,0.030682998,29.11632,30.00664,30.742207,1.6258869,5.5277047,2.010487,4.509061,1.7036068,0.91713834,0.43488818,0.47175717,1.0204917,1.207613,0.7358558,1.4954096,1.0577561,1.2175664,0.74918646,0.21682319,0.39077753,30.381294,0.14299646,-1.3751014,-3.2153146,-1.0629377,-7.410531,-10.49333,-1.1494324,0.006658023,1.1936281,0.5962073,0.49390718,8.469241,0.15251389,5.5059934,0.6257654,20.225918,0.25108933,602.6073,0.18454283,1382.2441,0.09490169,-52.077652,-1.5302958,1483.8499,0.05319688,1035.1616,0.14151827,-50.815437,-1.5768574,2787.1372,0.04324337,696.9214,0.52016383,-65.54721,-1.1023927,-6.3835716,-0.4050686,23.243523,0.15203433,0.028519055,0.35908696,0.00014246031,45.750885,0.24833637,0.23830862,31.074688,0.13705032,-1.9554658,-2.2991412,-4.540574,-0.8576669,-16.167028,-0.27520657,-10.928149,22.304379,0.011007326,0.013078753,0.11471016,0.7541478,0.45592704,1.6899999,1.3985945,0.35999998,0.39717755,-23.028004
23.937593,0.022700105,23.725777,23.964157,24.255316,0.5295391,4.2930675,5.80369,12.930962,13.929378,1.1584605,0.4732776,0.50008625,1.3332214,1.6559656,1.1558793,2.692822,1.17928,2.4649417,1.1997173,0.34392956,0.64480335,32.7521,0.22428301,1.6817299,3.8485644,2.6338553,2.9415226,-0.16777329,-45.62531,0.011342637,1.2417024,0.43274683,1.1571403,6.76056,0.19004768,-5.2248826,-0.765511,13.890956,0.3860022,456.45157,0.27940318,1395.3638,0.09073302,-83.07784,-1.1285988,1347.8983,0.115774706,1179.1852,0.14843746,-88.03011,-1.0196652,2340.7332,0.091525845,963.44055,0.22678977,-94.448296,-0.89643675,-11.093445,-0.22948554,21.837729,0.16756923,0.017311249,0.5825422,-0.016148653,-0.32182202,0.3150231,0.34549665,35.699516,0.082200415,0.055312492,68.625275,-1.0930872,-4.2366886,-2.677577,-2.027345,-12.453532,23.095987,0.009179661,-0.0065724584,0.392584,1.5719469,1.0948905,0.5422222,1.2997243,0.315,0.24719425,-18.073368
20.613714,0.013666194,20.418377,20.558598,20.749126,0.3307495,4.6142397,3.0132365,3.4765954,3.361261,1.017145,0.3707762,0.9001978,1.1488786,1.2738359,0.3736381,3.018476,1.8870544,2.6187844,1.5802467,0.25279504,0.41193318,28.668581,0.26520562,5.568711,0.9549868,-12.241856,-0.92592496,-8.545072,-1.1175064,0.005794585,0.55791306,0.604438,0.5482541,5.267677,0.07472362,6.379675,0.6095786,11.043218,0.44434687,426.20572,0.121260814,1196.9493,0.08896362,-32.262894,-2.1115453,1287.8619,0.07275626,1041.944,0.19334146,-36.939007,-1.7944366,2331.118,0.057265922,678.5969,0.24924733,-46.909866,-1.32815,-11.980486,-0.14473408,22.566896,0.15816054,0.0070984545,1.0927296,-0.030911349,-0.16945532,0.2882654,0.21246427,31.398201,0.08742927,6.645542,0.5932992,-16.412119,-0.30792084,-10.908177,-0.7190962,-4.3360505,13.414154,0.030032372,0.018861605,0.04190869,2.932829,0.09505704,9.03,0.0,0.72999996,0.48999998,-19.732244
30.461672,0.03742639,29.884745,30.295288,30.770596,0.8858509,23.317545,12.47777,87.6973,180.55983,1.0465207,0.44455922,0.51107734,1.0858141,1.3496422,0.8385648,3.6923845,2.3033984,4.0213127,3.390875,0.3235998,0.5326009,33.618057,0.17963895,-3.77762,-1.5945294,-1.5507164,-5.2456727,-0.96646094,-7.0042496,0.013161295,1.6176031,0.8016671,0.80081475,7.6407413,0.2945794,13.631298,0.26792827,26.453676,0.15841897,774.5078,0.17248659,1458.6996,0.13625261,-58.10412,-1.4011272,1583.5009,0.08002991,1076.119,0.1918653,-57.693184,-1.4072431,2896.9058,0.04918146,719.8685,0.61868995,-72.7296,-0.998875,-6.696445,-0.5667941,27.254087,0.13118488,0.0058149067,2.4111,0.002438962,2.6429284,0.37025908,0.44609678,36.223896,0.092351854,-4.801244,-1.2976019,-4.6904,-1.2732083,1.0299069,4.9136276,-9.953582,19.277729,0.007985635,-0.005442921,0.1901331,1.55521,0.9404389,0.78666663,1.4375752,0.25333333,0.29864508,-19.999243
25.24605,0.014038226,24.917107,25.212662,25.567944,0.65083694,7.958302,5.784522,6.899963,4.208716,0.70197463,0.26599717,0.61204135,0.75704837,0.8286159,0.21657455,3.05165,1.9416342,1.6954508,0.9885801,0.16691089,0.34911415,32.888348,0.1695133,-22.332699,-0.3608556,-5.667608,-1.1264288,2.3675098,2.4946146,0.0080936765,1.3564452,0.7922903,0.549555,4.9046497,0.40123418,2.2859251,1.680268,6.5736833,0.84947026,491.65863,0.27938652,1317.7622,0.096245304,-37.68521,-1.8333831,1354.999,0.14239858,1108.3536,0.09481322,-30.369253,-2.3690128,2363.6982,0.089323774,805.155,0.15479065,-42.432537,-1.576678,0.33980525,6.7587423,14.91746,0.20172368,0.021807497,0.4251329,0.00128487,3.8695138,0.16848086,0.24520889,33.815353,0.073559254,-23.650915,-0.24626374,-5.9713883,-0.9838388,1.7279078,3.487044,-1.7664878,15.751783,0.016681675,0.011100568,0.15876465,3.8709676,1.3129103,0.62833333,0.8575822,0.09571428,0.06433331,-28.689371
31.46822,0.015096725,31.33097,31.45745,31.627308,0.29633713,3.400589,6.434527,2.6683185,1.8198913,1.297221,0.3797406,1.0063068,1.4055386,1.5315456,0.5252389,1.5954492,1.2480727,0.2819246,0.0,0.14718062,1.0650054,39.308308,0.21293667,-10.986551,-0.5617389,-4.960571,-1.6761496,-19.840256,-0.4401234,0.002596872,1.4816133,0.22188212,1.5457152,11.129908,0.13961785,-1.5085799,-1.0046166,12.884531,0.43582973,601.35297,0.18478672,1404.3776,0.08972495,-21.242496,-2.8622346,1513.2246,0.110957235,1481.7622,0.22613928,-32.29737,-1.7662996,2565.117,0.062392477,817.90656,0.30436066,-37.667053,-1.469587,-14.238093,-0.14845124,23.109982,0.23059937,0.05588348,0.13309006,-0.037084665,-0.1887811,0.1532503,1.0343112,41.77533,0.09955282,-11.606674,-0.5080533,-6.578113,-0.8754197,-21.367472,-0.3389513,-5.436032,16.293753,0.031147372,0.0119474,0.10293829,0.09115771,0.18315019,4.8849998,4.265,0.36666667,0.25315782,-16.893404
33.341835,0.07977756,32.599075,32.78654,33.03048,0.4314041,102.29942,71.2738,44.627674,24.271734,1.4918176,0.33503988,1.4200101,1.6461334,1.7730403,0.3530302,7.1126237,7.1877384,2.4770796,4.433468,0.30487165,0.5980315,22.086195,0.18588655,-4.672169,-1.5430174,-12.882902,-0.96153826,2.7372653,3.274341,0.007105977,3.0864077,0.6653709,0.6959792,8.927343,0.22020347,6.193205,0.8995176,14.565735,0.380531,825.7212,0.20505598,1419.7965,0.20848106,-28.065535,-2.3880682,1654.3826,0.07540323,1136.171,0.20383227,-25.223505,-2.672208,2780.133,0.061912306,694.343,0.39393425,-35.913845,-1.7595309,-2.6482432,-1.4612501,16.414728,0.26427248,0.05585546,0.17601004,-0.00753599,-1.3406707,0.3105742,0.5440189,21.719667,0.17068034,-6.5611224,-0.80446565,-15.732269,-0.6252084,3.474521,2.6166027,-13.091443,22.165272,0.046432424,-0.015258553,0.23736078,0.7662835,0.77220076,1.1083333,2.3622546,0.13857143,0.15468203,-19.22258
30.576355,0.015749432,30.263878,30.6153,30.819212,0.5553341,6.84306,4.175744,5.9735246,3.5965834,0.57718354,0.5042209,0.28879562,0.60138047,0.7470473,0.45825168,4.571693,3.9631398,1.7923946,1.0978364,0.18035218,0.4559124,33.56678,0.14279556,6.867668,0.5975707,18.715967,0.42319623,1.9443314,4.686705,0.008702908,0.7959017,0.6438557,0.48953292,9.398457,0.110899836,18.185467,0.2877787,30.198011,0.14630891,461.62552,0.33821118,1387.3678,0.13650675,-74.211395,-1.283491,1517.6084,0.08872374,976.68524,0.23635554,-83.73023,-1.0281969,2629.4202,0.048421733,826.023,0.34915245,-89.071045,-0.92228734,-19.266254,-0.10966436,28.451824,0.12184521,0.026148036,0.4701561,-0.021936087,-0.47944435,0.21057014,0.40143305,36.344803,0.053235706,5.593213,0.7405287,22.266346,0.2978763,2.5360558,4.3035774,-16.175983,24.309252,0.020782012,-0.014398707,0.12571041,0.57361376,0.1930502,3.35,0.0,0.9,0.32999998,-23.390518
33.66102,0.018165937,33.489506,33.59051,33.73707,0.24756241,1.8803713,0.0,-3.3989277,2.553469,1.2135457,0.30308697,1.0853837,1.2885762,1.4350781,0.3496945,1.1321049,0.8604495,0.50936234,0.3157489,0.1503143,0.4477886,28.639982,0.13609023,-1.4740087,-3.7218056,-8.304785,-0.622652,-11.748292,-0.39920726,0.0045179166,1.5993831,0.38856027,0.5411635,11.032689,0.1268947,6.4212036,0.18382049,22.658148,0.15666597,755.5056,0.21523228,1621.7866,0.11759671,-20.49528,-2.6136615,1615.2201,0.09799478,1392.5668,0.17789349,-25.707968,-1.977746,2742.3916,0.076548375,1111.1622,0.37738898,-38.719406,-1.213858,-7.631961,-0.29360846,23.153645,0.14540987,0.060225215,0.15898435,-0.009639542,-0.39716676,0.15716282,0.41819423,29.420324,0.09616914,-1.9425536,-2.7076983,-9.227721,-0.41573003,-12.358074,-0.32103246,-10.482931,19.309254,0.059752878,-0.0107517205,0.07639446,0.4703669,0.18903592,4.865,4.825,0.39999998,0.35,-20.935915
32.303574,0.013903794,32.094208,32.257156,32.459866,0.3656578,6.0666637,0.0,-40.943935,29.14155,1.1638558,0.23057668,0.9413706,1.2476951,1.3729603,0.43158972,2.9033535,1.8024727,1.5541782,0.55485976,0.37296665,0.3367182,31.952429,0.18045914,-5.641322,-0.56915116,-26.170607,-0.24037467,26.729664,0.25538945,0.010301969,1.0020082,1.0191431,0.4873047,5.417784,0.51554155,-5.2575192,-0.90262127,15.866345,0.6839572,650.64185,0.20827562,1498.4962,0.101692736,-28.787632,-2.1714444,1573.2362,0.07234526,1187.6788,0.20221084,-29.455633,-2.0815659,2656.9944,0.07701488,1118.0116,0.19841088,-47.144104,-1.166563,-4.9070897,-0.293915,23.946352,0.10605043,0.029379018,0.4676853,-0.007752545,-1.0392438,0.38647845,0.3303644,33.766106,0.09508456,-5.80223,-0.4313711,-26.072052,-0.23561655,26.036888,0.20621623,-1.2756137,19.543797,0.022249818,0.0059115533,0.2952663,2.2922635,0.8720931,1.0,1.3788643,0.12666667,0.11115555,-21.328714
35.494095,0.014449075,35.038662,35.51617,35.8699,0.8312378,5.8021555,4.129587,5.673932,2.766174,0.63088673,0.35992813,0.48700362,0.6434662,0.76670015,0.27969652,3.241918,2.4839258,2.1393058,1.8790653,0.17821705,0.44326946,36.02023,0.24654478,1.9573314,3.3647883,-2.8839407,-2.8551083,-5.7096214,-1.0001743,0.013511857,0.80802006,0.85849214,0.43655792,9.063751,0.25109744,-5.106922,-0.34021515,24.78777,0.20010267,737.574,0.21723053,1525.0775,0.10967673,-45.78001,-1.5789071,1635.4792,0.12727827,1190.5697,0.21628053,-50.901215,-1.3272144,2940.3945,0.06801472,846.95764,0.38264763,-65.608665,-0.9272494,-14.595001,-0.25480726,34.618393,0.15311241,0.015610763,0.95676124,-0.009812764,-0.51856923,0.19560763,0.35963547,39.414307,0.12566052,1.3250415,4.9002256,-5.264234,-1.2262669,-7.23044,-0.6398135,-9.897296,19.804169,0.004446506,0.0025923015,0.09812232,2.4060152,0.15151516,5.48,0.0,0.545,0.145,-24.605158
29.01001,0.15253511,27.252735,30.957752,31.173439,3.920704,175.82404,127.560425,72.60957,110.2435,0.49882054,0.3287503,0.43684173,0.52543783,0.59766245,0.16082072,1.1928129,1.0850369,1.2237582,0.65538,0.11360492,0.39234012,26.51885,0.20235328,5.6646924,0.5556187,-3.5543118,-2.1842923,-0.60424656,-9.219414,0.051940303,1.5334997,1.2189664,0.65678185,5.07965,0.48776668,7.0396733,0.44053718,21.185942,0.19507553,852.88544,0.055890664,1236.8147,0.084908016,-39.889507,-1.847221,1692.6459,0.035308864,1050.1947,0.12012073,-46.53895,-1.5193305,2976.8245,0.022322945,467.335,0.50824225,-55.870815,-1.1902946,-8.411944,-0.2284517,25.370708,0.08840425,0.023578595,0.41884154,-0.0026377866,-1.793764,0.12670821,0.2824604,28.324537,0.071541816,4.920567,0.5264792,-6.529362,-0.5548896,-1.5218635,-3.355471,-10.732088,19.514965,0.012293506,-0.000155689,0.054622743,1.4686248,0.4032258,2.0366666,2.2179618,0.41666666,0.27535835,-30.477444
30.729103,0.013083722,30.613136,30.772963,30.927061,0.3139248,3.8787172,1.616829,1.8834544,1.8250114,0.6373553,0.2823405,0.6212701,0.6706187,0.7241003,0.10283017,1.1845815,0.8186701,0.37738958,0.40356433,0.105619274,0.398498,35.129234,0.15289944,-14.423799,-0.28156152,6.589565,0.76235163,8.587829,0.6987726,0.0059845163,0.73597604,0.60521317,0.4648198,8.996828,0.12897322,11.895335,0.21370196,20.521603,0.14591554,831.75275,0.18787107,1466.464,0.14915836,-25.873384,-2.1451592,1611.0128,0.099819355,1296.3568,0.1999098,-25.585505,-2.1603045,2747.0818,0.049251195,824.27563,0.26472354,-39.645473,-1.2821695,-5.2752247,-0.36802298,23.028152,0.11372415,0.03019087,0.32258195,0.016528778,0.27455473,0.1141292,0.29785573,36.50172,0.08029299,-15.35776,-0.1731683,5.8442707,0.7259885,9.368386,0.5948864,-6.7995043,15.807001,0.022524307,0.017929098,0.020503234,0.9569378,0.0962464,9.44,0.0,0.93,0.0,-28.110315
33.267586,0.13867627,31.049934,31.306684,33.20623,2.1562958,2.1262648,0.0,61.890823,0.0,0.6396693,0.62838495,0.38982138,0.45635715,0.9655941,0.57577276,2.736104,1.8631402,2.6086166,0.0,0.23728134,0.5400413,32.64986,0.17959753,-5.1765094,-1.7917607,2.1549046,3.9161346,-6.5687795,-0.8589731,0.008615499,0.63126194,0.995075,0.4160927,6.4142017,0.27837962,5.154037,1.6893293,17.445076,0.3512901,511.34705,0.1574276,1247.914,0.12632178,-146.66676,-0.5914821,1486.2137,0.06435768,1116.8292,0.13206433,-142.70975,-0.6092756,2596.4429,0.038039368,945.12823,0.2956532,-146.67593,-0.5514839,-8.232179,-0.5375199,22.92319,0.21387507,0.015649121,0.9343971,-0.015163888,-0.46213382,0.3409707,0.5155364,37.286068,0.13333654,-16.832005,-0.46187016,-8.602381,-0.66164845,-4.26549,-1.4372019,-13.177604,23.373457,0.014203693,-0.014122878,0.19669087,0.5524862,1.1363636,0.255,0.195,0.59499997,0.415,-25.406013
37.837856,0.016987037,37.139904,38.088757,38.38311,1.243206,2.4332824,1.2664272,1.1526344,1.0221608,2.0713816,0.19047575,1.9013805,2.0919836,2.3119276,0.41054702,6.4984355,7.6484585,2.7079177,1.9140207,0.48785707,0.36279693,30.207909,0.12437435,-24.889372,-0.26317123,-1.2242364,-4.3092136,-12.57446,-0.56221503,0.0043284786,1.1663743,0.6543056,0.6991767,9.394417,0.24104853,-0.8907078,-3.1916604,9.431071,0.46571082,719.51215,0.2442337,1534.9009,0.12253617,-14.316081,-3.5182972,1600.3505,0.1251922,1300.8308,0.19374926,-14.129752,-3.149492,2570.7178,0.123819485,932.4683,0.31047106,-22.044342,-1.9404508,-2.559379,-0.6755674,12.240056,0.20348792,0.052383035,0.18608779,-0.008645682,-0.6809403,0.48782235,0.3622489,30.606045,0.10092241,-26.110168,-0.14953889,-2.0795407,-1.8216048,-13.175619,-0.5120924,-8.537799,15.5963335,0.037286185,-0.0067860717,0.5129892,0.84835637,0.10660981,8.86,0.0,0.48,0.0,-16.153507
33.57676,0.10676041,31.913172,32.40967,32.900314,0.98714256,31.943048,26.57783,90.53504,83.84138,0.98351544,0.3636126,0.70639247,0.9780588,1.2466729,0.5402804,4.208697,4.0860634,2.885167,1.1144612,0.3282299,0.4788221,27.807364,0.13065968,-20.466566,-0.30461788,0.06106697,118.060646,13.3231325,0.7789398,0.01650344,1.8163184,1.1196668,0.5278114,5.172276,0.35703573,12.146273,1.0684443,12.566166,0.86861676,723.99603,0.22104555,1298.3888,0.14419255,-34.080654,-1.7831804,1594.2756,0.11245449,1310.1985,0.19265851,-23.030365,-2.6833491,2686.4978,0.06195325,984.4535,0.33182696,-38.602478,-1.4544121,3.5740345,0.90621084,20.372824,0.1580689,0.016506128,0.88707525,0.034221854,0.25273085,0.35639346,0.40884843,28.59687,0.09424179,-21.862547,-0.24003692,-1.2860496,-4.472524,16.006628,0.43344122,-2.1637373,13.313457,0.014786459,0.015718926,0.14227311,2.0594966,0.92592597,0.9475,0.9848192,0.1125,0.09256754,-22.460825
33.829094,0.0065159295,33.713894,33.850388,33.972637,0.2587433,5.1911316,3.3598917,2.564945,1.3333111,1.2424248,0.39468026,0.44088578,1.4815173,1.5807474,1.1398616,3.7990274,4.251013,1.383147,0.9805749,0.21702622,0.38270423,25.569237,0.1167907,-8.473672,-1.4261589,-4.5383043,-1.5734924,-1.8287001,-1.94142,0.0052363398,1.5884852,0.5888771,0.8232116,9.609952,0.21046098,-0.65718067,-2.3047407,9.262136,0.39628077,655.35657,0.1440367,1500.7205,0.17855963,-50.705574,-1.7110043,1609.1044,0.07218757,1265.9928,0.38122544,-53.070553,-1.6013035,2678.4294,0.092447385,1042.1802,0.58962566,-59.975224,-1.3514097,-4.260868,-0.38292393,16.916784,0.10947944,0.016755434,0.5316683,-0.013732936,-0.34193942,0.23203011,0.37884042,26.778477,0.062422827,-15.171003,-0.26360297,-8.324261,-0.28668314,-2.1838634,-1.4071347,-13.508752,21.144238,0.008017537,-0.017393745,0.1754476,1.2139606,0.1529052,4.9,0.0,0.805,0.015,-21.60435
32.0306,0.025833398,31.491238,32.085743,32.491096,0.99985886,133.74152,131.43468,-8.720577,6.8582187,0.8713152,0.48626435,0.5557237,0.8228128,1.173168,0.6174442,5.989974,6.368713,2.5131664,2.1778936,0.18805556,0.73921305,27.672178,0.2857347,7.6186314,0.9736852,-10.24406,-0.8488983,-14.263836,-0.88164824,0.007823986,1.1389399,0.7421987,0.53695196,8.385526,0.37232614,0.54374886,3.2949045,21.470654,0.23587818,670.2596,0.17703635,1443.4032,0.12051392,-38.421562,-1.9169168,1547.4393,0.08507141,1175.7815,0.15558426,-47.057648,-1.4818946,2802.2727,0.062977366,696.60236,0.47326458,-58.0093,-1.1151189,-10.009173,-0.44522226,22.345592,0.25710753,0.043706276,0.22540666,-0.01963339,-0.3697272,0.20923409,0.6776672,28.881376,0.27065465,7.7935715,0.9877044,-13.46504,-0.40710604,-19.186905,-0.34876716,-10.209166,18.071846,0.026933601,0.0028476603,0.10177982,1.5503876,0.7853403,1.04,1.4002856,0.21333334,0.14337209,-23.245394
28.65275,0.008562776,28.467813,28.620878,28.790123,0.3223095,30.01199,66.30385,2.144052,1.9486027,0.99935174,0.30222774,0.9253853,1.0344478,1.1734902,0.24810487,2.8515396,3.700902,0.5962631,0.34750345,0.1441156,0.5296153,35.4097,0.15397575,-5.8354,-0.6763377,2.973632,1.7842635,-4.841287,-0.7182252,0.0029328805,2.0696533,0.38731766,0.68977565,9.59659,0.098457836,2.440122,0.83524925,17.576565,0.14089783,425.47745,0.08852064,1210.039,0.06888846,-19.512562,-2.741781,1420.0751,0.042556703,938.84973,0.11605664,-21.810408,-2.42817,2619.146,0.052591465,1081.6694,0.4208855,-33.66566,-1.4650931,-10.904341,-0.21536662,22.394508,0.09977905,0.044639464,0.17348115,-0.022195304,-0.27571768,0.15258901,0.48275793,36.646133,0.079661556,-5.849764,-0.65488267,2.3234093,2.0090628,-4.6498423,-0.6840964,-6.534639,16.175915,0.02713382,0.004919123,0.050118584,0.530504,0.17777778,5.16,4.99,0.445,0.105,-21.465275
39.17261,0.01875359,38.89456,39.171703,39.397408,0.50284576,14.843463,6.5742397,12.56208,9.04867,1.0688202,0.33673403,0.8590072,1.0644827,1.3655949,0.5065877,2.9194567,1.9938236,3.1762538,2.004669,0.23658188,0.64965445,30.572283,0.17605805,-14.388962,-0.240525,-13.888629,-0.5772109,-20.684086,-0.4074773,0.021371197,1.235363,1.1797429,0.69227415,8.2463455,0.59438235,9.469451,0.47791877,25.301422,0.23944879,742.5533,0.32112622,1544.5,0.19617869,-30.736437,-2.174827,1571.9244,0.14790162,1274.7484,0.26413324,-26.052036,-2.1931658,2817.0767,0.07593467,926.8142,0.4030943,-42.027855,-1.237905,-2.17072,-1.1416055,23.49301,0.17789897,0.05772456,0.30572605,0.00067888864,7.778101,0.24818903,0.5836538,31.588058,0.13145308,-14.841539,-0.18929087,-15.585578,-0.41758373,-22.770174,-0.2598145,-3.7843282,16.990261,0.031144202,0.010198657,0.1631279,1.1730206,0.29761904,3.02,0.0,0.155,0.044999998,-21.65692
33.390972,0.030044008,33.008015,33.54398,33.973064,0.96504974,9.512249,4.642916,6.9530168,5.072953,0.9113372,0.3946126,0.42858252,1.02108,1.1615387,0.7329562,2.3548892,1.6626503,1.9256649,0.9848498,0.19679485,0.35460344,33.528732,0.22718385,6.2622747,0.79919773,-13.277754,-0.8375673,-13.842268,-0.67971647,0.0055033783,1.0319529,0.5534225,0.7040229,10.302877,0.113216236,2.0015087,1.048343,29.707085,0.13507016,535.32263,0.28146774,1594.6024,0.1312863,-48.3466,-1.715005,1424.6255,0.13795449,1170.4033,0.21094647,-50.918922,-1.5590688,2739.0674,0.06927789,973.8459,0.43317345,-68.5454,-1.0195876,-8.313191,-0.40066132,27.898605,0.07644078,0.03187859,0.38774484,-0.020929797,-0.34110668,0.22248136,0.24965553,37.178432,0.09313478,5.459927,0.7468076,-17.85547,-0.4083099,-17.75177,-0.35008362,-11.17921,18.627983,0.00925495,-0.009435036,0.10987479,2.2377625,0.28169015,2.76,2.59,0.51,0.3238312,-21.62709
33.50801,0.019763527,32.82945,33.468307,34.15851,1.3290596,3.1597288,1.5631557,2.0236506,1.904887,0.8471023,0.3149479,0.69031775,0.8400233,1.0678241,0.37750638,1.0683453,0.48291907,0.8556512,0.8033338,0.08245327,0.5951293,31.18598,0.19006477,0.43832472,9.038836,-11.367363,-0.61982447,3.0463302,2.1023042,0.0016579916,1.6036301,0.30387062,0.8277952,11.918563,0.050370693,1.6863211,1.3093827,20.278069,0.15061833,895.002,0.16746968,1468.976,0.18445353,-21.970242,-2.1316698,1589.3265,0.091604866,1229.2407,0.23767628,-18.39391,-2.561552,2932.331,0.054437917,624.19055,0.5061967,-36.950012,-1.1461612,-4.498441,-0.54380894,26.021881,0.18579894,0.0369856,0.31432784,0.008081227,0.61214507,0.087023675,0.5459338,32.4379,0.09606293,0.36266777,11.12,-12.810905,-0.3205915,2.8663633,2.2566137,-5.4344826,14.979512,0.014589568,0.021607539,0.016099896,0.37418148,0.09407338,9.96,0.0,0.65,0.0,-24.034973
35.17726,0.03845204,35.09298,35.31407,35.60865,0.5156708,134.21686,0.0,1.3721149,1.3961833,0.87789565,0.3685321,0.74152195,0.868687,1.0790585,0.33753657,2.4682376,1.3258964,1.784931,1.0841899,0.16942465,0.41631737,33.398888,0.16442007,-19.721153,-0.44572967,-13.953634,-0.7856683,-5.9098682,-0.85541046,0.010395255,2.413988,0.87367046,0.82681084,9.0240345,0.27760968,-5.440959,-0.48804256,13.023687,0.35576272,706.8753,0.13544926,1535.625,0.11371201,-19.755157,-3.1211596,1563.0927,0.053860992,1198.2899,0.16022775,-21.046444,-2.8965948,2717.2715,0.046140004,759.8748,0.3306502,-35.870663,-1.5642432,0.038013507,43.400124,21.137585,0.17574094,0.03106104,0.42895272,0.006059881,0.74952245,0.18408519,0.3298832,35.093834,0.055534475,-21.855167,-0.2943854,-17.164675,-0.3092238,-6.820618,-0.64507496,-8.031332,18.390598,0.0017703598,0.016572107,0.050017938,1.4613779,0.21141648,4.23,0.0,0.48,0.0,-24.377169
33.69116,0.062516324,33.480473,34.02593,34.452236,0.9717636,-3.3346019,2.9107513,4.3404794,0.0,0.99350595,0.6753312,0.39345276,0.7414813,1.7384152,1.3449625,3.8189027,1.6875821,3.670596,2.327006,0.29886904,0.6557314,31.67183,0.17475432,-8.013301,-1.3337038,-9.9913435,-1.4033251,11.942485,0.88356835,0.0071878177,1.2103076,0.59013927,0.84473985,9.289076,0.28120643,-2.2843177,-1.2070783,15.252185,0.32727194,736.4212,0.41429043,1624.1833,0.22009188,-123.39599,-0.79340565,1559.6989,0.13383761,1351.2722,0.22715901,-116.18996,-0.85091007,2575.6296,0.12676232,999.31836,0.231816,-121.672585,-0.76007533,-2.9222333,-1.2180322,16.566889,0.18298596,0.034513164,0.37526926,-0.0031245025,-2.2727115,0.31857327,0.66305226,34.556137,0.14071314,-17.718456,-0.42003894,-20.090267,-0.33966652,16.43043,0.40576673,-9.602528,20.63083,0.015951246,-0.0067942627,0.28754413,1.2453301,0.5012531,0.8275,1.1812572,0.91599995,0.8191117,-20.815048
31.695242,0.08984689,32.10991,32.23651,32.335434,0.2255249,1709.7408,0.0,5.936143,2.3580384,1.0353814,0.41696477,0.54203236,1.087268,1.3546629,0.81263053,3.4937916,3.18272,1.4422882,1.1557678,0.24842104,0.6183215,34.05356,0.12892953,4.863898,0.81966895,-4.483979,-1.5732585,-12.191927,-0.3715387,0.009112646,1.1118606,0.79733294,0.87403846,9.743564,0.21348588,-1.0335271,-1.8581753,22.34079,0.16699743,635.78436,0.23041415,1625.6565,0.10568185,-52.893158,-1.6397226,1548.7838,0.08900041,1325.4629,0.23532572,-61.127464,-1.3204685,2689.445,0.11286677,936.0504,0.5612248,-66.55867,-1.1664548,-13.610541,-0.1556895,22.06335,0.17299908,0.061254527,0.13091367,-0.029968439,-0.15091375,0.25882143,0.5902804,34.75162,0.09170661,4.8098574,0.64992756,-7.193599,-0.70061773,-13.209879,-0.27364764,-15.619507,24.772806,0.03990834,-0.022294728,0.22125885,0.89171976,0.64102566,1.152,2.1843204,0.4775,0.36731288,-19.932747
32.9345,0.05049581,32.534878,32.671295,33.017593,0.4827156,4.955304,0.0,-0.106048584,0.0,1.256474,0.36362076,1.1383604,1.2547795,1.3964391,0.2580787,4.3132906,2.8615167,0.5105274,1.1138875,0.4690016,0.69848603,30.996326,0.23491374,-23.398176,-0.3169805,-11.830209,-0.7179374,-7.5003676,-0.99601233,0.038025558,0.7306321,1.3777562,0.5988206,1.1026763,5.254781,10.183173,0.41295344,21.448229,0.28206798,849.4015,0.10052304,1233.7365,0.08412872,-19.752523,-3.1530514,1632.3618,0.03486931,1079.187,0.18655425,-13.508092,-4.6989045,2858.6294,0.024155078,528.71814,0.15038107,-33.936012,-1.6679717,4.5633955,0.6157912,21.713326,0.11868388,0.058176063,0.16468029,0.022080433,0.3324231,0.4975661,0.61881274,32.91154,0.11167505,-25.247143,-0.15237337,-13.876966,-0.37043303,-8.853722,-0.6704523,-0.82968146,14.074023,0.025609212,0.01771654,0.1928753,1.0899183,0.5524862,1.605,1.5849999,0.175,0.155,-19.367647
37.370102,0.025696982,37.00122,37.285557,37.765694,0.76447296,60.489243,43.760098,26.479042,24.752773,1.3805475,0.4873358,0.44906458,1.6925167,1.8765813,1.4275167,2.5614588,2.4458058,0.63159955,0.27193183,0.15992339,0.8074923,18.790009,0.36421248,-10.94941,-0.94120306,-18.320618,-0.7412258,-5.6521425,-0.93479925,0.00355626,1.4567224,0.41936773,0.7163116,12.179787,0.21238732,-1.7693583,-1.6298906,10.940792,0.42617023,789.4133,0.15409592,1458.4891,0.11614034,-54.340523,-1.6334286,1664.4412,0.08448999,1180.2284,0.2306494,-54.31637,-1.5888968,2867.784,0.09198359,922.464,0.53623134,-63.118134,-1.2862848,-1.4072008,-1.7345402,15.894376,0.20211422,0.076580495,0.14428413,0.0025571147,2.0441768,0.18713221,0.7414699,21.34781,0.20152116,-16.532682,-0.23389758,-25.836176,-0.1561287,-6.3880854,-0.7828484,-5.8277297,13.824508,0.03903334,-0.005163594,0.086832605,0.24660914,0.62034744,1.18,2.2750297,0.412,0.40769598,-19.46519
21.766535,0.123795345,20.936733,21.147875,21.433844,0.49711037,165.61948,136.71223,14.952055,10.30153,1.102823,0.305655,1.0074875,1.2042685,1.3472762,0.33978868,4.983912,4.0316343,3.9285562,2.8522925,0.31055856,0.38661835,27.923264,0.20863515,-6.0773993,-1.3104868,-3.15969,-1.419181,-11.929543,-0.6304156,0.019592939,3.6112695,0.8120595,0.7515555,3.393352,0.5279803,5.7027407,0.30913123,16.597513,0.16578594,482.95596,0.1712217,1341.2576,0.11217725,-34.125095,-2.2221513,1354.288,0.09278204,1244.8851,0.16219516,-37.35746,-1.9921486,2388.289,0.06947992,860.3041,0.28414834,-45.766777,-1.5412761,-7.9728165,-0.2770194,17.334246,0.15192354,0.015371351,0.5053771,-0.025588049,-0.22199202,0.3435812,0.2788653,29.93252,0.103553034,-8.698265,-0.60760504,-4.445383,-0.5701729,-13.686778,-0.47401944,-9.688151,18.51743,0.01668158,-0.011629622,0.16285358,4.295302,0.40540543,2.0266666,2.7111783,0.3125,0.2780625,-22.445751
29.468615,0.1720674,25.957718,26.236977,37.374256,11.416538,138.11789,109.138336,97.9515,108.24774,1.0802666,0.26304585,0.84378123,1.1361634,1.2897482,0.44596696,4.123835,2.4028103,2.4171169,2.3466804,0.4241381,0.41720012,31.843353,0.14341466,-5.391986,-1.2763023,-12.334908,-1.0972041,2.655008,2.488125,0.028753584,1.6275249,1.2957644,0.4716602,2.5958283,0.99579096,4.0681925,0.8682141,26.931133,0.15264739,797.80707,0.11032962,1286.3044,0.1200628,-47.66992,-1.804082,1685.8242,0.048935637,1013.55743,0.18472652,-53.369965,-1.5436015,2818.3242,0.039794005,708.0387,0.23839994,-66.03858,-1.1380827,-7.2587643,-0.34031677,24.76848,0.106457464,0.06488207,0.16767153,-0.013083436,-0.4116725,0.42934695,0.27436683,33.54315,0.08560533,-7.060473,-0.8292155,-17.899664,-0.45178714,3.5385463,1.6181649,-10.47289,20.03694,0.05359991,-0.015561755,0.37114277,2.4032044,1.891892,0.38642856,0.56857723,0.12923077,0.13309693,-21.43537
35.937088,0.010430713,35.68838,35.9131,36.216892,0.52851105,3.4856675,1.8278747,-4.0880566,4.123519,0.9377202,0.5690742,0.2566406,1.2144464,1.4238043,1.1671636,0.9331645,0.4403534,0.9845384,0.5781503,0.142058,0.53056073,30.883738,0.22487679,-5.4454885,-2.3686988,-7.0641246,-1.2717277,-1.7599251,-2.3514044,0.0028601105,2.4727414,0.33641386,0.5860282,12.364771,0.13363595,-0.44630092,-4.619312,20.403387,0.20479535,859.4157,0.05736515,1085.6051,0.08792464,-78.912285,-1.1990846,1781.8512,0.041282393,835.4589,0.13638824,-81.786545,-1.1265587,3023.9265,0.044035275,663.1423,0.29640836,-94.38591,-0.873413,-2.9620764,-0.8994562,25.784552,0.1763503,0.03983911,0.20543624,-0.009985184,-0.6861153,0.17211226,0.43674195,35.24747,0.128688,-14.78764,-0.33940414,-13.518837,-0.27840906,-2.6698875,-1.5748667,-13.480585,22.12584,0.01932244,-0.012384756,0.09326583,0.5607477,0.18867925,3.3,0.0,0.98499995,0.125,-20.88151
23.905376,0.02966673,23.446304,23.664522,24.306042,0.8597374,4.918991,3.5135753,8.924004,11.838073,0.66931874,0.4424023,0.33180228,0.6991763,0.84845716,0.51665485,2.1537118,1.7624173,1.4235489,0.83758646,0.11458945,0.5449102,28.982906,0.20987362,2.5667462,2.1441615,-10.280308,-0.6711481,8.336298,0.6882267,0.006308125,1.2879704,0.48046997,0.60607594,6.5220656,0.15776962,7.034093,0.359439,21.378645,0.14080387,601.3724,0.13861692,1409.7478,0.0741705,-49.127422,-1.5853654,1482.3909,0.048902042,1041.0715,0.07297248,-47.92534,-1.6394804,2727.252,0.032585595,611.06903,0.3198087,-60.458588,-1.1930056,-7.0838184,-0.22403073,21.78005,0.124194935,0.0019377929,4.920153,-0.0012935759,-2.7907221,0.13022518,0.45499456,31.894356,0.07298725,0.53967375,7.20357,-13.417407,-0.2181099,10.134265,0.43443242,-11.03353,21.02793,0.017408725,-0.0038905123,0.058053855,1.9801981,0.28490028,2.76,2.73,0.48333332,0.13767917,-26.573168
36.95325,0.01677083,36.833073,36.93751,37.032467,0.19939423,196.78505,139.15604,0.8520053,0.0,0.6248663,0.52064127,0.20044684,0.6668546,0.8199677,0.61952084,1.5950341,1.8131267,1.7182381,2.1650834,0.08193394,0.7427019,25.868752,0.36546135,2.2840474,3.7089329,-8.541879,-1.1094528,4.8076534,1.1060642,0.0047594965,1.1266445,0.41218868,0.74432164,12.935485,0.11234399,-2.6859896,-0.8476887,16.717443,0.2503096,860.44037,0.04554001,1194.201,0.068686776,-60.163372,-1.3944349,1697.5297,0.0337498,999.9388,0.15268442,-65.61059,-1.2281282,2834.0474,0.017955238,562.9545,0.27869493,-75.513885,-0.9898577,-13.048205,-0.22839849,28.77232,0.15518172,0.039255,0.26447237,-0.0027183464,-1.3374139,0.09763441,0.6508668,31.173018,0.09126472,-1.9139134,-2.7129369,-13.871463,-0.25187397,3.763736,1.3686786,-9.885058,18.438635,-0.004872288,0.0051162736,0.039379455,1.0432191,0.15015015,4.9,0.0,0.865,0.13499999,-24.997286
33.018703,0.007833503,32.788795,33.02576,33.25684,0.46804428,4.280492,2.9008472,2.8896542,2.8915248,0.7330241,0.33893842,0.44459298,0.7817185,0.9389801,0.49438712,2.7243145,3.117827,1.5350633,0.95023596,0.2644093,0.36418882,38.818806,0.15147804,2.478896,1.6586285,-1.4466321,-5.809787,-14.863089,-0.6097769,0.011001284,0.67820734,0.9593302,0.47198236,6.384393,0.3557479,1.7006707,1.3088491,28.440641,0.121410266,640.5256,0.21087381,1622.8516,0.12327103,-53.49256,-1.6472968,1520.831,0.10582574,1374.7627,0.18776876,-63.768394,-1.2663081,2730.6707,0.04944778,841.1909,0.35755122,-71.85237,-1.0570555,-16.145147,-0.12225502,27.656057,0.09684322,0.01782315,0.64446014,-0.02810167,-0.17128347,0.29368156,0.2980143,41.619827,0.06897279,1.7999427,2.1702383,-5.5057106,-0.9184765,-19.41503,-0.2155417,-15.186845,25.395187,0.00040018497,-0.008919512,0.18336871,1.6415869,0.41322315,1.78,1.693576,0.46249998,0.49210644,-23.56842
34.541805,0.1879467,33.01728,33.492405,33.80185,0.7845688,21.917145,12.775276,292.48935,104.502975,1.0764626,0.43157187,0.47211885,1.2147932,1.4242237,0.9521048,4.6677303,4.910759,3.7055383,3.9942162,0.20650712,0.6822129,27.112225,0.33134225,-0.09843958,-108.93659,-9.773634,-1.2875766,-5.250357,-1.433454,0.0068284785,2.5324762,0.5833817,1.3098614,10.460545,0.21222104,-0.13620405,-51.774,21.481318,0.32229623,711.78186,0.17501345,1418.2358,0.11225161,-46.29511,-1.7102447,1629.3164,0.07722891,1036.1771,0.13639033,-50.519207,-1.4752854,2784.3042,0.050536606,715.1889,0.27406973,-60.218422,-1.1379347,-9.400167,-0.60147655,23.34789,0.1902451,0.047170542,0.25225857,-0.016899921,-0.5460115,0.20435798,0.633646,30.147184,0.22819524,-0.91370296,-9.984214,-13.227967,-0.84826934,-6.0468135,-1.1182665,-6.830783,15.937274,0.02560795,-0.0019347669,0.21812396,2.1194606,1.5564203,0.50124997,1.0740162,0.13714285,0.0651842,-21.062624
37.720867,0.043972842,37.80589,37.9379,38.058853,0.25296402,185.2082,151.89417,26.013908,102.950424,1.5957592,0.39793894,0.7230545,1.7803665,2.0773807,1.3543261,3.0307202,2.475642,1.8266858,1.4121939,0.22033039,0.41894552,26.366606,0.22059618,-11.774816,-0.9784447,-12.677713,-0.5911112,-24.239769,-0.52006406,0.0064327717,1.4777373,0.48172167,0.7338873,12.294697,0.23279716,-7.627482,-0.59951675,10.032615,0.6305653,629.5806,0.17369244,1494.7812,0.10809554,-32.077908,-2.1313918,1546.4452,0.074811146,1176.6547,0.35190892,-33.23521,-2.0110734,2787.461,0.09787788,792.2103,0.6930217,-43.142563,-1.4570163,-5.384031,-0.6500089,18.992737,0.23901767,0.06271602,0.1979997,-0.0038685421,-1.8677912,0.2309624,0.41039476,27.818348,0.15954451,-14.627526,-0.64594054,-14.633476,-0.36140022,-27.990198,-0.31412083,-8.6722145,18.749668,0.035500206,-0.012314022,0.16224612,0.6335798,0.955414,0.88555557,2.3036594,0.126,0.10307279,-16.823776
32.91559,0.050216224,32.874184,33.170918,33.401516,0.5273323,3.3758345,2.2661617,2.8414981,0.0,1.9703585,0.21549328,1.7973318,2.0979657,2.2371404,0.4398086,4.35678,5.511545,4.3363757,6.9213467,0.49231315,0.3889156,29.157763,0.12970428,-36.511623,-0.20460713,-3.8099658,-1.1977549,8.905058,0.6070818,0.007898637,0.932781,0.59908354,0.66518563,7.9267097,0.2859207,-2.4978232,-1.2247492,-0.33589858,-23.157614,667.742,0.17271253,1342.3312,0.12467163,-12.389557,-3.6735053,1625.3074,0.063291736,1279.6073,0.30523625,-4.51942,-10.456325,2676.4155,0.096054815,1215.2146,0.4960742,-15.607885,-2.8683898,6.1262465,0.4852528,13.837701,0.18466865,0.050691318,0.26732817,0.0128979795,0.53803134,0.504305,0.35139552,29.313486,0.122651234,-37.728374,-0.13743527,-3.9757936,-1.0709888,9.564107,0.5049947,-1.6665834,16.255032,0.039684728,0.0047894563,0.33647573,1.5138024,0.26833633,3.5066664,4.832007,0.19999999,0.24752103,-16.404165
32.803627,0.12705828,31.265715,31.65567,32.493015,1.2273006,156.97713,170.3841,61.339813,24.717186,1.0864962,0.47031042,0.7306704,0.92917997,1.5983783,0.8677079,3.166436,3.2766366,1.1918018,0.41514784,0.28447008,0.67815137,28.448578,0.17820239,-35.148937,-0.3619587,-8.833343,-0.7299253,-0.16778658,-35.579117,0.01934638,1.9431553,1.3072346,0.8666136,5.922483,0.595225,-3.462916,-1.1240649,3.1835039,1.8172961,628.97034,0.41814125,1456.1926,0.20032826,-24.24401,-2.6871018,1579.9375,0.16466577,1261.8715,0.14523256,-13.884477,-4.5080123,2589.3506,0.099676475,1194.2189,0.2666309,-28.719383,-2.0138376,6.1550884,0.5745113,18.876373,0.1637871,0.046592362,0.19762933,0.015853325,0.4570205,0.30549473,0.62489593,29.15846,0.113436095,-37.818466,-0.2760833,-8.943527,-0.68871135,-0.99638903,-5.6926737,1.581421,15.973995,0.033916205,0.018632447,0.14858687,0.5633803,1.1461318,0.7675,0.39277062,0.11,0.06480741,-21.792482
31.446041,0.04959389,31.4704,31.595587,31.72051,0.25011063,0.0,0.0,-0.0414963,0.0,0.9847976,0.39769405,0.8517679,1.0204879,1.2935505,0.4417826,2.3288376,1.4560962,1.522456,1.0910336,0.23916374,0.36009663,25.875195,0.23124586,-2.198458,-4.2318945,-9.35893,-0.76288337,7.787905,0.8440272,0.009544382,1.8641644,0.67288274,0.6491494,7.0425963,0.36266756,12.153507,0.41735607,14.795761,0.21765056,533.74316,0.12650749,1388.3752,0.1073618,-59.743656,-1.3436204,1426.471,0.044230737,1145.3999,0.24530861,-54.55036,-1.5264521,2670.0007,0.033252537,857.943,0.38974527,-63.929707,-1.2183297,-4.0021524,-0.4769516,17.219397,0.17472179,-0.019486742,-0.4865057,0.0018443781,1.9696343,0.23484258,0.30037087,27.7247,0.11512718,-5.53033,-0.79467344,-12.124598,-0.3524938,8.735342,0.6305171,-15.749663,26.858196,-0.016667329,0.0023995219,0.2887146,1.4466547,0.729927,1.0174999,0.67677087,0.3275,0.26442152,-23.505602
36.747547,0.01566589,36.453873,36.68668,37.06952,0.61564636,91.31221,60.839657,0.3099076,0.0,0.90495276,0.3585426,0.8088745,0.9425482,1.1042433,0.2953688,1.1251993,0.6509597,0.17781612,0.277976,0.11997289,0.44194242,25.42782,0.13014841,1.7546567,3.1510699,-20.155525,-0.5139301,-6.9332786,-0.6887412,0.0038660564,0.93454105,0.5427902,0.6619547,12.00837,0.113308266,-2.0529516,-0.9323456,24.073986,0.12552139,791.2335,0.07204206,1371.2416,0.08166305,-31.193882,-2.1946132,1684.5624,0.0355689,1035.0576,0.1146863,-38.040897,-1.7222611,2862.181,0.031110369,860.5436,0.282004,-53.795055,-1.099702,-10.518701,-0.25516385,25.058996,0.12553762,0.06756204,0.14134786,-0.0136212865,-0.48543012,0.12615164,0.42797536,26.167402,0.086993806,0.36274552,12.137048,-24.007702,-0.18609363,-8.143173,-0.46026415,-12.777032,22.242645,0.046482738,-0.006343822,0.086408995,0.52700925,0.265252,3.23,3.1999998,0.52,0.02,-23.766302
20.139273,0.008619509,20.038956,20.128063,20.20517,0.16621399,3.032266,3.416319,0.38885298,1.2982291,1.1290083,0.3709049,1.0587984,1.2032026,1.3835341,0.32473564,5.0529723,2.0874226,4.6517773,2.106203,0.20113356,0.4045259,39.828197,0.19498086,-16.962067,-0.36977932,-8.268375,-1.1875576,5.3341393,0.7499502,0.0030295479,1.0327082,0.29968238,0.7043988,5.376398,0.076526895,-5.9284325,-0.4678548,4.076161,1.0722572,454.78094,0.14891937,1233.8926,0.114995524,-31.820877,-1.9278604,1310.4905,0.07759091,1086.811,0.09132898,-25.19058,-2.5151982,2254.5962,0.06308936,795.36017,0.1892284,-37.02607,-1.5974513,-4.0893655,-0.43268892,16.41661,0.21036956,-0.021230465,-0.34240437,0.00046083354,7.1494627,0.22286166,0.2487402,42.218422,0.092031,-18.712292,-0.20114054,-11.124794,-0.5508645,6.0103083,0.5498331,-6.911717,17.551708,0.026199793,0.014838982,0.042566814,5.6517777,0.09157509,9.65,0.0,0.62,0.55,-20.460417
30.79664,0.017763764,30.687931,30.818586,30.937801,0.2498703,5.240692,3.1189246,22.17409,29.031965,1.1905472,0.61542267,0.1625306,1.5989064,1.732905,1.5703745,3.1968396,3.708151,1.1779814,0.93525285,0.1789858,0.6643691,27.472038,0.17841035,-9.823448,-1.1796539,-11.941513,-1.3379616,3.4456375,1.2419384,0.007600774,1.0400718,0.3589004,0.5775201,9.309724,0.19969352,1.6892235,1.0455859,15.822265,0.2717354,589.30664,0.4072087,1668.7081,0.13966897,-62.08853,-1.5738146,1511.3418,0.10736658,1353.1865,0.19925681,-58.307304,-1.6661555,2554.4504,0.07545625,1263.8367,0.24091914,-69.42309,-1.2905253,-2.134707,-1.0647832,18.95743,0.10932273,0.07602247,0.14151211,-0.0047366,-0.73829067,0.23501906,0.35471708,28.091465,0.09332119,-17.044403,-0.25077125,-22.144348,-0.14951788,2.5231524,1.399758,-12.576331,22.535065,0.034659635,0.00010427395,0.063200794,0.7564297,0.30487806,2.225,2.185,0.6866666,0.38938698,-20.240635
29.869867,0.16415064,22.226784,32.370914,32.815613,10.588829,156.31006,114.36072,152.73396,130.76865,0.72956324,0.29773074,0.6342564,0.73756987,0.85090417,0.21664774,4.658204,6.3512483,2.7403638,3.9197793,0.2388707,0.34065178,33.77195,0.09782068,6.471338,0.5652462,12.872885,0.3446865,-10.37304,-0.5975509,0.03126571,1.9561151,0.9419626,0.43152365,6.378925,0.367136,12.8472805,0.49097362,30.583868,0.11669021,541.7312,0.3330999,1504.6292,0.12393329,-28.558783,-2.3341773,1517.4106,0.13464364,1199.645,0.19076623,-41.87602,-1.4279389,2609.694,0.07901763,1029.1848,0.38380626,-49.356068,-1.153164,-17.209137,-0.122326426,25.690294,0.104357496,0.01623587,0.73824066,-0.01549367,-0.43481848,0.24778117,0.30611995,34.098793,0.06489863,6.929915,0.5186039,13.2286005,0.28920725,-11.141432,-0.5023612,-15.614571,25.989264,0.008852947,-0.0067787273,0.19099319,0.6106871,0.7692308,1.122,1.8365008,0.19,0.099749684,-23.2197
25.558197,0.04012713,25.210712,25.389807,25.637375,0.42666245,115.560356,80.9072,16.01734,14.954793,1.3439875,0.36976293,1.1933906,1.4339371,1.6901585,0.49676788,4.7282805,4.5217147,5.7753787,7.4602532,0.38347012,0.4442738,23.614096,0.24449319,-13.831854,-0.6407247,6.9677844,0.7072126,-16.358997,-0.5147623,0.00935841,1.1234663,1.3099422,0.5993699,4.362465,0.40921712,11.750537,0.37275416,11.351797,0.33404344,475.1008,0.081511006,1101.8684,0.10195147,-38.68147,-1.7971535,1315.5461,0.060783036,1088.2837,0.18060611,-33.146526,-2.170324,2438.9768,0.030041756,624.891,0.2203102,-41.36329,-1.6539439,-3.2369788,-0.43702894,10.027276,0.26445013,0.014140387,0.7158482,-0.005623023,-1.1483667,0.43083405,0.27172205,25.578115,0.1073785,-17.001589,-0.23446308,8.063993,0.477555,-18.879436,-0.2878795,-5.4103966,13.030148,0.022877473,-0.004053563,0.14037494,1.9909502,0.27272728,3.08,4.2356186,0.42249998,0.36403126,-20.937325
29.029617,0.019820549,28.667528,28.951267,29.29695,0.62942123,95.8474,90.17836,4.4289546,10.491935,0.62266356,0.41583952,0.53451264,0.61459607,0.87523973,0.3407271,0.77698416,0.43805733,1.7880554,1.6092403,0.085072346,0.5265241,26.407879,0.15015008,-9.943053,-0.81486535,-7.725588,-0.44649032,-8.997818,-0.8297265,0.0039061662,0.7850239,0.4660575,0.6398169,8.565113,0.14182657,1.6966629,1.0558561,11.164514,0.2182337,625.12994,0.1561072,1484.7476,0.08500891,-38.400993,-1.9416869,1477.0948,0.069948055,1326.7611,0.15965167,-34.1802,-2.237355,2699.1982,0.045415986,1031.5154,0.4635048,-48.23399,-1.4513971,2.4926376,0.5177312,19.24418,0.11330235,0.03244026,0.28618854,0.011393608,0.3242128,0.095052,0.45378715,27.804329,0.087000735,-13.380528,-0.27386868,-8.359063,-0.34980285,-11.075245,-0.5835226,-8.125599,19.557793,0.021065732,0.0019663516,0.04115526,0.2766252,0.27855155,2.95,2.9099998,0.41,0.41206795,-29.536795
32.994473,0.008691134,32.858894,33.050045,33.175194,0.31629944,2.7463436,1.4602393,2.458941,1.2499137,1.1603694,0.46920022,0.40905264,1.3344393,1.5049353,1.0958827,2.0938463,1.3026541,4.253515,5.227866,0.22896244,0.48824474,28.311007,0.24529849,-5.71451,-2.0954957,1.8361998,2.7321537,-6.2115536,-0.8937703,0.004453123,1.3574556,0.55285114,0.5783675,9.949112,0.13730256,14.186094,0.17164679,20.336073,0.19936338,903.9781,0.08027406,1277.4935,0.101763174,-62.743317,-1.4299368,1650.0507,0.034975015,1130.8685,0.15144078,-63.140255,-1.4174033,2832.8333,0.019842219,560.87854,0.3030163,-72.24655,-1.1575749,-4.616305,-0.55812085,19.832926,0.16906194,0.030159261,0.27482522,0.008892839,0.49658477,0.26380926,0.3868987,32.171116,0.11340231,-12.863842,-0.37392423,0.26249853,14.799859,-8.608263,-0.47676477,-11.943575,20.795412,0.008482906,-0.011654715,0.1509972,1.2522362,0.18050541,3.8799999,0.0,0.815,0.125,-20.437649
33.619526,0.021844992,33.115307,33.485706,33.975307,0.8600006,18.513027,18.2584,15.410941,15.834235,1.354569,0.32335413,1.2590116,1.4226547,1.5811055,0.32209384,4.3724475,2.1167,3.314412,3.400827,0.36369315,0.60968673,25.046305,0.15662932,-1.5073949,-3.8596098,-5.2605953,-1.3359252,7.882293,1.0391653,0.010696516,1.3601778,0.6631065,0.652929,8.700063,0.35472402,14.100276,0.37899676,23.804106,0.19405365,775.4085,0.3617895,1439.005,0.17532794,-36.404858,-1.9389182,1727.6418,0.1726731,1227.2589,0.32147864,-34.496174,-1.8168561,2788.0427,0.10855138,1076.5618,0.33541,-43.4852,-1.3612536,-7.797548,-0.3979458,20.810894,0.16488832,0.04837688,0.26783034,0.0001255118,68.416435,0.38696432,0.5606564,25.788153,0.10501028,-2.7163494,-1.3614975,-5.1002254,-1.0731046,7.172578,1.164363,-9.394086,20.850565,0.041783854,0.0070879892,0.22894382,1.1703511,0.39267015,2.2133331,3.0170882,0.2325,0.18294466,-18.396698
32.20291,0.010591914,32.024036,32.191074,32.498432,0.47439575,6.3920484,3.5495434,5.4811134,7.6798387,0.75967056,0.47336876,0.3090617,0.89139223,1.0666136,0.75755185,1.393115,1.056926,0.73922205,0.37376627,0.14319588,0.66705865,32.906387,0.18100496,-22.146538,-0.45452663,6.239571,0.57334286,-6.672256,-1.0662025,0.0074089407,1.1831038,0.72774225,0.5017999,7.8472652,0.22560187,5.1483865,0.6448646,9.856545,0.51697123,616.9466,0.12421993,1307.3934,0.10334824,-49.378456,-1.6144352,1541.5156,0.03486159,1114.6228,0.32622683,-44.32839,-1.8593737,2754.4114,0.057141073,963.36115,0.67060494,-54.86086,-1.401709,-0.24112791,-12.876821,14.80044,0.21858759,0.014105847,0.68591833,0.010701798,0.35905167,0.17131566,0.51518416,35.493034,0.07614713,-27.010557,-0.1531544,5.6728096,0.5181982,-9.889031,-0.40446264,-7.2751846,20.102633,0.0049067717,0.015163162,0.048746724,0.74441695,0.2512563,3.1,0.0,0.42499998,0.065,-26.7591
33.50909,0.021483853,32.848656,33.46851,34.160606,1.3119507,6.5000353,0.8810015,8.800313,7.5979733,0.40210542,0.47059366,0.25538296,0.38205674,0.5008249,0.24544197,2.4821146,2.675032,1.0087649,0.9561527,0.14526455,0.50471383,26.163273,0.36560985,17.56779,0.4524446,4.598303,1.8862073,3.4876323,2.385116,0.013410722,0.72939235,0.78049517,0.4831857,8.061116,0.25365287,13.99555,0.36060426,32.89573,0.16678089,644.2527,0.30728805,1641.7003,0.099778935,-87.931305,-1.0443795,1622.9695,0.13204291,1376.5522,0.19039232,-91.27678,-0.9164696,2807.3154,0.08708116,1072.0276,0.25386643,-98.14651,-0.7984402,-19.265863,-0.20009188,31.873451,0.15715101,-0.016687173,-0.71585923,-0.008189567,-0.61439675,0.15177302,0.4433585,32.01497,0.119295925,16.941887,0.4446982,0.04847962,124.76138,1.7514807,3.112932,-19.800526,29.144709,-0.022173462,-0.0030580054,0.15243237,1.5184381,0.877193,0.7025,1.0731816,0.332,0.3013569,-28.99463
32.59723,0.02901961,32.478912,32.73185,32.922947,0.44403458,50.489975,57.007214,7.477295,4.8071647,0.5836199,0.39973888,0.47693634,0.58752626,0.6835365,0.20660019,2.3937984,2.9332123,0.96435875,0.45253053,0.18701893,0.6303538,33.496567,0.21339561,-0.26686248,-27.364828,2.5546093,2.8758464,5.947431,1.0256792,0.01725948,1.6200552,1.1825751,0.4422848,6.398042,0.36485344,4.657185,0.59962404,26.050282,0.15095742,729.0733,0.16641068,1413.7043,0.12046544,-38.871773,-1.8134398,1671.265,0.05186557,1003.76263,0.18078488,-45.299046,-1.4900558,2805.3877,0.049568918,802.2468,0.34535697,-57.49065,-1.0808299,-12.458128,-0.21893334,26.19596,0.11599635,0.03789582,0.2967182,-0.019240422,-0.40746537,0.20771535,0.5616335,36.002987,0.100637116,-1.8264657,-3.0163248,0.25016832,19.947102,6.53247,0.9110741,-12.05526,19.38909,0.04068965,-0.0040373118,0.084717155,0.7151371,0.3597122,2.3233333,1.7558348,0.325,0.22643983,-27.326462
29.780611,0.017093234,29.32412,29.78663,30.268812,0.9446926,3.0308795,1.8411671,3.7084522,5.7388854,1.1098609,0.3318205,1.0954509,1.2065395,1.3315915,0.23614061,3.0240698,2.1554744,4.068634,2.8733158,0.251468,0.4513448,35.782978,0.119168915,-9.639413,-0.5807318,-6.2616143,-1.509712,-9.04659,-0.811103,0.0040097088,1.6450877,0.6941068,0.62444985,8.283564,0.21589468,6.010792,0.57983637,22.307413,0.20295914,592.1832,0.17817478,1374.796,0.09377379,-30.399534,-2.2070544,1500.6788,0.04635371,1042.6339,0.20212536,-27.812,-2.4498878,2781.6428,0.04526129,793.0946,0.49553436,-47.065216,-1.2867059,-4.157326,-0.46579328,24.491545,0.12893127,0.021427622,0.48225948,7.4411546e-05,52.180782,0.27824035,0.35104972,37.187153,0.056649376,-11.354699,-0.31984186,-9.572853,-0.47669578,-11.007917,-0.49681056,-12.286534,24.0934,-0.0112828985,0.0072352933,0.085426755,2.4800708,0.08896797,9.719999,0.0,0.745,0.49499997,-21.087755
37.470776,0.05497875,37.702137,37.800858,37.931362,0.22922516,179.1764,0.0,0.9408295,0.0,1.343085,0.27433607,1.245547,1.3584126,1.6126215,0.3670745,4.389375,3.4756088,0.7829107,0.699238,0.13914968,0.521815,35.77614,0.16262552,-3.0129094,-1.9074019,-28.99014,-0.36734056,-6.0918007,-1.2094313,0.0066825193,2.2997365,0.30323586,0.93010145,13.461351,0.14954402,-3.9393165,-0.9455048,24.211094,0.22362307,738.2783,0.18993048,1541.8724,0.13066359,-17.741491,-2.984366,1576.8324,0.10630559,1281.69,0.1931785,-26.463835,-1.7731776,2824.913,0.09952612,793.8678,0.3898915,-40.97408,-1.0477285,-9.632093,-0.27066264,28.56471,0.1241996,0.05862219,0.17404456,-0.010938539,-0.5057279,0.14436696,0.50066054,37.094864,0.08087797,-3.5256715,-1.5735914,-31.702278,-0.12640353,-6.8497066,-1.019704,-8.343632,16.993496,0.012209917,-0.0013642458,0.07062196,0.3018868,0.07575758,12.309999,0.0,0.42999998,0.03,-17.1982
26.693964,0.027074391,26.405476,26.698889,27.105642,0.7001667,12.9308405,4.8249707,15.250123,7.937147,1.0423785,0.42429152,0.6220551,1.2136692,1.4352245,0.8131694,3.8585308,2.1488671,4.0875034,2.9540658,0.31542486,0.5303523,34.758125,0.21119757,-15.792611,-0.6241199,-1.5678347,-5.024805,-0.39307988,-22.085913,0.012324069,1.0420351,0.9761687,0.66244453,5.5651073,0.3889114,8.152762,0.31930876,20.156412,0.2608479,607.6873,0.28672075,1281.8116,0.16039577,-29.739386,-2.045905,1473.7288,0.1520217,1155.2812,0.21287459,-26.386332,-2.3703163,2621.6792,0.07982628,839.9393,0.21003553,-41.252373,-1.3788328,-2.7259917,-1.8863262,21.655985,0.18355848,0.023391487,0.65442914,0.0056830053,1.0882753,0.35096923,0.41173115,37.058617,0.09374589,-16.950386,-0.56908196,-1.4157284,-5.7672286,-2.0789115,-3.686463,-0.08586593,11.483552,0.02451448,0.025869224,0.06576076,2.9490616,0.5449591,1.615,0.825,0.19999999,0.17,-21.21167
37.858475,0.08778535,36.611347,37.07917,41.19002,4.5786743,40.43436,26.279596,88.05857,131.97775,1.3330393,0.5356265,0.32407758,1.5518994,1.9848293,1.6607517,1.1970773,0.5165063,2.440788,1.7580458,0.25543958,0.7309455,26.324022,0.19485238,-12.321881,-0.9677449,-2.0799494,-4.113349,-21.508877,-0.6309038,0.012224079,2.6781094,0.5532431,0.91446924,10.899535,0.340281,0.8169351,6.7316236,14.853872,0.46269447,622.4049,0.3785802,1432.1735,0.10805933,-63.934532,-1.4570794,1568.3857,0.11510279,1332.753,0.2611534,-58.952053,-1.5142798,2467.4177,0.15019414,1189.2131,0.29058304,-65.421295,-1.3027205,-6.781272,-0.5462568,17.068403,0.24527563,0.06936158,0.20754348,-0.021214092,-0.25233823,0.31199145,0.6099651,26.417248,0.19947861,-18.490303,-0.40032598,-5.4625626,-1.3092148,-29.279537,-0.22515403,-12.747921,20.973675,0.0418359,-0.012750898,0.1172578,0.42796007,0.28735632,2.48,2.46,0.65,0.46396837,-18.342358
33.682297,0.0102038765,33.47226,33.649765,33.821777,0.34951782,8.978202,5.3534164,1.1257435,1.3864334,0.7505591,0.3659572,0.48095265,0.82608676,0.9222144,0.44126174,1.2658541,0.6641257,1.9332441,2.3645256,0.12348476,0.60270286,28.941202,0.19434245,-4.3964143,-1.0660838,1.5857466,3.9502692,0.34154192,12.976265,0.007574398,1.5663465,0.5852098,0.44727576,10.022048,0.17350726,4.3224435,0.5004341,18.424927,0.2164938,826.90656,0.124532595,1383.7375,0.13509524,-46.301895,-1.6339122,1689.3745,0.065368615,1083.1654,0.20154184,-49.07849,-1.4785116,2886.6055,0.060657725,760.47723,0.38766745,-60.987244,-1.0959345,-8.768512,-0.29429752,27.247482,0.10360971,0.031939995,0.31353027,-0.0033353798,-1.66683,0.14000846,0.52197725,31.342665,0.07357737,-5.496073,-0.7896483,-0.6298622,-7.1992,0.13230923,33.61093,-7.844281,16.098188,0.032233976,0.0026060008,0.05425236,1.2345679,0.2762431,2.9299998,2.8899999,0.65999997,0.14999999,-25.283981
24.97489,0.037834268,24.615192,24.9251,25.195704,0.5805111,11.669016,0.0,0.81368357,1.0631876,0.94892,0.31714523,0.81857586,1.0048223,1.0980179,0.27944207,1.5714055,1.7254988,1.4461544,0.9780602,0.29103076,0.3598343,24.337593,0.1291004,8.574696,0.5012527,4.5276165,1.0045431,-13.371937,-0.53190714,0.010556097,0.7314056,1.0244486,0.5094924,4.916995,0.29085588,0.6401157,3.7140336,19.391731,0.17822804,487.47913,0.24695505,1409.2993,0.117068596,-34.281597,-1.9432566,1385.2246,0.1378282,1157.1001,0.14723915,-41.799347,-1.5155075,2492.3616,0.07710839,834.71246,0.20667587,-49.522873,-1.2150649,-11.342879,-0.14718805,20.810846,0.13104923,0.020081406,0.41802096,-0.01736866,-0.40665475,0.3157768,0.27834517,24.380707,0.117041804,9.021487,0.45827258,4.9432244,0.832106,-14.926389,-0.3866196,-12.224167,20.695295,0.041911863,-0.015914368,0.14573365,0.47789726,0.24038462,3.5749998,3.5449998,0.3733333,0.24004629,-22.859121
23.357267,0.005410933,23.258781,23.348864,23.463907,0.20512581,1.9761496,0.6516695,2.05444,1.4548302,0.9130724,0.16935326,0.7900976,0.90939265,1.0500088,0.25991118,2.6053212,1.2724491,1.5387415,1.0063434,0.1830585,0.40885592,41.300354,0.06831281,-11.063731,-0.4549313,0.030559009,171.06136,-8.698221,-0.46719036,0.0028603978,0.5881767,0.69355786,0.71564114,6.3935313,0.123797804,2.986473,0.9438584,15.071947,0.5823604,441.97678,0.0939818,1148.2982,0.07003004,-5.9301324,-0.25310314,1344.4434,0.050613433,1059.9297,0.1508959,-11.672398,-0.27498972,2364.5027,0.04699185,902.5227,0.24273853,-22.48366,-0.18005794,-12.065804,-0.16009884,22.872454,0.13301097,0.014925329,0.5196421,-0.021994479,-0.32867938,0.18391462,0.40673798,41.422295,0.05061569,-11.04744,-0.45562288,-0.08049705,-64.67534,-8.603747,-0.4590548,0.0,0.0,0.0,0.0,0.0,2.7334852,0.23094688,4.3199997,0.0,0.0,0.0,-23.037825
30.020288,0.12744217,31.09375,31.475988,31.74564,0.6518898,286.52463,160.30624,103.65621,138.11784,1.3748659,0.39497396,1.0655739,1.5335292,1.7595385,0.6939646,5.621897,2.884285,5.976739,4.6331983,0.3878657,0.5901065,25.923803,0.16452578,-6.23698,-0.6691263,-13.338225,-0.7489698,9.42627,0.8320703,0.0170049,2.392857,0.7274533,0.6836427,6.2547016,0.5777323,2.659176,1.0733706,13.943919,0.26072636,578.92633,0.14902602,1474.8934,0.0828975,-69.03039,-1.3211101,1471.987,0.04084165,1081.9467,0.21799651,-65.02239,-1.4401491,2619.4902,0.027449423,714.7682,0.22227679,-76.800064,-1.113705,-0.25296098,-6.706206,17.646818,0.1633648,0.029166013,0.35433397,0.0019711726,2.4206321,0.38692904,0.42586675,25.24269,0.14052726,-7.1070848,-0.3796113,-16.781395,-0.24993265,11.668286,0.32065386,-5.027114,19.72632,0.0200555,0.0002908337,0.4000454,3.1484258,1.0574018,0.6228571,0.6038381,0.26375,0.46717066,-19.688368
32.343445,0.14669167,26.816109,34.64647,35.177914,8.361805,164.23843,77.6881,59.275623,36.251637,1.0191927,0.49429134,0.41535255,1.093915,1.3348117,0.9194591,2.675024,1.7108768,1.8700038,1.5181305,0.22308129,0.64982677,26.267382,0.2533201,8.591301,0.72772396,-14.777461,-0.83603334,3.4117424,1.7687943,0.033729892,1.9317826,0.76080596,0.9846193,9.010777,0.42525196,4.6210384,0.7885669,28.173437,0.21277133,775.9407,0.2300533,1440.1014,0.17511117,-52.862064,-1.6237197,1762.0966,0.15922163,1241.7865,0.23863907,-60.123867,-1.2986276,2854.0688,0.11078341,1106.0676,0.3232506,-68.33365,-1.0770838,-12.645909,-0.2320146,26.314724,0.13525693,0.049385235,0.30145007,-0.015930623,-0.49783584,0.26658297,0.50687176,29.385687,0.0957456,9.032768,0.64322907,-20.096447,-0.41135436,3.5228732,1.6866615,-9.032147,17.830135,0.013801464,-0.004788904,0.08855886,1.4569536,0.53333336,1.42,2.2138991,0.42999998,0.4217819,-19.593287
39.16879,0.016369358,38.92086,39.228325,39.38974,0.4688797,28.950163,26.621767,23.950157,35.445454,1.0201235,0.4514838,0.44310224,1.0773209,1.3944619,0.9513596,2.3559656,1.0278158,3.6876328,4.541293,0.20101774,0.3458327,28.552694,0.27950907,-6.6312227,-2.2316632,-13.396275,-1.0490932,0.5214318,15.987372,0.006408028,0.9683936,0.6372236,0.59707797,10.610486,0.19554007,-4.8852634,-0.7814057,16.240007,0.5508837,713.3186,0.2509748,1568.0524,0.12279935,-64.52359,-1.3912975,1593.1992,0.114708915,1339.1702,0.17197174,-58.154877,-1.4609193,2630.479,0.08735722,1143.4401,0.23429485,-70.27056,-1.105074,-3.8404953,-1.2698365,22.419056,0.2428677,0.03716328,0.27677327,-0.012186153,-0.675877,0.21924174,0.28062108,31.974714,0.18188412,-13.583421,-0.7836405,-19.93514,-0.48097578,2.7053657,2.8442354,-12.903925,20.33909,0.027071899,-0.020071996,0.15164116,1.4804846,0.4065041,1.8033333,2.4654458,0.475,0.27617928,-21.906763
32.5244,0.12873347,33.130875,33.34987,33.73101,0.6001358,1919.3162,0.0,15.823349,13.389335,0.27225348,0.37767646,0.2132103,0.2405545,0.33540308,0.122192785,1.1154572,0.9179497,0.5612956,0.1993611,0.08105739,0.37922558,25.43906,0.28716835,3.297643,2.0185344,6.8829355,0.8864373,13.575446,0.5321293,0.02011959,0.9096591,1.2701039,0.4749974,2.7888935,0.47171697,7.230128,0.58888954,18.44376,0.2966812,927.684,0.22695775,1226.6414,0.22412194,-186.57657,-0.2447778,1757.9142,0.11102711,1307.3612,0.26075137,-185.49446,-0.25937414,2833.424,0.078465,936.4994,0.6917801,-186.7616,-0.23635367,-5.147648,-0.7002444,21.207197,0.18491985,-0.008913722,-1.0930636,0.016949857,0.44045267,0.09852899,0.29535326,26.726196,0.13298093,-5.7448254,-1.2311285,7.314635,0.4394915,21.238756,0.29394215,-10.219272,22.624348,-0.010258376,0.0070536025,0.08020435,0.6385696,1.2853471,0.053,0.05675386,0.64,0.6799465,-38.556503
37.216305,0.008403881,37.128033,37.232807,37.33753,0.20949554,4.0381866,6.1745715,-1.9883481,2.1988485,1.2147071,0.3735499,0.9321898,1.3176206,1.4541717,0.52198184,1.4282132,0.99330115,0.9229058,0.62301385,0.18111056,0.606621,23.740616,0.27935666,-8.674576,-1.2408273,-14.527606,-0.5625612,-9.925812,-0.72098964,0.007567889,1.1406181,0.5500725,0.64693856,11.281756,0.17748405,-5.1370606,-0.28535512,14.845635,0.28160563,633.26117,0.23075375,1608.4369,0.110817425,-40.28497,-1.8900821,1522.4421,0.08033603,1262.4268,0.17831668,-40.81224,-1.8263974,2634.6926,0.09618175,1025.2057,0.42491394,-53.25419,-1.2915688,-5.3734035,-0.54174864,22.151007,0.14182764,0.062848456,0.15856126,-0.0014841468,-4.0020638,0.19546503,0.52387345,26.42067,0.10178479,-12.048773,-0.58368635,-17.75074,-0.20116438,-12.3573065,-0.30602106,-5.941211,13.640358,0.02841355,-0.0034349344,0.119354285,0.7805724,0.26132405,3.1299999,4.3911347,0.6766666,0.4087651,-20.842052
29.789095,0.0077560586,29.652988,29.789215,29.949099,0.29611015,3.6898837,2.1329942,4.458618,5.260579,0.95605445,0.53244,0.25646052,1.0343593,1.2141217,0.95766115,1.0271301,0.6154819,0.7314713,0.409518,0.1809597,0.73366916,33.00362,0.22501,-1.9063067,-3.9898338,-10.176313,-0.9759246,-3.7597492,-2.47428,0.0030914997,0.7735739,0.47824746,0.8997798,9.174352,0.12533349,-1.380925,-1.2035024,19.163376,0.31546316,475.28683,0.13143232,1355.1942,0.09475724,-45.296627,-1.812904,1406.4313,0.049795758,976.4752,0.07514114,-45.680557,-1.7940304,2661.3088,0.035068102,746.308,0.39621684,-61.617413,-1.1930676,-6.1530576,-0.48688874,23.401972,0.16566458,0.037149765,0.30506283,-0.01037501,-0.5625428,0.216105,0.59296924,36.549065,0.060703307,-4.2338943,-1.4374963,-14.245253,-0.39276925,-7.671041,-0.6888355,-10.741582,20.172094,0.0061515616,0.008087976,0.061646923,0.39421815,0.26455027,2.9399998,2.9199998,0.5433333,0.4083571,-21.16499
30.474884,0.15074593,29.051903,30.004204,30.573257,1.5213547,338.7024,51.1492,12.265201,8.94824,1.4204148,0.4100379,0.8655164,1.5732965,1.8346231,0.9691067,5.2720046,4.3908763,3.2353814,1.8530222,0.36625296,0.5741392,27.97096,0.2569315,-6.5009494,-1.9127789,-3.1848068,-2.5023477,-2.358907,-3.2994673,0.021653948,1.6652747,0.86221725,0.8124775,6.621481,0.61798483,4.2905335,1.2182753,14.421829,0.4906128,523.886,0.2357723,1312.0162,0.13871624,-55.242878,-1.5690951,1470.6923,0.0746895,1012.47394,0.22271031,-55.547966,-1.5435522,2607.097,0.07251635,878.7226,0.4697161,-63.32786,-1.2755985,-6.284758,-0.5476981,16.700441,0.26716545,0.056504093,0.16723664,-0.01661637,-0.52054304,0.3845052,0.4133798,30.585554,0.12187764,-11.373639,-0.58135605,-5.307065,-1.3382998,-2.9934971,-2.7823956,-11.187589,20.011015,0.043479525,-0.012359253,0.3211252,2.200957,0.7692308,0.95,1.0705606,0.2922222,0.42070782,-18.758348
30.97427,0.010923758,30.731165,30.991135,31.23861,0.5074444,4.3787723,2.460156,4.896402,3.62791,0.65647316,0.5467874,0.3245878,0.69932336,0.9015938,0.577006,2.0977633,0.90626734,0.9012729,0.720195,0.104974486,0.93165344,31.365957,0.20388763,-3.2485285,-1.9274349,2.8343086,3.1254663,7.078484,0.8865452,0.007341081,1.2611976,0.47283593,0.59876704,10.16928,0.11109696,5.3056326,0.53265715,13.111495,0.4204053,812.7209,0.13751748,1393.6471,0.14344439,-43.995975,-1.5900605,1601.9746,0.06448086,1038.1094,0.15372132,-44.787518,-1.5573657,2849.568,0.03366313,481.2978,0.36576954,-55.358112,-1.171382,-9.3741455,-0.5847923,25.426086,0.18308045,0.023759834,0.45929533,0.004034055,1.7677648,0.1227571,0.80254453,33.843475,0.07593608,-3.830092,-1.662308,1.0356982,8.117089,8.930381,0.5436721,-7.9341106,16.740997,0.028845796,0.010298714,0.018567108,0.77348065,0.11111111,7.5,0.0,0.73499995,0.024999999,-24.767735
38.059093,0.020048417,38.008457,38.121426,38.254475,0.24601746,25.747988,20.108583,31.619911,7.255737,1.3674493,0.45458686,0.53250223,1.6322371,1.8987782,1.366276,4.73448,4.7298126,1.3704382,1.2324389,0.31680325,0.4327627,18.579262,0.30073825,-1.1470171,-7.9150753,-8.379179,-1.0419825,-12.210811,-0.6649949,0.010909345,1.516718,0.88288015,0.5308618,9.061549,0.243727,-0.20657346,-18.259289,15.63206,0.31905484,777.05725,0.16174564,1483.2051,0.10955017,-51.018593,-1.5792241,1693.1348,0.0806838,1067.6481,0.21122637,-50.470573,-1.5156957,2833.668,0.089890145,993.7917,0.49367458,-59.81713,-1.1972408,-6.5954733,-0.43116206,19.766008,0.12345429,0.06532068,0.20487227,-0.0112328585,-0.5422966,0.35753,0.30255985,19.480734,0.12025388,-4.0799074,-1.6738982,-10.5682125,-0.6484545,-15.19621,-0.290268,-8.800808,18.105145,0.03706232,-0.01272901,0.17443211,1.4686248,0.9421265,0.82714283,1.8305558,0.25166667,0.116105795,-19.478197
24.523733,0.011748994,24.299149,24.493671,24.773579,0.47443008,5.1032395,2.4108078,2.8741431,4.699276,1.1438003,0.3128367,1.0687914,1.2402239,1.3644365,0.29564512,2.189535,1.2946724,1.0436481,1.5303329,0.20026135,0.34683207,30.699558,0.20254014,-3.7960358,-1.6155666,-17.695175,-0.60292566,-3.153297,-1.6698817,0.0058189044,1.097382,0.29250604,0.7131409,7.049681,0.15141353,4.9283214,0.20476201,19.912497,0.16464424,470.6499,0.16616075,1422.8129,0.09328643,-34.169052,-2.2611382,1432.1606,0.06902049,1126.8252,0.1377074,-33.96601,-2.271959,2533.7793,0.07527869,1172.7635,0.36848724,-50.049194,-1.3941351,-5.853049,-0.17928874,24.907572,0.1421661,0.035411026,0.19070026,-0.013467947,-0.21839349,0.21040867,0.29341078,32.936504,0.08888657,-5.9880815,-0.6585997,-21.690134,-0.29385483,-3.5957577,-1.3386244,-9.827611,19.388758,0.024362905,-0.008554525,0.15476239,1.0827533,0.1552795,5.29,1.74,0.75,0.49725917,-21.386982
36.469227,0.029804448,35.49162,35.847507,37.510803,2.019184,8.491887,5.684497,5.039098,5.922517,1.1473582,0.2841353,1.0372995,1.198093,1.3095787,0.27227914,7.190741,14.355725,3.1904058,2.6236222,0.20750698,0.76104015,28.965405,0.25626814,-0.722343,-8.342473,-6.9502883,-1.1042937,-13.309831,-0.67533195,0.011696918,1.3360466,0.86502486,0.9608411,11.164218,0.2155439,2.7868261,0.56044734,21.686716,0.21313453,875.591,0.13056809,1344.6461,0.1235293,-32.14191,-1.7880327,1692.4758,0.07010134,1078.6144,0.19724958,-33.145473,-1.6702613,3012.3496,0.0695021,724.64795,0.37195238,-46.217396,-1.1074886,-9.399991,-0.27716622,25.600374,0.14112969,0.062323365,0.14222845,-0.0028531335,-1.9823142,0.21911465,0.735704,31.232876,0.07983692,-1.6121844,-2.591402,-8.599353,-0.62698096,-15.037812,-0.49391708,-4.7180243,12.3238,0.044618525,0.00056867,0.09875469,1.1703511,0.1310616,6.87,0.0,0.74,0.0,-19.488836
36.141335,0.025995757,35.508503,35.832752,36.644485,1.1359825,5.3609223,4.5506096,9.784022,10.822928,0.8337951,0.40190807,0.49437082,0.8503329,0.96719897,0.47282815,1.9716918,1.3389854,0.5698939,0.18471739,0.27681223,0.39111784,30.181498,0.14147258,-4.794674,-1.1754749,6.95376,0.66846406,-4.511574,-0.9919647,0.013287629,1.16402,1.1452692,0.5664761,7.533202,0.26748225,4.1519675,1.3856972,15.120506,0.31781605,936.47534,0.12446712,1293.4027,0.1451479,-69.73328,-1.2087879,1731.1887,0.06403816,1203.5966,0.13667534,-68.25207,-1.2156503,2930.4404,0.045260802,649.17773,0.47549742,-73.961914,-1.0740197,-9.4259615,-0.20163095,22.370102,0.1422388,0.041103102,0.24222982,-0.0029375337,-1.9164138,0.30879503,0.3427756,31.519676,0.09465524,-7.496638,-0.4718789,7.3331347,0.6079829,-5.518498,-0.7372031,-12.123506,19.655119,0.042063244,-0.013879607,0.2005315,0.69284064,0.23364487,3.06,0.0,0.59499997,0.235,-23.325548
31.797138,0.020013627,31.640503,31.804676,32.03542,0.39491653,-3.9261272,4.3389897,11.320913,9.501381,1.2742807,0.3752329,0.7764243,1.4659685,1.5903258,0.81390154,2.539825,1.376317,2.7378933,1.9486686,0.3097847,0.46742165,29.928791,0.13112915,-9.88157,-0.7267649,-13.922206,-0.7721279,-2.779937,-2.271287,0.0053734086,0.7478518,0.73411334,0.52535576,8.592964,0.17284478,4.046377,0.88062674,23.437529,0.158101,844.65814,0.14176616,1405.4062,0.12630267,-39.375275,-2.0928216,1636.7878,0.06495244,1183.381,0.17171772,-40.373737,-2.0184324,2744.633,0.041890945,772.6634,0.22662985,-56.009266,-1.3115845,-1.4958662,-1.3628755,22.053427,0.11071842,0.062267493,0.1205261,-0.0017914751,-2.5561512,0.3480056,0.3453067,31.23637,0.07099876,-12.399424,-0.2959377,-17.909681,-0.36360312,-4.0158253,-1.4673114,-8.218986,19.916405,0.04232115,-0.0003912111,0.17117111,1.8018018,0.38860103,2.03,2.842569,0.39,0.28160256,-20.182306
28.838453,0.04813977,28.402454,28.589962,28.95032,0.5478649,15.026446,20.562407,18.839548,16.180428,0.7161826,0.5128021,0.2298309,0.7917482,0.9764919,0.746661,2.766349,1.1248428,2.0151472,1.2092327,0.16451985,0.6486217,27.15869,0.20905223,-9.196975,-1.0347108,-10.063831,-0.7678645,21.205242,0.39117467,0.011876157,1.7504402,1.0907992,0.93690497,5.199893,0.6030123,-3.954716,-0.8505883,17.805683,0.36917982,881.7994,0.12215129,1256.2266,0.1438881,-45.378017,-1.7841355,1740.1272,0.064389326,1115.9177,0.15229358,-43.069523,-1.9045655,2831.3582,0.06712248,964.3373,0.31021905,-59.098312,-1.2489542,1.5615504,1.9337603,19.098745,0.16982482,0.0346758,0.298721,0.031448655,0.2089558,0.19793189,0.46973255,28.037226,0.15942085,-13.367242,-0.3749769,-13.409228,-0.25614324,24.064425,0.23868608,-10.352089,20.824636,0.015108151,0.012274614,0.048808012,1.472557,0.4043127,1.93,2.4685624,0.39,0.39503166,-27.013739
29.28342,0.046723466,28.557007,29.373291,30.120758,1.5637512,30.98716,35.435154,3.156551,2.8513043,0.6546475,0.29767653,0.54869765,0.64914304,0.7751562,0.22645855,0.64945376,0.22961906,0.3893697,0.33833987,0.11221388,0.41633898,33.43044,0.11573379,8.553742,0.547492,-6.0967126,-1.2654693,-1.0909555,-6.5738297,0.007015443,3.3713057,0.5160945,0.61715066,9.375878,0.14980748,14.682273,0.2210674,29.198193,0.21517766,661.4475,0.21834052,1536.8322,0.12147469,-23.712812,-1.9203424,1529.439,0.0727173,1025.5762,0.20146087,-22.84308,-1.9902022,2935.8552,0.07169732,790.64636,0.49555716,-43.043755,-0.94144785,-10.52557,-0.26934344,29.921719,0.13374369,0.019301707,0.7857501,-0.0021643906,-3.7182288,0.11769653,0.36370498,34.143047,0.07161725,9.157008,0.44102588,-7.576634,-0.6519704,-1.5945945,-4.408798,-10.160118,22.079182,0.012756767,0.013116788,0.030781202,0.4382121,0.08810573,10.65,0.0,0.68,0.0,-25.419863
37.50123,0.020544993,37.354214,37.537514,37.75899,0.40477753,8.912049,0.0,-1.5908703,0.0,1.0331359,0.35541227,0.8115239,1.1339813,1.2946154,0.48309147,1.3607256,1.2469183,2.2257628,3.2623143,0.0878055,0.47554278,29.143915,0.16451624,1.4596372,4.0514708,-21.771366,-0.51356286,-8.796636,-0.7235668,0.0029341592,3.5013433,0.33843896,0.67116284,13.411606,0.105048366,-1.498889,-1.2373742,26.177689,0.15159364,665.13226,0.17036495,1494.9008,0.08389723,-24.72766,-2.3114114,1527.0568,0.06157675,976.06805,0.09078872,-23.649149,-2.3518372,2841.6084,0.039135627,764.6155,0.2603004,-48.362606,-0.9903229,-6.842386,-0.3669537,30.180443,0.111137636,0.059311163,0.16862088,0.0025292023,2.36313,0.091775976,0.44996375,30.459448,0.07914759,0.4020658,11.9644785,-24.8778,-0.21932924,-10.075778,-0.49993598,-10.497915,18.30046,0.026463198,4.499344e-05,0.049508844,0.39800996,0.1,9.09,0.0,0.44,0.08,-20.852013
27.121078,0.010922864,26.891806,27.134645,27.34316,0.45135498,5.679932,2.4723253,6.1085496,3.4141302,0.7767029,0.3646489,0.6063868,0.72969013,1.0584478,0.45206106,5.3533745,5.0308127,2.4271595,1.3455552,0.19847134,0.44080624,25.986063,0.18120332,8.685316,0.46137264,-12.707038,-0.51705706,-7.812741,-0.8842512,0.006655288,0.7496578,0.77286536,0.47691682,6.3846264,0.18014313,6.5836573,0.81945014,22.433691,0.22425611,460.32355,0.1611623,1386.794,0.09470999,-33.756126,-1.9718555,1343.8806,0.08750998,1216.8003,0.16054367,-33.687023,-1.9734404,2500.0354,0.06620311,1098.0995,0.34180203,-48.693462,-1.2427598,-9.459763,-0.19219987,24.127804,0.15308005,0.009898124,1.1665686,-0.026772825,-0.23802586,0.2138885,0.39937106,26.870493,0.1544102,8.969035,0.4187396,-14.816537,-0.23792747,-9.557042,-0.57126075,-10.266831,19.68625,0.006040658,-0.00681836,0.10514226,1.0889293,0.18315019,4.7,0.0,0.36499998,0.015,-25.549143
28.194235,0.19666958,19.43389,31.076254,31.594526,12.160637,190.1133,93.94457,27.60821,21.145912,0.7201843,0.5707679,0.3299626,0.6884267,0.9500596,0.620097,4.011468,2.7577555,0.78740436,0.23683509,0.19948685,0.5731463,29.373348,0.26432928,-0.47583053,-15.202171,-0.1258039,-67.702576,-0.2820024,-23.51113,0.040590458,2.3753865,0.8904054,0.76955914,6.163867,0.47059876,6.0924616,0.60924083,24.157843,0.22629382,620.3463,0.15794304,1431.649,0.08448751,-86.71457,-1.1054909,1524.6677,0.05182022,1037.4443,0.12541246,-88.30168,-1.0662421,2730.3647,0.040445566,715.4212,0.3378736,-97.71634,-0.88254845,-9.17251,-0.3270294,25.17472,0.17440858,0.029878551,0.61231154,-0.009673726,-0.80590355,0.24798615,0.4523665,34.58183,0.09830254,-3.3929338,-1.8027976,-5.202589,-0.9364452,-0.8701155,-7.6464925,-9.723456,20.362705,0.0233851,0.00075825676,0.13552019,0.53097343,1.0714285,0.5316667,0.57412004,0.3257143,0.379957,-24.516478
30.324413,0.136547,31.389267,31.820717,32.07019,0.68092346,225.26079,96.49633,109.14455,178.42584,1.371665,0.38024408,1.0340661,1.3786936,1.7481661,0.7141,5.542756,3.3347008,-0.5543461,4.502796,0.428272,0.5657498,34.60831,0.16774224,-5.752987,-1.3402587,-0.056065354,-105.89433,10.861631,0.75644404,0.014725334,2.8299792,0.72527826,0.82561475,7.5402765,0.46850112,10.555324,0.55967575,20.659155,0.209862,513.05725,0.23744161,1462.775,0.12710822,-29.189148,-2.2717087,1468.5563,0.065193474,1043.3171,0.11764612,-34.02103,-1.8656476,2660.5022,0.04154564,782.6341,0.28120762,-43.45069,-1.3797368,-9.855596,-0.34681222,20.534773,0.16601181,0.03732056,0.29957658,-0.012579791,-0.7579326,0.45677692,0.49333307,36.20208,0.0705068,-7.5743427,-0.78825176,-0.34953347,-16.528816,12.599969,0.56739163,-10.719767,19.825037,0.023527965,-0.0041640536,0.2343818,1.1876484,1.2048192,0.708,1.0194783,0.125,0.1591383,-17.296923
34.18587,0.0052604615,34.0645,34.16211,34.270035,0.20553589,1.0935163,0.45654243,0.9851595,0.91997755,1.1452225,0.3192427,1.1148438,1.2251064,1.3498998,0.23505592,1.0515908,0.5672176,0.2284285,0.5063786,0.15135345,0.430885,27.511475,0.08477268,-15.412445,-0.35544658,-9.318977,-0.6063768,-4.1904206,-0.80883574,0.004556855,1.0130832,0.4199806,0.5239031,10.47325,0.11884526,2.423315,0.43300578,12.719776,0.47661182,745.2759,0.14564778,1475.172,0.14694951,-24.22641,-2.6488588,1628.0253,0.12006123,1211.5651,0.24973807,-24.883474,-2.5425072,2712.0918,0.117076315,968.77045,0.51093215,-36.525814,-1.6232437,-0.94961286,-0.85824364,17.06509,0.09977693,0.049020782,0.1939212,-0.0037122914,-1.1857969,0.16406633,0.35181007,27.697325,0.0657326,-17.18777,-0.11824557,-11.062906,-0.26007473,-4.6116633,-0.6708256,-9.797824,19.52206,0.04252484,-0.0028762096,0.05191276,0.82304525,0.1383126,6.39,0.0,0.82,0.0,-22.980986
36.965656,0.05067364,36.526825,37.240208,37.97499,1.4481659,114.39029,78.45988,193.06917,205.24185,1.2354324,0.2797487,1.1084034,1.2780538,1.4556593,0.34725583,4.167529,4.03962,2.7134676,3.1555576,0.3327629,0.35155416,32.727497,0.09807275,-13.6272745,-0.6722053,-13.510363,-0.6215752,-5.5319657,-0.82714313,0.015461689,1.3219384,1.3457348,0.6986479,6.6624107,0.45851603,0.8493041,3.997345,21.443407,0.2143165,783.7859,0.13329603,1423.6492,0.11741425,-14.850571,-3.864233,1671.9038,0.05149073,1034.8092,0.1466635,-21.086132,-2.583827,2815.8625,0.04457119,726.5819,0.39533874,-33.490326,-1.5129969,-7.438153,-0.3819822,20.609629,0.16518727,0.06311598,0.17425786,-0.016557638,-0.31148568,0.3431689,0.32313883,33.23181,0.07277159,-15.760166,-0.38705957,-15.377665,-0.39062306,-5.2252684,-0.780106,-14.514224,24.40685,0.04163785,-0.019167207,0.2339141,1.2429379,0.3409091,2.6699998,3.6277359,0.17999999,0.10606602,-20.820662
23.993315,0.112114504,23.34282,23.606453,23.78882,0.44600105,0.2648723,0.0,104.330666,0.0,1.2263337,0.2586724,1.1310214,1.248504,1.3663244,0.23530304,2.5716166,1.8182667,2.0504317,1.9000381,0.42111188,0.3398199,36.586113,0.11015471,-11.650231,-0.3376675,-5.8497233,-0.9683844,-12.9038515,-0.29623038,0.004867853,0.8120761,0.8132796,0.5868069,4.5388274,0.42215896,2.0819156,1.2708029,16.227959,0.25821388,487.1323,0.34428766,1362.7131,0.0973885,-26.6499,-2.5241032,1396.5084,0.15653136,1100.8629,0.109145306,-26.612757,-2.484324,2438.4348,0.10325324,896.8925,0.16493268,-40.700134,-1.4922184,-4.741168,-0.5438082,20.032658,0.14941841,0.021246452,0.40151915,-0.017867906,-0.33423355,0.43619236,0.27170795,37.65034,0.06492951,-12.401992,-0.24579206,-7.2258916,-0.51717,-13.21489,-0.2558657,-8.822376,19.677328,0.024687923,-0.010232087,0.33413714,0.9032258,0.3896104,2.2266667,2.1913972,0.2375,0.20054613,-20.178202
31.193499,0.15588598,31.60759,31.866196,32.16655,0.55895996,124.88468,128.44066,87.90968,113.486305,1.06174,0.39462563,0.5288759,1.157164,1.3909378,0.8620619,3.578779,3.5905335,4.349654,7.242072,0.2540031,0.50034094,24.939201,0.2947165,4.365083,1.3450236,-13.849459,-0.65254456,-1.253919,-4.7455525,0.019667909,2.8055007,0.7306379,0.6599698,7.566547,0.33582816,7.7977066,0.54180866,26.408556,0.1888686,740.7289,0.15497942,1378.11,0.09553262,-48.799072,-1.7035042,1652.5007,0.066069804,1130.2886,0.15722057,-54.243397,-1.4471989,2742.304,0.056318782,908.04846,0.26907185,-65.56645,-1.1047393,-8.637902,-0.34183887,23.954086,0.15477076,0.046544157,0.2322721,-0.017832493,-0.390966,0.27157217,0.3562364,27.564827,0.17578043,4.075712,1.4060274,-17.110006,-0.3566608,-1.2830065,-4.638346,-7.5548906,17.216705,0.03589225,-0.007874347,0.19776568,1.5429832,1.0332104,0.73499995,1.4489738,0.21285714,0.28280303,-21.322634
33.863853,0.19749501,29.054592,34.512474,35.431545,6.376953,171.02428,81.973305,107.40978,144.36362,0.74077153,0.5316757,0.36509314,0.68586946,1.0873363,0.7222432,1.5190789,1.0747764,0.9149574,0.2238499,0.17313252,0.7146225,33.585194,0.19459888,8.247195,1.3341209,0.427185,21.673813,-4.8660393,-3.4512138,0.014420192,1.4413713,0.7366966,0.82288355,9.5257,0.40758222,6.3731565,2.1833658,23.344173,0.7464227,623.3646,0.3011247,1473.185,0.14981453,-16.012197,-3.0105577,1632.5436,0.14527872,1217.2268,0.22003369,-31.183952,-1.3669738,2733.1694,0.078910545,833.2589,0.36062422,-35.470562,-1.1678151,-19.434196,-0.29904166,27.536444,0.28552875,0.056746025,0.38885465,-0.017590996,-1.0476013,0.18005219,0.70121753,34.54987,0.15682137,7.3427315,1.4753815,0.25643477,37.170628,-5.667026,-2.9858737,-15.32137,23.43197,0.030235715,-0.00937906,0.09131212,0.63897765,0.9771987,0.9533333,0.7636025,0.08,0.02,-21.095549
31.95973,0.026688395,31.356308,31.926973,32.421074,1.0647659,13.077858,7.014974,3.0503106,5.009498,1.0580083,0.26026917,0.99741375,1.0853581,1.2137399,0.21632612,3.7240345,2.0839577,1.3629987,1.4977438,0.2755398,0.44325864,28.475323,0.115472384,-1.0935179,-3.3060663,-12.789589,-0.57945687,-8.316851,-0.5201467,0.008696712,0.9208972,0.8598239,0.506052,7.33874,0.26003975,3.2316618,0.7713996,20.119274,0.17859314,518.45654,0.16740164,1438.6466,0.098348096,-22.762352,-2.58789,1471.3792,0.051485408,1200.8324,0.22084609,-26.479849,-2.1627421,2630.53,0.06928793,1143.0361,0.43732297,-39.360275,-1.3481051,-8.846919,-0.15413685,21.988998,0.15723635,0.054448493,0.1479831,-0.01682616,-0.27426156,0.28720844,0.41260794,28.733814,0.08568386,-1.622527,-1.5999299,-14.198514,-0.3936245,-8.274218,-0.5220528,-12.329851,22.885088,0.051807236,-0.017051997,0.18509932,0.7704161,0.4658385,1.92,2.553207,0.1525,0.08699857,-22.398445
26.216843,0.036053374,25.459736,25.981222,26.949734,1.4899979,7.00532,4.507745,5.42697,4.3313923,0.71906763,0.3188828,0.547216,0.733264,0.87852675,0.33131075,1.4322,0.84485435,1.9673761,1.7225649,0.2115474,0.4865967,44.66389,0.15967396,5.742874,0.6887384,1.0358764,4.0394893,-18.303522,-0.46858495,0.0066877464,0.8488683,0.5803449,0.6358869,7.6219296,0.13986313,1.5368094,1.9831997,27.465214,0.17893519,530.14056,0.24121794,1495.7063,0.10472107,-16.322329,-2.9955058,1467.1876,0.19471453,1404.0598,0.23585995,-31.47042,-1.443536,2638.7942,0.09792575,1038.6102,0.3133563,-42.67907,-0.98529494,-19.874994,-0.1458259,32.00515,0.09856886,0.034693424,0.3131948,-0.049246572,-0.1664113,0.2243732,0.42663983,46.34946,0.056088544,5.9756823,0.6466293,0.76261175,5.2942977,-19.545715,-0.37974262,-9.578876,21.95687,0.011056065,0.010032623,0.05040321,1.1547344,0.23419204,3.98,0.0,0.26999998,0.0,-22.072918
25.237255,0.009208772,25.103064,25.246914,25.38852,0.2854557,3.8256717,2.2049403,1.6562141,1.2071185,1.0124834,0.34453672,0.8442286,0.98465174,1.1365843,0.29235566,2.278745,2.4768047,1.6796575,1.4275293,0.18493162,0.6280647,38.748096,0.17153136,-11.5083475,-0.5655745,-6.9946327,-0.75502765,-3.053862,-1.5331132,0.0033543597,1.7912786,0.40973833,0.9326935,7.626258,0.14119126,-1.2558565,-0.9973802,11.565875,0.3493226,433.53137,0.12513697,1333.0962,0.099631004,-12.910354,-2.6498733,1284.3708,0.06197872,1110.0824,0.07809427,-10.067583,-3.4600012,2258.6157,0.05118423,859.4092,0.16968854,-25.19784,-1.2736866,-4.697562,-0.5130012,19.816814,0.1517714,0.023444034,0.24543507,-0.009304975,-0.40093425,0.19208832,0.59371924,39.806137,0.08744368,-12.095087,-0.5008917,-7.7095447,-0.5351532,-3.5128238,-1.1994718,-2.1054516,4.9684553,0.030646633,0.027346697,0.011420682,0.6451613,0.21786495,4.43,0.0,0.14,0.0,-22.315989
35.086952,0.048733793,34.692142,35.42308,35.728817,1.0366745,607.38654,0.0,7.810596,4.1923714,0.89350444,0.48588696,0.5615606,0.6954753,1.1806854,0.6191248,3.9867861,2.2041764,3.3213959,2.4986558,0.31768727,0.73455364,26.371233,0.21524793,-20.474169,-0.51684123,-2.790118,-3.1694505,0.75182676,9.902253,0.046047036,1.048106,1.4452939,0.4598057,0.9629418,6.905659,-2.6080253,-2.159777,11.372239,0.48099098,748.85913,0.21682869,1527.3572,0.1560005,-115.27829,-0.8468416,1591.4233,0.0987704,1393.8362,0.15009028,-109.86307,-0.9141571,2686.787,0.08022976,1071.4799,0.28471267,-118.75994,-0.76212955,6.2608347,0.72825027,23.013779,0.11658839,0.020242019,0.54344857,0.02378535,0.37726527,0.47488192,0.57025045,29.769337,0.05621397,-29.880945,-0.24497598,-10.105239,-0.5023284,2.8286173,2.5117989,-2.9385393,15.503106,0.009806155,0.0062547056,0.19670674,0.68728524,1.3986014,0.305,0.3395217,0.31,0.2678059,-22.332523
32.911224,0.0859818,33.47157,33.69116,34.0658,0.59423065,115.180046,149.02101,266.00974,273.53476,1.1657265,0.46684438,0.49620864,1.3077141,1.6846396,1.1884309,1.4420999,0.85469645,1.8108679,1.7626084,0.26601484,0.3616687,27.789946,0.15108597,-0.78423524,-10.16036,-6.6633816,-1.3583753,-1.8345228,-3.1244612,0.012347468,2.7647488,0.625483,0.99995863,9.123798,0.3597864,0.07560605,41.700905,16.45112,0.327707,626.7192,0.2518585,1449.4836,0.12287028,-81.39269,-1.1695857,1516.3901,0.06172742,1088.4142,0.20776205,-80.58295,-1.1787417,2742.9966,0.06517581,819.33264,0.6614716,-90.30326,-0.967177,-5.0332875,-0.3784218,19.96362,0.1890383,0.03593621,0.3187195,-0.0062036384,-0.7066523,0.2760978,0.34753412,29.11635,0.09343752,-5.7523136,-0.6796785,-12.297327,-0.29587218,-1.4645416,-3.549676,-11.972969,22.602942,0.018406363,-0.01337586,0.2511313,0.7083825,0.5938242,1.02,1.9650445,0.53499997,0.5888619,-20.42174
30.017937,0.062337358,30.055397,30.231052,30.560133,0.50473595,97.26942,17.147125,5.361193,5.4333634,0.8181914,0.22808917,0.67926615,0.7896998,0.95812875,0.2788626,2.708267,2.4440453,0.8633288,0.52219385,0.21300001,0.47248942,37.475254,0.08805566,14.033118,0.32171315,-4.374454,-1.1052768,-0.95933825,-4.6407795,0.016911421,2.3088336,0.6931184,0.90309346,8.700876,0.28863895,3.917615,0.5240219,38.480194,0.3135827,637.12286,0.18135862,1451.4236,0.08113347,-15.923711,-1.9929142,1590.7107,0.05459251,968.69495,0.1103873,-25.865545,-1.1647104,2938.4382,0.036660805,778.645,0.32164836,-47.585587,-0.554036,-16.944948,-0.16111544,32.88155,0.08735964,0.03260996,0.34023947,-0.018215379,-0.482731,0.20770636,0.47313794,37.808464,0.065269984,13.979408,0.30861482,-4.4318686,-1.0676197,-0.8568219,-5.1704073,-17.002762,26.77801,0.046931904,-0.024072926,0.37001017,1.6611296,1.3559322,0.7,1.0861169,0.026666667,0.0094280895,-21.37502
38.537945,0.02411068,38.17808,38.597057,39.102043,0.92396164,205.73286,184.29076,7.834202,8.314569,1.288125,0.4322353,0.4141499,1.5153624,1.6943771,1.2802272,3.24107,2.6461782,2.8150535,2.2540743,0.26674095,0.5784365,23.380842,0.2912423,-14.3476925,-0.9446209,-13.140534,-0.70993835,-3.6258538,-2.0043657,0.023375496,1.2459112,1.5579306,0.9049749,8.922548,0.5115695,-4.4027314,-0.38507882,11.462815,0.5229785,769.02936,0.1880817,1302.761,0.116643496,-52.836143,-1.6292596,1654.3365,0.07682648,1118.4998,0.20894444,-54.277187,-1.5448424,2854.8447,0.05593911,778.3752,0.4618734,-64.630974,-1.2087885,-0.47636184,-2.675663,19.329485,0.2872325,0.044355635,0.25839803,0.0010401787,4.847305,0.3203815,0.42255062,26.566927,0.13876167,-21.519812,-0.2807867,-17.11266,-0.40355682,-4.549644,-1.6937337,-7.1941066,15.786573,0.008870141,-0.0053430777,0.108697265,2.1398003,0.14367816,5.23,0.0,0.84999996,0.08,-19.869143
34.67384,0.05351383,34.728817,34.916306,35.264652,0.53583527,76.210655,0.0,2.5162492,1.5698335,0.765468,0.5293789,0.4940463,0.7367138,0.97556543,0.48151913,4.7302785,6.877442,0.7397447,0.35859966,0.16950393,0.64938575,34.338295,0.28628337,0.28103748,35.197796,-3.612237,-2.7630286,-1.3250712,-5.5614767,0.012212686,1.8852825,0.70310694,0.5739141,10.016343,0.19971026,1.9336772,1.0158198,30.316357,0.26976994,535.04315,0.26509145,1489.6005,0.10252297,-55.323406,-1.5540895,1538.734,0.11964779,1144.0542,0.19752042,-61.36169,-1.3375692,2654.2131,0.10158297,1228.4537,0.2862229,-75.927025,-0.9669938,-12.760992,-0.599619,30.210327,0.15377831,0.037294004,0.3376645,-0.009935847,-1.0937085,0.1921493,0.5927369,39.489674,0.10241522,0.083727084,124.392654,-7.294675,-1.1369642,-3.9555027,-1.4227539,-7.78489,17.233616,0.010892361,0.004728534,0.10468581,0.5594406,0.14084508,5.2799997,0.0,0.895,0.16499999,-22.71613
22.556002,0.009262204,22.414335,22.499454,22.66928,0.25494385,8.250146,9.859862,4.1412945,4.9539585,0.746173,0.30363283,0.5847397,0.718519,0.95926976,0.37453008,3.0091329,2.4794953,2.058905,2.69432,0.38621682,0.33857974,29.86717,0.15806408,5.745288,1.0080168,9.232564,0.44938767,-2.124061,-2.2424958,0.0039155707,0.7674296,0.92916983,0.52992857,2.3270173,0.38632104,3.0387692,1.3996981,9.862346,0.45220074,506.03464,0.16098465,1286.7058,0.132745,-154.26988,-0.515908,1472.2686,0.14262661,1444.8833,0.32173592,-157.48166,-0.4691646,2348.0417,0.104962595,821.1248,0.2708023,-156.90105,-0.4774655,-14.989966,-0.099197626,16.092974,0.12138231,-0.0067603965,-1.5054826,-0.03510032,-0.14863577,0.39256248,0.2784601,30.41991,0.08236397,2.6669524,1.5938205,8.908372,0.44908518,-5.283897,-0.79306173,-16.34227,17.939833,-0.012962288,-0.030938284,0.39261973,1.2017168,2.763385,0.0734375,0.056380924,0.26,0.2729746,-24.174265
34.547367,0.09691978,31.201157,34.535362,37.89001,6.688854,1.1209532,0.0,0.0,0.0,0.54980224,0.26023838,0.4501865,0.5100677,0.68760824,0.23742175,2.651525,1.4144143,2.0831003,1.1984794,0.24467976,0.39197722,27.900599,0.16358353,-1.8529309,-2.3004599,9.666423,0.58412886,-3.4814038,-1.6015074,0.0,0.0,1.9550498,0.0,3.6238527,0.45533314,15.146607,0.54645467,26.032469,0.15027545,772.6288,0.26204973,1346.7804,0.07600138,-198.03847,-0.1038396,1768.7855,0.18047096,978.7234,0.06379449,-196.61194,-0.119834915,2870.6873,0.08973392,967.68744,0.04149371,-196.85025,-0.1130721,-11.231091,-0.22481152,24.214163,0.086900264,0.04188509,0.3129268,-0.0046506077,-0.6852274,0.33311045,0.05487959,33.0258,0.031094678,-4.9949574,-0.89377964,6.158755,0.43957812,-10.162171,-0.40888983,-10.589514,20.75948,0.014379259,-0.0023051559,0.2432703,1.9305019,0.78740156,0.02,0.0,0.8166666,0.63505024,-29.646526
21.83011,0.012010524,21.646013,21.839401,22.037447,0.39143372,3.5568376,2.2739627,2.896845,1.3752286,0.9377891,0.4089942,0.8080472,0.9854324,1.1372966,0.32924938,2.2631497,1.2165236,2.0649946,1.1921865,0.19843072,0.53017646,44.074543,0.1403314,-5.830363,-0.8634268,-10.190147,-0.5634135,2.3795512,2.5938315,0.0046353824,0.5654848,0.48627374,0.4776484,5.9509053,0.07812692,6.5248384,0.2922922,21.5584,0.15014327,459.93604,0.108704306,1303.2802,0.119028464,-37.23756,-1.8362018,1344.8656,0.048985478,1024.4352,0.13268021,-38.64262,-1.7556595,2469.61,0.032082196,718.5687,0.33246323,-51.872223,-1.2019073,-8.983293,-0.23107319,24.369873,0.13458222,0.004359327,1.9121876,-0.015934832,-0.22503701,0.221445,0.40763324,46.403946,0.04637701,-4.9469185,-0.8091373,-12.362474,-0.1639461,4.636119,0.65080863,-7.310504,18.737244,0.029150905,-0.0016373907,0.07439314,1.7316017,0.14534885,5.8399997,0.0,0.505,0.015,-20.71258
34.771194,0.03473779,34.699867,34.84583,35.056374,0.35650635,168.68863,0.0,2.528826,0.0,1.3460786,0.46576172,0.47138053,1.6407832,1.8556991,1.3843186,2.7176812,3.5895581,0.5805638,0.31018,0.24734539,0.36479348,25.581654,0.20446496,3.6692288,2.0807607,-11.885638,-0.8780731,-12.992152,-0.62836105,0.005454134,2.207994,0.50667655,0.6866858,11.430806,0.13666962,2.9990869,0.6823944,23.374409,0.14859611,783.5996,0.07181545,1263.1769,0.06857184,-55.828194,-1.6473024,1735.3322,0.04150276,933.3065,0.09060046,-67.191505,-1.2624377,3008.082,0.029918766,548.89923,0.57415134,-75.188774,-1.0599697,-10.825546,-0.17735915,25.054499,0.10064877,0.060538802,0.17759213,-0.020005964,-0.40506226,0.28537613,0.26180965,28.357979,0.061079364,0.2928289,17.78483,-17.861383,-0.23398027,-17.135473,-0.2738616,-12.550682,20.80122,0.025751464,-0.013534495,0.15456155,0.3963012,0.26595744,2.665,2.605,0.71333337,0.4260151,-17.367607
31.87424,0.14814757,23.476433,34.032776,34.619576,11.143143,13.870206,9.720388,10.708275,6.211267,1.1698651,0.3278955,0.967678,1.3054427,1.460448,0.49277002,2.9081721,1.8921185,1.3865446,0.81563056,0.2728946,0.4067168,40.65229,0.1489935,-9.387054,-0.6828054,-3.4391577,-1.7769909,-8.110262,-0.5615546,0.009515519,2.4841633,0.5842206,0.42360562,9.530303,0.23449501,7.4913397,0.5832118,27.401825,0.2104623,836.5766,0.07851052,1303.8159,0.08964993,-28.47844,-2.370919,1684.821,0.044355076,1012.5296,0.1503912,-35.102856,-1.8482246,2943.7864,0.03772209,649.51654,0.45985913,-49.445908,-1.1980811,-9.081799,-0.3361477,28.33558,0.116274156,0.049741652,0.21768554,-0.0071531762,-0.72119594,0.29391792,0.339322,42.733116,0.050259013,-11.011106,-0.46883503,-5.0281725,-0.9441629,-8.590712,-0.51600957,-11.866099,23.374865,0.040112793,-9.6884636e-05,0.15311413,1.5296367,0.1930502,4.48,0.0,0.33499998,0.095,-18.867165
26.421146,0.023915512,25.875038,26.36316,27.027466,1.1524277,11.394779,3.0453734,3.302797,5.23286,0.90431535,0.65845484,0.23431088,0.847019,1.5765501,1.3422393,5.7771263,3.4813232,4.7003055,4.7825365,0.32397074,0.84169,24.350145,0.33603722,-0.5268426,-11.615426,-6.760846,-2.3549697,-4.9976993,-1.8682001,0.013383654,1.3452194,0.8789844,0.69942087,5.3934584,0.31154272,-5.1618876,-0.8388391,7.4462967,0.7834398,466.7882,0.06283488,1095.8093,0.09007985,-85.062325,-1.0884466,1363.3154,0.025237596,951.6628,0.086442985,-83.327934,-1.1281865,2500.4558,0.03214492,821.48065,0.26442572,-94.50354,-0.9001999,-7.7849736,-0.26407093,25.20611,0.10515683,0.012477325,0.8542203,-0.01231133,-0.38347998,0.48806897,0.48313922,27.689339,0.11366431,-2.6840415,-2.240211,-17.894548,-0.19050881,-9.611691,-0.48542723,-6.9433694,18.353313,0.011061697,0.015030482,0.07831818,2.8818443,0.29239768,2.07,0.0,0.65999997,0.52,-20.498444
26.279324,0.012504471,26.097595,26.290512,26.49249,0.39489555,5.857953,5.2794056,4.9320664,4.371082,0.5139039,0.5339453,0.3747542,0.45607352,0.63822126,0.26346707,2.3299053,1.9334946,0.9031394,0.82869,0.1188014,0.93769145,29.864664,0.27730012,3.465345,1.0761713,6.020594,0.9761211,11.288441,0.7120608,0.008843151,1.4301896,0.59985524,0.46579248,7.654266,0.18458937,6.3166494,0.4813365,19.00289,0.23665898,486.54175,0.33166072,1324.1593,0.11425832,-46.488747,-1.4360147,1434.9225,0.14240539,1095.883,0.18671185,-48.800587,-1.3319668,2477.2808,0.10803421,957.7373,0.20968243,-57.19319,-1.0750506,-14.573358,-0.16191423,27.276503,0.14138564,0.0058103693,2.3469684,-0.006907861,-1.3652009,0.13584258,0.8350341,32.96231,0.07348463,3.4600022,0.97476465,4.9472938,0.9787371,12.632694,0.6230885,-6.405604,15.212541,0.014569352,0.015338422,0.028285084,0.591716,0.08488964,9.95,0.0,0.9,0.39,-25.88343
35.841206,0.009414401,35.545704,35.841293,36.14628,0.6005745,5.311396,1.747456,5.182062,2.7901125,1.4183758,0.51637906,0.41117233,1.764205,2.0266545,1.6154821,2.0922036,1.3546352,0.31771913,0.6836289,0.20639612,0.61722976,23.99338,0.3885832,-19.132605,-0.9210599,3.815544,1.4795643,-12.601201,-0.9384209,0.0054226606,1.3893476,0.33623168,0.856106,11.63807,0.12241896,10.288997,0.20595548,12.951767,0.22433549,812.8441,0.12300451,1361.1229,0.07742396,-60.5213,-1.4906026,1666.6903,0.04919989,1249.6978,0.10199598,-60.32917,-1.4923192,2829.37,0.04068663,762.1733,0.4620444,-68.12975,-1.2481068,1.9869802,0.6846702,16.205654,0.09126593,0.067963794,0.13076174,0.017271673,0.19600023,0.25841755,0.44603923,29.135704,0.0961757,-29.86816,-0.18460622,1.9289637,2.1202087,-19.723057,-0.23264618,-6.5822983,14.43887,0.004181639,0.0010916315,0.08366372,0.8130081,0.16393442,4.31,0.0,0.88,0.03,-18.631279
27.380999,0.010571259,27.25819,27.417315,27.58447,0.3262806,5.490395,2.6262903,4.1123857,2.5269182,0.87267905,0.28092504,0.8289407,0.87890023,1.000434,0.17149335,1.9561253,1.2737204,0.28517208,0.0,0.20560752,0.5286483,23.160418,0.34135643,8.483139,0.47789916,-0.37756988,-16.285463,-9.413437,-0.7488015,0.007974157,0.8823429,0.6454923,0.5324016,7.2198353,0.15687405,5.4152946,0.33157864,22.376741,0.16924201,534.74036,0.27030355,1462.1545,0.108954705,-35.18023,-1.9226769,1440.4889,0.15974005,1224.6523,0.15380028,-39.897095,-1.6297009,2505.0032,0.08019261,937.1467,0.19489856,-49.790928,-1.2244759,-10.608572,-0.18085141,22.002956,0.12118052,0.025447614,0.32868716,-0.021729274,-0.35760978,0.22476934,0.4633357,26.206064,0.11907824,9.330512,0.35309806,-1.849956,-2.7401838,-11.347483,-0.45490944,-3.128606,11.995633,0.010443699,0.016209139,0.0993165,0.2188184,0.22123894,3.87,0.0,0.31,0.02,-23.912264
30.85817,0.0072088013,30.679321,30.840254,31.019157,0.33983612,4.25818,1.8648834,4.613153,2.0156295,0.83926874,0.38384724,0.8304325,0.9330711,1.0115117,0.18107921,1.6510873,1.0605972,0.76165897,0.3972519,0.15771338,0.43603227,32.64806,0.17972375,-3.9578745,-1.0086833,-3.8936605,-2.7880366,2.9327266,1.9962288,0.0044015455,1.0036312,0.5316065,0.5153306,9.881083,0.06824895,5.095377,0.41605982,14.704019,0.2403983,582.1726,0.21697967,1495.578,0.121729456,-38.510704,-1.7578903,1422.1091,0.08154288,1086.621,0.13442834,-34.30295,-2.0201418,2681.275,0.0412453,632.1734,0.2938003,-48.957115,-1.2905523,-4.297785,-0.48198357,22.395723,0.1505341,0.025489483,0.39551055,0.0071824403,0.92308193,0.1792824,0.27077624,34.863415,0.050293062,-4.789872,-0.6499865,-8.134629,-0.37523648,1.4674553,2.872562,-10.00263,22.437366,-0.006229276,0.022468626,0.038314123,0.8225617,0.11820331,7.2,0.0,0.615,0.325,-23.56916
33.996696,0.011987809,33.653965,33.9687,34.31246,0.65849686,7.720103,2.8651423,6.848123,3.4615026,1.163627,0.52534777,0.32975325,1.3533291,1.693005,1.3632517,5.032539,2.0649416,4.555497,3.2991152,0.3636643,0.6518416,28.479242,0.33051604,-9.448105,-0.9599993,12.91674,0.55153674,-20.741741,-0.9428269,0.012604139,0.6677624,1.0249982,0.43928847,7.9708548,0.21908084,-0.5041356,-6.2554884,15.998175,0.30447167,447.64297,0.18644193,1391.6259,0.12356107,-62.229733,-1.4142154,1279.5709,0.07341136,1072.3185,0.08778827,-62.872997,-1.3611041,2477.9417,0.038238723,703.8219,0.23289634,-71.94885,-1.1112367,-6.659679,-0.47484776,18.543818,0.17054081,0.029156502,0.4469186,-0.009423686,-0.63003916,0.48234567,0.3575236,33.84575,0.0658848,-13.222563,-0.48986888,11.535028,0.3397825,-32.275185,-0.17201173,-4.5754733,12.291813,-0.00056598405,0.020172963,0.07698573,2.588997,0.32894737,2.18,0.0,0.415,0.105,-19.928997
35.94252,0.0075759836,35.79097,35.92797,36.05303,0.26205826,2.2419276,1.51597,1.35635,4.2792125,1.0449581,0.3725253,1.0460052,1.1448463,1.2411469,0.19514167,1.9144589,3.2168343,1.6896673,1.9632225,0.14294915,1.2161797,31.042656,0.24387443,-22.478855,-0.39451087,-3.093222,-2.9435403,-18.526289,-0.57641613,0.0035793963,0.916189,0.32708102,0.6371361,11.984065,0.11514437,4.3848734,0.46931517,18.952148,0.22028555,925.71124,0.093566604,1392.2545,0.11842865,-31.242773,-2.262193,1664.2345,0.042008556,1158.6749,0.1967995,-28.125135,-2.5460033,3002.1167,0.03830277,601.55914,0.41522592,-43.96758,-1.4801205,0.07222643,41.94671,20.094057,0.13909073,0.08222414,0.10477258,0.014445811,0.41022408,0.13716017,0.5066152,33.97168,0.0686985,-25.633179,-0.18026611,-6.361895,-0.6628629,-22.398008,-0.2346062,-5.2807,14.551251,0.012163441,0.018299384,0.17518112,0.92506945,0.0929368,9.17,0.0,0.78,0.51,-22.599207
37.854046,0.024754785,37.818977,37.94435,38.086914,0.2679367,293.60953,0.0,1.0775748,1.2612699,1.5810105,0.4718351,0.46839452,1.7914501,1.9949743,1.5265797,4.1800866,4.8441787,1.0863911,0.053822637,0.27321407,0.66279954,18.73771,0.16083916,-15.360612,-0.71183735,0.915146,6.8318887,-2.480959,-1.563253,0.008540978,2.6837544,0.4691142,0.5700195,11.2411375,0.23837888,-19.583935,-0.2564116,-6.323245,-0.8408506,687.5098,0.32741925,1626.9166,0.18914628,-62.784096,-1.3331374,1473.4718,0.109257765,1354.3314,0.25578612,-43.087536,-1.9618577,2618.081,0.08170491,1126.1746,0.39541522,-58.656345,-1.2992424,2.7300816,0.7463733,21.348198,0.16318841,0.013903852,1.1255373,0.019660866,0.28400508,0.3195877,0.566666,18.979984,0.15380366,-20.646446,-0.2736601,-1.6112924,-2.8419864,-2.7317355,-1.461068,-8.602382,17.580374,0.0041704206,-0.00096650905,0.11563469,0.33613446,0.16949153,4.5699997,0.0,0.65,0.42999998,-16.739677
27.412935,0.1535357,28.172491,28.753338,29.356255,1.1837635,116.92023,37.23274,3.7018843,8.571101,0.85256994,0.41585106,0.5648824,0.8461261,1.0791168,0.5142344,4.8748755,5.0937495,4.432872,7.1118493,0.41017562,0.5165282,37.05609,0.22923888,0.28103194,23.627674,-4.2240887,-1.6193169,0.37875703,14.389763,0.023795364,1.3382983,0.9898955,0.6499891,4.388041,0.61438024,-1.014994,-7.1506295,23.154549,0.3183576,466.27972,0.18572575,1376.5437,0.16080065,-123.959496,-0.76370937,1405.6238,0.05103846,1031.5392,0.16605003,-125.07145,-0.7407604,2600.2476,0.0834579,1085.6896,0.37155133,-132.97557,-0.6233285,-9.677942,-0.39477816,27.8474,0.13086124,0.023440618,0.40620774,-0.012371679,-0.42675665,0.45608115,0.52596015,40.412037,0.10568385,-2.1466112,-3.2230763,-8.114444,-0.53378564,-0.37873787,-15.637845,-12.622042,24.111849,0.023039263,-0.014461037,0.38847044,0.67659,1.3623979,0.277,0.29124045,0.39636365,0.4861775,-21.955538
31.206339,0.03547649,30.198341,30.864237,32.28937,2.0910301,5.922693,1.5828979,-4.349705,4.775952,1.3430327,0.3895273,1.2384095,1.5068566,1.660484,0.42207444,2.786912,3.0546284,2.7488492,2.366294,0.25198555,0.5718002,29.056929,0.21273535,5.3418427,1.2955744,-16.970463,-0.68382627,-7.552264,-1.0923362,0.008127959,1.5680578,0.4387509,0.86336875,9.496364,0.20810868,6.3621163,0.73402005,25.387308,0.21950342,599.3104,0.18249843,1500.0652,0.09959635,-40.788113,-1.9591013,1488.9054,0.058218814,1041.5883,0.1355544,-43.41445,-1.8035166,2859.152,0.053401627,823.71136,0.5045952,-58.3765,-1.2135279,-7.558752,-0.39976686,24.497656,0.12218301,0.057350915,0.13615508,-0.0125330705,-0.42587626,0.27171743,0.38269332,31.354359,0.10408676,4.012712,1.3582513,-21.589638,-0.24342743,-9.398331,-0.8095599,-11.145801,22.010588,0.030946663,-0.004170338,0.18105254,1.7258884,0.40816325,1.9475,1.3651441,0.384,0.3618066,-18.267296
27.13232,0.010064456,26.991545,27.135231,27.282846,0.29130173,8.80966,6.3263354,3.9521914,4.1374655,0.88872427,0.28133044,0.87053925,0.95153636,0.9893417,0.11880243,2.6833205,1.831705,0.87625456,0.8009102,0.22188991,0.29984528,31.07252,0.1718046,2.2881901,2.0383325,-11.821666,-0.6081838,-9.310702,-0.6266201,0.006941786,0.95978326,0.62143785,0.5316658,7.0110655,0.17819542,0.15750799,15.700523,16.801908,0.22047707,472.1539,0.13997266,1360.6243,0.0910589,-34.998512,-2.0281239,1284.8782,0.0786936,1140.1633,0.12455415,-35.674595,-1.9823627,2469.7605,0.04268577,758.044,0.25463983,-49.66942,-1.3029221,-7.322186,-0.28635365,21.2647,0.13180731,0.0236779,0.38222507,-0.025003806,-0.23963593,0.23801784,0.24582978,32.954517,0.075113095,1.1612909,2.8033106,-14.017018,-0.34442073,-10.382291,-0.49181616,-10.573241,19.839317,0.016189134,-0.010408817,0.138623,1.0362694,0.2971768,2.8274999,3.9059594,0.412,0.4316202,-23.804813
32.419346,0.0070331334,32.25001,32.358974,32.55425,0.30423737,2.5434346,1.6627245,1.8329796,1.2947785,0.9941164,0.39985052,0.51255095,1.1518127,1.231963,0.7194121,1.627194,2.1818283,0.6103004,0.42732227,0.1284135,0.43762696,28.227596,0.16546386,-0.5159782,-13.926376,-13.150415,-0.62643343,-5.219763,-1.0850326,0.008275451,1.1605102,0.49429706,0.916945,9.764997,0.21526471,-2.0737858,-0.37260506,17.928564,0.3886107,614.9993,0.14262778,1517.201,0.09969114,-42.24051,-1.8103503,1518.7307,0.064801775,1233.4514,0.2875938,-40.599842,-1.8988488,2679.4238,0.11143999,975.1515,0.38353562,-58.59585,-1.1714195,-4.4244113,-0.69678867,23.71962,0.14023484,0.042540506,0.1769521,-0.0052421936,-0.82811654,0.1432616,0.3620778,29.687218,0.08983248,-2.62916,-2.2181675,-16.739388,-0.21810941,-6.498142,-0.818735,-11.454144,21.933802,0.029710172,-0.006200302,0.06789657,0.5457026,0.13736264,5.9,0.0,0.675,0.265,-23.018513
31.00148,0.009946742,30.747719,30.97615,31.174982,0.42726326,5.2285185,8.816399,2.2516828,2.229095,0.7049254,0.40209648,0.63011914,0.7325249,0.8134205,0.18330133,1.8514479,1.1905909,1.2055668,0.789571,0.13304597,0.6613875,32.17051,0.17832978,6.965898,0.856575,-6.849448,-0.842793,5.928177,0.88160926,0.005609893,0.7077024,0.5282619,0.45493308,9.713178,0.12834564,1.7563239,0.6636668,29.30157,0.14341347,620.7421,0.2754565,1606.1143,0.11316755,-30.939896,-2.179364,1527.7988,0.08285884,1185.6288,0.15861918,-38.58664,-1.640258,2684.885,0.06307608,908.9526,0.2197314,-50.493546,-1.1629376,-13.322815,-0.21144329,27.05818,0.13108632,0.057057347,0.16988799,-0.0106633995,-0.7907393,0.14499967,0.6307834,33.75998,0.09520523,6.7058473,0.87746155,-8.452877,-0.41546625,5.7928734,0.88452214,-12.019031,22.209742,0.020628525,-0.0018596723,0.062292285,0.4341534,0.2915452,2.96,2.9199998,0.29666665,0.1302135,-24.741846
32.350124,0.01767482,31.903233,32.272263,32.714558,0.8113251,4.255331,5.531882,12.722356,13.612341,1.0493337,0.5075497,0.44748268,1.1726435,1.4431595,0.99567676,5.2531643,4.270545,4.1723056,4.0426364,0.30501541,0.7554252,26.925747,0.37547952,-5.3484187,-1.5260139,0.7515763,9.958024,4.5214853,1.2159839,0.016274285,1.1007804,0.8320325,0.67618144,7.9389787,0.3449152,14.62688,0.14077513,26.68396,0.12674795,843.7906,0.19397502,1572.1659,0.15379713,-75.88491,-1.2207435,1639.1708,0.074090905,1176.4368,0.16925271,-75.765015,-1.1992542,2871.0317,0.05408874,767.6973,0.36816508,-85.216385,-0.98478097,-8.170141,-0.36182007,22.81464,0.14010635,0.05389774,0.13049641,-0.0066683064,-0.76162606,0.3670482,0.5479719,32.71982,0.06318397,-8.6391945,-0.66250795,-2.6608481,-1.8393811,2.8454351,1.5527459,-5.287301,15.009816,0.04013193,0.0023807,0.1963158,1.8181819,0.8333333,0.768,0.87700397,0.34166667,0.34416163,-20.57449
35.92135,0.01806946,35.729702,36.0938,36.31217,0.5824661,6.239429,5.109294,3.6394236,1.5972089,1.4033656,0.443051,0.5737971,1.6460662,1.8443863,1.2705892,3.4845455,1.9633245,3.1063032,2.4178815,0.4033658,0.58964354,23.322388,0.23079382,-17.303608,-0.36963153,-9.3405285,-0.74178743,-12.160592,-0.7605354,0.0050081173,0.82166183,0.6628299,0.47768375,10.147392,0.21915069,-4.899179,-0.9975715,9.416276,0.47748867,488.05457,0.124231696,1176.8108,0.11628674,-47.587555,-1.6962364,1449.8176,0.048337854,1011.1812,0.14489584,-44.741016,-1.8369292,2572.0898,0.03137249,750.5219,0.18410973,-55.387173,-1.3835827,-5.9834385,-0.5141971,18.872875,0.15501826,0.055727743,0.22656234,-0.0010159924,-6.8120866,0.49451858,0.37645236,25.5169,0.11323233,-18.985142,-0.19306718,-10.989651,-0.4879009,-15.8155365,-0.3976483,-1.4267628,16.797604,0.0145708285,0.018215735,0.094220154,1.9851118,0.2512563,3.1,0.0,0.42499998,0.015,-18.177298
30.198002,0.011640125,29.942604,30.147812,30.436298,0.4936943,6.1451283,5.2775974,3.5871482,2.5414283,1.6578916,0.40753374,0.5982225,1.9289694,2.16387,1.5656476,2.0507112,0.5328025,2.4801905,2.1794543,0.54256576,0.5738814,26.397682,0.22400044,-22.219507,-0.46361092,-3.9983635,-1.545923,-4.233709,-1.1311501,0.017283488,1.040672,0.94636714,0.7717894,5.7752175,0.62736547,-9.763839,-0.24868509,-2.0648172,-2.031616,676.88416,0.35995325,1325.2748,0.14406763,-55.411785,-1.5751755,1636.4144,0.18770714,1108.2001,0.27016065,-50.156975,-1.7192479,2620.163,0.10842828,871.90955,0.41040817,-58.194363,-1.4024999,0.5925792,2.6226385,11.778157,0.31737643,0.033720057,0.27034056,-0.006530051,-0.78881884,0.66156524,0.38797787,29.40257,0.06969001,-27.618832,-0.16471933,-6.766472,-0.5604643,-5.6428657,-0.7552927,-4.07075,14.615414,0.00030530812,0.0043412917,0.19688262,0.89686096,0.30120483,2.485,1.665,0.53999996,0.35336474,-17.09945
29.143549,0.010484718,28.941862,29.158741,29.390894,0.44903183,3.811528,3.2773883,5.156694,4.527084,0.86636764,0.35447022,0.8390452,0.93366534,0.99846894,0.15942371,2.8625522,1.7935331,1.4963874,1.3626006,0.18436408,0.40315062,29.515976,0.204541,0.43763244,8.896366,-1.5727017,-3.9783921,4.802284,1.0365405,0.008902816,2.765942,0.50902617,0.55018616,8.033583,0.2668971,6.5385337,0.37594247,26.40095,0.14138445,855.49274,0.14204273,1425.8846,0.13598923,-37.144634,-1.857349,1645.2238,0.076626,1099.0646,0.15589789,-36.317963,-1.8945769,2864.3567,0.06361019,717.5924,0.39992043,-52.431644,-1.1834496,-7.019115,-0.24072668,24.898363,0.09296423,0.046006735,0.20456098,0.0070922673,0.9637747,0.20541798,0.279673,31.66217,0.076437645,-0.37597674,-7.658908,-3.5739186,-1.0026591,4.9119744,0.9995244,-9.129916,18.158052,0.038956616,0.0027545858,0.07048025,0.40485832,0.13586958,6.25,0.0,0.53999996,0.14999999,-23.742533
34.409634,0.15328093,35.00668,36.680614,36.904003,1.8973236,178.40405,12.062321,37.038395,45.153442,1.3265376,0.47762105,0.55702597,1.549467,1.8089273,1.2519014,23.065409,17.430597,8.05665,12.378478,0.3600033,0.95766175,24.624136,0.2661299,-0.3188742,-26.51686,-17.848932,-0.7564028,-4.58099,-1.2854953,0.009744962,2.0830936,0.5363101,1.2263325,10.478277,0.33573064,-0.6687764,-8.8044,19.11505,0.26809114,574.96484,0.27126235,1628.3522,0.13454218,-71.13008,-1.3345232,1492.98,0.12957443,1250.0974,0.14415325,-73.93223,-1.2323763,2646.3042,0.08369187,1007.87195,0.48315638,-81.464775,-1.0506812,-9.203206,-0.29734442,19.97328,0.21025781,0.06834094,0.17507902,-0.016325029,-0.3355921,0.32319942,0.8043262,27.310455,0.1486549,-2.4611535,-2.7694237,-23.991158,-0.32753366,-5.295073,-0.84363264,-9.010171,19.625355,0.05572277,-0.010216526,0.40872663,1.183432,1.5968064,0.39624998,0.88673466,0.23857144,0.21989793,-18.12751
34.313583,0.0061695897,34.16046,34.279182,34.439987,0.27952576,2.9511032,1.6587206,2.6898699,1.361592,1.2219043,0.40743005,0.8785543,1.3258373,1.5476514,0.6690971,2.3421881,1.8652452,0.7093662,0.38273177,0.2458173,0.54165983,40.28776,0.14582051,-3.6785212,-1.7784156,-19.100086,-0.59200203,-14.829848,-0.5059916,0.004366805,1.0197093,0.47750533,0.5079125,11.16322,0.107031584,13.058554,0.17366736,39.313187,0.17624025,913.2219,0.07355346,1252.4231,0.08432429,-28.234581,-2.5469165,1704.802,0.074942954,1143.2917,0.2743991,-35.78565,-1.9305526,3024.0242,0.036126327,868.05347,0.256543,-58.02772,-1.0285879,-4.9041224,-0.4428046,35.032948,0.13965088,0.045522995,0.26262587,0.0028660425,1.3852609,0.2631832,0.49584517,41.909145,0.09272694,-4.719381,-1.220563,-23.511072,-0.14304908,-17.485703,-0.20832554,-13.832319,25.257673,0.014589883,-0.007048869,0.1542473,0.49937576,0.12562814,6.77,0.0,0.58,0.22,-17.98387
27.753433,0.020544779,27.137196,27.983383,28.247,1.1098042,33.130905,40.56594,-5.100741,8.835711,0.6473233,0.5925795,0.25321287,0.573734,1.0632424,0.81002957,2.7550676,2.0416064,1.3370174,0.50353634,0.19797382,0.46858364,31.224884,0.1661334,-0.19950473,-34.85872,6.2469897,1.179563,0.050726283,165.34248,0.019494148,1.2627307,0.91962516,0.61045754,5.7305737,0.4194127,-3.861504,-1.4154111,14.623462,0.51892585,511.84735,0.29991665,1435.1965,0.15907119,-83.957375,-1.0788529,1418.0121,0.14766805,1166.6348,0.19853762,-86.175644,-1.0251426,2502.0808,0.09498183,1010.5748,0.1958957,-94.17209,-0.8718501,-10.867444,-0.50120074,24.645784,0.26874688,0.016775832,0.5457885,-0.010368981,-0.6847501,0.24841677,0.2602987,33.526436,0.09777365,-1.2583616,-6.327238,5.1599627,1.6238456,-1.2611266,-7.897185,-10.847816,24.69723,0.0066358284,0.0037905008,0.1249903,1.369863,0.9345795,0.655,0.285,0.26,0.16673332,-25.093975
34.36191,0.0117216455,34.02948,34.3378,34.58798,0.5584984,4.7646685,1.5011759,2.9474323,2.4362378,0.5779075,0.42113292,0.33218625,0.5891428,0.75540924,0.423223,2.0263329,0.9590559,1.3760558,0.6618846,0.10217289,0.48012605,28.61794,0.24735416,-15.182082,-0.41737932,5.9647493,0.9347558,7.6508346,0.9945961,0.0071096946,1.0579139,0.72082055,0.48373395,9.405683,0.16360661,5.857735,0.8525073,13.975276,0.33214906,905.3768,0.055646885,1077.9985,0.09875636,-48.128365,-1.5663724,1755.0304,0.027640847,981.5695,0.098675564,-47.78991,-1.5824462,2910.9321,0.02275069,567.767,0.36432856,-60.003544,-1.1577417,-3.2404423,-0.95882064,21.87044,0.12630416,0.023512162,0.5565518,0.02322461,0.42184532,0.11760387,0.3411823,31.331688,0.15142238,-16.948978,-0.2393815,5.4643044,1.0554283,7.361815,1.1077759,-3.0448499,13.420579,0.022066854,0.02250249,0.045649204,1.745636,0.50505054,1.5749999,0.13499999,0.25333333,0.06599663,-28.85793
26.70254,0.180823,23.894615,24.131662,35.385136,11.4905205,83.41475,71.31418,72.09013,101.06187,1.247667,0.2849933,1.1169817,1.3390864,1.4827529,0.36577117,2.4045148,1.6847162,1.0118066,0.66360706,0.4579436,0.3496487,27.54249,0.09819935,-6.0970435,-0.85821444,-13.791147,-0.50882107,-6.943806,-0.6131133,0.021182738,1.4575286,0.9243005,0.52822644,2.731139,0.8052675,4.6876154,0.69916487,26.471474,0.16762336,855.7853,0.1337898,1411.8425,0.11585979,-55.864925,-1.7309613,1737.1058,0.07130742,1194.7198,0.20981187,-59.758472,-1.5536263,2829.7761,0.07109957,982.397,0.32049403,-70.940094,-1.2051334,-4.7841554,-0.26600602,21.067043,0.09940799,0.0658038,0.13965982,-0.010095259,-0.47632286,0.5026942,0.2528539,28.437315,0.06049565,-8.538037,-0.28779793,-16.479242,-0.16266058,-7.6023726,-0.5218294,-8.390824,20.916197,0.0518149,-0.014482969,0.36268994,0.92923516,1.0760401,0.63133335,1.0874549,0.26,0.39536375,-20.995255
26.247915,0.02744004,25.75189,26.166313,26.712137,0.96024704,20.013445,17.975412,12.090277,12.436784,1.7030442,0.3081303,1.1273036,1.8603972,2.0930333,0.9657297,5.8947196,4.280793,3.6208894,2.3606362,0.60548115,0.33780003,28.9374,0.12102572,-9.642522,-0.61893153,-7.272157,-0.9297711,-25.33071,-0.4715738,0.009893496,1.0176696,0.83992165,0.6732143,5.0852313,0.35815665,-1.8222685,-1.6231487,10.76683,0.7473412,469.0846,0.1747919,1230.1847,0.10590063,-31.303307,-2.0707483,1339.3132,0.08949483,1050.8766,0.14237285,-26.348751,-2.5232372,2568.623,0.06650288,864.4025,0.3382839,-43.471737,-1.3800209,-3.5515604,-0.5218041,18.172863,0.22043468,0.029185792,0.38725916,-0.017483164,-0.36316878,0.65444905,0.2613186,29.831675,0.078901045,-10.207024,-0.5879204,-8.412816,-0.7551548,-28.291632,-0.34906512,-6.44055,18.247578,0.0379536,-0.0066657183,0.3021996,2.2194822,0.62034744,1.392,1.4103248,0.19999999,0.21568497,-16.27004
31.128954,0.061770976,30.655405,31.044617,31.24735,0.59194565,67.36677,36.721592,4.383466,0.0,0.49142385,0.31560326,0.36364293,0.5258143,0.58520555,0.22156262,1.747861,1.1063019,0.86308855,0.98121154,0.14357492,0.42119896,36.94762,0.15690468,4.753184,0.9311449,-2.9801207,-2.3609824,9.240345,0.9091371,0.015991956,0.9395354,0.9497184,0.4145139,7.150544,0.21430458,3.3177233,1.4405341,27.57507,0.17440726,511.16968,0.3156934,1526.9353,0.09790217,-50.130413,-1.6144252,1469.3802,0.11287536,1238.4038,0.16641076,-57.053093,-1.3301212,2595.6907,0.096662484,1195.7667,0.27172026,-68.96912,-1.0090067,-13.944754,-0.14060228,28.708271,0.10458959,0.014948761,0.94558597,-0.010909006,-0.6385336,0.15381531,0.37659332,38.81386,0.077822715,4.1951165,0.7678846,-4.893409,-1.3109081,10.170426,0.81816196,-15.091206,25.977245,0.008797113,-0.005317303,0.1127282,0.9009009,0.5181347,1.4925,2.4812334,0.332,0.5013342,-28.437416
22.957027,0.046329424,22.597689,22.771046,22.928726,0.33103752,0.83085984,0.4490225,3.6105525,3.9478397,0.91090536,0.29432365,0.81678563,0.8972333,1.0179342,0.20114857,1.8633842,2.1648328,0.84582025,1.021152,0.15745665,0.40492287,35.491486,0.118736975,-9.956078,-0.62385595,1.7209136,4.495805,-24.992764,-0.34380186,0.005245198,0.8654746,0.5367179,0.7342676,6.2568674,0.10195699,1.6888357,2.7811348,11.875765,0.48981184,459.2084,0.17913467,1101.5662,0.09938743,-12.082999,-2.6100757,1358.5873,0.06629334,978.63586,0.1552771,-13.32439,-2.360321,2469.989,0.046351727,810.41455,0.21259625,-26.130613,-1.1186423,-10.806933,-0.18804348,23.894598,0.13535945,0.012961345,0.55768126,-0.02196754,-0.3081256,0.16098194,0.37956476,35.91579,0.09050734,-10.306831,-0.57028466,1.3764931,5.3833575,-25.658115,-0.30381465,-13.372249,23.70996,0.030150801,0.008531198,0.040899813,0.6610009,0.18993352,5.1099997,4.73,0.26999998,0.0,-22.871872
29.49689,0.008449737,29.303019,29.49766,29.641876,0.33885765,2.586593,1.9294578,-1.3415633,2.315671,1.4283086,0.3197627,1.354742,1.5544351,1.7018015,0.3470595,2.5764797,1.950089,1.3124214,0.79837596,0.18311238,0.45464605,26.640327,0.19443063,-9.085206,-0.74677175,-7.6202445,-0.50342005,-18.981068,-0.3246724,0.0035875684,0.83657765,0.27916956,1.0988839,9.756193,0.08473356,0.41836402,2.5650787,12.091192,0.35586184,431.95068,0.1281109,1270.3647,0.09391536,-26.10923,-2.4829824,1318.8727,0.05981878,1073.8777,0.1679049,-24.309866,-2.6907544,2452.129,0.039733727,840.6327,0.32230508,-36.546764,-1.6675628,-6.5307727,-0.32299957,19.100927,0.15078193,0.0580612,0.119874395,-0.017409341,-0.1906653,0.18960209,0.3648587,27.894478,0.13312393,-11.029702,-0.419027,-8.319748,-0.37240615,-20.110117,-0.15402453,-9.024891,17.476273,0.046497073,-0.016761651,0.14313966,1.6344725,0.1497006,5.8599997,0.0,0.39499998,0.035,-19.609419
35.18854,0.017520055,34.884743,35.038605,35.23867,0.3539276,3.1954935,2.0666678,4.3484483,1.422189,0.77735263,0.54646707,0.26311207,0.9819359,1.1395521,0.87644005,2.632811,1.1443758,0.6122429,0.32497007,0.21178351,0.5753445,19.744509,0.18053249,8.1308155,0.43461868,-10.726451,-0.9565899,2.0001588,2.981222,0.0122650815,0.84381664,0.9505166,0.362403,6.7737975,0.18409733,10.784374,0.24657395,23.513763,0.13613036,827.83417,0.18130796,1583.0154,0.17210041,-86.74835,-1.0785985,1588.6138,0.08441466,1205.8126,0.22233991,-83.48177,-1.1177669,2942.5469,0.07212118,791.80414,0.58160955,-95.8124,-0.8708983,-5.621766,-0.3957646,22.913305,0.11359379,0.033032816,0.3375346,0.014741105,0.51898867,0.29858625,0.20394515,20.514765,0.090463504,9.520129,0.27072692,-17.756044,-0.18178271,1.422643,4.5464745,-9.035459,17.988926,0.016778765,0.004032483,0.08113064,0.56710774,0.38167942,1.5899999,1.55,0.66999996,0.5027922,-24.191769
30.027205,0.032201037,29.845215,30.235794,30.395542,0.5503273,197.51923,196.70238,-4.368042,32.640236,1.4227585,0.40131512,0.5757452,1.6769806,1.8488393,1.273094,4.380809,2.9557197,3.272235,3.548856,0.39865774,0.4732059,22.276897,0.18021671,-0.73520994,-8.740016,-3.0762744,-2.9184556,-0.14496765,-54.19234,0.015454589,4.588841,0.8658153,0.56965417,6.1634016,0.5335878,8.485927,0.46509668,14.027935,0.22398683,478.63763,0.15931235,1263.1472,0.109500654,-62.46559,-1.3590837,1382.1171,0.063355885,1062.2655,0.13439618,-60.330727,-1.4210511,2530.5156,0.039286915,813.79486,0.23202825,-67.21306,-1.2127262,-6.844523,-0.3709582,15.8419895,0.18881792,0.034954995,0.38701618,-0.010616108,-0.90802115,0.46638492,0.30965248,23.60799,0.087810494,-3.428063,-0.74566025,-6.259235,-0.95108265,2.4996173,2.6800866,-9.512382,16.452398,0.026024949,-0.013654383,0.22160457,2.7906978,0.46875003,1.5366666,2.0674353,0.42999998,0.30536863,-19.126232
30.428923,0.02078429,29.941502,30.316517,30.753265,0.81176376,3.190565,2.6567924,3.4459589,2.7231789,0.92041904,0.5036584,0.35365495,0.98463064,1.2952865,0.94163156,2.966112,2.7308102,1.3995595,0.8567856,0.23005883,0.6187928,39.42636,0.18995932,-1.1060307,-6.204632,-6.063681,-2.0534613,1.7974533,3.519564,0.005262318,0.992236,0.547935,0.56397784,9.23662,0.1691195,-0.3293021,-4.451698,28.17362,0.15913999,762.60944,0.122181974,1421.1886,0.101488195,-60.597523,-1.4874976,1649.6622,0.05141139,1043.2352,0.1545682,-66.196266,-1.3044962,2832.0647,0.04562259,737.821,0.36638892,-78.353615,-1.0029402,-12.5996475,-0.27951992,27.156624,0.14027403,0.060718257,0.1351904,-0.025293773,-0.2268396,0.26258668,0.544715,43.5856,0.062380504,-3.5992303,-1.6854777,-13.169987,-0.4184679,4.3004446,1.132477,-14.966218,22.921162,0.031241177,-0.017793639,0.15165766,0.5625879,0.14164306,4.99,0.0,1.02,0.13,-20.847971
34.39389,0.010822105,34.1942,34.379074,34.63299,0.43879318,4.5214224,1.6882899,2.4343953,1.9591618,1.4263396,0.4190727,0.55628526,1.6518646,1.8410923,1.2848071,2.019066,1.8210819,0.94042933,0.5222737,0.1881031,0.6192075,28.151972,0.19902225,-18.107718,-0.7075462,-14.914315,-0.64261615,0.6042413,9.3382845,0.0027716742,1.7053895,0.2855355,0.81548965,11.748399,0.10360518,-8.878072,-0.41440883,4.9509783,1.0653173,496.27478,0.15199076,1285.9424,0.11383961,-51.71623,-1.5914754,1484.1664,0.046868656,1109.465,0.13960607,-47.335583,-1.7872704,2552.306,0.05199343,975.0887,0.29852486,-57.250175,-1.3843465,-3.6939182,-0.70354444,19.614544,0.22590175,0.024949174,0.44561368,-0.0116196275,-0.4380058,0.19675297,0.6179223,30.480581,0.1191109,-23.853596,-0.3421986,-18.853601,-0.31573892,1.160468,4.5423417,-8.061151,17.372948,0.017130794,-0.011328702,0.16313314,0.6435006,0.12953368,5.91,0.0,0.89,0.53999996,-18.535154
35.80118,0.00494484,35.69416,35.810204,35.919834,0.22567368,1.7860653,1.0362405,1.7019,0.93378544,1.9588691,0.31607214,2.00135,2.1329048,2.2891288,0.28777885,3.8291814,2.8772805,0.39001033,0.0,0.3091219,0.5189658,22.78839,0.1529602,-29.56072,-0.30286884,-3.6966367,-2.1828907,-4.190123,-1.3707759,0.005550064,0.89615834,0.26640883,0.7204373,10.789053,0.121961504,-2.8161469,-0.7393223,4.3588386,0.86269057,557.07043,0.3207045,1450.8191,0.13283578,-30.871067,-2.437023,1513.8269,0.098340034,1248.777,0.2491342,-15.5126505,-4.704512,2663.4292,0.06066076,1509.5388,0.32841888,-30.902546,-2.1655726,7.0459623,0.32687974,17.728493,0.120327786,0.025616681,0.37505472,0.01609354,0.28750938,0.31823456,0.5040886,22.009302,0.12699704,-32.769474,-0.12970419,-6.563777,-0.61089796,-6.181114,-0.43590015,-7.6706457,17.343555,-0.009144429,0.0050064065,0.25755304,0.1438849,0.14492755,5.96,0.0,0.45499998,0.114999995,-15.844396
33.65227,0.06101035,33.86226,34.03969,34.214134,0.3518753,62.01386,0.0,1.0425894,1.7972957,1.1281291,0.42296857,0.51945245,1.2569605,1.4813614,0.96190894,7.9551096,10.397805,2.0071077,2.3560827,0.28132632,0.6552578,32.31685,0.23976703,-11.003733,-0.8788675,-0.74668026,-10.448508,-13.270969,-0.68496877,0.00954428,2.2680454,0.74498355,0.48225558,8.91644,0.23814933,4.749498,0.71900696,18.55501,0.20741601,782.7485,0.121940926,1371.2203,0.09716613,-58.452835,-1.5111623,1573.6537,0.0450819,1056.9883,0.10822093,-57.407703,-1.5472133,2854.4297,0.02605273,511.5958,0.30280197,-70.057,-1.1568102,-2.1069727,-1.035214,20.432953,0.14013912,0.020811347,0.5765304,0.007678255,0.7910662,0.32744992,0.5966419,36.635975,0.047785997,-15.959352,-0.2434236,-4.1521497,-0.9584302,-17.34121,-0.3067756,-9.131174,20.098385,0.002057394,-0.002344478,0.16797765,1.0062894,0.25316456,2.84,2.81,0.72333336,0.50215095,-20.554546
37.755657,0.02909854,36.894157,37.737602,38.33928,1.4451218,15.311959,6.124282,2.000973,0.751658,0.66070724,0.35862786,0.5187358,0.6938274,0.86624354,0.34750772,2.9935355,2.4115374,3.1108394,3.291002,0.16777742,0.48515642,35.643314,0.21354395,-2.9226775,-1.9024392,-6.8104706,-1.3466653,-1.2197254,-5.0379667,0.015266236,0.8919274,0.91361994,0.45475528,8.758022,0.26616842,3.6514983,1.2984464,29.211006,0.17116629,763.3431,0.22309749,1537.8024,0.15667614,-51.328255,-1.5222334,1594.6293,0.100220606,1136.3824,0.25325155,-50.137714,-1.4488353,2886.7312,0.065288,800.7674,0.32428598,-67.34108,-0.95454544,-10.772453,-0.31526917,32.501976,0.12694825,0.023366367,0.5807221,-0.0044717416,-1.9614853,0.1850856,0.38774946,38.542538,0.09514034,-3.0630665,-1.7179475,-10.0681095,-0.5600613,-1.9802969,-2.7497184,-9.430142,22.081919,-0.0050329785,0.008189268,0.09913277,3.1390135,0.30120483,2.6799998,2.49,0.41,0.22449943,-25.19752
34.553978,0.030494163,34.370583,34.60786,35.022915,0.6523323,-2.0803425,2.2366836,0.9583387,0.0,1.0536216,0.3980877,0.9450637,1.1404725,1.3286818,0.38361812,2.162589,1.5384395,1.5024918,1.0080724,0.2675614,0.49998832,31.186657,0.112877,-4.762075,-1.462001,3.6752083,1.512677,-13.852581,-0.7051793,0.0071922415,0.9757793,0.71811324,0.45934832,8.923524,0.19180042,5.205592,0.49843186,22.196995,0.2099681,736.64386,0.21122499,1517.5618,0.14771162,-52.80298,-1.5916646,1623.7572,0.057420988,1038.954,0.1857715,-53.569847,-1.5287051,2862.2888,0.067617804,848.63617,0.57201266,-64.08302,-1.187516,-7.6243286,-0.40832525,21.775238,0.16707043,0.048848264,0.22316813,-0.015544317,-0.2985846,0.26926503,0.36798438,30.339094,0.096083485,-6.8132725,-0.7054686,2.6913927,1.7035666,-17.595627,-0.34925705,-14.18417,27.051443,0.032521956,-0.011335719,0.27004123,0.5025126,0.5067567,1.49,2.036615,0.345,0.13047987,-22.15021
29.01901,0.083548225,29.255795,29.597713,29.83056,0.57476616,39.22887,45.01426,81.20726,88.4074,0.5061586,0.5101632,0.23381045,0.48352072,0.7575489,0.5237385,2.4575348,1.9787604,1.589239,1.6726303,0.12832901,0.7872766,32.590538,0.32574454,18.425606,0.25442365,-8.221567,-1.3077155,3.0444226,1.8876015,0.020559987,2.2105048,0.70267093,0.8029639,8.371414,0.28698912,2.543894,1.4492977,32.259415,0.19806196,615.4613,0.27386957,1469.5997,0.111723825,-55.648323,-1.4591885,1581.4702,0.15816545,1355.8348,0.17557524,-66.222466,-1.1360248,2722.9163,0.11704565,1175.8307,0.2577022,-77.623856,-0.88715774,-18.699718,-0.12311714,32.38791,0.1309343,0.02718829,0.5153011,-0.030787082,-0.2944844,0.15264633,0.68404824,37.763515,0.14542627,19.661276,0.20994505,-12.052262,-0.7623138,2.6341107,1.9499768,-11.500424,19.98102,0.00091027294,-0.0072648977,0.052587744,1.920439,0.2762431,2.75,2.49,0.56333333,0.21234144,-24.752974
35.565536,0.043645427,35.609604,35.89567,36.12833,0.51872635,-7.0124173,10.899107,0.47525057,0.0,2.025071,0.22631937,1.8729806,2.145622,2.2799878,0.40700722,2.180095,2.824578,2.7654438,1.4009252,0.38168314,0.47210923,31.945414,0.10655504,-32.678284,-0.25736055,-3.127754,-1.305813,3.493145,1.7715354,0.007662086,2.239193,0.40899783,0.66891336,9.869063,0.39957625,1.1752586,1.7708929,8.496205,0.48025322,770.50867,0.1494726,1466.7012,0.120128505,-18.695593,-3.0303864,1637.5204,0.06751066,1152.8417,0.19612192,-13.757501,-4.1720223,2721.1082,0.07094973,819.7438,0.4442761,-27.499086,-1.9380639,2.9145632,0.41597652,16.380459,0.13518795,0.052178696,0.21747048,0.0018011972,2.9035852,0.38502848,0.44918296,32.773403,0.061327897,-34.90985,-0.10778957,-3.9822445,-0.74519026,3.9738076,1.5134927,-4.0904083,14.694987,0.029565953,-7.902492e-05,0.3608242,0.21299256,0.10706638,8.5199995,0.0,0.39499998,0.055,-15.876142
34.42506,0.066502444,34.528427,34.972126,35.564144,1.035717,125.65486,77.16086,47.78086,62.822105,1.2242646,0.3810674,0.93204427,1.3205627,1.5270665,0.5950222,6.992923,5.986468,4.338281,2.7029793,0.44320393,0.57022774,35.862892,0.16153039,-9.932231,-0.92038524,-15.253214,-0.757492,1.156418,6.9417,0.021312362,3.5290873,1.0143527,0.62038493,7.426254,0.4179329,0.16433871,27.878704,21.698463,0.29824594,711.6258,0.25581768,1454.548,0.14976895,-36.9816,-1.9040903,1571.6993,0.08730863,1144.4791,0.14744037,-37.427486,-1.8510457,2644.3914,0.06329392,878.216,0.2251541,-51.387527,-1.2299758,-4.6198416,-0.9447488,23.047314,0.17451954,0.04221699,0.29174682,-0.002788526,-3.8622766,0.49245593,0.4946636,37.651302,0.09975974,-12.261615,-0.5737313,-18.529675,-0.39945745,1.6320032,4.648814,-12.059602,24.721329,0.016556853,-0.006284559,0.21269199,2.4813898,1.7632241,0.46285713,0.93982846,0.09666667,0.072724745,-19.219303
35.826336,0.061274346,36.076756,36.168667,36.262207,0.18545151,7.3262663,5.6556444,3.5038471,0.0,1.1437014,0.39498752,0.8661536,1.2048558,1.5151886,0.649035,5.2513475,4.271326,2.6670544,2.8966873,0.21098283,0.73768437,30.041378,0.141193,-5.3646,-1.5870509,-9.054095,-0.95691675,-10.361226,-0.6175001,0.003618497,1.2401456,0.41640306,0.6821752,12.104497,0.14855123,-6.03187,-0.2834417,17.192595,0.4876777,593.6738,0.23081079,1477.1097,0.12692377,-53.76372,-1.6681622,1563.9417,0.114202976,1234.8636,0.34059525,-57.44166,-1.4630153,2601.8198,0.1507105,905.27655,0.37125,-65.12788,-1.2249054,-10.917362,-0.25990787,20.117155,0.28688076,0.06442182,0.12903638,-0.034613214,-0.22542949,0.18242945,0.6049126,30.440777,0.13472532,-8.287588,-0.77354103,-12.178701,-0.43346798,-12.023002,-0.46805835,-13.730821,21.879711,0.045129027,-0.023362363,0.2978776,0.5442177,0.41095892,1.7933333,2.4654996,0.46249998,0.2873478,-19.954245
32.061974,0.0397139,31.676672,32.03228,32.439476,0.76280403,135.05988,188.3811,33.12213,52.67548,1.244201,0.48833898,0.4045387,1.4185549,1.7317405,1.3272018,3.305538,1.8574313,3.3540435,2.1056545,0.25541106,0.76482093,32.542004,0.2074948,-6.3238816,-1.7309809,-5.909007,-1.6961867,0.40964672,25.521416,0.010857569,2.7992313,0.47494042,1.3698117,9.950084,0.2376127,9.426583,0.2905363,25.841745,0.20512444,720.4115,0.26241574,1625.7045,0.17738394,-52.47036,-1.6894003,1557.2649,0.09310478,1106.7806,0.19858271,-52.25975,-1.6501707,2762.3743,0.059043087,751.41254,0.369007,-64.563995,-1.2239436,-7.118758,-0.59425163,23.701328,0.19271775,0.04784164,0.27314663,-0.010336247,-0.6719182,0.2615228,0.50937384,35.284004,0.09232135,-10.434004,-0.687368,-9.951448,-0.6723046,-2.3960986,-3.9738457,-12.549982,23.05663,0.016083043,0.0028767856,0.25018236,1.3280213,0.6684492,1.104,0.9536582,0.30833334,0.18862808,-18.48403
20.438082,0.007549093,20.31881,20.433655,20.557564,0.23875427,2.8936522,1.601662,3.2356198,2.2070405,0.58491343,0.16324748,0.5492456,0.5913827,0.63602906,0.08678347,2.6135292,2.9685507,1.8067131,1.9915588,0.13551591,0.32314745,32.442154,0.10569808,16.223503,0.28188434,-13.206234,-0.3186765,-0.29584727,-21.285183,0.0051587066,0.7198547,0.49479106,0.7222949,5.387754,0.10244828,11.196779,0.43946007,30.785454,0.09855611,459.6924,0.25264043,1384.9537,0.10963725,-22.242907,-1.2220974,1359.7871,0.13064204,1097.3105,0.14954726,-22.652176,-1.2023073,2575.4277,0.07545881,1088.9164,0.15336232,-43.65076,-0.5483955,-13.628885,-0.13041855,34.23661,0.053340226,-0.031766277,-0.20902018,-0.011489897,-0.55478996,0.13782343,0.28839758,32.885227,0.052370057,16.775469,0.16277428,-13.673039,-0.21161027,-0.33865473,-18.659672,-1.905826,10.697738,0.031478215,0.025657114,0.015153023,2.8670723,0.08733625,11.179999,0.0,0.25,0.0,-24.322721
39.09815,0.010997989,38.975826,39.140648,39.296368,0.32054138,15.442952,20.009554,4.388219,2.1839118,1.4876249,0.39063206,1.0570489,1.6739861,1.9385427,0.8814938,6.1487737,12.647112,1.4270796,0.9918732,0.19951634,0.6621304,22.593386,0.29259476,-10.024854,-0.89074373,-21.617846,-0.598749,-16.002024,-0.38958108,0.0045919204,1.1749693,0.33939394,0.47913623,13.431612,0.12973256,-3.8565679,-0.24770169,14.628058,0.2677599,856.09753,0.07295949,1313.5613,0.103293955,-36.548714,-2.1347067,1714.2399,0.066800825,1235.577,0.19231236,-45.437355,-1.6130503,2812.0164,0.030802371,636.0386,0.33135155,-52.167057,-1.3449838,-0.59488606,-3.5796835,20.812557,0.13428478,0.06444278,0.14154042,-0.015557592,-0.46162024,0.22612293,0.58002615,25.327513,0.124975815,-13.597669,-0.3537043,-27.479685,-0.16397326,-17.49778,-0.32331592,-5.7177744,11.236961,0.037180115,-0.008181312,0.08720326,1.6344725,0.1497006,5.45,0.0,0.59999996,0.17,-17.346064
29.470919,0.05486067,29.283424,29.755083,30.083145,0.79972076,256.48685,180.03873,-50.147324,46.386265,0.62619686,0.42719075,0.3521567,0.6185839,0.8489371,0.4967804,1.5293037,0.5613697,1.7823867,1.3557395,0.19304019,0.41096213,26.375326,0.2365144,2.454286,1.9771658,4.7222857,1.6303189,5.7470484,1.2115402,0.014790554,2.5755582,1.1994382,0.6178425,5.9310665,0.27965528,10.239085,0.29138845,28.010773,0.20277578,572.31384,0.2735449,1557.7548,0.13131061,-92.17142,-1.0405139,1527.3765,0.094142705,1123.245,0.20717362,-92.852615,-1.0072271,2677.4255,0.101726785,1160.603,0.45282555,-102.322716,-0.83438444,-10.875709,-0.22258037,25.868814,0.09700531,0.0131644895,0.97675115,-0.011059217,-0.713563,0.24703112,0.22274272,31.165508,0.08345078,3.9496796,1.1425637,-0.20518054,-20.902832,2.8759022,1.7447912,-8.5781,18.270346,-0.007380649,0.0077055544,0.124806985,1.9834712,0.33333334,1.6999999,1.62,0.84999996,0.9785704,-26.394268
22.221922,0.016775083,21.91986,22.20386,22.539406,0.619545,3.5917733,2.5016654,2.686999,1.6451766,1.4485507,0.2568628,1.3617573,1.5183669,1.6625115,0.3007542,4.504701,7.297535,4.246006,5.5969954,0.3674478,0.40676272,21.181713,0.18190812,6.621986,0.7780467,-12.191593,-0.52119017,-15.676335,-0.62014514,0.004296534,1.0061413,0.7174464,0.5308983,5.006858,0.19216375,1.4887731,1.3625956,17.225946,0.2425577,689.0621,0.31654954,1327.026,0.14082728,-26.517605,-2.7051566,1683.309,0.1914393,1049.452,0.20685703,-32.910656,-2.0808938,2698.2593,0.119720094,908.8529,0.2503703,-41.93368,-1.542569,-5.8340316,-0.4986127,17.64347,0.17253448,0.03239121,0.3039701,-0.03466293,-0.29327592,0.3704704,0.2660661,21.605013,0.1297172,7.4280577,0.66391295,-13.373594,-0.35823172,-17.242151,-0.5122833,-7.127725,15.609817,0.04735744,-0.014786419,0.35782653,1.3264555,0.147929,5.785,5.2149997,0.6333333,0.38594761,-19.139055
33.29272,0.022611074,32.947388,33.221138,33.574966,0.62757874,29.742887,57.151443,12.234303,17.920279,1.1162748,0.46748406,0.6339546,1.0133177,1.7317362,1.0977817,4.275627,2.8128626,2.2493892,2.1799319,0.25897118,0.55345136,29.195372,0.23359923,15.316173,0.51234215,-10.152637,-0.9214394,-2.1435127,-3.4638197,0.008211614,1.3348731,0.506591,0.721663,10.65049,0.18892847,-0.9229635,-5.851535,27.987722,0.2556344,437.38803,0.2719374,1382.4552,0.11122122,-32.985832,-2.0326114,1372.73,0.11497121,1113.5505,0.17926149,-41.598476,-1.4891976,2520.2334,0.08048792,967.61676,0.25753167,-55.14082,-1.0295463,-15.733055,-0.232599,30.96223,0.16719244,0.04799878,0.25958666,-0.019960301,-0.41131815,0.2744197,0.53078234,31.426126,0.11821553,16.42326,0.4541688,-11.109224,-0.76183105,-1.6076579,-4.344526,-7.964836,17.921398,0.044129897,-0.010105091,0.16843659,1.8575852,0.4149378,2.0774999,3.523396,0.24799998,0.16473009,-17.234016
33.226795,0.041952617,33.310616,33.592445,33.839424,0.5288086,15.23877,11.260745,32.40113,38.423508,1.0149066,0.627847,0.22383684,1.2333751,1.5381403,1.3143034,3.3565352,2.1747298,2.5386548,2.2070463,0.23121649,0.73303443,22.769304,0.18336925,-10.7967825,-1.0259589,2.3101063,3.9786503,-1.7192749,-4.3777356,0.006361617,1.9088962,0.7822198,0.50810134,9.026278,0.28298685,-6.4888678,-0.5760943,1.0023941,5.3348975,769.08356,0.17381527,1331.1711,0.11595996,-71.76539,-1.2524341,1611.7628,0.06123087,1169.7332,0.20446053,-66.37926,-1.4050888,2882.006,0.06501578,807.9123,0.7352366,-77.64503,-1.1006961,1.2886217,2.1565468,18.499472,0.13635534,0.008528128,1.4612932,0.015162164,0.40515503,0.30352938,0.516506,23.42817,0.097977206,-17.138355,-0.34457794,-0.7519211,-8.02432,-3.9556003,-1.3218912,-9.808869,22.677544,0.0036778792,0.00889544,0.08781818,1.3679891,0.41322315,1.6166667,2.2156012,0.585,0.31626728,-21.454498
36.80323,0.010530008,36.771698,36.857887,36.95617,0.18447113,2.718486,2.1520102,4.905706,7.8035088,1.0367584,0.37039778,0.49054125,1.2010509,1.320596,0.83005476,3.505488,3.691749,0.8975352,0.63693196,0.11446106,0.514685,21.692373,0.30797017,-0.09802811,-39.365303,-28.109453,-0.5455986,-7.965319,-0.73233986,0.003830696,1.0330583,0.31999922,0.84685504,12.579524,0.12540655,-3.641186,-0.33092713,19.507204,0.15815245,706.9108,0.103768356,1414.9176,0.06851704,-48.87846,-1.7379683,1557.6687,0.04061835,1013.05493,0.12407254,-50.90312,-1.6421322,2908.1228,0.040972847,580.0447,0.44317624,-66.29383,-1.1304371,-5.8600965,-0.4773014,24.570433,0.11416002,0.06884129,0.13366663,-0.0012045511,-4.4493184,0.1179679,0.5334896,25.158257,0.08178042,-0.87640023,-3.3581507,-36.178947,-0.17145495,-9.830435,-0.48352894,-4.985116,11.805676,0.041466396,-0.005826061,0.106353514,1.0279001,0.443787,1.7033333,2.3523653,0.53,0.4092269,-21.952034
37.842728,0.047798585,37.98174,38.09876,38.26363,0.28189087,920.25635,918.28894,116.611824,135.67241,0.7730714,0.3088279,0.6952274,0.8507592,0.9287678,0.23354042,2.114747,3.0181932,0.78171515,0.79946625,0.13687591,0.49193946,30.994453,0.1887018,3.7484586,1.6422501,-12.905197,-0.7252646,1.6483318,2.7832663,0.009487494,2.2250597,0.6148544,0.7760623,12.329572,0.17919008,0.93293464,3.0861082,25.380642,0.15805556,727.10004,0.2779382,1679.5076,0.15846863,-37.734764,-1.6466906,1590.9929,0.1044454,1109.9459,0.17352322,-35.441444,-1.5795422,2895.6152,0.062122125,942.85956,0.21482243,-53.850464,-0.9171824,-12.738469,-0.18996295,33.68438,0.114395,0.054686666,0.22310738,-0.009080923,-0.69873744,0.14499193,0.46312958,32.589092,0.11300653,2.4692435,2.017584,-15.350913,-0.4365039,1.7273964,2.4070075,-13.648306,22.018658,0.023031557,-0.010790672,0.07704324,1.5247777,0.8974359,0.9828571,2.2933488,0.12833333,0.0569844,-22.286133
23.835598,0.012436846,23.573984,23.881056,24.073526,0.49954224,7.1526365,4.066225,5.156644,2.6233773,1.3145121,0.33814374,0.6800065,1.4634255,1.6410161,0.9610096,5.045154,2.9335895,4.8402195,2.99082,0.43790343,0.358991,30.435461,0.13168171,-7.897369,-0.51934814,-4.5395775,-1.2815478,-7.328347,-0.7113733,0.009380397,0.88701904,1.1099154,0.55913824,4.232289,0.40688795,3.095161,0.5189661,18.190342,0.19936624,450.5688,0.15604909,1322.8417,0.1164351,-48.696903,-1.6556911,1332.7122,0.059331894,1113.6849,0.13633181,-44.81013,-1.8428777,2348.9858,0.05597571,1040.6063,0.28345954,-59.04638,-1.2716253,-3.8208184,-0.3739779,19.81685,0.1655686,0.004727649,1.7035799,-0.0077358847,-0.56602263,0.49760297,0.2334479,31.001991,0.12923689,-8.651396,-0.48387128,-7.275203,-0.37970337,-7.5513372,-0.7243518,-9.172457,19.525354,0.009250362,-0.009058361,0.2343047,3.4346104,0.13297872,5.8599997,0.0,0.815,0.125,-19.915558
30.681934,0.012115386,30.366325,30.677254,30.998196,0.63187027,3.4893956,1.8382947,2.3078146,2.4486444,1.6348324,0.33512002,1.686949,1.7816387,1.8665123,0.17956328,1.6233059,0.663113,1.5597413,1.239347,0.27068183,0.5815006,33.03691,0.20092705,-33.37461,-0.3271518,-2.5219543,-3.2292042,-11.851275,-0.73999393,0.0032713837,0.44270712,0.29926217,0.5408384,9.8643875,0.09722452,0.96273595,1.759696,7.584998,0.3245758,528.403,0.20137206,1457.5028,0.1390865,-18.315147,-3.4421988,1479.033,0.055235244,1124.1375,0.10383794,-11.171284,-5.8014154,2700.8538,0.03682364,850.07654,0.3310992,-25.871214,-2.3110387,2.1276999,0.6859762,16.533735,0.13164495,0.06954352,0.12489404,0.0062576006,0.6332838,0.30060598,0.46146658,35.132465,0.06825385,-36.932873,-0.07972186,-4.8952503,-0.82194734,-13.888474,-0.4802749,-6.34985,15.627622,0.011131647,0.02109574,0.014665181,0.19286403,0.096993215,9.22,0.0,1.0699999,0.0,-17.799328
23.001478,0.23854779,18.968182,19.205639,29.687012,10.71883,400.08188,419.57535,42.975246,37.864876,0.7842088,0.4946609,0.31505665,0.99078465,1.1100377,0.794981,4.461037,7.4962635,1.5517725,0.9286396,0.3194462,0.59895504,27.334219,0.16387342,-3.666451,-2.16691,2.5358756,4.353877,6.972438,1.0063734,0.02942488,2.1187253,0.9144131,0.47436434,3.242761,0.49704114,10.377889,1.4704272,24.121449,0.26259783,720.6342,0.19368978,1440.7905,0.11329351,-141.17421,-0.6259011,1656.1521,0.09278655,1164.4647,0.13498291,-143.51857,-0.5923235,2704.7886,0.04461183,848.35333,0.4195048,-145.9866,-0.55689484,-11.1810255,-0.63446337,24.196812,0.2080087,0.005897195,1.8905994,-0.011124248,-1.0505217,0.30116585,0.46606654,30.483849,0.1212001,-0.52487737,-17.351707,6.573646,1.6367588,4.9093585,1.9012475,-6.0668616,19.101397,0.0036940638,0.00083559984,0.3337802,1.458671,1.4851485,0.19333334,0.21457967,0.45999998,0.41236445,-25.067627
36.68139,0.029018905,35.963875,36.58863,37.39982,1.4359436,9.037523,3.4294305,4.9502454,5.1593823,1.0949513,0.3243495,0.90220386,1.1501819,1.3833245,0.48112065,1.6846751,1.404025,1.6588148,1.4115778,0.24485207,0.6317039,36.065517,0.16038834,-17.5756,-0.34134558,-23.612255,-0.31362066,-11.181554,-0.78768283,0.0067298776,0.9030354,0.6239449,0.58122796,10.557737,0.2030816,0.08256712,58.28438,24.535734,0.20050251,796.70807,0.19592278,1436.7706,0.16855668,-10.176354,-4.308862,1586.3088,0.074065275,1074.4579,0.15836939,-8.089326,-5.333215,2860.2874,0.048978124,688.1866,0.29865983,-31.695164,-1.198447,-1.2645557,-2.223946,26.702694,0.13264294,0.06492582,0.22437619,0.010903147,0.6600823,0.25704527,0.58201224,37.04521,0.1080789,-18.282648,-0.28912112,-24.955662,-0.1857288,-12.028303,-0.67526555,-4.217683,16.874388,0.016180214,0.022087155,0.029959757,0.7945517,0.11415525,8.33,0.0,0.19999999,0.17,-21.134436
32.046654,0.016419696,31.763664,32.011433,32.436817,0.6731529,8.502344,7.5928764,8.16552,6.9559464,1.0684791,0.34760788,0.91324073,1.2061251,1.299458,0.3862173,2.2110977,1.823041,0.96509814,0.52736485,0.23242295,0.435366,26.619831,0.15885653,0.9025089,5.9851465,-18.358807,-0.6740056,13.081739,0.41033098,0.009126899,1.0967351,0.7359117,0.54422486,8.445903,0.3192517,16.930285,0.26190966,26.791986,0.1563239,884.4738,0.09929158,1298.9272,0.12691079,-27.25126,-2.3226364,1635.5598,0.047655504,1060.911,0.19468649,-24.481329,-2.6197798,2943.762,0.038104743,560.81946,0.36636114,-45.472973,-1.2425267,-2.543048,-0.83070946,25.869917,0.11175179,0.03458973,0.28463176,0.016941415,0.28374943,0.258605,0.29608634,27.7564,0.0977063,1.1972128,3.768851,-22.482498,-0.20321096,14.065105,0.32673618,-7.1146955,16.051455,0.0013623345,0.012059392,0.043666802,1.1100833,0.0929368,9.49,0.0,0.62,0.099999994,-21.31445
34.54113,0.048079588,34.209152,34.375923,34.91187,0.7027168,20.591381,24.674255,46.84002,56.077732,0.73889595,0.37327293,0.38025254,0.7825485,0.9483056,0.56805307,2.0493097,1.375969,1.0420238,0.45323363,0.22559363,0.4413724,29.762026,0.17155677,1.8453716,3.6878285,0.6588367,9.897531,-4.426333,-1.4402404,0.02399956,0.6921149,1.064369,0.52203923,6.8486524,0.46418127,1.1953802,4.3437834,18.75897,0.2898624,798.2986,0.18711533,1507.2021,0.18873191,-65.88853,-1.2824292,1645.5421,0.10160954,1222.6112,0.20872992,-70.342834,-1.1422428,2796.166,0.047329124,713.9399,0.283396,-77.32584,-0.9850881,-13.11733,-0.15932801,27.215948,0.11125004,0.029632071,0.44895723,-0.012932194,-0.67828757,0.25418815,0.33258006,32.12181,0.10617032,-0.8800471,-4.7406735,1.0209885,6.9740467,-4.357687,-1.5052142,-13.065266,22.263002,0.027208218,-0.018090576,0.1573894,1.9819821,0.72727275,0.97999996,1.4220935,0.375,0.47793826,-23.51515
37.886932,0.018362256,37.40657,37.89185,38.526855,1.120285,6.549565,2.8053043,-6.632994,6.36139,0.88772154,0.4503029,0.40811256,0.9031127,1.1086228,0.70051026,3.5854533,2.816947,2.1933875,1.0590973,0.24275778,0.61479366,29.540937,0.21100669,-9.199168,-0.9179072,-6.539955,-1.5732492,2.7880046,2.6935449,0.008158362,1.3069378,0.80347997,0.45617348,9.050929,0.25657925,-3.000133,-1.3918722,15.170271,0.43130636,876.03595,0.08873375,1249.6942,0.19870803,-45.565823,-1.6980946,1705.5562,0.06825459,1084.9264,0.1698084,-47.40455,-1.6058972,2918.0215,0.048793916,739.48016,0.3491954,-65.284546,-1.0295221,-3.160084,-1.1648993,27.52638,0.16661844,0.027675578,0.44218957,0.013139527,0.708042,0.27715796,0.53178936,31.100101,0.15757246,-11.657136,-0.59339845,-10.595391,-0.64875716,1.6974081,4.458009,-9.378925,20.630157,0.030600583,0.008075596,0.11417109,1.3404826,0.27173916,2.9399998,0.0,0.355,0.125,-22.74852
27.181751,0.007297485,27.036472,27.200008,27.342518,0.30604553,4.58441,3.5045617,3.642859,2.3242364,1.8904862,0.16527627,1.7988114,1.8984505,2.0412645,0.2424531,3.7744758,3.1819363,2.3458183,2.3884575,0.4405968,0.39923668,28.510147,0.154304,-11.6500435,-0.3813167,-2.7193253,-2.077661,-41.372833,-0.21373123,0.0027394993,0.97259873,0.42744523,0.61880016,8.599538,0.09046535,11.504952,0.2903365,15.928971,0.29995584,552.38184,0.3678449,1354.9485,0.103924915,-1.9169359,-16.638592,1505.1947,0.1897465,1145.2952,0.1853232,-2.122321,-14.75918,2602.2148,0.07685099,816.63837,0.29425275,-10.789183,-2.77936,-9.939706,-0.19114526,19.669273,0.18101768,0.041778,0.17293365,-0.03157704,-0.20176992,0.4488605,0.37256807,28.796211,0.14044501,-11.893627,-0.3597105,-3.0061893,-1.8212264,-42.310425,-0.13924442,-7.6627736,18.581104,0.019464644,0.020661674,0.12610513,1.6973127,0.14265336,6.83,0.0,0.16,0.0,-14.563423
30.270903,0.06611549,30.033728,30.289703,30.70668,0.67295265,86.25304,110.66195,113.53916,166.40614,0.7541153,0.34107932,0.5108678,0.7822102,0.9467571,0.4358893,2.3917851,1.2674074,1.9776454,1.6556802,0.17931417,0.5144439,28.71854,0.28269672,-0.34755957,-19.111464,-11.611904,-0.67253107,-1.5338278,-3.6817565,0.01556579,2.8428948,0.70706123,0.6965497,6.7507625,0.42353958,8.149949,0.32079527,23.837664,0.22874853,720.1403,0.15284641,1372.2168,0.08593231,-54.52677,-1.5603637,1590.687,0.059516255,1080.6292,0.16845828,-57.470837,-1.4510893,2806.4463,0.053487174,715.6102,0.48638165,-69.96262,-1.0879738,-7.272517,-0.32342649,23.533422,0.1900007,0.033814788,0.36418986,-0.005024118,-1.2229321,0.19555376,0.45275813,32.272827,0.15614475,-2.2613692,-2.3632226,-14.646436,-0.28663477,-1.275971,-3.610167,-8.553133,18.198147,0.028499464,-0.0068765585,0.13449362,2.2505627,0.60240966,1.22375,1.6847398,0.41375,0.41623122,-26.088688
33.81407,0.03877072,32.706623,33.180122,35.326378,2.6197548,6.186035,4.8537636,2.4465802,3.8809133,0.88476706,0.5016546,0.4205857,0.7921819,1.3734877,0.952902,4.047205,6.8141565,4.1772594,3.9687018,0.2027243,0.5941287,24.844837,0.35438237,-1.6722815,-4.62829,-10.703227,-1.1282433,13.7125635,0.7738447,0.015826328,0.9062933,0.807834,0.5022722,7.6206303,0.36080378,3.944236,1.3244343,15.977524,0.4479445,807.4088,0.13197003,1287.3746,0.103534676,-64.18211,-1.372706,1648.8203,0.05171309,1041.7634,0.15657556,-67.13422,-1.2809426,2746.519,0.029310914,625.0272,0.15256576,-75.88957,-1.0589467,-6.278245,-0.28338102,21.291634,0.16664119,0.037331507,0.36269644,-0.002141408,-4.35692,0.23758264,0.4255386,28.549273,0.26061827,-3.6940641,-1.4808683,-16.871214,-0.3292506,18.689556,0.31772804,-6.8981934,15.075444,0.028745178,-0.0055095325,0.119362175,0.94786733,0.15923567,4.43,0.0,0.90999997,0.28,-22.913954
33.053104,0.11643466,30.206617,31.690239,33.684097,3.47748,225.52081,344.07858,14.178664,11.933442,1.074405,0.44895038,0.6050646,1.0132799,1.5127012,0.9076366,6.4688993,4.0176034,4.2984595,2.5529094,0.36610535,0.5518766,23.926558,0.236208,-16.454845,-0.50434077,-4.8389854,-1.5127683,-10.245712,-0.8271386,0.013466981,2.5393085,0.9691852,0.78757036,7.3527393,0.46881226,8.46367,0.6833621,11.772073,0.5634012,594.233,0.39709058,1270.5602,0.29074228,-90.21575,-1.0368674,1550.1448,0.14673115,1096.2618,0.20456447,-84.07013,-1.1575059,2702.3877,0.075073406,1182.5712,0.54448456,-92.26005,-0.9801267,-3.4467297,-1.7865721,19.15085,0.3247857,0.04012454,0.39810896,0.0031404227,3.1395836,0.43518573,0.4773304,25.524277,0.17739257,-19.602673,-0.40499336,-6.9027367,-0.89804924,-13.299723,-0.61119556,-3.668417,15.442138,0.037382487,-0.0013577332,0.27789733,2.303263,1.3565892,0.4185714,0.44604382,0.29714283,0.27592513,-21.46873
36.710773,0.019487588,36.362644,36.70766,37.03752,0.67487717,16.607903,27.777822,39.30603,69.44491,1.2319903,0.46806172,0.43192193,1.4982167,1.7181445,1.2862226,2.4273453,0.90878993,2.6388137,1.1420705,0.3159889,0.48917764,21.803555,0.22819503,-1.4014515,-6.623058,-6.3842654,-1.2722963,-10.867964,-0.6653011,0.0068631964,0.9592161,0.6936932,0.7257978,9.500677,0.2630196,5.834742,0.8667106,15.717878,0.29643133,884.99915,0.13022536,1137.4705,0.21216822,-56.83422,-1.4037399,1750.5375,0.06309725,1012.3568,0.13671628,-58.77847,-1.3263612,3010.5193,0.05172266,506.87802,0.52317053,-66.1866,-1.1152868,-4.899479,-0.6063871,20.2886,0.16881496,0.065469176,0.172608,0.0042496687,2.7609909,0.38174433,0.29906058,23.490276,0.1336498,-5.4854226,-0.827642,-8.716517,-0.65580684,-12.426692,-0.53046626,-11.021632,19.314768,0.037298616,-0.013224589,0.11487197,2.4711697,1.1627907,0.64285713,1.4361826,0.1942857,0.17629984,-18.990913
32.325325,0.017598357,32.136177,32.25388,32.438847,0.30266953,2.7103868,1.8055083,17.696686,17.129545,1.2578477,0.23309833,1.2202951,1.2935939,1.4123263,0.19203126,2.998754,2.709834,2.2632391,2.8678942,0.25682604,0.5315059,34.286972,0.10306466,-14.379634,-0.29183772,0.46025375,11.520907,9.110843,0.74761397,0.0040231207,2.3329155,0.510332,0.52989674,9.864905,0.15735352,21.982847,0.2183496,22.228933,0.14436938,956.2267,0.041714408,960.61993,0.09913419,-18.133268,-2.1557,1727.0184,0.024459189,982.0458,0.12743412,-6.6073437,-6.280488,2976.7305,0.017677408,406.29266,0.2790175,-26.200125,-1.4245536,-0.031170415,-75.05167,22.771978,0.10220509,0.035888903,0.32886893,0.03405508,0.1611605,0.2685664,0.48480773,34.837543,0.054336686,-14.953386,-0.2177661,-0.0112969205,-388.45667,9.006408,0.74707943,-9.292298,21.454004,0.012751436,0.027105263,0.018042015,1.369863,0.27855155,3.4199998,0.0,0.14999999,0.0,-18.879124
29.562225,0.06787077,29.608772,29.818033,30.048162,0.43939018,141.07355,99.53967,3.8831148,0.0,1.0032929,0.34118024,0.9556001,1.0905544,1.1714709,0.2158708,3.0339057,2.351208,1.2913646,0.60085285,0.28034073,0.49103266,37.4897,0.17761862,-14.069984,-0.51873446,2.0146236,3.5980504,-15.09941,-0.74111557,0.019134372,1.2997024,0.7986109,0.5846129,5.977816,0.575244,9.412156,0.75548404,24.114763,0.22723387,615.45624,0.20449339,1541.8468,0.13453577,-24.214079,-2.5954096,1504.3228,0.07416253,1101.0527,0.27887267,-22.835266,-2.7570977,2769.581,0.07726756,763.10895,0.5109996,-41.37608,-1.3623341,-3.727158,-0.5814325,22.5113,0.12940526,0.020253155,0.49589875,-0.0016698653,-3.2848513,0.30797127,0.39127946,39.38444,0.092082456,-16.088554,-0.25314367,0.17831752,22.339638,-17.904833,-0.41084418,-11.896587,20.678795,-0.0040759104,0.0074421614,0.059672188,1.2847966,0.43383947,2.0349998,1.985,0.25,0.12,-22.66362
32.870502,0.021273471,32.691753,32.985855,33.16218,0.47042847,34.217033,56.13475,1.1165563,1.7090214,0.62934905,0.29660532,0.48473814,0.6882675,0.76233745,0.2775993,3.2905908,2.1984081,1.5003663,1.0891546,0.15763699,0.37459302,36.173805,0.2172544,6.3143983,0.71394384,-1.3971503,-4.4815726,5.192067,1.0746096,0.009297218,0.85802704,0.87587965,0.60042137,8.975666,0.20872447,2.5738962,1.3144397,34.404903,0.11206676,598.3282,0.1620034,1452.4783,0.12578708,-35.212044,-1.9585972,1592.324,0.06407361,966.8428,0.16576818,-45.528522,-1.3990132,2851.473,0.053474907,866.9794,0.26230547,-61.886402,-0.9200361,-15.71136,-0.15848956,30.225096,0.09233854,0.019607589,0.5825626,-0.025202705,-0.28251222,0.1698222,0.30555424,38.902077,0.100868925,7.0777535,0.55954903,-3.0102906,-1.5829841,4.2816234,1.125695,-7.8940206,21.391758,0.0028504513,0.005291211,0.09180435,2.9972754,1.1080333,0.755,1.1241997,0.16666666,0.059066813,-25.055817
30.432835,0.009552009,30.224472,30.454462,30.66864,0.4441681,4.7043943,3.6200128,4.252093,2.104031,1.5433362,0.13924205,1.4541925,1.593496,1.6846546,0.23046207,2.898644,2.4916987,1.4224888,1.0412246,0.49705318,0.19308004,33.095116,0.09002708,-10.550299,-0.36351183,-14.715267,-0.34785563,-14.728017,-0.25905392,0.0048661954,1.7905118,0.660599,0.6024874,7.676008,0.21949096,2.3854601,2.0026443,15.980932,0.41958287,477.43076,0.25612658,1239.6306,0.1332745,-21.402903,-2.478597,1388.7029,0.0973226,1096.6887,0.14895086,-16.289444,-3.3117175,2418.9187,0.06886582,1076.2117,0.283325,-34.337597,-1.4141266,-7.1406417,-0.4075517,25.333433,0.104368806,0.039118923,0.28022483,-0.013843864,-0.5379401,0.49280426,0.16221502,33.599384,0.05821613,-11.053877,-0.30880746,-15.465564,-0.22858496,-15.336866,-0.18802597,-6.648857,22.245983,0.029579131,-0.008544216,0.56566155,1.0626993,0.32051283,2.86,2.3264995,0.24,0.07348469,-17.111238
38.11077,0.04648192,38.10025,38.284637,38.55695,0.45669937,93.2771,77.25077,43.823986,58.605804,1.3574052,0.43173966,0.5227569,1.5777167,1.7818428,1.2590859,4.5609407,4.3228393,1.4966327,0.9597056,0.22726157,0.6182077,18.831097,0.4784341,-6.915085,-1.6727297,-17.514746,-0.68605095,-3.3948133,-2.1893365,0.01202199,2.9210358,0.61700904,1.3794602,10.998217,0.36475942,2.283242,1.3668828,15.579042,0.36288413,834.7619,0.24257371,1513.13,0.17701793,-62.173412,-1.4450537,1628.9855,0.09803018,1329.3755,0.21416296,-54.230446,-1.5919507,2818.4412,0.0901493,909.372,0.56089157,-65.57965,-1.2145593,0.25451556,15.152641,18.552816,0.20729779,0.07286312,0.16625129,0.006603989,1.2155584,0.26532304,0.5152362,22.763945,0.24331038,-12.745009,-0.39545906,-22.769316,-0.32769984,-5.2611575,-1.2740667,-4.3332925,13.6617365,0.038031757,0.005137002,0.12457989,1.5643804,0.60532683,1.2099999,2.2257133,0.41799998,0.4504842,-19.337395
37.386482,0.16194612,38.75599,39.490807,40.27224,1.5162506,227.5935,111.04218,55.441742,72.942696,0.8770614,0.40482172,0.49388424,0.94229555,1.1319613,0.63807714,5.2844977,7.4486833,2.0294352,1.291634,0.24645865,0.81979,33.833256,0.20760539,4.6277447,1.0485164,-11.520026,-0.9502188,6.112018,1.3762933,0.025598863,2.3228102,0.6422327,0.8259361,12.4015875,0.28325665,-1.2289537,-7.5860214,29.291656,0.23973474,977.7168,0.15162139,1400.5906,0.2712648,-58.683147,-1.3087537,1777.1942,0.12161151,1254.8904,0.40836152,-61.497383,-1.2046086,3098.6304,0.063341126,799.0159,0.27091512,-79.50447,-0.8136401,-18.227076,-0.1556797,41.89142,0.11283016,0.03687247,0.33399755,-0.013652472,-0.7502422,0.28315958,0.71718544,36.606503,0.11864808,4.816692,0.7702462,-15.131522,-0.5683952,7.526288,0.9723176,-9.915154,21.984419,0.015282466,-6.568125e-05,0.1230387,1.1542498,0.10548524,7.41,0.0,1.02,0.11,-16.450005
29.603176,0.023701854,29.084684,29.668533,30.156757,1.072073,5.2559342,3.0229325,7.2813535,4.355274,1.2296339,0.5957694,0.1370248,1.575234,1.7991499,1.6621251,3.7199,2.310215,5.3249397,4.9842663,0.31545115,0.6689583,29.035992,0.21335942,-24.581125,-0.6389007,12.610717,0.46267164,-18.45414,-0.8371274,0.0051144445,0.74430275,0.64616513,0.67609364,7.2665324,0.21019311,2.578456,1.572815,3.3031662,1.4931295,512.41583,0.16872269,1205.6472,0.1354405,-64.69721,-1.400806,1420.8512,0.04822802,1004.9241,0.26227683,-58.110416,-1.6272017,2641.9858,0.038165014,738.5188,0.47959155,-66.14241,-1.3499755,1.4159058,1.3071004,11.194932,0.3385329,0.039461285,0.37309265,0.004322734,1.0036457,0.43199003,0.29175243,32.42439,0.081463434,-34.432648,-0.12394012,12.855981,0.44863033,-27.493595,-0.31629962,-7.825892,18.410822,0.011355694,0.01454309,0.06741705,1.8691589,0.31645572,2.18,0.0,0.475,0.265,-20.59855
25.953299,0.2181065,21.821941,22.62805,33.14387,11.32193,219.19536,190.80515,109.70289,73.22428,1.8973427,0.132329,1.7992427,1.9306906,2.053073,0.2538302,3.1514943,2.5830522,2.4126923,3.0882041,0.9972607,0.3018303,39.678326,0.0814114,-24.421133,-0.26201162,-16.808731,-0.36216867,-14.944269,-0.51159185,0.047470573,2.5007415,0.95677197,1.4910095,2.1720085,1.6403888,1.368386,4.0588045,12.289338,0.92954785,457.44296,0.31472206,1334.2228,0.14317717,-173.3749,-0.38533399,1382.7745,0.111345105,1114.1063,0.14235698,-171.2551,-0.4085871,2409.9482,0.087931596,940.39233,0.2962119,-173.75574,-0.3688634,-4.4049087,-0.86672294,23.00947,0.15176162,0.04089506,0.27048573,-0.0076644868,-1.0946897,0.7070823,0.52147907,38.279835,0.089637734,-26.611877,-0.38754353,-12.909404,-0.62827504,-10.4674425,-0.8323257,-4.922639,23.112614,0.038676497,-0.015786592,1.0492936,0.94574416,1.048951,0.12761904,0.2585657,0.8465,1.5760401,-14.61917
23.226803,0.07274846,22.431667,22.856436,23.729836,1.2981682,132.99883,83.14535,49.7688,32.62914,0.40826502,0.35656178,0.2562267,0.44497314,0.5148274,0.25860068,1.9382515,2.089694,1.460631,2.1258526,0.08918333,0.7712527,28.530413,0.31915423,4.3648367,1.1329341,0.49708074,17.416239,11.411234,0.90629995,0.008522379,1.12141,0.6337856,0.57291365,6.0980177,0.1378252,1.3355062,3.3120618,28.68115,0.17107724,820.64014,0.30370414,1499.506,0.20027117,-64.82064,-1.2897273,1697.6309,0.16339397,1426.8401,0.23427065,-67.474495,-1.199778,2826.792,0.10933677,1219.8383,0.30383825,-78.607445,-0.94233096,-10.180421,-0.2368717,29.497232,0.10834379,-0.01280692,-1.1971036,0.0071655638,1.0484759,0.089160055,0.43280974,32.611847,0.113910325,4.37397,0.93114793,-3.115415,-1.7129924,15.759839,0.44098508,-8.975812,20.50196,0.027662542,0.0072011123,0.090360895,1.1931394,0.5239521,1.3785714,2.3433456,0.50857145,0.5614885,-30.746027
27.76839,0.073638774,27.379305,27.541595,27.705873,0.3265686,1.7469085,0.9495458,18.985373,0.0,1.3006,0.4106955,1.0417116,1.4323378,1.6591461,0.6174345,3.4289021,2.1423273,3.9005175,3.8336947,0.28916854,0.51352936,21.711958,0.18722747,4.1358857,1.7202088,-7.4465923,-0.8422384,-3.9763107,-1.8918241,0.0077898833,2.503449,0.7091161,0.6596563,6.643229,0.38978952,8.255993,0.5094458,15.779767,0.2813138,470.02792,0.11682362,1238.0607,0.09866539,-50.20592,-1.5789083,1362.3994,0.046265904,1019.6166,0.11450512,-47.95866,-1.6624815,2564.5142,0.0424075,762.4411,0.32820535,-57.157368,-1.311686,-7.319795,-0.35029587,16.89149,0.22474474,0.022677477,0.5433318,-0.013954077,-0.44635814,0.32687962,0.38522372,22.534115,0.15240797,2.6427958,2.278997,-9.902853,-0.39404872,-4.1834216,-1.7202561,-10.223973,19.059982,0.013873901,-0.0073320516,0.15834776,1.7874876,0.499002,1.558,2.51886,0.35333332,0.41298375,-20.394072
35.186123,0.007738393,35.04742,35.14206,35.259567,0.21214676,2.9805298,1.1146953,1.3858036,1.3563752,0.6107544,0.38093212,0.49736443,0.59381527,0.804015,0.30665055,0.73467594,0.75588727,1.1523733,1.0315471,0.07224301,0.90334314,32.45128,0.15141006,-1.0922514,-7.573366,1.0014994,3.9979072,-20.216278,-0.5771045,0.0048486344,1.067545,0.43277207,0.4719112,12.188478,0.07824243,-6.2856846,-0.27911296,17.77195,0.24607873,579.77515,0.17767996,1488.6533,0.07670445,-27.899187,-2.2180958,1508.7942,0.047408603,1078.3713,0.12713625,-35.21053,-1.6670624,2822.1067,0.038538408,611.54504,0.44464603,-46.078865,-1.1913931,-11.729329,-0.36562547,25.720247,0.16039503,0.04404689,0.20464686,-0.007375047,-0.903657,0.07696637,0.8855672,34.000694,0.05893958,-1.7618728,-4.8642693,0.41013512,9.250055,-23.943108,-0.2590405,-9.253482,17.05615,0.022878911,0.00031809113,0.036186066,0.34542313,0.17452008,5.08,0.0,0.63,0.0,-27.085032
34.54527,0.017560244,33.99739,34.44723,35.034275,1.0368843,4.6625504,3.55629,0.5838145,2.2854357,0.71092546,0.4116253,0.39860123,0.72227716,0.85654664,0.4579454,1.0100267,0.84089863,1.1916028,0.5827416,0.1915354,0.4914522,24.046734,0.2053987,0.40501368,15.251315,1.4843885,3.3324082,-2.5112822,-2.503036,0.013852994,0.77479696,1.3098412,0.454344,4.9619527,0.47517082,1.7571459,1.0411248,17.995977,0.25403658,735.0805,0.21957423,1569.2501,0.114520945,-66.584145,-1.326984,1643.9562,0.086117,1237.2638,0.20626536,-66.917946,-1.2782254,2648.6545,0.11647205,1027.0508,0.39060444,-73.97615,-1.0960697,-7.9332776,-0.23894288,20.544909,0.13403195,0.03991496,0.28502554,-0.013408611,-0.38471138,0.21629849,0.47838545,25.686377,0.068355545,-1.9889241,-2.696325,-0.39126837,-8.523766,-5.5686994,-0.6529976,-10.315363,17.864204,0.033095676,-0.007402421,0.13326678,0.41152263,0.41436467,1.6966667,0.98766845,0.52,0.5081338,-27.46583
35.507603,0.011572185,35.335693,35.476257,35.636826,0.3011322,5.764356,3.4622698,16.251589,13.308025,2.1562903,0.20583776,1.9323053,2.2209406,2.39617,0.46386456,8.267816,12.076471,1.0892097,0.86889684,0.38648486,0.33866626,22.187284,0.21458408,-31.690964,-0.21247655,-9.163459,-0.45322862,-8.424712,-0.5148521,0.0047696214,1.0637747,0.30667531,0.9966697,10.81248,0.116116375,8.082905,0.5092718,6.2968264,1.1766574,518.31104,0.2133046,1241.464,0.11330998,-3.6960313,-9.793548,1519.3645,0.050135374,1061.2921,0.09342468,8.412676,4.4353647,2743.596,0.053690962,958.12366,0.57918864,-8.969656,-3.842052,8.829512,0.23090565,17.826468,0.15091798,0.052477077,0.19853953,0.02461238,0.2658499,0.39047042,0.33272013,21.979322,0.20909934,-32.703667,-0.13241987,-9.542424,-0.38542265,-8.448465,-0.5073535,-8.30361,22.072943,0.024097353,-0.0028810943,0.28868642,0.85592014,0.28735632,3.36,3.1799998,0.21,0.0,-14.435964
36.93059,0.04039805,37.00508,37.14661,37.243824,0.23874283,107.60858,46.413086,86.03165,60.703514,1.2326711,0.39641023,0.5667578,1.4339942,1.5514946,0.9847368,2.8349593,2.2630775,1.6630473,1.1000901,0.25108236,0.43788058,28.56475,0.22564755,-0.17985079,-48.113724,-5.646325,-1.6647182,0.3848383,18.508276,0.0130738085,1.9051553,0.51858157,0.61012256,12.069219,0.19071266,-4.3053994,-0.8034218,16.50976,0.30328038,751.0584,0.25460628,1494.2949,0.14769734,-56.962006,-1.4213781,1701.3971,0.12164979,1281.0686,0.1451357,-59.9901,-1.2405987,2743.999,0.08797432,1142.259,0.2918541,-67.16084,-1.052567,-14.480679,-0.1657587,26.062584,0.14980456,0.048791606,0.1710249,-0.014539396,-0.45988142,0.28478625,0.34205392,31.200317,0.111862086,-3.6309583,-1.4873303,-9.318997,-0.68659735,1.0178628,6.8759575,-12.226196,19.58828,0.026110673,-0.013772153,0.13662316,1.2644889,0.21186441,3.675,3.655,0.68,0.47462264,-16.521526
20.713577,0.2793496,18.872599,19.142138,19.661806,0.78920746,27.546228,23.81282,-126.62147,131.25885,0.91611326,0.33446163,0.7730534,0.8858445,1.0885041,0.31545067,7.5507464,5.849178,5.099414,3.7706947,0.3973488,0.5321481,30.726295,0.14887579,-0.3653667,-19.47462,-1.655819,-4.889246,8.073587,1.2885302,0.010290869,1.7695749,0.7650288,0.6745209,3.9219923,0.34175292,12.100252,0.7844633,22.85095,0.35355356,494.7768,0.29741782,1299.4243,0.123042054,-59.829426,-1.2921175,1428.6923,0.13224266,1023.61224,0.13452816,-56.742752,-1.3497797,2525.5415,0.085436724,985.7729,0.25548273,-69.49663,-1.0034907,-10.48331,-0.23113713,28.768965,0.117798544,-0.036701754,-0.6333824,-0.0034544119,-2.8632622,0.3701549,0.35582316,30.651367,0.11093612,0.7164588,8.941588,-2.7548332,-2.26158,10.208153,0.86787856,-8.5504055,21.868286,0.0045425138,-0.0073803635,0.50112975,2.8612304,1.1527377,0.65875,1.2822679,0.18875,0.07557075,-20.463884
35.940445,0.016639678,35.440506,35.935844,36.408905,0.96839905,10.782812,11.207897,4.1123066,5.7781944,0.7539414,0.6293751,0.24790545,0.74944216,1.1683615,0.9204561,4.1053133,3.540585,2.3503218,2.1824617,0.21481052,0.5998482,29.799137,0.22932112,5.370667,1.0949392,13.748127,0.53563267,-7.206639,-1.779041,0.011664549,1.5127485,0.66618997,0.44408432,11.217284,0.13960344,4.820177,0.62778544,22.436249,0.24615371,841.5246,0.12163334,1170.3927,0.1536918,-96.15218,-0.9698582,2055.7573,0.092197105,995.0608,0.39824018,-103.27195,-0.8168158,2852.3284,0.0555945,859.8069,0.2743224,-102.327,-0.83278173,-17.125504,-0.22611578,24.349123,0.22219935,0.053295948,0.22884592,-0.025818449,-0.24351756,0.28006393,0.48095557,31.76981,0.13065378,5.2155757,1.3072942,9.432126,0.6426812,-17.12033,-0.4065966,-15.464133,24.973534,0.012687091,-0.0030681007,0.13025692,1.0695188,0.17985612,3.1699998,0.0,1.18,0.02,-20.975113
26.408525,0.052462745,26.192804,26.336044,26.455496,0.2626915,3.300717,0.0,14.09117,11.221219,1.1180724,0.28179067,1.0089792,1.165799,1.2840339,0.2750547,2.5671105,2.3605628,2.0562525,1.7232509,0.21179214,0.53606075,29.782219,0.19385281,1.051838,5.4872456,-4.6511073,-1.6060688,-10.51802,-0.68975073,0.0054753353,1.8409601,0.37964442,0.61483634,7.97031,0.15815249,0.22898322,4.9692955,19.303946,0.238382,448.37994,0.19954453,1369.0793,0.083981484,-16.098032,-3.2549624,1347.9211,0.0766864,1078.6124,0.09481136,-21.589123,-2.3490415,2434.0706,0.052350365,889.5165,0.276398,-34.148994,-1.38244,-9.314688,-0.21712011,20.687208,0.18892416,0.0502585,0.12236963,-0.020676006,-0.1736491,0.22348523,0.49304652,31.003113,0.1133975,0.7548333,7.311285,-6.116964,-0.928038,-11.936378,-0.45279294,-7.8076754,16.191702,0.040834397,0.0024600362,0.08385154,1.2311902,0.2754821,3.345,3.3249998,0.255,0.13499999,-21.605795
33.971336,0.03949441,34.023476,34.17037,34.318016,0.2945404,3.048147,3.386342,1.9710802,0.0,1.4616249,0.34613124,0.8511034,1.5742534,1.756155,0.9050516,1.3752344,1.0834514,0.9557631,0.78325087,0.3073283,0.32051608,27.50349,0.13425636,-17.337334,-0.38497004,-1.0942745,-5.5056276,-9.985362,-0.5062805,0.004583745,0.9422646,0.53672254,0.41413495,8.657875,0.18574975,4.5144987,0.4127756,11.110271,0.29930288,767.44556,0.1086481,1365.5597,0.06715518,-43.1738,-1.8651818,1652.5306,0.041738007,1081.3478,0.19061205,-40.636074,-2.008648,2906.6953,0.052482672,755.7179,0.46702927,-52.23238,-1.4504986,1.1908079,0.9383364,15.308386,0.15348843,0.0117996875,0.9621088,0.0033379889,1.3185521,0.3236278,0.25858498,27.77991,0.11434509,-20.384756,-0.1475625,-3.2834852,-1.0954468,-10.74011,-0.41529006,-7.269642,19.181017,0.002898502,-0.004458343,0.24842176,0.5134788,0.25839794,3.0549998,2.985,0.52666664,0.36935377,-19.993784
37.914146,0.120170586,34.32807,34.667694,42.994522,8.6664505,1.1755884,0.0,0.0,0.0,1.3071479,0.5291528,0.61548513,1.2932004,2.0636294,1.4481442,11.280454,4.7209673,11.374604,8.074586,0.7150721,0.7684614,16.356516,0.2773234,-22.976522,-0.64451265,-2.5064662,-2.6072915,10.471026,0.7995658,0.026173897,0.5074899,3.1954868,0.62514937,-1.3448973,-1.7209767,-6.597297,-1.1321812,-19.077368,-0.16924231,409.24698,0.15243663,1095.7064,0.106364876,-197.94795,-0.106906556,1401.4438,0.013821447,1235.4834,0.07024325,-193.25394,-0.18585627,2168.0322,0.0130421575,1017.43195,0.04991455,-193.2954,-0.18470667,14.4996,0.08466456,8.263042,0.109325506,0.025928097,0.4839706,0.032899965,0.05758853,1.4039583,0.25268438,13.480787,0.17470007,-40.192776,-0.067875,-9.611918,-0.5118163,21.419777,0.10714289,4.558682,11.142588,0.028001707,0.017015835,0.70435345,4.2801557,0.7936508,0.035,0.015,0.79999995,0.768505,-19.557735
31.038307,0.06323989,30.821644,30.9524,31.120064,0.29841995,27.612438,19.22758,17.79055,13.396738,0.6145157,0.28190404,0.5057765,0.62249464,0.7560339,0.25025737,2.2825136,2.3821573,1.1914221,0.8152134,0.16981612,0.3827499,30.365612,0.15847291,-8.827076,-0.6889026,3.561513,1.8035313,0.7841385,5.9306355,0.010415333,1.5075347,1.1350299,0.5470397,4.2387314,0.5565038,-0.95010537,-3.332694,11.934083,0.30427423,475.74,0.095196426,1216.661,0.09235389,-63.434002,-1.3244277,1427.0988,0.03509852,1004.36957,0.08306396,-62.680264,-1.3395218,2551.548,0.03041861,920.202,0.27822542,-72.436775,-1.0768734,-7.199693,-0.29435402,19.572023,0.1433525,0.009970605,1.1649129,-0.005252272,-0.915651,0.16888908,0.27730772,31.27375,0.12479153,-10.660726,-0.43624756,1.669229,2.7670166,0.1277365,32.77396,-8.978569,20.306017,0.007218075,-0.0019781892,0.17457141,1.6460905,2.2099447,0.311875,0.64982903,0.12666667,0.17666036,-29.573563
34.70803,0.16145144,32.938026,34.63352,36.40834,3.470314,135.37509,82.32858,97.42117,32.174706,0.82870716,0.47747347,0.39283052,0.83544844,1.1857952,0.7929647,5.5934973,3.6828046,4.336177,4.263027,0.2975692,0.61753786,22.772017,0.3219836,5.284168,1.5180415,-7.14636,-1.397178,-1.4012722,-6.858704,0.05720255,0.993642,1.1300766,0.5817376,4.708672,0.6096238,7.6215444,1.2605217,26.786331,0.32543966,830.7543,0.23279466,1501.862,0.19434538,-106.62656,-0.87237626,1648.2502,0.11498529,1173.4517,0.19585219,-104.89542,-0.86972225,2854.1558,0.079686075,818.24133,0.5413693,-110.59009,-0.7676351,-10.529382,-0.38281468,26.43886,0.15100886,0.05332048,0.257456,-0.0035233975,-3.719536,0.3331489,0.48354885,26.145468,0.14602701,2.8537219,2.202548,-9.852387,-0.7004413,-1.743851,-5.772488,-8.599984,22.024601,0.035592653,-0.0009484221,0.2626577,2.1547503,1.5763547,0.31875,0.64071125,0.294375,0.34675223,-23.173952
36.358444,0.070276536,33.92199,35.985794,38.441418,4.5194283,4.2099547,0.0,6.4396915,0.0,1.3019341,0.39702204,0.6828802,1.53971,1.7480675,1.0651872,2.143801,1.0547597,1.7690022,0.90205616,0.43307096,0.42612234,26.789022,0.12859072,-21.583439,-0.59779793,5.708352,0.8155057,-4.4346495,-1.0953051,0.005858235,0.86725736,0.81029105,0.33811596,7.3069577,0.2136439,3.5189664,1.6588782,5.5444407,0.6735216,716.60144,0.19221951,1228.4751,0.12048158,-74.85117,-1.24872,1611.6184,0.08452804,1294.6373,0.1295992,-68.43954,-1.4134427,2716.3997,0.04883812,929.02423,0.33134705,-76.89106,-1.1776534,6.1727486,0.3432814,17.350155,0.21780872,0.028747665,0.3840105,0.01861684,0.33217186,0.5213787,0.286116,28.065182,0.098112024,-30.564949,-0.13147166,4.0413437,1.1154288,-4.8944693,-1.0794111,-6.4062014,19.586134,0.02285717,0.0051966044,0.28153333,1.3745705,0.34965035,1.8499999,0.0,0.48999998,0.099999994,-19.99546
20.043514,0.019932278,19.76014,20.02668,20.370838,0.6106987,7.036018,3.6617994,6.161014,3.0219915,0.65020156,0.30646154,0.5719619,0.69832164,0.78178465,0.20982277,2.332194,1.3439151,1.9388595,1.3157367,0.20001368,0.42963514,35.41912,0.33185378,8.725192,0.60120016,3.206571,2.959684,-16.750336,-0.82363427,0.008127133,1.441452,0.64463437,0.7503988,4.6825924,0.2381036,-0.89026535,-2.645783,29.19928,0.1482617,514.6013,0.20903525,1440.9923,0.10212762,-40.569477,-1.9268299,1446.9015,0.13366729,1309.8644,0.18149073,-52.214092,-1.3905859,2632.007,0.07943684,1095.7561,0.2838154,-63.964962,-1.0424219,-17.756203,-0.1589639,29.729229,0.089263976,0.006486044,2.0047796,-0.04246904,-0.15552767,0.22391737,0.26399362,40.487343,0.086986326,10.285444,0.4221657,-0.53026146,-8.985313,-22.342417,-0.2830857,-7.534365,15.56268,-0.006627174,0.010944098,0.097995065,3.069054,0.08561644,9.429999,0.0,1.11,0.84,-24.03181
33.766838,0.053204134,33.22501,34.08655,34.635952,1.4109421,747.55493,746.6667,-5.2199435,6.2345343,0.54325086,0.3879909,0.27968714,0.6176758,0.6976614,0.41797426,1.8152809,1.7173373,1.0134715,1.5488383,0.13095579,0.50076264,23.837349,0.27484742,15.276145,0.4647563,-1.4007326,-5.6056085,12.582487,0.83909357,0.015237886,0.93504906,0.73979867,0.5344779,9.632205,0.21114293,-1.3163726,-5.871876,24.12999,0.42499244,558.5133,0.3862885,1573.8687,0.17316137,-72.94156,-1.1999809,1545.2959,0.106827036,1089.4781,0.21896508,-75.63292,-1.0727955,2781.1956,0.0708811,946.3042,0.40079355,-84.51197,-0.89180434,-17.750147,-0.18217629,32.294006,0.098674566,0.023856306,0.6856163,-0.01269951,-0.71323055,0.1560463,0.33338183,26.388186,0.20487109,18.428654,0.30832487,-4.55378,-1.085778,17.179867,0.4467928,-10.02632,17.522888,0.02600102,-0.0037222637,0.073347434,1.1422638,0.20876826,3.36,3.31,0.9366666,0.60993624,-25.11121
28.325262,0.201733,22.222624,30.252815,34.520134,12.29751,204.4102,144.69801,337.99823,466.79395,0.9512403,0.2354104,0.817009,0.93153167,1.0823596,0.26535058,4.187695,2.428861,1.6711097,0.990574,0.34881696,0.3643016,40.87704,0.08383455,-13.463766,-0.4554795,-2.4965537,-2.0110373,-7.52508,-0.64768416,0.029783368,1.450811,1.4843268,0.76793474,4.408109,0.9455603,3.5722764,2.2342076,24.279354,0.19019967,495.76755,0.30814695,1461.028,0.10304634,-73.34757,-1.2224783,1411.5564,0.15216668,1213.4075,0.19676352,-72.63841,-1.2090602,2588.5674,0.08175804,1138.5858,0.24854283,-84.2682,-0.9469646,-6.5371466,-0.7387347,25.134535,0.14161426,0.02930574,0.42542917,-0.009026203,-1.1186491,0.30195156,0.39517623,41.25586,0.054691754,-13.9149275,-0.52148336,-3.1711462,-1.7455267,-8.639242,-0.5598147,-5.1712575,27.997084,0.012958888,-0.0021107905,0.43733642,2.7160497,3.0,0.20833333,0.49394393,0.11181818,0.12861629,-22.605183
32.02352,0.038242605,31.584717,32.152187,32.630413,1.0456963,61.975086,72.38509,4.100233,2.9014823,0.6481467,0.28379083,0.5444351,0.6648633,0.7729274,0.22849232,1.9155276,1.4134059,1.5385798,1.330204,0.1120279,0.50077474,29.540773,0.29900685,2.7519696,2.1920545,-11.306442,-0.614684,5.265227,0.97018164,0.0134150535,1.8597876,0.49631274,0.46183106,9.429629,0.22456206,15.373722,0.18975838,31.554583,0.14982732,946.13873,0.09358057,1307.201,0.10383629,-37.55164,-1.9016514,1719.6283,0.07372822,1333.9813,0.22634774,-41.568756,-1.6731403,2860.365,0.042091303,840.74304,0.24655959,-55.298134,-1.1489409,-8.638767,-0.2591015,29.597897,0.1226227,0.044656243,0.21054474,0.0020040174,2.8281543,0.111032136,0.42489514,32.811226,0.14576596,1.3342813,3.9573112,-13.781645,-0.27581012,5.5906854,0.8930745,-8.529987,17.717928,0.021614047,-0.0014379686,0.12037199,1.910828,0.12820514,6.54,0.0,0.615,0.36499998,-27.207533
24.982813,0.15398982,23.935188,24.189157,24.682087,0.74689865,67.193344,18.091389,18.207098,21.84548,0.9851099,0.31628957,0.7128235,0.98866606,1.224826,0.51200247,3.2761354,2.3909175,1.6973097,1.1791663,0.27356353,0.38860384,29.524862,0.21196227,11.051449,0.46833763,-14.194359,-0.30028743,-10.897543,-0.66674024,0.009641736,2.5381858,0.7755655,0.55650216,5.1709127,0.40910912,3.743515,1.1037008,25.590475,0.2557674,530.64056,0.2706781,1509.4727,0.18644337,-23.255072,-2.498534,1411.461,0.15461357,1255.3364,0.17724743,-30.604834,-1.810499,2610.7852,0.08157323,1087.7406,0.32259527,-46.04797,-1.0841125,-11.415247,-0.27030692,26.120552,0.13136734,0.023351736,0.62626857,-0.020420419,-0.47954205,0.28972554,0.3437291,31.119194,0.14366472,11.0719795,0.47302985,-14.190732,-0.28499487,-11.400747,-0.63218397,-10.002569,20.443647,0.04116755,-0.013158092,0.1484418,1.1804385,0.68027216,1.3149999,2.1910899,0.13,0.0717635,-21.192375
22.941284,0.018844618,22.688568,22.910126,23.204157,0.51558876,3.6233008,3.8595045,-2.9072978,4.374788,1.1917644,0.3931397,0.52587134,1.3354117,1.5657068,1.0398355,2.047089,1.5495504,3.7026463,4.7117963,0.23619968,0.444308,23.795488,0.25446206,9.952978,0.59613883,-13.787979,-0.60151184,-10.8917885,-0.8572147,0.004745352,1.0842589,0.60242164,0.72170246,6.0375905,0.21497905,2.9056952,0.39601862,20.111723,0.27478477,460.62585,0.1569827,1251.2931,0.116627045,-51.355877,-1.631925,1294.2363,0.106414564,1097.7793,0.12558135,-53.213093,-1.55879,2446.9119,0.057794783,762.10443,0.2536257,-64.78816,-1.1785696,-10.454706,-0.33449638,23.482038,0.17922254,0.018922295,0.48250654,-0.032881815,-0.28034398,0.26401788,0.36797342,26.309254,0.16920207,11.035097,0.53104603,-17.683754,-0.26773715,-15.031874,-0.39363962,-8.528302,16.750195,0.00996838,-0.011968977,0.15293968,0.5594406,0.4225352,1.7833333,2.278045,0.42,0.34705904,-19.455147
30.498936,0.021615418,30.061104,30.442535,30.854658,0.7935543,27.1602,28.266512,12.738791,15.056682,1.0724158,0.3008043,0.7674465,1.1655356,1.3495536,0.58210707,3.8644805,2.6336567,2.9280965,2.8417838,0.46058336,0.39487126,26.162434,0.15547815,3.40887,1.4061419,-7.6107373,-0.93969434,11.551372,0.7195381,0.03847534,0.6890909,1.1908233,0.5827969,3.7029915,0.5256345,8.26532,0.92631996,19.604406,0.9247106,495.87634,0.25567898,1402.6265,0.13848887,-81.98042,-1.0582294,1412.2344,0.08440029,1075.0138,0.15438117,-79.74641,-1.0749768,2578.369,0.057567783,1003.4202,0.29418936,-89.9159,-0.8730114,-8.217272,-0.2712699,25.4002,0.12545197,0.025167054,0.50414985,-0.0028531088,-3.4942772,0.5176743,0.28556755,27.571196,0.09974702,4.232622,1.218474,-9.53419,-0.46005404,15.060345,0.31457418,-7.716379,21.541763,0.035267282,-0.0034011523,0.37213802,2.6252983,2.415459,0.258,0.36085454,0.136,0.14437452,-21.009655
18.807095,0.021479327,18.436949,18.801558,19.168045,0.73109627,9.4074745,11.706048,3.955199,2.3573828,1.1419532,0.60414916,0.28442752,1.3297566,1.7333348,1.4489073,8.122959,4.0915933,9.069799,4.573297,0.3214217,0.6140564,28.236898,0.29800764,-10.052199,-1.5438546,-4.2734213,-2.3096123,2.9588387,4.5614057,0.0052309125,0.7307556,0.43898717,0.7334565,3.9378026,0.18904424,-0.60333276,-2.850221,10.11866,0.50131714,761.33405,0.32058594,1396.6414,0.14377406,-77.703094,-1.3022332,1686.4128,0.16067451,1234.7749,0.14748864,-78.82223,-1.2701595,2635.3691,0.08130052,1046.4747,0.26390177,-84.48233,-1.130211,-2.867104,-0.49428877,12.69811,0.38194224,0.039628312,0.19048047,-0.013256959,-0.40951672,0.43660933,0.22806557,33.4767,0.17069447,-20.044289,-0.29176968,-8.008539,-1.2837276,-3.093457,-3.6254616,-8.6923485,17.745096,0.034583118,0.0007878329,0.16529946,3.5971222,0.97087383,0.59749997,0.5198257,0.32799998,0.33114344,-20.947042
34.561142,0.01887515,34.282692,34.55539,34.94053,0.6578369,6.9493084,2.7301242,6.146042,3.6300743,1.2711601,0.3132726,1.112407,1.3996716,1.4942777,0.38187075,1.9925523,1.7620554,1.363984,0.79141206,0.27916637,0.54877955,37.84933,0.21205136,-19.094337,-0.3192812,-9.264119,-0.7943695,-10.052983,-0.7375997,0.0038796659,0.57999486,0.4899661,0.62425613,10.947112,0.17015353,-4.37771,-0.5080402,15.533561,0.43276432,598.23267,0.19078287,1495.7079,0.12258176,-19.430914,-2.5439825,1474.3732,0.07000601,1155.207,0.2589108,-14.257848,-3.5509193,2707.8706,0.09939848,931.8523,0.4831726,-35.742874,-1.2636151,-1.5863936,-1.5730495,24.658306,0.16635892,0.032791182,0.3761287,0.0075820396,0.6527343,0.29797164,0.4751481,39.711082,0.112301014,-20.130453,-0.23118703,-10.555262,-0.57925844,-11.243317,-0.53629404,-3.5801365,14.581719,0.013828484,0.01762304,0.017627012,1.1389523,0.23094688,4.02,0.0,0.29,0.0,-19.326908
36.143864,0.016219506,35.86899,35.981388,36.25723,0.388237,92.29347,154.19887,22.590603,23.656885,0.7203767,0.36673835,0.46572435,0.81502485,0.9171908,0.45146644,5.63426,5.1291966,2.7628818,3.2133253,0.13270609,0.56277287,32.955257,0.17167045,-12.927204,-0.70498675,1.9835824,2.9031532,-5.508034,-1.1538576,0.0074948356,1.4042602,0.79726917,0.7212551,9.342418,0.17561908,9.164598,0.31301224,25.357315,0.14275408,905.4676,0.17327002,1330.1157,0.12990189,-49.130383,-1.6526467,1735.4835,0.06967806,1120.8953,0.15308674,-47.801315,-1.6579643,2811.3267,0.05439459,882.22955,0.2769547,-59.06337,-1.240368,-7.0304875,-0.28243387,22.89739,0.11340351,0.069451734,0.1599702,-0.0049646124,-0.8446415,0.13526148,0.33848473,35.298855,0.07430392,-17.155756,-0.276458,0.2878119,16.668283,-7.6395197,-0.5466781,-11.061869,19.30861,0.041392103,-0.0041226293,0.12787725,1.4025246,0.7062147,1.1,2.1200378,0.292,0.24003333,-26.614523
34.3769,0.026025783,34.194164,34.392067,34.71382,0.51965714,24.032974,28.747969,20.42342,14.86209,1.1132424,0.33711892,0.8846211,1.2219244,1.3265382,0.44191712,2.816737,2.665051,1.4216167,0.7681595,0.32020918,0.4045392,24.59256,0.16641958,-2.805166,-2.8378682,-11.099055,-0.8697763,15.3192005,0.63106376,0.012157067,0.65596676,0.9979372,0.4354573,5.7941475,0.43098706,2.9197803,2.4669237,14.015043,0.3213594,573.1753,0.23633872,1375.0543,0.12170222,-36.9222,-1.8790368,1531.0787,0.0569568,1082.5135,0.15517053,-37.309563,-1.8349504,2618.339,0.045054756,902.2192,0.3600158,-47.93123,-1.3333716,-6.3358097,-0.39840052,18.07932,0.13252254,0.055771813,0.2260597,-0.010895485,-0.6790816,0.3501321,0.32244334,25.877972,0.10369834,-5.3335376,-0.95186776,-14.6368885,-0.3326367,17.31029,0.4553905,-11.804303,20.099463,0.043552723,-0.0120957,0.16458614,0.8438819,0.56657225,1.485,2.49136,0.255,0.22907422,-21.98052
33.723297,0.043209746,33.283783,33.510338,34.03585,0.75206757,200.74713,197.51312,-12.022127,13.087007,1.1514007,0.65342426,0.2615339,1.2176872,1.696347,1.4348131,5.4282746,3.702512,2.2355292,1.0869644,0.26514733,1.2164485,28.362204,0.22396939,-5.2999735,-1.6853797,-5.576333,-2.2942731,5.925235,1.2250721,0.0055075055,0.91697943,0.5141739,1.0738842,10.558423,0.1905877,11.445622,0.468268,20.806007,0.32852435,779.54083,0.30725843,1422.4807,0.14474781,-60.192204,-1.472542,1690.2644,0.16439384,1287.2899,0.20861033,-62.84772,-1.3552486,2732.4155,0.123645715,1047.159,0.29648697,-69.989006,-1.1520883,-8.464823,-0.43936044,19.96158,0.20930018,0.051728867,0.25961956,0.0008383609,7.5510826,0.34315035,1.0394523,31.446646,0.10544842,-8.192866,-0.8697242,-12.4192505,-0.645326,9.371224,0.520802,-10.805522,19.108416,0.013321229,0.0018394602,0.08309192,0.73260075,0.7462687,0.955,0.935,0.24,0.24166091,-18.45492
26.696432,0.07767747,25.763485,26.397842,26.986485,1.2229996,2.0759373,0.504769,17.22107,12.320318,0.71437114,0.4276184,0.5561898,0.6841553,0.9387901,0.3826003,2.5671122,1.5812057,0.8527379,0.27468014,0.24406093,0.9096951,30.37208,0.16906776,9.944328,0.58768976,-1.0243156,-8.944821,-2.4532151,-2.2445748,0.011679308,1.6266946,0.77788126,0.7348117,5.9864974,0.6109561,-3.5130262,-1.7380334,14.59253,0.41589522,524.2414,0.19010177,1357.8357,0.11417731,-38.102146,-1.871945,1523.2572,0.10676711,1300.778,0.24772084,-51.632717,-1.2630799,2544.8542,0.104445465,1125.6791,0.3308106,-58.751266,-1.0564724,-17.30308,-0.119433716,27.152988,0.113366224,0.02926379,0.43306485,-0.031212905,-0.24434651,0.27505216,0.8309527,32.070736,0.092483886,10.596424,0.4730685,-3.811093,-1.7491686,-2.9042614,-1.8191411,-12.40788,20.070929,0.031391658,-0.007327095,0.09315504,0.7656968,0.30864197,2.705,2.645,0.34,0.24657655,-22.606878
22.200592,0.02220772,21.931355,22.221455,22.524303,0.5929489,8.581631,6.493844,4.1529455,3.2626593,0.66064674,0.32667685,0.5820431,0.6922559,0.7975755,0.21553236,1.735166,1.480882,1.7140843,1.4429783,0.11152814,0.69989806,34.462887,0.20160687,6.646148,0.6209529,2.0394886,3.1275876,-15.162132,-0.36803064,0.0042987103,1.311255,0.40631407,0.81421465,6.3628855,0.1325996,9.166133,0.38222557,28.611847,0.13808484,476.2896,0.20942518,1328.4415,0.11538837,-34.503418,-1.7669351,1372.6089,0.09625373,985.5326,0.17874773,-34.959263,-1.7422609,2706.05,0.055609997,717.1492,0.4648438,-51.32227,-1.0680877,-11.703377,-0.25928757,29.65025,0.096085176,-0.0027716097,-2.9037483,-0.012066619,-0.4592742,0.11375546,0.51355124,36.651016,0.052094355,7.4550743,0.45871317,0.9722076,5.741776,-16.534708,-0.24532802,-7.2745047,17.743906,0.014195399,0.0074204043,0.09961802,1.5223596,0.28680688,3.0566666,3.88057,0.305,0.30220026,-24.490757
33.683155,0.075103045,34.096195,34.25731,34.48065,0.38445663,3.8987002,0.0,4.942599,0.0,0.6135572,0.35923707,0.49391758,0.6699545,0.7897964,0.29587883,1.3746496,0.67998683,1.0371734,0.62494296,0.10143602,0.37924078,33.6811,0.20216593,-11.137377,-0.4427311,-3.7331467,-1.7843276,3.7811606,1.318548,0.009315903,2.0228891,0.883863,0.40395144,8.31586,0.20431179,1.3504612,1.6717905,17.79388,0.2417306,767.0582,0.13204391,1406.9822,0.10134533,-36.589886,-1.9498837,1625.8649,0.05637347,1144.0576,0.32144833,-39.66868,-1.761798,2813.2585,0.06049402,703.465,0.5283202,-51.529842,-1.2581222,-5.5312634,-0.3422022,21.58326,0.15907803,0.023162505,0.55253357,-0.00026599623,-23.775103,0.11464957,0.22708684,36.2937,0.03780088,-12.71812,-0.22830999,-6.1721582,-0.641931,3.3314211,1.4225385,-6.715291,18.947702,0.0031630262,0.018570546,0.033080738,1.6611296,0.33898306,2.47,0.0,0.45999998,0.0,-29.009018
36.53758,0.07627108,35.83616,36.22087,37.11504,1.2788811,116.482864,78.266556,112.19235,112.44309,1.180363,0.3533008,0.95565474,1.1429214,1.415534,0.45987928,3.936936,1.8812522,5.708256,5.90759,0.40213677,0.57481307,26.481245,0.140219,-7.919013,-0.79602593,-15.717127,-0.5066883,-4.5846977,-2.3316746,0.021078182,1.249631,1.3031881,0.4648065,5.007909,0.6776905,1.2633013,8.150387,17.043774,0.3976396,822.1709,0.14142366,1221.9677,0.10645448,-28.010782,-2.2783608,1699.8699,0.067870215,1026.3665,0.1909102,-32.47372,-1.8745699,2934.1443,0.05327524,566.49554,0.39088014,-44.564808,-1.2728488,-3.9436061,-1.679519,23.180092,0.14421691,0.049757045,0.309477,-0.002198028,-7.426391,0.42230532,0.5270939,26.609531,0.13124801,-8.936572,-0.53321755,-17.568254,-0.33378324,-4.655612,-2.2760422,-7.859702,21.54897,0.04225775,0.0021398996,0.29177502,2.3121388,0.79207927,1.1,0.78999996,0.1425,0.11255554,-20.200798
26.367424,0.0058834367,26.243086,26.360611,26.482275,0.23918915,4.5587626,2.1578128,4.132366,1.9566513,1.4195186,0.16024792,1.2871777,1.4348598,1.555089,0.26791131,4.326096,3.3339498,3.8809762,2.7321112,0.51563066,0.28727016,40.593834,0.078022964,-6.465881,-0.42799497,-1.3585843,-2.8488567,-20.076075,-0.24380897,0.0093253795,0.6889657,1.1211141,0.45505568,6.6454177,0.122782536,0.68098795,1.2448956,20.944355,0.13523911,459.9374,0.101950444,1319.953,0.077454075,-6.513599,-4.079107,1333.4834,0.046237797,1124.451,0.10832368,-13.639478,-1.8839195,2457.999,0.032269385,876.5894,0.23106366,-26.647774,-0.8965816,-10.754084,-0.14870436,22.853535,0.10455925,0.03136168,0.23566711,-0.027119678,-0.1597671,0.51527333,0.24450314,40.9266,0.03789127,-6.465544,-0.42143136,-1.3488137,-2.8270607,-20.277563,-0.23023708,-6.130276,16.746744,0.04071952,0.0057411785,0.48335236,2.7465668,0.12562814,7.7999997,0.0,0.14,0.0,-17.598633
34.31041,0.23388843,31.95748,34.614735,35.13226,3.17478,201.50687,58.774906,121.72035,137.86241,0.855272,0.47796452,0.40105662,0.9789176,1.2201165,0.81905985,2.9250169,1.5311205,2.4873521,1.6537164,0.21407105,0.5314506,29.381361,0.27859408,0.8709234,9.433461,-11.411195,-0.7082951,-3.822419,-2.455732,0.021211311,2.4313416,0.8365705,0.5474328,7.732475,0.4329186,3.95627,3.0006917,26.293182,0.24752842,782.32184,0.17608774,1447.0356,0.16362274,-53.438187,-1.5786443,1658.4656,0.11752188,1166.0531,0.19096069,-55.493935,-1.4090285,2879.3545,0.07784959,851.47986,0.3935469,-67.033806,-1.0723286,-7.5221477,-0.8607644,27.61431,0.13210383,0.04553877,0.29206213,-0.008576535,-1.3180978,0.2522724,0.41508946,32.389393,0.18792407,-1.1206744,-6.1029263,-13.52271,-0.49377644,-5.212427,-1.8391217,-8.71139,20.277832,0.021333857,-0.0072057894,0.09728055,2.3483367,1.7786561,0.4188889,0.95273226,0.1211111,0.08723461,-22.312778
33.758476,0.010647871,33.471024,33.66713,34.05033,0.57930756,6.010467,8.517803,3.934841,2.3562648,1.8730233,0.21672815,1.7095279,1.882137,2.1174877,0.40795982,7.070029,10.19384,1.3386918,1.5319158,0.3089801,0.55370045,31.772036,0.1183191,-24.735117,-0.28071392,-12.433513,-0.38500243,7.8431373,0.68469805,0.0037757957,0.9268309,0.45522875,0.84934944,10.542819,0.17692828,17.464586,0.18686552,21.820017,0.2597974,875.1837,0.12257488,1303.4639,0.1422924,-6.876188,-5.158371,1712.8743,0.058973476,1141.029,0.16897242,-1.2622925,-28.853111,2874.1145,0.048966482,970.31146,0.30965924,-24.813057,-1.3035449,4.393123,0.56048197,23.201687,0.13116413,0.056774884,0.16233885,0.025327068,0.28228635,0.31652424,0.5307308,31.95101,0.111547396,-25.609755,-0.2116672,-12.895216,-0.3206372,8.133879,0.6364431,-7.5248723,20.990099,0.042221993,0.010233306,0.12438606,0.28708133,0.09615385,10.05,0.0,0.16,0.14,-15.530995
29.04583,0.061250534,28.470135,28.817486,29.165295,0.6951599,627.4746,564.2219,9.441138,6.573945,0.9999217,0.21396828,0.9442805,1.0261575,1.1401212,0.19584072,2.671705,1.3228983,2.260571,1.4171567,0.41031682,0.31432453,32.52822,0.13233222,-1.0875007,-2.5405238,-2.1522713,-2.5878854,-3.6629465,-1.3544496,0.030076575,0.9461562,1.2303258,0.44903928,3.5335104,0.56670684,2.3754866,2.2013342,20.072401,0.26538035,436.5012,0.22400403,1382.5917,0.09464591,-49.19872,-1.5697808,1350.4736,0.09070631,1101.7,0.10955025,-50.242855,-1.5036864,2357.547,0.077390194,1054.822,0.27317443,-62.11972,-1.1207631,-7.9586864,-0.23806907,21.121998,0.11395317,0.009501282,1.4043849,-0.0067677917,-0.72489995,0.42267242,0.22897913,33.66397,0.08222254,-1.0428238,-2.3291874,-3.066899,-1.4841712,-3.9078302,-1.2251014,-8.070898,19.295599,0.013644336,-0.0043990803,0.37318963,2.2809124,1.0869565,0.71666664,1.2534928,0.1811111,0.23283015,-22.348932
33.547928,0.036357593,32.259575,33.611343,34.670162,2.4105873,0.7830211,0.0,0.68890446,0.0,0.6971009,0.43167394,0.31921333,0.8119121,0.94783187,0.62861854,1.7710817,1.3655314,1.475624,1.3157179,0.13922064,0.34051067,27.724226,0.26946235,-7.2847466,-1.4726092,-3.559032,-2.2045689,-1.1859417,-3.9690282,0.0036016332,0.71797985,0.65715873,0.45408404,9.163995,0.12086571,-0.1762515,-29.992285,10.083446,0.51927227,628.2517,0.21686254,1436.7738,0.11942125,-79.183014,-1.1703714,1526.1967,0.08462396,1214.9207,0.31058365,-75.8267,-1.2456883,2723.871,0.10766737,1114.1884,0.57038456,-86.35621,-1.0023626,-2.9567544,-0.57814443,21.904402,0.14363794,0.016118996,0.7654526,0.004915116,1.183102,0.16386715,0.2281038,33.12389,0.056230586,-14.9442835,-0.2325292,-8.734507,-0.4728937,-2.8390334,-1.4569858,-9.655732,17.463848,0.011765216,-0.0062897573,0.09688401,1.7014695,0.1552795,4.085,4.045,1.5533333,0.6289851,-27.03539
34.80468,0.012165359,34.701744,34.77669,34.813103,0.11135864,0.717538,0.0,17.750437,12.610986,1.2770457,0.40354094,0.508772,1.4019397,1.6681964,1.1594244,3.2516086,3.4134564,0.42943156,0.11849761,0.13716716,0.668234,28.273445,0.25407708,-18.51872,-0.4442992,-6.312221,-0.8095231,-15.662795,-0.6394631,0.0025644964,3.0177321,0.29268733,0.8839972,12.169228,0.11936757,-1.4983863,-1.5598993,14.508032,0.1521089,483.26163,0.15502608,1330.6243,0.07025501,-43.806316,-1.7829823,1424.7793,0.05136182,1093.7646,0.053176533,-38.760006,-2.0739102,2586.6118,0.06027134,1554.2461,0.35883313,-55.506435,-1.2967906,-0.69137484,-2.1409755,20.961569,0.07993385,0.06139411,0.13296437,0.010123721,0.26888135,0.15001367,0.64438766,31.588171,0.082474135,-21.988064,-0.20217192,-8.23209,-0.32950446,-20.169529,-0.26773924,-4.322186,13.832156,0.05545477,0.0078515615,0.07407188,0.63492066,0.6472492,1.225,1.1949999,0.29999998,0.11,-20.066967
29.655024,0.17658477,22.879208,33.183506,34.245636,11.366428,188.13469,155.25294,107.423256,97.99682,1.1093061,0.5524383,0.45731768,1.1666894,1.5032287,1.045911,4.675516,3.873405,2.2051914,0.7311163,0.35530564,0.63483673,36.607258,0.18841848,-7.244612,-1.4943602,-5.6941423,-2.219935,-7.071653,-0.7931859,0.05020157,1.773026,1.1135684,0.7648195,5.2879915,0.5382577,4.966834,1.1815808,28.160746,0.3136228,746.8035,0.184244,1471.8145,0.1312881,-48.231922,-1.7358171,1594.4534,0.08930151,1086.2357,0.20529303,-48.580246,-1.7219678,2921.917,0.07738401,849.5021,0.3702248,-67.841835,-1.072041,-4.644742,-0.93350947,29.520006,0.12714688,0.02697609,0.5483334,0.0045596696,1.6993966,0.42436966,0.49837473,39.292675,0.11268585,-11.697415,-0.6613059,-10.857025,-0.71249664,-8.242474,-0.555908,-14.422014,26.579166,0.014390715,-0.0029538877,0.14852881,1.2345679,1.2455516,0.60142857,1.3632673,0.1575,0.1453229,-19.029522
33.868767,0.09021728,33.00365,33.2827,33.621094,0.6174431,162.59207,206.95477,186.38847,135.42935,1.0398973,0.2610051,0.88685703,1.0193344,1.1989511,0.3120941,3.866412,2.7397673,1.7502714,1.3762678,0.33109036,0.46956056,27.240017,0.11933728,-7.757491,-0.7585222,-15.053932,-0.40107584,-0.017023783,-490.9252,0.022298988,1.7346915,1.0442139,0.53953135,4.4151697,0.7632603,3.117393,2.05822,21.484064,0.34480155,839.29736,0.14728402,1345.856,0.13351707,-35.10275,-2.0681288,1714.028,0.06521831,1065.0669,0.19373165,-37.28239,-1.8768144,2830.7256,0.058201745,793.0485,0.37077197,-50.43037,-1.2763702,-5.5699797,-0.64762664,21.191586,0.17889586,0.057079278,0.24575692,-0.00916826,-1.1076866,0.31121483,0.38293412,27.44083,0.102581404,-7.176742,-0.7294171,-16.376373,-0.3101844,0.58200884,14.934465,-6.7095456,17.744003,0.058061045,-0.013979273,0.4219551,1.4744146,1.1393515,0.7246154,1.2870218,0.15727273,0.16354543,-23.335176
20.870409,0.2252568,17.890678,18.342953,29.054556,11.1638775,226.15271,173.80783,85.406204,59.6099,0.6504225,0.38617697,0.46690217,0.6603169,0.80859375,0.34169158,3.1943154,2.0713208,1.4948766,1.2575458,0.2609259,0.41393137,32.564182,0.13027649,-5.983529,-1.1061815,7.8405704,0.66670436,4.949852,1.4944571,0.060176108,1.9903073,0.84128803,0.5325263,2.471106,0.42329073,6.091705,1.2378459,21.062012,0.16858761,578.8985,0.34863997,1503.293,0.10269931,-145.00768,-0.59394413,1467.8268,0.097048305,1136.4767,0.22061208,-144.65858,-0.59215355,2576.6929,0.07382534,822.53186,0.22816722,-147.54427,-0.5508907,-8.571938,-0.262856,19.905775,0.15016244,0.0019466553,5.9620466,-0.0021721162,-3.2548835,0.2964687,0.28848776,35.12731,0.06402445,-9.297293,-0.4985103,8.567317,0.44091463,9.22881,0.6748586,-9.7384,21.002499,0.005998723,-0.004795816,0.2491467,1.5797788,1.4331211,0.19222221,0.251872,0.436,0.61829114,-27.013748
29.893412,0.062585205,29.80446,30.066051,30.457052,0.6525917,275.66904,190.7156,38.77721,52.68139,0.5200877,0.29331774,0.40327284,0.5331087,0.62655693,0.2232841,1.7651526,0.81297225,1.3867116,0.85008687,0.20047191,0.3862869,27.699297,0.17685838,7.186058,0.83923674,4.2162175,2.4893212,11.211008,0.74219507,0.036124792,1.3458081,1.3330803,0.46748784,4.4810023,0.44812793,8.436368,0.8242585,21.887224,0.29917437,743.2241,0.21800056,1457.1836,0.2614441,-111.367035,-0.80023605,1662.6582,0.08760803,1063.6246,0.21425554,-114.455,-0.747789,2802.5542,0.052663796,728.7454,0.33852804,-118.78246,-0.68441284,-14.472576,-0.29406816,26.460684,0.1888309,0.016012425,0.89356387,-0.013311818,-0.50503546,0.21367812,0.30092022,29.763655,0.10206655,8.180381,0.7724754,0.6847911,14.108833,14.635813,0.57986164,-13.154025,22.398512,0.018971404,-0.011013423,0.18795778,1.3533835,2.878788,0.15631579,0.1304329,0.17,0.2626785,-28.399073
36.20848,0.010048225,35.884037,36.0774,36.60812,0.72408295,4.2445774,3.451107,4.213973,3.3610404,0.49417374,0.31809416,0.49062914,0.5389142,0.5890717,0.098442554,0.7975683,0.35054547,0.18125714,0.13431072,0.06593208,0.39879987,28.37556,0.27399388,-0.74316305,-6.198153,-5.1148148,-1.7340503,-7.6105514,-1.0525725,0.007227576,0.8591673,0.51381415,0.45305243,11.516214,0.084928885,-4.9701576,-0.37633413,22.197222,0.19856267,552.7026,0.15041244,1415.3607,0.09509189,-33.290024,-2.082167,1532.693,0.045539036,1047.9285,0.18161844,-40.526325,-1.6252402,2709.7798,0.045428764,810.7526,0.34399682,-53.47863,-1.1342477,-12.158997,-0.17100391,26.267399,0.122067064,0.04969592,0.22843836,-0.006457973,-0.8550439,0.073915,0.26005808,31.359318,0.063658275,-1.8849198,-2.003611,-8.35777,-0.48535198,-9.779973,-0.6399235,-6.9413238,14.862233,0.011298111,0.01622197,0.019246206,0.47214353,0.09496676,9.0,0.0,1.51,0.0,-30.13631
32.98361,0.008095101,32.763237,32.94236,33.189518,0.42628098,5.314475,3.5411196,4.3794565,1.6234658,1.0675099,0.3355087,1.0239052,1.0872751,1.2010653,0.17716014,2.1160405,1.3533115,0.49985847,0.0,0.23586038,0.47754827,44.303158,0.1699785,-10.476094,-0.7576653,-11.965248,-0.81235653,3.7262266,1.2245953,0.0046510347,1.9781902,0.5563738,0.62069803,9.827305,0.1299005,9.0244255,0.22908664,33.841908,0.19860026,791.3456,0.1424389,1500.9921,0.11759591,-31.981167,-2.108371,1595.2567,0.06600041,1017.9524,0.08142399,-29.879572,-2.2510657,2889.9136,0.04143566,794.46356,0.204112,-55.517868,-1.031499,-5.075541,-0.5950517,30.948633,0.16177408,0.023623638,0.4047354,0.0031975447,1.2939888,0.25656843,0.40065795,46.936726,0.050496705,-12.067604,-0.6120779,-15.366781,-0.24218854,4.9824862,0.7044864,-11.561557,19.795591,0.016213864,-0.000905095,0.11464473,0.33898306,0.3460208,2.49,0.0,0.38,0.0,-20.414917
23.092237,0.028783457,22.829922,23.031038,23.227417,0.39749527,18.280502,23.661846,3.4232092,4.8618183,0.90531504,0.45836473,0.27924168,1.0956202,1.1930581,0.91381645,1.4239155,0.8048113,0.72883415,0.36060402,0.124231726,0.4367252,32.31539,0.26481327,3.8942182,1.9711366,-4.3807554,-1.3681159,-7.2464285,-1.136328,0.0024216997,0.84538317,0.26599306,0.85830986,6.881783,0.0885379,5.0184174,0.33998704,21.87747,0.149526,442.4905,0.23512408,1262.1088,0.10652053,-48.693394,-1.7376018,1309.2218,0.14046001,967.34595,0.12474541,-49.457638,-1.6991348,2489.1687,0.07161566,658.56805,0.3671976,-60.709118,-1.2802691,-8.947815,-0.2532986,21.908438,0.11677334,0.025254942,0.35602987,-0.026829416,-0.17687401,0.14376988,0.3261813,36.751648,0.064575434,0.789158,6.307421,-6.475915,-0.6136651,-10.659372,-0.5253303,-11.92996,23.375557,0.018624134,-0.0015703288,0.0630494,1.1350739,0.2283105,3.335,3.2949998,0.68,0.46783188,-21.777884
29.807467,0.042416953,28.74909,29.866629,30.970055,2.2209644,9.479207,3.9342082,8.0604515,4.9655275,0.6163785,0.288329,0.48238564,0.65439695,0.76495147,0.28256583,1.5840472,0.91246295,1.1417094,0.6689121,0.15697503,0.38320526,36.854927,0.19618177,-6.685022,-0.5986499,-13.620156,-0.60777,2.4863627,2.2785912,0.00695889,0.74590737,0.709352,0.48430413,7.387264,0.19596425,-4.566043,-0.8662199,16.915043,0.29158792,556.785,0.14785942,1322.9799,0.10582759,-26.772831,-2.163649,1497.8878,0.053468827,1110.3752,0.20340224,-28.786295,-1.9747529,2672.5881,0.052933633,983.9403,0.2881369,-47.392643,-1.0683995,-9.064103,-0.26782352,28.189629,0.08392679,0.011045215,1.1346064,-0.008434885,-0.65170634,0.1663176,0.3049658,38.946724,0.0701709,-6.857094,-0.5687992,-15.480325,-0.35502934,1.6552926,2.8601656,-3.8421009,16.527802,0.0002651359,0.01573299,0.07577767,1.4962595,0.50505054,1.77,1.55,0.19,0.03,-27.658504
27.298557,0.014982644,27.033985,27.267551,27.58463,0.5506439,6.3578067,3.0346534,4.4069076,2.480614,0.6687673,0.46852082,0.3325912,0.7323587,0.84596556,0.5133743,2.72273,3.4191785,0.8702958,0.5128525,0.15767308,0.5684459,21.402649,0.32303128,11.3353815,0.4292569,0.07812143,78.04527,2.9014003,2.538911,0.008549196,1.0581092,0.6320396,0.42131922,7.5938945,0.18810315,6.787484,0.73821884,13.133295,0.30175117,446.21143,0.2272856,1191.9714,0.09267095,-75.726204,-1.0957857,1357.3469,0.115189075,939.51605,0.14929546,-74.16549,-1.1261431,2566.3828,0.05317202,576.859,0.28050935,-80.9741,-0.9760122,-14.284673,-0.19353431,24.420242,0.13561198,0.008794214,1.5286446,-0.018159188,-0.46800858,0.1988529,0.3864412,25.127045,0.14599347,13.144008,0.24958563,0.12110928,42.635235,3.2236364,2.4838684,-6.2478476,15.499399,0.017510956,0.0034227842,0.06817106,0.96618354,0.32467532,2.1299999,2.03,0.6166667,0.33089107,-23.597864
33.744137,0.1468705,25.97994,36.923336,37.48069,11.50075,190.29477,101.10472,112.22449,100.27846,0.96243346,0.4195924,0.43663967,1.0255414,1.3344412,0.8978015,3.3889496,1.5168594,1.7270794,1.1491525,0.3368111,0.48861933,27.673843,0.14007984,-5.703944,-1.8012853,-0.6915724,-8.408445,-5.7716656,-1.2621216,0.063252866,0.985664,1.4811566,0.447571,3.1491864,0.7688622,4.633278,1.9615746,20.300581,0.33809227,853.9069,0.18251298,1423.0524,0.122200325,-68.44473,-1.3181592,1687.0934,0.063217804,1179.4562,0.27039033,-69.540184,-1.2665743,2832.8484,0.05557909,675.8809,0.27071568,-76.94845,-1.083294,-8.022147,-0.6047117,21.716583,0.1763344,0.06267337,0.2019634,-0.011139429,-1.2197157,0.4060085,0.33778682,28.902138,0.074329115,-10.222054,-0.65724564,-3.0741014,-1.1611636,-6.034708,-0.9620475,-12.1713915,21.172464,0.046390165,-0.013529413,0.19163887,1.2750456,1.1173185,0.59999996,1.05756,0.23428571,0.3227939,-21.795895
38.243946,0.03548154,36.97795,38.676945,39.13124,2.1532898,16.31957,10.630686,6.5406976,11.052645,0.5376727,0.68016714,0.1413071,0.67397434,0.91343653,0.7721294,0.7862745,0.5388296,0.9446814,0.0,0.13695477,0.76747006,30.38891,0.21691677,-9.782645,-0.95110506,-1.3061072,-8.21556,1.1527637,8.344565,0.012395023,1.2092803,0.83271253,0.42737222,9.012034,0.29970938,0.8701792,6.7314863,18.783857,0.4449794,644.4037,0.233811,1594.7012,0.2058511,-97.38469,-1.0095408,1562.383,0.08992735,1123.8092,0.27352947,-89.11833,-1.0665146,2647.933,0.07098528,788.6016,0.3922118,-96.546616,-0.9187788,-6.843516,-0.46436083,21.074179,0.17453517,0.035500333,0.40940005,-0.011910737,-0.81497186,0.21029298,0.38048202,34.623104,0.0935849,-17.176817,-0.21872537,-8.460542,-0.9883101,-1.5079237,-7.4600444,-10.498914,22.39045,-0.003501158,0.006765784,0.04202503,0.4016064,0.40983605,1.4,0.0,0.505,0.265,-27.883389
33.937134,0.01217327,33.596973,33.8385,34.240726,0.64375305,2.2127895,1.4105715,1.999966,0.9712864,1.7685773,0.21700706,1.6597844,1.8268441,2.0224807,0.3626963,4.450526,5.0701694,2.5641186,4.572054,0.24093103,0.25455192,28.665794,0.10966217,-9.878012,-0.4270195,-11.877369,-0.29166532,-6.0858865,-0.71019423,0.003473728,0.3990883,0.39231437,0.8662791,11.414037,0.07484549,0.51288474,3.3556209,15.984625,0.46915224,633.26495,0.14366102,1400.4838,0.13065727,-15.088259,-3.003976,1579.0026,0.061785057,1103.4663,0.27827206,-16.813772,-2.6654177,2720.9675,0.06477203,884.1404,0.3523999,-32.71858,-1.254402,-5.9643526,-0.30487907,23.295456,0.094494455,0.048884694,0.20991024,-0.012249019,-0.4967457,0.24301,0.21192582,28.721031,0.09648388,-9.349617,-0.32982162,-12.3452015,-0.20262262,-6.14195,-0.5531972,-3.9260929,18.56885,0.05615336,-0.0011442871,0.20056424,0.736377,0.14836796,6.35,0.0,0.37,0.0,-16.855806
32.314373,0.037952933,32.2862,32.413033,32.555573,0.26937103,582.5353,546.1377,0.9278431,4.059288,0.6288939,0.3459183,0.4135025,0.6667145,0.80276406,0.38926154,1.4509917,0.9007209,1.624033,1.8693295,0.16723402,0.40281495,25.886158,0.21980728,-2.0786912,-2.888915,1.1672057,5.848695,11.194578,0.6550032,0.016474161,1.5861673,1.1581957,0.4923722,4.946214,0.52617085,6.2000303,0.5847443,19.378487,0.21329737,626.0224,0.34962767,1576.1732,0.15929471,-49.64667,-1.6248143,1534.8982,0.10161588,1137.4733,0.22583336,-49.120087,-1.5725769,2675.3342,0.06344607,946.1213,0.2912516,-57.93602,-1.2562119,-7.2936516,-0.36856744,18.373167,0.18189514,0.045156885,0.25409013,-0.009274689,-0.7670362,0.18207555,0.28784367,27.550283,0.11734291,-3.909675,-1.1076986,-0.64842004,-8.021468,12.2817745,0.5582419,-9.273983,18.02756,0.040823914,-0.003942913,0.11822872,1.6949153,1.0869565,0.7128571,0.8967356,0.1625,0.28721726,-28.9368
37.46768,0.00790676,37.3674,37.52358,37.60247,0.23506927,4.070547,2.9256368,1.7131007,2.3790245,1.0253772,0.40032765,0.49429318,1.1506352,1.3614343,0.8671411,3.8699958,3.5332305,-0.3744123,0.93203986,0.17888333,0.44598877,27.394901,0.19300094,6.282936,0.99266213,-7.790402,-1.1255369,-14.27163,-0.53172433,0.0071941665,1.4076899,0.51689947,0.7518195,12.585941,0.15309124,-4.0218673,-0.61568195,17.639107,0.16594152,793.7584,0.1856684,1428.1938,0.16012962,-51.763165,-1.550001,1726.5516,0.14446133,1401.4507,0.24411982,-61.82583,-1.1903279,2846.5964,0.039548326,646.0621,0.44874537,-65.695244,-1.0845997,-15.703754,-0.17919451,26.883661,0.09258464,0.049610674,0.24945003,-0.017779417,-0.3510524,0.19861333,0.40126383,29.66153,0.055403408,5.85725,0.941604,-11.37216,-0.4876388,-17.194408,-0.31517652,-11.180953,16.498886,0.025852324,-0.019673651,0.109237455,0.44444445,0.29850748,2.605,2.485,0.48,0.3302524,-18.957445
29.26933,0.13249503,30.297436,30.582653,30.854061,0.55662537,110.16773,97.71343,-2.8379655,3.9721065,0.69996744,0.38906807,0.3566641,0.763109,0.8766048,0.51994073,2.929813,2.3812788,1.539404,1.8572476,0.22004594,0.5759583,37.93449,0.20605493,0.2420322,23.723028,-0.22066665,-38.42198,-10.872909,-0.7866309,0.010467931,1.031596,0.82221127,0.5980094,6.9151793,0.35503486,0.8478998,2.5715284,30.365215,0.17001598,711.58594,0.25610933,1637.407,0.14240137,-69.61954,-1.3116637,1539.043,0.12059609,1163.8427,0.2719478,-71.22626,-1.2353567,2899.3853,0.07243442,785.415,0.58231187,-83.70999,-0.9490109,-10.323396,-0.290821,28.54504,0.09986041,0.040502533,0.31966966,-0.004485741,-1.4915575,0.22880831,0.34561208,40.917755,0.10104981,0.25712773,19.689333,-2.6534097,-1.8624635,-13.878131,-0.38811892,-10.412854,25.41485,0.0143765025,-0.0010917088,0.20476535,1.2150669,0.7352941,0.91333336,1.6920071,0.42333332,0.2713956,-24.448202
36.11866,0.08587741,36.887302,36.997494,37.13384,0.24653625,55.258232,12.2134,41.813904,46.394657,1.329834,0.50545824,0.45285442,1.7231518,1.9224005,1.4695461,2.153344,0.8357851,1.1441971,1.3111508,0.26479775,0.40038958,22.265615,0.15564378,-10.140745,-0.999123,-5.08818,-1.4262326,-4.986777,-1.3448989,0.024065698,1.7274282,0.74199635,0.7597944,8.470917,0.48371464,-1.5370988,-2.3566523,12.859332,0.28162077,568.6175,0.21146314,1484.741,0.093136035,-68.50021,-1.4140666,1583.4073,0.05505728,1048.0785,0.13604055,-71.406845,-1.3109057,2708.0972,0.03580959,850.62317,0.44648728,-76.23626,-1.1827886,-6.4658403,-0.3504087,14.457776,0.19336511,0.060248654,0.18760483,-0.020874659,-0.2722979,0.32890704,0.21167918,23.724104,0.08469426,-16.728567,-0.22340822,-9.554934,-0.335395,-7.328616,-0.7644162,-8.755855,15.749025,0.013019901,-0.012340258,0.1443382,1.3539652,0.1953125,3.35,0.0,0.87,0.11,-19.572182
35.0746,0.009320596,34.925087,35.084766,35.23082,0.30573273,3.2496274,1.5433749,1.6383522,0.85843265,1.3118547,0.48236343,0.39810082,1.5214885,1.7871358,1.389035,2.2751982,1.3279408,0.43086094,0.0,0.2119869,0.50621974,34.135212,0.14767559,-2.127581,-2.9646246,-14.897051,-0.92766213,-5.4590917,-0.88967603,0.0041965237,1.2144692,0.39702603,0.5319689,11.366459,0.13288993,0.5672159,2.6608472,26.702026,0.20445521,739.0046,0.19180876,1512.3367,0.12787177,-48.788784,-1.7005459,1564.3992,0.08194591,1135.463,0.2162919,-49.263496,-1.6515362,2800.8662,0.079939045,882.51294,0.33478218,-67.72898,-1.0568594,-4.590869,-0.5103062,27.865068,0.11623861,0.032190897,0.35321647,0.00041022387,11.289527,0.23983485,0.44373468,36.373398,0.041091662,-4.6789374,-0.9269915,-22.112194,-0.18261594,-5.9453545,-0.78994507,-14.451527,23.903378,-0.00033630032,-0.010429232,0.120868765,0.155521,0.15673982,4.94,0.0,0.705,0.21499999,-17.693785
33.785267,0.010822142,33.40829,33.767853,34.209663,0.8013725,2.4600172,1.2437952,1.7480472,1.1304017,1.2048144,0.1836123,1.0738226,1.2193853,1.3723892,0.29856658,1.9559962,1.3418165,0.3169401,0.51422155,0.2938959,0.20804827,39.044582,0.10915664,-10.308546,-0.40055498,-9.970862,-0.5647243,-1.4103833,-3.004688,0.004757239,0.62219375,0.84409446,0.46433687,8.538277,0.18152222,-1.8585167,-1.78011,23.200726,0.18771791,560.3278,0.15418938,1364.5707,0.09744446,-6.2803426,-5.369043,1531.483,0.044075564,1024.035,0.34267238,-10.22894,-3.2167902,2747.9336,0.052671883,841.6544,0.4985798,-30.324984,-0.9698512,-8.530833,-0.29679132,26.014187,0.078664,0.023424592,0.4562444,-0.01779292,-0.25337258,0.29838645,0.17595147,39.63441,0.064607255,-10.648194,-0.34277138,-10.6476965,-0.3830665,-1.445555,-2.9403358,-9.103401,17.571236,0.021452917,0.0042574275,0.12419274,0.6475486,0.093023255,10.429999,0.0,0.29999998,0.0,-19.947754
37.31282,0.009335727,37.221054,37.350952,37.448006,0.2269516,18.863428,20.89716,16.793892,16.641712,2.0161648,0.27029234,1.8804171,2.232817,2.3343143,0.45389724,3.5181606,2.7389188,2.7658606,1.8522404,0.3134854,0.5780079,27.742603,0.106098935,-22.243437,-0.37740013,-12.906239,-0.696459,-6.6889143,-0.6875275,0.00370474,0.80153066,0.39845735,0.7812865,12.306706,0.12581897,-11.091133,-0.38573837,0.6072447,12.268516,495.6511,0.18647061,1406.3424,0.110322334,-26.497667,-2.2778869,1451.4075,0.051434085,1032.9968,0.15600273,-19.283571,-3.119833,2685.1367,0.041577853,662.63074,0.45443994,-27.337542,-2.1035068,-2.5655148,-0.6882582,12.188883,0.29276705,0.052457046,0.22523332,0.0023657202,1.9987493,0.309504,0.5157037,28.308308,0.07127117,-24.720833,-0.170439,-15.055616,-0.43550804,-6.3777127,-0.6139968,-9.118975,18.028328,0.037422385,-0.008771784,0.35924008,0.46029922,0.34722224,2.58,3.5287485,0.28,0.12754084,-15.108956
33.850544,0.007952126,33.731415,33.859486,34.040146,0.30873108,3.3793712,2.000483,1.8752252,0.78140897,0.62385577,0.42066807,0.3385957,0.67466146,0.78452903,0.44593334,3.2751882,2.8305483,1.089629,1.174101,0.23232272,0.40010628,34.530415,0.11601922,-5.088782,-0.828646,11.48567,0.4044971,1.9193192,2.0265062,0.015885144,0.5814014,1.2060728,0.41653398,6.3416576,0.24637981,8.546847,0.27212948,19.884321,0.17480917,935.03503,0.15431692,1397.7369,0.1809598,-95.05229,-0.96425605,1639.3544,0.11237974,1276.8651,0.24845737,-93.94552,-0.9738726,2897.2656,0.03826395,557.20575,0.4098312,-101.693085,-0.83434516,-9.043922,-0.26786673,25.247717,0.10989886,0.0009356952,10.399729,0.0088096205,0.7046938,0.25890535,0.27177995,36.424564,0.0663724,-7.236709,-0.37214968,9.669912,0.40507808,1.3976897,2.7937596,-12.180249,25.010067,-0.003140931,0.0031888261,0.20002785,1.2024049,0.60728747,0.93333334,1.2704941,0.5175,0.43859863,-25.71127
35.226387,0.024797821,35.060867,35.20763,35.31204,0.2511711,91.77362,49.436245,8.205131,7.154366,1.3882109,0.52183944,0.45092398,1.7016135,1.9584961,1.5075722,5.7777524,5.2872124,1.2801929,2.0182223,0.25531915,0.65805376,20.328634,0.28779584,-9.509112,-0.97162116,-0.88583374,-10.182861,-12.956175,-0.57230705,0.004286394,1.2000602,0.532711,0.7782627,10.224889,0.21123876,3.8339353,0.43884936,11.984001,0.2496652,785.3893,0.12099871,1306.9359,0.10904762,-67.409515,-1.3947648,1679.8411,0.042838592,1006.95605,0.1231079,-66.039856,-1.423992,2884.3394,0.04000932,712.798,0.34044006,-72.959045,-1.2230933,0.4310548,6.098329,13.551594,0.20959306,0.060633358,0.16070667,0.0010714545,6.000694,0.29631907,0.51324075,19.395868,0.14526442,-15.600767,-0.18568236,-5.8455734,-0.64623,-16.557251,-0.2851089,-9.93622,18.4757,0.0341921,-0.014751065,0.17692742,1.5817223,0.35460994,1.88,1.8299999,0.61,0.41984123,-20.409113
33.206673,0.014327459,32.930992,33.117386,33.37167,0.44067764,2.0823212,1.7206484,-5.0884438,5.7007203,1.1522613,0.21917227,1.0919403,1.1925725,1.301209,0.20926869,1.9499655,2.369815,0.9235249,0.47950122,0.17642127,0.23237124,32.42016,0.11813584,-9.272797,-0.5111822,-10.6163645,-0.66171557,7.5818715,0.53966385,0.0044636526,0.8991149,0.43972737,0.67860204,10.448697,0.094213694,10.126286,0.29640266,25.520344,0.29205185,889.8809,0.120874524,1373.7849,0.11426408,-15.358908,-2.9304743,1725.2899,0.05982233,1094.8817,0.16979451,-14.723755,-3.012553,2874.1365,0.057397984,914.4973,0.32299045,-33.8151,-1.1769722,-4.8074837,-0.38403282,23.132624,0.14011392,0.042612072,0.2155534,-0.00068069634,-7.0453033,0.1808704,0.20805036,33.123898,0.07584991,-10.20378,-0.3026231,-11.422062,-0.5480349,8.048376,0.46362084,-10.872465,20.997198,0.028701132,-0.0080337515,0.110544115,0.5610098,0.14124294,6.69,0.0,0.37,0.0,-21.76534
31.588163,0.013027681,31.494762,31.635723,31.763504,0.2687416,10.518583,12.308523,5.891399,5.0041823,1.6955553,0.29763907,1.6050007,1.8292245,1.9247935,0.31979275,2.199304,2.2288465,1.9489264,1.2961894,0.2190827,0.5836462,38.224503,0.10235704,-24.73165,-0.31925946,7.653538,0.531489,-4.993843,-0.998469,0.003483621,1.3620604,0.2623276,0.89008844,10.438637,0.13177526,3.9905827,0.52890235,15.297352,0.32044464,541.5766,0.19001688,1541.9023,0.107207626,-20.540682,-2.5795412,1479.3103,0.04641301,1143.6969,0.17986467,-16.062551,-3.3794549,2626.9424,0.06402849,1261.42,0.48365492,-32.13786,-1.5466707,-1.9593425,-1.4780933,18.51995,0.1468048,0.04321213,0.27565905,-0.0072952677,-0.6850406,0.22793508,0.55022514,38.828896,0.06189049,-26.283916,-0.2339801,7.3314676,0.5372483,-5.0790215,-0.9742183,-9.124715,22.125362,0.022708658,0.0020650772,0.12835076,0.35304502,0.088652484,10.37,0.0,0.44,0.099999994,-17.120628
36.36013,0.034918208,35.469276,35.80368,37.12483,1.6555519,13.515901,9.352431,-8.700723,9.78196,0.529329,0.7078618,0.20095873,0.33142123,1.0293038,0.82834506,1.8660308,0.63244385,1.6989298,0.8789288,0.13180844,0.65985703,33.380947,0.26032928,-10.453509,-0.5838749,2.5661695,8.694602,-5.6103687,-1.5488161,0.010956448,0.77745247,1.071366,0.57508427,9.396815,0.25251886,-3.786545,-0.6832999,21.097883,0.14477368,557.7363,0.18652263,1434.5349,0.10510004,-107.75881,-0.89899445,1441.1505,0.09389737,1194.6595,0.15865427,-107.56345,-0.9006037,2723.4424,0.041713547,880.3494,0.40761453,-118.366615,-0.72207814,-4.9355664,-0.61387956,28.119907,0.14502329,0.03657672,0.29835364,0.00023108079,37.217976,0.20702231,0.32963702,41.09408,0.11493482,-15.7364435,-0.25306877,-19.77916,-0.36597574,-11.368215,-0.6309223,-9.036759,14.7242985,0.005138173,0.009984649,0.06678149,1.1764706,0.8,0.585,0.45499998,0.64,0.62,-25.956694
29.103724,0.025784671,28.850437,29.176132,29.425598,0.575161,6.051008,2.6061099,6.405977,4.278546,1.0020769,0.4935754,0.42361403,1.0497962,1.3033214,0.87970734,7.9717,6.47129,1.7138649,1.4666282,0.29985732,0.8535964,30.54157,0.31013626,-3.220282,-1.5969449,-4.2576895,-2.1351624,-14.247917,-0.9426536,0.009516637,0.6933943,0.76767766,0.6244015,8.084509,0.164876,-2.595608,-0.59037805,16.459734,0.21675634,427.13095,0.13474376,1259.4917,0.09282235,-66.44843,-1.3837329,1296.2333,0.07014688,1098.6407,0.12602851,-67.752975,-1.3352249,2417.0188,0.040592182,790.21545,0.26045647,-78.75388,-1.0536139,-11.85223,-0.14015424,26.248503,0.10788132,0.028766323,0.34487838,-0.034422014,-0.13621403,0.31684712,0.36052513,36.190475,0.122425124,-3.3311033,-1.5265446,-9.323465,-0.5859208,-22.948034,-0.17117102,-5.527423,15.580619,0.005671164,0.009027793,0.2748357,0.7518797,0.25380713,2.6799998,0.0,0.615,0.555,-20.00127
30.87293,0.009802729,30.68332,30.876236,31.11147,0.42815018,6.257359,2.7643585,2.5072,1.7702513,1.124797,0.28906444,1.0014405,1.2265601,1.3265547,0.32511413,2.9273152,2.583859,4.2167163,4.761383,0.37196738,0.3598783,30.298706,0.11377032,-8.340621,-0.5771215,-6.347845,-1.3424973,-5.6488214,-1.1467457,0.0071130623,1.10117,0.98918015,0.49177587,4.88494,0.55549157,6.1268015,0.5287346,22.00297,0.16879943,697.98236,0.21165149,1540.1902,0.10783349,-47.572533,-1.7488221,1570.0543,0.078394376,1211.269,0.15541416,-48.314663,-1.704235,2750.5403,0.06685882,1002.6733,0.41626945,-61.6875,-1.2176927,-4.8013535,-0.6590634,21.444883,0.1046037,0.024880497,0.5599248,-0.0052733724,-1.5074829,0.3970491,0.27717975,31.442616,0.05933453,-8.821403,-0.4929401,-9.59217,-0.4643488,-6.0564027,-1.1429619,-6.7503667,18.089989,0.018494682,-0.0026849892,0.295097,0.8462624,0.5681818,1.345,1.6364366,0.31399998,0.2910395,-22.157576
38.149513,0.20737992,33.472046,35.38238,41.074818,7.6027718,187.3052,122.93573,90.6249,69.12788,1.1268348,0.3691818,0.75631964,1.0932643,1.5119219,0.75560224,4.967766,2.7118719,2.185601,1.4319278,0.53290284,0.8200272,13.092355,0.6589425,6.997528,1.6856189,-2.8852098,-4.1384683,-5.0215693,-2.3711462,0.03237562,1.7071328,1.2757914,0.40371823,3.5427582,1.0162435,-0.7576396,-13.379751,8.863832,1.3513637,779.5811,0.21296136,1371.6354,0.14175826,-125.366035,-0.7530231,1677.9086,0.09899867,1170.9102,0.20717119,-121.40321,-0.7739643,2802.2556,0.0747066,873.9746,0.46025622,-122.5995,-0.7332183,-5.916482,-1.1947347,16.206348,0.24372083,0.050839487,0.42601404,-0.009513279,-2.3319755,0.46016738,0.33830708,12.889542,0.2555513,-0.25324365,-27.416342,-9.504635,-1.040716,-11.594572,-1.1801823,-8.670586,16.907766,0.020096693,-0.009390344,0.5926145,2.1947875,1.1049724,0.3725,0.3906325,0.51,0.4950505,-20.465427
36.173233,0.0042414158,36.03772,36.16686,36.295902,0.25818253,3.692827,4.0658026,2.4948285,0.8573164,1.0662948,0.25653157,0.9964416,1.0602117,1.1449705,0.14852893,2.7591608,2.0679836,0.749359,0.026454657,0.21412213,0.40235916,36.741364,0.11394796,-21.612242,-0.2535604,0.86745906,6.674997,-9.550458,-0.7594592,0.007101036,1.0954388,0.7349898,0.45254445,7.4790096,0.24007112,2.1741722,0.71660435,16.455809,0.28537482,634.979,0.21192713,1578.496,0.13886335,-11.353938,-3.9842458,1525.5319,0.06657476,1107.369,0.29252496,-7.969339,-5.6713505,2762.485,0.10342929,907.9653,0.6383748,-25.77,-1.5975097,-1.2698954,-1.656587,19.45154,0.1852045,0.018382488,0.5648896,0.00511887,0.7240469,0.22157374,0.3703554,37.530155,0.058655273,-22.519697,-0.17436531,0.030151939,144.58423,-10.873942,-0.46769646,-9.849238,15.977343,-0.021626264,0.017619887,0.08171379,0.30627874,0.15455951,6.12,0.0,0.32999998,0.0,-22.98852
30.206406,0.018398043,29.714535,30.091866,30.663017,0.9484825,1.741615,0.9408739,1.6382593,0.8505991,0.85390145,0.35972995,0.59924465,0.9054289,0.9955995,0.39635485,4.347303,5.55469,0.63947177,0.3248543,0.24995291,0.38445163,35.957077,0.18851143,-6.708661,-1.1623106,-9.195518,-0.9412501,0.28199157,12.217802,0.008003723,1.2208772,0.86609316,0.5283369,5.9276795,0.45697245,1.076859,2.0447958,19.546902,0.23529005,491.52667,0.33154804,1547.967,0.101790346,-45.0574,-1.8014421,1397.6699,0.09959104,1280.6377,0.13401183,-44.10281,-1.8024118,2373.4023,0.09779676,1252.5293,0.23098761,-57.990532,-1.2496797,-5.2893496,-0.4881434,22.20973,0.14829862,0.02418801,0.51950276,-0.0064170514,-0.84175545,0.27599502,0.3098646,38.481133,0.0916045,-9.178507,-0.70631224,-12.364162,-0.47861362,-0.088472635,-36.148125,-10.815028,20.04186,0.021252153,-0.0032254553,0.15948807,0.4231312,0.42613637,1.8499999,1.9273989,0.355,0.3426733,-24.329557
35.23133,0.027591923,34.990475,35.290253,35.540833,0.5503578,225.70143,130.60535,39.83395,52.014927,1.6216851,0.32698014,1.5977882,1.7598454,1.8852714,0.28748322,4.05507,4.561273,2.6795611,3.8204405,0.30357,0.56921417,29.209982,0.17825721,-15.317862,-0.6923518,-7.089727,-1.79271,-12.216743,-0.48114952,0.018852936,1.7148409,0.60068876,0.80919826,9.61615,0.33751288,3.1556149,1.0225157,20.22553,0.17848521,856.42035,0.16599539,1465.6068,0.14904432,-19.380762,-3.079798,1705.6661,0.07958204,1216.3383,0.20191933,-24.173944,-2.3174415,2694.8064,0.06711414,858.18414,0.27315187,-33.416397,-1.582664,-5.7909484,-0.3866617,18.12913,0.18110491,0.08412625,0.13460791,-0.008854606,-0.73698723,0.3183699,0.52661145,30.264977,0.11748423,-17.69354,-0.44878528,-9.5837555,-1.0090598,-13.086529,-0.36422947,-9.953862,14.198084,0.05755601,-0.019433526,0.18047723,0.78563416,0.6772009,1.3249999,2.050827,0.12833333,0.076029964,-17.85247
27.343472,0.20888835,20.9346,28.933228,32.959564,12.024963,564.3232,461.98294,148.08643,109.74253,0.3130489,0.21070464,0.27376258,0.31912407,0.3528083,0.07904571,1.6784462,1.1409591,0.792038,0.76830053,0.082297005,0.26122773,35.632515,0.15543674,-4.891615,-1.0980812,7.130664,0.7113045,-7.3583474,-0.8535419,0.05849382,1.9054016,1.2024982,0.40694433,0.9472428,1.82838,8.106147,0.9873984,16.874662,0.26746646,517.5278,0.14191657,1347.7682,0.111183,-104.25629,-0.8725557,1436.1504,0.052653264,1118.2147,0.31360736,-106.598854,-0.8291655,2650.2356,0.034383815,688.9227,0.37171742,-111.53562,-0.7520869,-11.024263,-0.22310366,19.79124,0.20660892,-0.012116567,-0.9347351,-0.0029325613,-1.4858979,0.085844934,0.22951333,37.519775,0.03509116,-7.090992,-0.5962806,6.036783,0.5399649,-9.117414,-0.3787807,-11.898569,23.141323,-0.012239843,0.0005445702,0.07948869,1.6274865,3.6563072,0.1265,0.11203906,0.14647058,0.1731691,-36.41961
26.901672,0.028152162,26.25459,26.868961,27.3497,1.0951118,3.3100717,2.5333416,3.7797434,3.2401161,1.3135105,0.36396724,1.2324758,1.3334633,1.5157815,0.28330576,1.390567,2.0620527,0.41636905,0.0,0.2673583,0.69238424,31.203588,0.21902099,-3.6944668,-1.0764434,-13.619253,-0.5599444,-19.696169,-0.42955232,0.003679032,0.5733238,0.30695313,0.809297,8.320499,0.09468536,3.4307113,0.29666328,15.6187525,0.25393584,427.75516,0.1761808,1227.2167,0.068156816,-24.890993,-2.6231878,1285.7653,0.08877251,1000.60706,0.10615594,-21.262556,-3.1328285,2391.3823,0.058261927,695.30023,0.1714095,-36.627247,-1.6642973,-6.2588515,-0.36210433,21.87749,0.15072452,0.051166795,0.12383781,-0.028330386,-0.17634927,0.29456526,0.6186877,33.34154,0.090390384,-4.3261714,-0.8376849,-16.197659,-0.1552464,-22.710302,-0.13311307,-7.271093,16.456284,0.03657831,0.0075641796,0.074615546,0.18761726,0.18939395,4.63,0.0,0.63,0.0,-18.364798
40.442703,0.101987034,38.535534,39.39958,41.07555,2.5400162,1.5137299,1.2716396,64.09352,0.0,1.2008456,0.3294271,0.97813463,1.0910405,1.5143317,0.53619707,3.6483688,2.3049295,3.0579357,3.193766,0.31632552,0.5002886,35.051796,0.12136133,-23.713816,-0.3539154,-5.31643,-0.98017025,-4.8398614,-1.9562681,0.014056266,2.045487,0.92475903,0.48092663,9.372194,0.2455513,-5.403148,-0.9486977,11.035137,0.51053065,848.5941,0.14987682,1174.3827,0.17644413,-22.005926,-2.2207253,1740.0713,0.05912936,1027.2377,0.2296017,-24.463718,-1.8592621,2852.941,0.05578674,821.96173,0.401513,-40.069366,-1.0307217,-4.471662,-1.0910261,25.967983,0.24389076,0.05711503,0.20417024,0.00036156783,30.351522,0.3260522,0.48865592,35.501797,0.10496193,-24.990736,-0.28545803,-5.7901616,-0.82304454,-3.8638396,-2.335373,-13.102056,22.655056,0.065512516,-0.017454548,0.1989724,0.8319468,0.6711409,1.3824999,2.2733276,0.16499999,0.145,-19.595684
36.942596,0.019909615,36.198544,37.031364,37.696457,1.4979134,2.2802181,1.2087352,3.483196,3.513339,0.81746215,0.4166739,0.72258174,0.77903086,0.93343675,0.210855,0.7542533,0.7541178,1.1965803,0.47386512,0.14607161,0.57653004,31.514711,0.16962653,-13.987041,-0.79909956,1.1802101,4.466303,4.904983,0.91847473,0.004494489,1.1738223,0.7345489,0.49107364,9.585189,0.20660861,-2.1658523,-0.9846494,10.928387,0.46517387,864.92804,0.16647503,1471.4788,0.16266392,-43.614025,-1.6618671,1678.7163,0.07402665,1174.6544,0.19485244,-38.948105,-1.81696,2830.1091,0.08575408,836.65967,0.43073756,-50.52334,-1.3032017,-5.177673,-0.46192935,22.044235,0.16869539,0.04214826,0.26730222,0.00070137565,6.997861,0.14514916,0.27922076,33.202614,0.10923055,-18.008404,-0.372272,-0.06808744,-61.88065,5.5443735,0.74769455,-12.147452,20.711441,0.038731717,-0.007939378,0.15553184,0.2805049,0.28248587,2.955,2.485,0.3733333,0.20237477,-25.0991
25.849564,0.17292799,22.940945,25.883148,26.4371,3.4961548,191.58594,224.40268,130.27211,158.27611,0.7290851,0.24875428,0.62236583,0.70964783,0.8707769,0.24841106,3.9248986,3.1594534,2.471852,1.4108136,0.32679135,0.45303178,25.38346,0.21274918,7.664457,0.6984071,1.1473022,5.130868,6.881985,0.98410964,0.046429526,1.1712536,1.470772,0.52136564,2.9046257,0.6294491,8.089813,0.79185534,24.852009,0.1837455,545.8886,0.34446087,1423.1089,0.14948271,-137.00873,-0.62604296,1497.2335,0.15084311,1090.5986,0.26799163,-134.97943,-0.6288605,2695.605,0.077131875,963.6091,0.4588539,-139.47353,-0.5670338,-10.55026,-0.23680635,24.626251,0.15376635,0.022305448,0.6818716,-0.0040799305,-2.081908,0.31635696,0.36599833,26.382042,0.18363512,8.489645,0.614041,1.5610565,3.875213,6.5252924,1.1371777,-9.629095,23.153028,0.024107093,-0.0041957763,0.33435377,2.1764033,2.8801847,0.112799995,0.07733149,0.23130433,0.20445696,-25.424961
25.869076,0.10491771,25.283686,25.417946,25.580824,0.2971382,138.70837,155.50282,19.476976,25.968718,1.0991292,0.30309492,1.0213027,1.1543039,1.3203245,0.29902184,2.868989,1.953013,2.6165998,1.9932483,0.24465705,0.3503688,26.859291,0.15942591,-11.657983,-0.70441025,-8.033189,-0.7773548,7.3154473,1.0354321,0.008108096,2.491902,1.1231208,0.57577294,5.5601535,0.28133485,7.2119727,0.48310634,9.546612,0.38489825,447.84918,0.21399829,1234.4496,0.08286118,-20.74129,-2.735245,1373.9855,0.08852937,1088.7776,0.13660546,-17.992336,-3.1917596,2324.0706,0.059660662,950.8544,0.14642802,-25.820992,-2.1275115,-4.2548075,-0.5492472,12.376367,0.29952085,0.037406407,0.2489026,-0.008881629,-0.74253815,0.26455128,0.23594618,27.856495,0.09310316,-13.831385,-0.33087692,-8.520628,-0.7134023,8.64826,0.7311214,-11.042563,19.520842,0.044510677,-0.007493405,0.06079014,2.650357,0.30769232,2.9433334,4.127148,0.21249999,0.18498309,-23.40707
33.75857,0.10323221,34.43005,35.040882,35.56203,1.1319809,279.92062,165.90408,26.65173,30.004492,0.88567066,0.3778985,0.46165925,0.9464443,1.1664096,0.70475036,3.7100112,2.007781,2.0545838,1.0260031,0.18887539,0.5703081,26.961779,0.19288832,5.6605496,1.0269215,-14.208891,-0.5498881,-12.923914,-0.88536763,0.02253062,3.3939385,0.71274656,0.92534083,9.753434,0.35873175,-3.8434649,-1.7057697,17.182783,0.5528379,650.78864,0.20835829,1444.3846,0.11469543,-49.983017,-1.6401947,1541.1398,0.095030636,1265.0851,0.20775594,-57.966,-1.3315296,2808.7676,0.0662446,812.71387,0.5508416,-65.83326,-1.1077207,-12.614341,-0.16839074,25.17518,0.14590466,0.030166488,0.36237305,-0.01520463,-0.61220205,0.19847456,0.46259844,28.97733,0.10729809,6.3155622,0.8836446,-17.102392,-0.2831716,-17.974434,-0.3455744,-8.095985,19.444927,0.014237664,-0.0041001462,0.15955675,2.4918745,0.8714598,0.87125,1.2360263,0.25625,0.21931356,-22.282509
32.268204,0.05868057,31.70387,31.890112,32.11445,0.41057777,103.83933,144.5222,190.312,157.61041,0.9179337,0.53170377,0.37390077,1.0504786,1.2329369,0.8590361,4.0545235,1.9213681,2.0811725,1.0234458,0.21919154,0.6911667,29.261477,0.20377621,-7.7311316,-1.3996116,-9.685297,-1.4433428,-15.6216,-0.66807926,0.0122177685,3.364904,0.70394707,0.81894654,8.36065,0.31033015,5.41015,1.2113225,18.75753,0.4957504,602.2098,0.3605145,1559.7638,0.14753409,-53.345036,-1.6919391,1502.7493,0.14754999,1242.988,0.19798052,-54.32095,-1.6141287,2659.743,0.07912947,907.5063,0.3812552,-64.55858,-1.2589568,-7.490688,-0.51657575,23.309061,0.16165933,0.052297764,0.24045144,-0.013758108,-0.72567374,0.24721594,0.61830586,31.498674,0.12810236,-12.482897,-0.6236622,-15.331457,-0.71279013,-20.446346,-0.3297684,-10.986402,22.3483,0.024118869,-0.0013752241,0.14671232,1.1532125,1.6638936,0.427,0.9363338,0.17222221,0.13197455,-21.927916
34.97066,0.0032339434,34.864273,34.972965,35.066887,0.20261383,1.4840263,0.9431082,1.5512428,1.3785537,1.9118915,0.20277515,1.8622484,1.9938068,2.0945544,0.232306,5.249722,6.927626,1.6465381,0.8452953,0.35277748,0.2780108,34.535,0.08443173,-21.855951,-0.18984172,-23.521666,-0.2541176,0.9626368,4.7741055,0.003966934,0.8873111,0.47683385,0.3997773,10.993394,0.089840196,2.7851238,0.39760402,21.736166,0.21242996,766.13275,0.12931928,1343.842,0.11481882,-11.377762,-3.9346044,1627.6858,0.06776608,1015.07666,0.15224873,-5.9016314,-7.6621294,2855.9814,0.05949529,703.4363,0.31620485,-31.764145,-1.2411256,4.834947,0.33531895,26.51702,0.07253818,0.057221204,0.15321016,0.017031336,0.26937005,0.36240938,0.25108495,35.017223,0.047580205,-22.594692,-0.12016901,-24.802605,-0.1152464,1.3044033,3.3247669,-6.688284,17.872826,0.050792612,-0.0036066314,0.19793914,0.20986359,0.10548524,8.98,0.0,0.235,0.13499999,-15.09138
31.500654,0.079077326,31.845318,32.29865,32.572533,0.7272148,206.51541,211.56216,77.892075,78.35603,1.1317527,0.27887753,0.98143506,1.1685612,1.3715593,0.3901242,3.3773823,2.3724277,2.7146025,3.2384517,0.4225093,0.4688297,32.56639,0.125563,1.5829806,4.821985,-14.107061,-0.6047103,-3.1592546,-2.1706967,0.014134224,2.6706333,1.0373516,0.6804479,6.7563896,0.4493786,-0.2865364,-13.502209,23.619585,0.39753723,547.41736,0.2750251,1529.161,0.0990503,-54.376404,-1.6286072,1493.939,0.10496367,1229.1763,0.2001499,-59.98121,-1.3981098,2585.928,0.06491479,1011.0915,0.28508893,-70.25022,-1.107532,-12.171732,-0.16391955,24.085133,0.155701,0.06558541,0.14873043,-0.025076453,-0.32123953,0.3880326,0.41938773,32.26406,0.1087342,1.4407133,5.4947953,-15.674178,-0.5109442,-2.408259,-2.5717447,-13.488955,25.372913,0.06596516,-0.01992722,0.5253071,1.4953271,1.5122874,0.47,1.0964602,0.17125,0.19864777,-20.098083
29.90796,0.1668201,21.435627,32.657787,32.90303,11.467403,112.0044,100.0736,20.181734,10.840876,0.65220004,0.35210735,0.42851186,0.72509956,0.8258192,0.39730734,1.2316428,0.75299156,1.1849045,0.68270797,0.1925835,0.28704408,30.412235,0.09080581,-1.786759,-2.7359636,-6.02511,-1.7147686,1.6672965,3.3240116,0.017279284,3.316932,0.79692876,0.42978492,3.8912604,0.45978296,3.3200288,1.0952538,21.070715,0.15771027,604.02,0.2008456,1478.2166,0.10218403,-63.975582,-1.4107865,1520.8837,0.07440664,1224.2594,0.1484918,-67.81302,-1.291004,2608.6885,0.057390176,1038.6409,0.2934672,-77.290115,-1.0517623,-7.90844,-0.2597853,20.798424,0.0929366,0.0054229386,2.137709,-0.009963967,-0.5426406,0.20848787,0.16429557,31.331244,0.0523744,-3.7905564,-0.9383033,-11.116481,-0.36417976,0.2894954,17.61723,-12.249224,24.677223,-0.006792837,-0.002096904,0.15942715,1.3824885,1.2383901,0.545,0.3835362,0.24,0.3934463,-28.421833
35.81366,0.09330551,36.420406,36.611965,36.702312,0.28190613,164.22229,136.21323,42.725864,49.106045,0.7089338,0.33490863,0.5384655,0.758064,0.8553538,0.31688827,1.6552168,1.1330754,1.190559,0.9983332,0.16809766,0.49319836,39.335274,0.13922918,-1.7546208,-4.2875514,-7.241406,-1.0120817,-0.39760077,-17.571861,0.012539501,1.6572326,1.0268877,0.6955572,6.9116855,0.36193317,-3.0500927,-1.366009,21.067259,0.28362218,589.05,0.35130563,1584.6545,0.1402716,-42.290615,-1.6930383,1504.2904,0.16226557,1302.3236,0.1819892,-36.669735,-1.7292773,2592.698,0.14042458,1247.9573,0.28882885,-52.387978,-1.0910386,-8.46696,-0.37188283,28.865677,0.10066054,0.005540206,2.3700569,0.00066136534,8.996994,0.1703287,0.47840673,40.536465,0.080053985,-3.9135664,-1.1410973,-9.466821,-0.48262757,-2.2129683,-2.2939565,-17.756279,29.407114,0.0059293956,-0.00027093728,0.16080661,1.0701545,0.5995204,1.436,2.3752437,0.212,0.1477024,-24.571484
35.99363,0.012575026,35.681,35.943035,36.194447,0.5134468,7.353703,2.9762137,7.316662,4.952472,1.1188481,0.46455592,0.44975233,1.2589816,1.3965323,0.94677997,1.748793,1.1652097,1.6564909,0.8941501,0.22158866,0.5506507,29.848906,0.16803084,-1.81297,-3.8024528,-17.424898,-0.84604156,-10.971016,-0.9169159,0.0073890975,0.67546886,0.63280207,0.48805505,11.249095,0.1134532,-4.31912,-0.4447011,21.427065,0.20321165,696.0848,0.17384887,1589.9409,0.1484089,-42.591843,-1.9251513,1548.5908,0.08056764,1283.8795,0.18086137,-49.839424,-1.5427029,2727.3345,0.06453528,801.30237,0.42254338,-60.533882,-1.179736,-9.735971,-0.27918106,25.092558,0.12607548,0.05923242,0.15700209,-0.01593744,-0.32754657,0.25993714,0.4136272,31.296148,0.1016274,-3.9378107,-1.5221727,-23.898735,-0.3298474,-14.46344,-0.5370083,-12.403752,20.085356,0.031656135,-0.008594499,0.07953859,0.7926024,0.13297872,5.96,0.0,0.765,0.155,-19.934507
27.266325,0.15887655,28.551645,29.122314,29.386627,0.8349819,219.48915,145.69405,28.28343,24.445246,0.6964582,0.34175837,0.5808925,0.7167695,0.802531,0.2216385,2.7444174,2.108478,1.8858027,0.7342028,0.25630495,0.63644904,35.857216,0.2548716,3.8045075,1.1777028,8.22353,0.6517422,-0.9250056,-7.141192,0.030392434,2.0376506,0.91791075,0.57285357,6.1355624,0.3556877,7.241657,0.38190508,29.063652,0.12930375,518.2346,0.21292481,1457.48,0.1152392,-46.103268,-1.6813235,1469.5425,0.058738258,999.06696,0.15014969,-52.428963,-1.409282,2752.6663,0.043619066,727.7609,0.49636686,-64.09606,-1.0621883,-14.589428,-0.19608893,29.084848,0.1070067,0.0073993253,1.8970472,-0.012476205,-0.6379452,0.26404703,0.42781624,39.51815,0.10660013,3.8067887,1.0945677,6.9488673,0.63299817,-2.4952345,-2.2872384,-10.469219,20.438633,0.00067882397,0.004256892,0.23077755,0.7151371,0.47961628,1.655,2.1130605,0.405,0.32353514,-23.58865
27.049334,0.20529446,20.485134,29.235233,32.393944,11.90881,117.65139,64.145874,82.727005,77.61413,0.6951101,0.34130666,0.53581893,0.7296398,0.82780415,0.2919852,2.4637504,1.2826487,1.346191,1.5936377,0.28613415,0.44872326,31.678604,0.2238528,2.887658,1.7375972,-2.9168558,-2.4780943,-2.0935338,-2.5413723,0.038325284,1.771403,1.3212456,0.6395921,4.6147175,0.51838243,7.3197384,0.72866786,26.376497,0.1800563,596.11383,0.22926703,1498.2001,0.10080832,-110.021454,-0.8726355,1506.8854,0.086087376,1109.5519,0.25834593,-111.6083,-0.83960706,2752.6257,0.08049856,914.8907,0.59106654,-118.925125,-0.72230756,-10.746451,-0.23461533,26.897745,0.10280415,0.028826874,0.4575373,-0.010371024,-0.6543661,0.27407098,0.40595067,34.808308,0.15378714,0.81077313,4.722544,-4.498309,-1.3838139,-2.2834356,-2.0389833,-12.338191,25.100706,0.03250953,-0.009262461,0.3020526,1.3755158,2.2160666,0.19749999,0.34039497,0.2642857,0.45669174,-25.196959
37.498135,0.121348105,38.600845,39.04281,39.28659,0.68574524,652.579,607.48737,52.628094,32.20312,1.039544,0.42014128,0.58519024,1.1034235,1.2757964,0.6906062,3.2594423,2.6443067,2.5660305,1.8547947,0.36486325,0.53719795,22.284752,0.19543496,-6.8109183,-1.557972,-4.865033,-1.9965826,-0.016778547,-401.95367,0.041631263,0.91902256,2.1910727,0.33706936,2.135913,1.1294297,-4.1014266,-2.3267088,11.235485,0.8919112,878.4093,0.14520441,1255.6279,0.16932034,-79.90579,-1.145593,1723.3184,0.05219013,1101.939,0.10673632,-80.64736,-1.1107041,2782.272,0.0359507,731.3022,0.40093398,-88.78073,-0.9383639,-3.926716,-1.4808571,18.511358,0.2143253,0.06271478,0.21587534,0.0037398848,3.2579446,0.39446658,0.52740675,21.577835,0.16979603,-10.33933,-0.9017097,-8.770309,-0.8360884,1.5725377,4.0641637,-9.6701,18.850456,0.059358843,-0.0094921645,0.31899676,1.208981,1.9163764,0.31727272,0.6496585,0.16833334,0.13807204,-22.987087
33.610825,0.026834264,33.500732,33.71477,33.890724,0.38999176,-4.4544654,6.141973,99.58232,99.45828,1.6417185,0.30146432,1.4255288,1.7634469,1.9257431,0.50021434,2.6551206,1.5180736,1.235264,0.6743251,0.30559117,0.5253689,37.68302,0.10821397,-24.472567,-0.36607265,-0.052451506,-136.492,-14.114622,-0.39186847,0.0051373066,0.7789702,0.36154705,0.7077322,9.876801,0.16090494,-0.96509814,-3.1590915,7.7278605,0.9967919,539.8946,0.16749588,1466.3865,0.10653845,-20.930323,-2.5919816,1484.6785,0.070843495,1374.205,0.28557792,-17.004873,-3.2613614,2349.283,0.14019805,1393.5712,0.37362427,-29.179274,-1.7895691,-1.8126271,-1.2222469,21.250803,0.16944346,0.031225314,0.27520448,-0.0030642396,-1.4730618,0.3220558,0.49993575,38.382076,0.08267981,-26.66382,-0.2155138,-1.7047721,-2.759424,-14.893614,-0.3275464,-12.34023,23.405588,0.020959198,-0.006858179,0.14701088,0.93457943,0.20876826,4.375,4.275,0.26,0.19026299,-17.534077
26.158033,0.26460192,23.770279,23.84671,23.942463,0.17218399,172.98656,86.323494,118.683815,74.83296,1.1965729,0.43744227,0.45147493,1.5095564,1.5914531,1.1399782,3.460927,4.145088,1.97956,1.553333,0.1999683,0.4657335,23.920341,0.3394292,-11.891731,-0.6897368,1.3295774,5.6128902,-19.444582,-0.66723126,0.0072081755,2.9571233,0.4621684,0.998921,6.2742014,0.35525328,5.1426153,0.972348,7.9281316,0.47381878,488.6966,0.35358095,1370.6238,0.09827409,-45.51107,-1.8573513,1387.0687,0.121152505,1220.7268,0.16666046,-46.478848,-1.7711991,2377.6477,0.091522366,761.18463,0.17162685,-49.108196,-1.6485957,-8.302659,-0.5026062,15.6360235,0.20741986,0.036485046,0.18056309,-0.03241855,-0.39945954,0.23078956,0.3410703,26.883104,0.21488988,-14.449802,-0.2969303,2.5482361,2.7143643,-24.790752,-0.33996955,-3.0428126,12.797096,0.03288574,-0.0011534545,0.09939155,2.2304833,0.62344146,1.232,2.1218424,0.29166666,0.20472883,-20.154137
36.998528,0.15081675,35.128223,36.24932,37.960873,2.8326492,27.677385,14.727418,462.56924,0.0,0.7758864,0.58035284,0.34077355,0.69890815,1.2104532,0.8696796,3.2891006,2.3874862,3.6856773,2.4917073,0.27098653,0.8868143,12.81177,0.39853537,-5.253029,-1.6653987,7.587538,1.4562901,-11.949721,-1.0899693,0.0395407,0.77619123,1.5513601,0.38582698,2.2631965,1.2576045,11.7125025,0.75733227,12.552014,0.6002173,767.3518,0.3605775,1262.3021,0.21250002,-173.4875,-0.359949,1761.0695,0.22335032,1067.5623,0.257949,-164.65051,-0.41870728,2819.6277,0.11003526,794.4062,0.30650228,-165.17978,-0.4120967,-4.4671154,-1.6327518,13.221227,0.64742225,0.041467596,0.55296195,0.008829911,1.2631719,0.32563284,0.54920506,14.813676,0.3916465,-2.4767573,-2.4384694,10.1181,0.8495703,-13.642072,-0.9761777,-0.5385423,11.8962555,0.028720085,0.01523577,0.2621983,1.608579,2.1739132,0.08,0.10049875,0.31888887,0.21911155,-27.042364
30.431782,0.015083319,30.133434,30.705164,30.784721,0.6512871,-5.5468345,4.316352,11.075465,0.0,1.016,0.20733133,0.86790204,0.9968117,1.1811383,0.31323624,7.4949527,4.8060756,3.490352,2.888229,0.48663142,0.34018603,25.951141,0.12514341,-11.409634,-0.450749,-10.387776,-0.5598023,2.8226418,1.8817073,0.034783434,1.0072013,1.2189863,0.703532,4.590396,0.5618734,1.9014832,0.85337704,6.507894,0.5507465,704.4617,0.26841104,1497.5299,0.118473,-189.54643,-0.22438572,1592.0721,0.08324808,1340.5209,0.21096839,-189.34853,-0.22914834,2574.6543,0.077063106,1140.8763,0.25749964,-190.17259,-0.21119083,-0.69290483,-7.600664,17.783878,0.10641764,0.010645617,0.8227067,-0.00078081834,-15.087055,0.3702944,0.27997187,25.989614,0.071769945,-19.122187,-0.55763865,-8.097081,-0.24677257,0.4166303,19.956434,-0.5119739,19.778204,0.0031374013,0.0049551944,0.49466223,4.322201,0.9920635,0.048,0.046647616,0.78166664,1.0560527,-24.096432
26.378345,0.020284101,25.992609,26.46363,26.864395,0.8717861,4.9591775,3.2747166,4.2140336,2.012642,1.3097129,0.26075968,1.1980233,1.3552476,1.4994814,0.30145812,3.6750374,2.082834,2.1282063,1.3151474,0.44472417,0.44663897,34.65831,0.12615031,-20.785688,-0.2400791,-1.7082024,-2.923254,-25.87902,-0.3538164,0.021219222,1.0221865,1.0030009,0.74183047,3.1477935,1.5275745,6.726302,0.4369811,12.902007,0.28429937,465.9508,0.114030406,1246.6534,0.12047069,-35.811516,-1.9841865,1335.0293,0.045673206,1031.6802,0.07704391,-30.105759,-2.4414878,2579.1064,0.030808598,669.6726,0.21666373,-45.34647,-1.4760475,0.08813778,20.672127,18.156345,0.14566089,0.03223782,0.2676455,-0.00198585,-3.1648278,0.45635688,0.38666567,35.64502,0.06510211,-21.432909,-0.1787227,-2.3724334,-1.9307538,-27.400158,-0.26655406,-1.6812419,16.081379,0.025609424,6.856963e-05,0.40701902,1.9819821,1.6393443,0.49666667,0.55263007,0.09333333,0.09345231,-20.00219
30.8956,0.019106803,30.613977,31.10543,31.302748,0.6887703,1.4543387,1.6106896,2.5560522,3.2056324,0.9083284,0.40620783,0.8224727,0.9943331,1.1379471,0.3154744,2.0249522,2.1595716,1.1561669,0.5414621,0.14258169,0.43363443,31.08942,0.20186166,-1.4770548,-1.9660668,-12.634908,-0.9347428,12.115138,0.36941916,0.0033745773,1.346177,0.512563,0.6336779,9.8479185,0.08735,3.2245038,0.7068783,16.977995,0.24514017,530.5152,0.13302666,1469.2203,0.088676594,-38.06983,-1.9611819,1466.5787,0.053664654,1159.9302,0.2715281,-37.75409,-1.9794221,2535.773,0.07766309,944.49243,0.48081386,-50.789288,-1.3552291,-5.923361,-0.33912215,21.705381,0.13025713,0.0448343,0.22247122,-0.008017013,-0.7297764,0.15956292,0.2283877,33.47631,0.06270864,-2.0282803,-1.136689,-17.067623,-0.24739417,13.445176,0.24216893,-8.168049,20.267717,0.0017557982,0.01376587,0.06629719,0.5847953,0.11764706,7.0099998,0.0,0.72999996,0.17999999,-23.171173
23.623404,0.019244824,23.393742,23.707428,23.958141,0.5643997,3.5186944,3.903993,4.3336916,3.8025649,0.9981674,0.44848576,0.36693186,1.1456808,1.284193,0.9172612,1.1524249,1.1413758,1.7638229,1.5924717,0.22598298,0.5510107,30.322632,0.37008122,7.784095,0.84648746,-0.11840649,-67.82599,-11.433158,-0.7799516,0.0070572915,0.96292204,0.42064962,0.58580023,6.6891775,0.18005252,4.827142,0.24477492,28.525797,0.15618962,430.9419,0.19838336,1345.1141,0.09687718,-57.436863,-1.5768651,1316.1355,0.104499735,1119.239,0.16260435,-62.194424,-1.4079772,2490.2917,0.059445627,896.1104,0.23672095,-74.7669,-1.0646477,-13.241197,-0.2062385,24.691944,0.120998845,0.035483204,0.165511,-0.03611769,-0.13623476,0.26245058,0.29552072,36.57955,0.07920088,5.710557,0.88582677,-2.8045394,-2.4175804,-15.294352,-0.35668433,-10.786471,18.784971,0.023757761,-0.012292878,0.13971588,0.8253095,0.27700832,2.565,2.385,0.68,0.3470831,-19.394423
32.567364,0.019515665,32.056362,32.561745,33.013325,0.9569626,6.952317,3.1945164,5.3320413,2.7473352,0.98567456,0.3361446,0.7862294,1.1097759,1.2357385,0.44950914,6.9968514,11.619778,4.319083,5.7970295,0.3160889,0.52189237,31.620705,0.14398023,-13.711324,-0.6096201,-4.5882025,-1.4689112,-2.2642107,-2.0542073,0.010424357,0.82648385,0.9515537,0.40088826,4.406746,0.4349562,-0.31352845,-8.260544,12.750542,0.24055643,499.30997,0.109936506,1269.5105,0.11625083,-42.799244,-1.7727119,1419.8645,0.039291587,1044.7522,0.061304767,-36.590576,-2.1204844,2565.5818,0.031238817,892.35767,0.36197788,-52.48789,-1.3357129,-1.704336,-1.0175537,19.837519,0.13306503,0.002388588,4.9362173,0.0060740896,0.7378619,0.34388712,0.36708385,32.71829,0.09733956,-16.817177,-0.2729526,-7.08835,-0.4963955,-2.9662857,-1.3736558,-10.400826,22.205637,-0.0007348422,-0.00047248657,0.19939975,1.8867925,0.58479536,1.38,1.7174253,0.305,0.27654114,-23.536863
32.024883,0.009474339,31.887568,32.04183,32.220425,0.33285713,3.5507503,1.9339646,2.883028,0.8732101,1.0741525,0.16304658,0.98676443,1.0629314,1.1764107,0.18964624,2.3437986,1.5072515,1.6480606,1.225126,0.22666384,0.3247238,26.059332,0.1202589,11.770706,0.2813137,-11.016069,-0.3664856,-15.579611,-0.30412686,0.0046843337,0.80648875,0.61289805,0.6070071,9.493283,0.11146252,4.6926413,0.5937177,22.99728,0.21843249,588.14954,0.30618036,1533.5315,0.1537944,-12.034317,-1.3998426,1457.3867,0.16237453,1239.9548,0.19304034,-14.371003,-1.1848593,2747.2212,0.07397074,1119.9014,0.41763428,-33.79653,-0.4259961,-8.449764,-0.31217498,24.531946,0.09329632,0.01741616,0.903111,-0.009497797,-0.77643406,0.22709098,0.30995128,26.271507,0.094506264,11.920693,0.26431203,-11.067596,-0.3621442,-15.644201,-0.288294,-0.8022481,7.438334,0.055553555,0.05061929,0.0028943636,1.5655578,0.19801982,5.0,0.0,0.03,0.0,-21.248432
32.475056,0.007148967,32.311214,32.45845,32.637936,0.3267212,4.8010483,3.35696,2.1454933,1.6500677,1.0183508,0.44815847,0.92540216,1.0923996,1.3119025,0.38650036,3.014333,2.1180062,2.4034755,3.2571185,0.14154004,0.8946566,33.37225,0.26835644,-9.177848,-0.6027509,-7.1186776,-1.3774062,-2.184099,-2.108256,0.003947728,1.1270297,0.40058523,0.4965525,10.933311,0.10183296,1.6428037,0.750952,16.151245,0.16613153,691.59393,0.095433526,1295.7083,0.0586569,-33.496536,-2.1527731,1616.4777,0.03293148,973.81287,0.076694846,-40.232883,-1.7203393,2704.453,0.02104645,631.7418,0.18714637,-49.18697,-1.3286715,-9.603418,-0.21588646,20.90546,0.12215864,0.050004795,0.17617069,-0.018992566,-0.19045448,0.15889643,0.6992848,37.090843,0.03869354,-9.835613,-0.46568587,-10.984144,-0.31612447,-2.750945,-1.603924,-3.6759546,12.985173,0.022839181,0.019548547,0.05660107,1.0767161,0.2710027,3.095,1.635,0.38,0.24494897,-21.675596
32.70738,0.08948882,33.23235,33.432697,33.659214,0.42686462,132.96306,54.13446,30.206821,20.7201,0.7932299,0.32650214,0.6861346,0.7779598,0.90399444,0.21785986,3.5062675,2.5310817,-0.14997415,0.73733157,0.24377647,0.483474,32.603016,0.18280923,-5.7141333,-1.166097,-1.5126767,-4.1289854,-2.1606627,-2.5119338,0.031290136,1.4112213,1.4529431,0.53863245,4.0492344,0.73536456,8.598133,0.35951537,24.56471,0.17269406,818.81464,0.16250198,1435.8716,0.14785823,-44.17864,-1.6833495,1630.8617,0.065887436,1086.9526,0.18159477,-45.176884,-1.6159868,2851.2478,0.06271305,678.4883,0.4995594,-58.38311,-1.1457305,-7.344756,-0.32866383,23.409693,0.13737135,0.022182867,0.54036003,-0.0027546599,-2.3880365,0.26115122,0.44350502,34.70116,0.08875057,-7.486628,-0.63913643,-3.5663476,-0.9472672,-0.9738789,-4.4050527,-10.734124,19.978241,0.020358939,-0.010619352,0.1733405,0.42553192,0.85714287,0.93833333,0.44069704,0.205,0.27354157,-25.463957
24.443583,0.015113961,24.26847,24.403648,24.563694,0.29522324,6.672746,5.2585425,4.5140066,5.566742,0.9511629,0.28471395,0.9142909,1.0108496,1.0979635,0.18367255,2.1265478,1.3673323,1.3425337,1.0144663,0.1355894,0.36934125,34.879124,0.17786302,-6.483078,-0.7303609,7.748002,0.54137135,-30.383976,-0.29232407,0.0032044558,1.341004,0.36317107,0.7643698,7.4748874,0.11243175,1.5317649,1.3872675,21.144949,0.2341351,529.94226,0.39850292,1376.474,0.13182725,-1.0925444,-47.451885,1547.5028,0.20909593,903.7185,0.21766925,-6.657558,-7.37113,2807.8499,0.11334017,779.86346,0.27291125,-17.818022,-2.5865972,-7.176525,-0.36774376,17.03132,0.24343504,0.073442265,0.11081184,-0.011184187,-0.45039737,0.14353587,0.27948207,36.31063,0.0695922,-7.076085,-0.5828351,7.42289,0.5208135,-32.38023,-0.13997401,-6.4407587,15.155602,0.023970036,0.021884607,0.023009105,1.3785791,0.10660981,8.809999,0.0,0.26999998,0.03,-22.73418
29.921202,0.053813938,29.968506,30.137512,30.320662,0.3521557,176.91307,0.0,2.2580092,1.722556,1.3242437,0.4229362,0.6465406,1.5530978,1.7917516,1.145211,2.916378,4.6420555,1.6494125,1.4560024,0.35191455,0.5260085,32.574883,0.21641243,-3.3594682,-1.576832,-3.1676104,-1.8934876,-4.094271,-2.2862668,0.025416002,1.6652652,0.9714506,0.8291469,6.444004,0.6166517,7.1875486,0.34903368,28.35172,0.14826955,966.22076,0.14707404,1396.8588,0.1415164,-46.814976,-1.7887064,1666.2653,0.07929014,1312.8838,0.19879068,-46.44316,-1.7818253,3017.0962,0.06514531,669.95374,0.51128036,-60.990185,-1.2282978,-5.568107,-0.50661767,25.113026,0.12975295,0.042185776,0.3432456,0.009023369,0.9455299,0.40840882,0.3784699,35.40897,0.075917475,-5.2281075,-0.73225427,-5.3425508,-0.73519593,-7.714533,-0.88152,-9.796752,19.768385,0.00057692436,0.0040590563,0.16540767,0.85679317,0.12315271,6.2999997,0.0,0.895,0.36499998,-17.48978
30.826267,0.058848538,29.887312,30.620916,31.18215,1.294838,40.483253,43.407635,204.05518,358.2163,0.8314594,0.58525795,0.29762748,0.79578453,1.3666732,1.0690458,6.6585855,8.096657,6.44462,7.9041266,0.23755081,0.71728474,29.7253,0.17608453,5.715163,1.2367612,4.762711,1.2466513,-20.104792,-0.71748984,0.008176384,1.1734513,0.7980024,0.68350625,8.105715,0.30576184,-1.3383915,-4.873741,23.13091,0.29297218,645.6874,0.18722029,1483.3064,0.10766262,-75.10297,-1.2804695,1623.8519,0.07034212,1086.5615,0.3556178,-82.65933,-1.0741433,2874.3386,0.07764593,692.2707,0.5103979,-88.34762,-0.95548993,-14.759482,-0.2400722,23.767727,0.14900345,0.06579363,0.23262286,-0.032844186,-0.18567313,0.2645618,0.48491028,30.794987,0.13662323,4.2153964,1.6902971,3.4020865,1.4953756,-27.888697,-0.3268948,-15.571029,24.953642,0.04820397,-0.019929651,0.19849746,1.1049724,1.682243,0.3622222,0.8763279,0.19,0.1516575,-21.840406
34.024834,0.0082756225,33.77688,34.001774,34.238018,0.46113968,2.2067053,1.1530304,1.1275171,0.39865658,0.9141163,0.3997,0.39532247,1.0017915,1.1946175,0.79929507,1.493943,0.5312038,1.7512821,1.2416424,0.24175112,0.3255788,33.79991,0.15335606,-9.5101,-0.81572217,5.0148153,0.8049198,-15.217608,-0.66346556,0.0101537155,1.379437,0.9802772,0.42601335,6.0396113,0.32953188,3.5866878,0.36811307,17.73535,0.25195792,668.2342,0.17073104,1600.8417,0.1106268,-55.938576,-1.543988,1516.8606,0.058249693,1143.0863,0.22665809,-56.717655,-1.5047467,2846.8625,0.0634547,808.23456,0.6378972,-66.960335,-1.1849427,-5.6333733,-0.36607912,19.033298,0.19299969,0.0071600974,1.6530113,-0.0025554236,-1.2406688,0.27200672,0.16591384,36.211826,0.061753925,-12.858251,-0.35853976,4.2599897,0.7329397,-20.67289,-0.19538607,-11.082046,22.445963,-0.003097733,-0.004023581,0.15853833,1.3138686,0.14705883,5.02,0.0,0.875,0.175,-24.100243
29.346592,0.013088986,28.996464,29.342213,29.678612,0.682148,5.1490493,2.4269648,3.6146457,2.2617943,0.98247427,0.40661094,0.46453032,1.074216,1.1856673,0.7211369,2.803422,2.8306458,2.1453795,2.0243313,0.25353333,0.3694175,35.09335,0.14803885,-5.6827354,-0.9450447,2.1589458,2.692863,-20.964464,-0.6213204,0.0039311526,2.2065835,0.59353733,0.484631,8.054563,0.15833034,13.680283,0.20540029,22.965054,0.119934276,562.7528,0.13522464,1392.2344,0.06715284,-55.343155,-1.4992014,1445.8214,0.03974268,984.17944,0.08420161,-50.741474,-1.687168,2800.5984,0.02703353,530.0469,0.3034589,-66.18112,-1.1610242,-5.6546783,-0.31566608,21.738678,0.09381081,0.0033301557,3.4548142,-0.0029726736,-1.6016037,0.27438515,0.34284174,37.56731,0.054788552,-7.9801784,-0.46730807,-0.17758296,-23.302197,-27.774591,-0.21407959,-11.62319,23.298162,-0.0005357207,-0.0014404312,0.19286826,0.62992126,0.31746033,2.36,1.3399999,0.51,0.4973932,-21.910181
32.681442,0.032719508,32.580288,32.706062,32.90391,0.32362366,377.24234,0.0,3.3680987,1.927189,0.45302755,0.41544738,0.29542112,0.49091735,0.5883215,0.29290038,1.5514691,0.5679514,0.8908937,0.46510503,0.08199839,0.43386787,36.884785,0.2068093,-8.241111,-0.6846067,6.1645584,0.98644257,-8.808067,-0.9616276,0.010877291,1.8077021,0.66331375,0.6145509,8.70927,0.1954656,3.030446,0.68739617,21.50109,0.17536193,829.2948,0.039093055,1189.9386,0.085172825,-43.30734,-1.7535106,1724.5632,0.03000324,962.4418,0.1286858,-53.296772,-1.3351295,2916.0935,0.020993777,519.9414,0.28737837,-61.597885,-1.0894881,-11.123199,-0.24479003,26.184114,0.13467859,0.019806698,0.54784745,-0.010635779,-0.5368034,0.0952678,0.24950013,40.339275,0.06979515,-9.600926,-0.54051995,3.9290745,1.0693563,-12.197134,-0.43096438,-9.247455,20.06883,0.011343068,0.014112852,0.030268047,1.9002376,0.48076925,1.67,0.44,0.25666666,0.17632042,-30.956545
36.570766,0.010997951,36.302418,36.53398,36.793213,0.49079514,22.956678,50.942535,3.230249,6.316124,1.6032625,0.31547692,1.613085,1.7769312,1.8798811,0.2667961,6.8081903,8.952811,4.0603423,5.3196816,0.2629561,0.6359271,21.905472,0.21203826,-8.408712,-1.161827,-17.874495,-0.44952008,-11.215097,-0.39778632,0.0042478605,1.0583222,0.4325471,0.8042785,12.032524,0.13194866,-11.593606,-0.14008123,12.147208,0.34120867,421.52603,0.105121925,1141.5939,0.09244701,-28.407656,-2.3458943,1413.4374,0.03183995,949.092,0.10261495,-26.91626,-2.3341184,2488.8005,0.046798583,966.9466,0.3061018,-36.413994,-1.6317476,-10.850093,-0.21074148,22.618229,0.17189942,0.06548855,0.16258276,-0.023865132,-0.1390476,0.28045028,0.4901941,23.017319,0.09561529,-11.2622595,-0.5685022,-20.328981,-0.22314204,-12.306562,-0.22880185,-9.727763,16.925095,0.018021977,-0.017466169,0.14382564,1.0291595,0.3460208,2.54,2.48,0.21666665,0.10656244,-16.285532
37.63585,0.039196704,37.557144,37.805244,37.96491,0.40776443,97.89039,74.54365,28.049551,45.951527,0.91947085,0.30880597,0.77364856,0.89061403,1.0103031,0.23665458,2.286145,1.3740493,1.8779637,1.0413077,0.29306597,0.4577752,30.648935,0.121703394,-4.373631,-1.5061209,-7.272697,-0.8827682,-5.9500623,-0.81471336,0.0146517595,1.5490538,1.097967,0.4941678,7.7155857,0.40835583,-2.9658706,-1.9338676,17.64706,0.33584797,837.3251,0.059105802,1128.1564,0.122400306,-23.606958,-2.318333,1777.4976,0.035648596,904.5647,0.13107873,-34.346878,-1.4910766,2856.3914,0.022874314,624.63165,0.2462894,-44.16402,-1.0895859,-10.008093,-0.33189717,25.651367,0.14200549,0.055699877,0.26582086,-0.018150982,-0.43768394,0.2953267,0.44216588,30.97257,0.093626745,-5.0051513,-1.2438828,-8.532748,-0.57469124,-6.124305,-0.7688256,-13.318879,19.940348,0.06655707,-0.018081736,0.28614324,1.3495277,0.95238096,0.9414286,1.5331799,0.08571428,0.06673126,-22.469215
36.125572,0.1253556,34.56605,38.31187,38.55158,3.985527,128.79137,148.88826,13.39471,7.9149384,1.3954073,0.52826774,0.2951112,1.7723247,1.9456505,1.6505393,1.6432045,1.5186925,0.4852952,0.7271657,0.24649076,0.71427983,16.210945,0.27653393,-1.696071,-5.317248,-26.254524,-0.6655344,0.7870666,7.3284187,0.014545805,2.5229182,0.71534866,0.7630451,9.282579,0.39895037,-2.0997295,-1.8111184,14.573434,0.2962231,801.68976,0.09588295,1272.523,0.075474486,-58.8972,-1.5898335,1709.6295,0.049644236,988.5784,0.10875635,-63.84983,-1.4033785,2803.1567,0.04012498,671.7053,0.33417544,-71.337555,-1.187746,-1.4531661,-1.7072489,19.369888,0.12515932,0.06948838,0.18220171,-0.01001027,-0.62601423,0.29277185,0.48231283,16.190374,0.21090233,-6.488817,-0.7462027,-35.98535,-0.19700475,-0.0010812856,-5111.561,-8.766405,18.253742,0.024380475,-0.004966375,0.14692588,0.47562426,0.7185629,0.9583333,1.8578519,0.4133333,0.50595343,-19.346212
32.179573,0.030447192,31.747597,32.10118,32.32772,0.5801239,49.751858,56.2039,15.175253,13.877904,1.3179119,0.27869433,1.2790955,1.4118719,1.5319238,0.25282824,2.130444,1.8806787,1.4053276,0.9860491,0.303029,0.51516163,20.42786,0.25361153,-15.068195,-0.6606961,-15.541633,-0.48000118,7.905485,0.90080005,0.012942023,1.094828,0.56248355,0.6980349,6.972333,0.43254122,1.9855646,1.1215456,5.9453373,0.48663414,462.9696,0.12751295,1237.1914,0.10252479,-43.286003,-1.8308829,1426.2659,0.03356059,1028.6713,0.075203374,-36.903675,-2.1951344,2469.6443,0.023760151,865.4779,0.14062513,-46.354485,-1.6469909,-0.25621068,-7.839059,12.24165,0.13264006,0.04491021,0.23934788,-0.007448979,-0.50120026,0.31198528,0.43627024,22.381521,0.09423935,-18.926798,-0.21159422,-18.057512,-0.18358879,9.86356,0.6628092,-4.285378,13.443341,0.034499913,-0.005110112,0.27546248,0.89628685,0.9020619,0.8728571,1.7161394,0.21285714,0.2626086,-22.031336
33.77734,0.10786568,34.727318,35.030846,35.329636,0.6023178,119.14362,71.0911,89.94805,98.670944,1.1938086,0.38783273,0.79332125,1.2874371,1.5651479,0.7718266,3.182414,1.4852077,2.45218,1.2743849,0.2056901,0.6241179,26.767332,0.24880393,5.276385,1.0000703,-20.564137,-0.59234333,0.6084767,9.85862,0.020771125,1.8339944,0.7319001,0.8944045,9.767282,0.3494243,7.065309,0.42552248,27.887463,0.19874792,801.61743,0.1483073,1473.8752,0.14331584,-33.134556,-2.1528556,1663.3153,0.083051845,1219.5602,0.16016608,-39.90833,-1.6829761,2805.0273,0.06691477,992.2197,0.321248,-54.126335,-1.1308215,-9.075197,-0.30738297,24.979656,0.17608921,0.06750375,0.15588133,-0.006884818,-1.3767985,0.21407278,0.5842119,28.147266,0.20299669,5.6020794,0.70242375,-24.370073,-0.33470023,0.64055467,7.9850955,-8.859551,19.668152,0.047794513,-0.0041679693,0.16671252,2.3890786,0.80091536,1.0471429,2.3977292,0.24799998,0.20922716,-19.589731
22.204935,0.35043105,19.607283,20.221088,20.546392,0.9391098,16.043451,10.357899,10.066776,0.021307468,0.59331214,0.44445392,0.2950125,0.6425771,0.84040713,0.54539466,2.9598222,1.2652494,2.383738,1.4443285,0.1799705,0.577767,33.30946,0.2124528,-1.6011429,-2.866756,6.7512345,0.63864034,-7.567707,-1.2475324,0.014193244,1.860226,0.72398776,0.7788521,4.8862743,0.66276735,10.49357,0.26075408,21.201145,0.17498219,502.48495,0.2642842,1413.2307,0.11837193,-87.09644,-1.0669143,1376.7339,0.16722395,1256.4751,0.19685225,-89.36581,-0.99859536,2438.2563,0.10413503,853.74554,0.23587012,-94.603,-0.8982803,-14.631318,-0.32560703,24.902292,0.24636646,-0.0035361697,-7.1465797,-0.028112637,-0.21117502,0.2251256,0.4096543,37.95177,0.07776006,-2.282287,-2.080174,6.403555,0.6010499,-13.587095,-0.39238274,-10.733283,23.107626,-0.007995806,0.0008937715,0.10911613,2.9366307,0.46728972,1.29,1.0816963,0.62,0.39210966,-24.528757
26.221989,0.0677401,25.586313,26.0404,26.524128,0.9378147,70.195656,50.182835,3.1510067,0.0,1.3599414,0.29955536,1.2109952,1.5219132,1.6033483,0.39235306,5.022866,4.0434494,3.3842359,3.731034,0.40284327,0.38348618,28.1282,0.19561064,10.078781,0.48574787,-11.596824,-0.8879341,-18.363216,-0.57247293,0.005317422,1.8724377,0.6215922,0.61657387,6.9533215,0.27823588,2.9334433,0.8529547,20.337976,0.19536969,445.5524,0.1996167,1324.934,0.08872818,-34.273125,-2.1360488,1305.9489,0.114640266,1094.5588,0.102511905,-37.080097,-1.9166343,2373.3823,0.07658139,791.6109,0.2530489,-49.00339,-1.3438456,-10.693214,-0.24122089,22.520992,0.13771899,0.045560755,0.17111352,-0.036179297,-0.23687105,0.42410162,0.3062753,29.829988,0.11656153,9.738585,0.4196694,-14.845168,-0.41970798,-21.523418,-0.35383558,-12.726181,21.732924,0.047272556,-0.015485655,0.2949242,1.1325028,0.6849315,1.2116666,2.2378147,0.22833334,0.24120644,-17.82445
30.22693,0.066183396,29.173357,30.286037,31.847143,2.6737862,32.29488,30.626007,45.19527,43.34843,0.8861588,0.43835402,0.3735367,0.97303945,1.2331505,0.8596138,8.970158,6.935278,6.694054,5.227641,0.33651948,0.5470594,23.553284,0.18834911,-0.06886069,-120.03045,-8.641641,-0.8697192,0.94853324,5.840325,0.018377675,1.0483478,1.0836915,0.6050425,5.0603065,0.52486944,6.7180815,0.5356978,20.31552,0.13524239,628.2343,0.17334844,1387.9988,0.088357925,-118.4172,-0.80598104,1581.5792,0.059539016,1115.8499,0.20256265,-120.93247,-0.76440924,2750.2017,0.04072907,851.785,0.4716561,-125.12042,-0.70029736,-8.441708,-0.19455509,19.189388,0.12129841,0.032654613,0.3182423,-0.015366893,-0.40457484,0.3654073,0.29234248,26.607237,0.078994446,-2.112435,-2.0173569,-7.971399,-0.57767326,2.628339,2.027717,-8.893759,19.641022,0.021401113,-0.008135877,0.3188406,3.9903266,0.85158145,0.48428568,0.94561934,0.66714287,1.1972315,-24.25068
34.640194,0.0046043717,34.52183,34.607327,34.789684,0.26785278,2.7490737,2.7899125,1.7297797,1.9895399,0.93695456,0.42338592,0.73053443,0.96000785,1.2741141,0.5435797,7.790256,11.099799,2.5629532,2.6719532,0.08183385,1.1563041,31.407387,0.33693203,2.9986286,2.1996317,-17.599146,-0.5153569,-24.135551,-0.47779137,0.0021036936,0.84365255,0.2258474,0.6041153,12.753288,0.082965426,-2.8890567,-0.39396042,21.79999,0.18902245,623.91797,0.1894686,1423.1252,0.07063425,-33.054893,-2.2356853,1486.6162,0.047785062,927.9353,0.11156383,-38.10041,-1.8828939,2891.5935,0.026291,448.5585,0.33293158,-52.467186,-1.2481575,-8.116612,-0.19441105,24.472918,0.16665316,0.06900911,0.12460123,-0.008599084,-0.30466974,0.087145835,1.1933376,35.983383,0.05494864,1.6090528,3.745387,-20.963491,-0.24846382,-28.413172,-0.19137658,-7.1198606,15.673014,0.052819498,0.0013506489,0.061057396,0.88495576,0.2994012,2.78,0.0,0.52,0.0,-22.191227
36.944168,0.051886883,36.77384,37.013577,37.22971,0.45586777,4.5010724,1.7973324,11.269481,0.0,1.4574375,0.33516863,1.4192591,1.5875711,1.7352409,0.31598186,2.055307,1.3037689,1.5513196,1.383057,0.2229795,0.49654365,27.984291,0.12943533,-9.891344,-0.7083359,-20.23598,-0.58078855,-19.584354,-0.6846799,0.0034827495,1.9324995,0.33684948,0.9577173,12.243117,0.15044424,1.7854056,1.4126705,21.470623,0.20020764,887.3165,0.15527184,1372.0453,0.19742271,-20.755148,-3.121904,1648.5265,0.07309173,1107.3881,0.17062803,-20.585241,-3.0680356,2873.1858,0.042212624,569.4614,0.39403123,-33.471237,-1.749095,-5.308418,-0.8113085,21.458166,0.15327236,0.07878926,0.14527,-0.0035134172,-1.910534,0.23701143,0.4420256,27.362448,0.09587533,-11.925423,-0.34746,-23.668827,-0.26325017,-22.008907,-0.55420965,-16.533245,29.289463,0.02416085,-0.007859698,0.116602406,0.78328985,0.26223776,3.3833334,4.7141085,0.305,0.2857884,-18.0845
28.555693,0.02484244,28.298328,28.507391,28.71833,0.42000198,13.15078,6.0015335,65.67473,65.39058,1.0855736,0.27370104,0.9073599,1.17664,1.271157,0.36379713,1.5201454,0.66137433,0.84539384,0.52121145,0.3286211,0.44036248,42.680107,0.18775451,5.5892415,0.72883165,-10.116061,-0.6498743,-0.79447037,-6.1609125,0.007925439,1.6394556,0.53528905,0.87574726,8.545871,0.25327763,10.548689,0.25820935,32.608284,0.1289655,442.9628,0.13911334,1355.6465,0.0828188,-40.7239,-1.7687534,1354.3458,0.060663003,1077.2911,0.14182164,-43.23143,-1.632863,2545.4485,0.055784877,918.16205,0.25195554,-59.911037,-1.053053,-14.29399,-0.12261267,31.856735,0.10888006,0.03605536,0.21086027,-0.029620517,-0.15806863,0.33844826,0.40986043,45.742954,0.06160748,6.2420263,0.6109971,-12.286762,-0.33599558,-0.2643679,-18.406425,-12.286614,21.892817,0.0512972,-0.018704183,0.28871086,0.7551241,0.43383947,1.9024999,3.1631975,0.304,0.22401784,-17.66855
34.15565,0.007848363,34.05722,34.217636,34.312893,0.25567245,2.993041,2.6354992,1.5961683,1.4626156,1.0218562,0.24691467,0.89901984,1.0082247,1.1255428,0.22652292,2.1184134,1.0745356,1.4120413,1.0636157,0.24644388,0.4358166,34.5635,0.15305123,0.013805572,331.12012,-13.021812,-0.3922079,-10.691901,-0.46987125,0.0062636486,0.9853607,0.7199689,0.46304888,9.452489,0.14390504,-3.6376088,-0.53116524,24.380373,0.19814628,531.6615,0.2696338,1543.8949,0.13229951,-15.476233,-3.0560582,1447.5037,0.06952996,1153.4347,0.25883037,-19.113346,-2.414842,2674.0586,0.10588118,1011.36365,0.5234876,-37.62086,-1.106759,-8.766818,-0.31951177,28.5356,0.10845572,0.025085462,0.40362298,-0.008896402,-0.6304031,0.25437367,0.41331172,35.677334,0.05697132,-0.29404467,-13.795368,-13.760287,-0.2836168,-10.669311,-0.46220508,-10.926382,13.6722145,0.057964716,-0.0015017884,0.14781211,1.3910356,0.15600625,6.0099998,0.0,0.38,0.0,-21.639027
36.294643,0.015945522,36.049404,36.33513,36.625885,0.57648087,5.522347,4.1841607,3.4270895,3.3557744,1.7200398,0.23236156,1.640008,1.7834333,1.9662776,0.32626963,2.4573164,1.6235771,1.1243274,1.114625,0.32335228,0.4949501,26.952679,0.08280598,-33.56897,-0.23411639,-10.588024,-0.60909444,-1.1382995,-6.026841,0.0053623845,0.79461294,0.55978036,0.49559265,10.816549,0.17310742,7.1002917,0.27125895,7.5478244,0.52529496,664.21497,0.22171293,1349.16,0.095281385,-9.095993,-4.744978,1561.9055,0.08272334,1162.8064,0.08478674,-0.91331357,-48.525063,2649.8452,0.038782343,769.80634,0.28801543,-15.803096,-2.6005363,6.191753,0.3656832,16.233835,0.21486811,0.06737114,0.16510396,0.026994608,0.19558683,0.33705747,0.44953555,27.104973,0.066486925,-35.034054,-0.12652029,-11.812869,-0.28791055,-1.2125165,-5.6283054,-6.231367,17.77261,0.024315404,0.015431843,0.06451555,0.6253909,0.06273526,15.179999,0.0,0.36499998,0.005,-17.271204
26.597195,0.03868401,25.597557,26.0862,27.498425,1.9008675,7.0350456,1.6021026,2.114302,1.2677609,0.75160533,0.23458938,0.6834696,0.79295665,0.8608001,0.1773305,1.3437657,1.2919356,0.9660282,0.27893925,0.2611794,0.33775038,32.437386,0.13582443,0.47421435,9.544044,4.132476,1.6096334,-19.454067,-0.3620432,0.017850356,1.2615038,0.9488133,0.4855426,4.6979666,0.5182863,11.363159,0.5186021,25.93694,0.20108877,658.9035,0.25567573,1436.5175,0.16090462,-56.57504,-1.4575273,1630.4984,0.18535848,1216.6627,0.20352413,-63.608593,-1.2245677,2689.4888,0.104512535,983.47925,0.34618402,-70.383865,-1.0509906,-12.101537,-0.20151319,23.4913,0.142071,0.006722958,1.4558518,-0.02863286,-0.24110104,0.26161855,0.24437462,33.096478,0.08113377,1.1273314,3.9055586,5.972877,0.9997399,-20.798197,-0.34263447,-9.688079,23.375206,0.00846716,-0.016470155,0.26424384,2.189781,0.9852217,0.75,0.60353124,0.19399999,0.19252011,-25.301104
34.726055,0.060700882,34.683937,34.89368,35.430504,0.7465668,97.9724,52.815155,-1.6256592,4.213655,0.64990413,0.40117607,0.28376028,0.7335577,0.8209392,0.5371789,1.3435497,0.433106,0.22090688,0.011745602,0.12348098,0.38068002,28.969313,0.22523463,-5.428936,-1.6047386,-0.031915914,-230.74525,2.2864118,2.937819,0.009156592,1.74796,0.79016906,0.54354614,8.162302,0.26496485,3.224416,2.2304785,19.270218,0.26308367,854.3258,0.1586463,1461.4319,0.2269049,-52.82419,-1.5099133,1668.1467,0.072661124,1151.4358,0.24409859,-51.099987,-1.5369586,2795.344,0.07304207,788.66077,0.31632587,-62.36768,-1.1647224,-6.082904,-0.43520147,21.933569,0.16092616,0.013696364,1.0592445,0.002185324,2.1335175,0.13821599,0.27998868,31.61508,0.09928167,-9.145529,-0.5187662,-2.4363766,-2.4058907,0.3906446,13.962163,-11.3030615,19.78913,0.0047019096,0.0059337746,0.07601977,0.31796503,0.48076925,1.6133332,2.1757195,0.33249998,0.16678953,-27.99629
26.816872,0.05617576,26.393957,26.975208,27.499334,1.1053772,28.41264,29.898273,24.239603,21.847084,0.73900443,0.36733103,0.4587931,0.75978994,0.94839567,0.48960257,3.9211369,4.4814734,2.1489348,1.3851476,0.24730925,0.4914406,24.17748,0.39962777,8.023889,0.7104112,-7.189955,-1.3330137,-1.9171127,-3.5571058,0.012400613,1.3196805,0.93460196,0.6883866,5.0989785,0.47330186,4.8735456,1.1231437,20.192495,0.22693935,535.9469,0.16382068,1379.9592,0.1259148,-105.67279,-0.88980013,1439.845,0.06140639,1106.5853,0.16309357,-106.63884,-0.86966926,2709.149,0.07186081,952.4628,0.5476174,-114.73867,-0.738639,-10.392184,-0.20909248,26.265852,0.15742768,0.014701778,0.7816611,-0.012927407,-0.5354112,0.2715131,0.35934246,29.085413,0.14334607,6.8693624,0.49131665,-10.973451,-0.62749934,-3.8997757,-1.447851,-8.133628,20.158463,0.021193894,-0.0025590523,0.22542122,2.4471636,1.1185683,0.436,0.5110225,0.3972727,0.35208702,-25.367987
30.937525,0.018294265,30.398214,30.894135,31.515669,1.1174545,8.680791,3.8034499,9.926563,4.197612,1.0583764,0.25705326,0.9216728,1.059854,1.2401228,0.31844997,3.8222332,3.355294,0.23398486,0.4612691,0.36473873,0.60761833,39.524788,0.14687113,-9.900452,-0.56272525,-10.40292,-0.55432963,-11.825346,-0.4704912,0.010655746,1.1544878,0.84744364,0.5712645,6.9299088,0.39056376,2.3938503,2.0434647,21.808558,0.16138104,504.41324,0.2569428,1490.2365,0.10230894,-18.339193,-2.8225877,1409.6721,0.11678456,1313.1212,0.18681917,-22.478842,-2.2038345,2472.195,0.090521224,1159.2821,0.17432411,-38.213436,-1.1795923,-7.556855,-0.48349193,24.655632,0.13686188,0.042198062,0.23905739,-0.021044357,-0.46477243,0.38379842,0.576393,41.054714,0.047831353,-9.555723,-0.5724015,-11.1870165,-0.3923029,-11.95653,-0.43999216,-1.2798929,14.118474,0.03173651,0.009883191,0.16284284,0.92378753,0.23474179,3.9399998,0.0,0.145,0.055,-20.68731
40.774387,0.007965961,40.614735,40.82364,40.99466,0.37992477,2.1960711,4.620889,5.39917,6.65782,0.97920567,0.33137563,0.88462734,0.9810911,1.182119,0.29749167,1.8015885,2.1680515,0.6884485,0.5263136,0.15132134,0.7158371,24.437248,0.116353475,4.0688815,1.3587323,-17.503681,-0.4714318,4.4884114,1.5466138,0.007503138,0.95383054,0.5318233,0.6446541,13.149568,0.12906991,8.768246,0.47807106,23.65252,0.17094938,702.17126,0.3496233,1491.6418,0.14706111,-34.810707,-1.6958991,1653.1755,0.13957995,1043.626,0.23763412,-30.422874,-1.615312,2852.0664,0.102065936,870.9627,0.36957064,-43.587284,-1.0391015,-12.93919,-0.15418561,28.095026,0.099487066,0.03812127,0.2610508,-0.012645096,-0.6020768,0.15592743,0.7129638,24.585526,0.10236255,4.0074515,1.3848058,-19.432474,-0.26923442,4.82368,1.4580573,-11.044202,19.894121,0.041134667,-0.008889036,0.10269588,0.38910505,0.1305483,7.06,0.0,0.285,0.095,-20.253658
27.603981,0.05992821,27.080286,27.309946,27.579422,0.49913597,104.40484,99.07316,34.52611,38.591316,1.016889,0.42903823,0.46898043,1.2676164,1.4065411,0.9375607,2.3952909,1.039605,1.020183,0.56970453,0.35197872,0.45166138,21.741262,0.22314134,15.662004,0.35235128,-13.236709,-0.68869215,10.125764,1.4304862,0.009876338,1.0394083,0.82077533,0.47819155,5.7423005,0.24790393,-1.1315147,-4.132615,15.2283745,0.2944546,400.29376,0.1950342,1209.0585,0.061861914,-75.851364,-1.2377542,1310.9125,0.09057178,940.6145,0.11563022,-78.255806,-1.1652406,2354.0415,0.051312506,659.894,0.24346901,-85.53212,-1.00164,-11.540929,-0.25223413,21.115768,0.2006921,0.039303977,0.26394922,-0.018508205,-0.41113454,0.44703466,0.23571718,22.91566,0.13744266,18.61138,0.17787808,-18.345894,-0.3287864,18.79709,0.48223156,-11.566328,20.151346,0.03221268,-0.018023612,0.18725775,1.2066365,0.60790277,1.0425,1.7248677,0.46400002,0.22150394,-20.10852
36.15788,0.04390411,36.174423,36.36067,36.58304,0.4086151,125.048256,122.89643,2.885764,5.402616,1.0050697,0.37159744,0.57674474,1.0902386,1.2662749,0.6895302,3.9626043,4.510416,1.7339891,2.005008,0.26001984,0.49015754,23.149776,0.12409792,2.63039,1.6394243,1.1521586,4.9246683,-14.52518,-0.5941085,0.025778197,1.0520931,0.8192136,0.41535094,8.067751,0.26517135,3.7292042,0.60754514,21.79468,0.17227082,783.42456,0.24144857,1548.1211,0.14297245,-55.27685,-1.4147469,1623.3926,0.09121454,1214.8877,0.19403496,-53.279076,-1.3663855,2847.2139,0.0745905,820.1516,0.6017351,-61.296875,-1.1227312,-10.381766,-0.16518965,23.251919,0.084469646,0.055176616,0.1925705,-0.006213221,-0.8545597,0.29299492,0.35180548,23.648136,0.09819502,2.0775857,1.6731364,-0.11739678,-43.237045,-18.001984,-0.2888415,-10.384264,18.152058,0.037518952,-0.00861587,0.13302727,0.811908,0.27247956,2.935,1.295,0.4733333,0.36003086,-21.848166
30.120373,0.062179532,30.155964,30.463633,30.716488,0.560524,133.43767,156.2287,9.081883,14.083215,1.1368555,0.36761472,0.9997562,1.2040886,1.4160465,0.41629028,2.6335528,1.7734482,1.7143519,0.84939456,0.24829064,0.6282937,34.719917,0.13306989,-15.733987,-0.43637475,-5.3419657,-1.4824109,-7.5310626,-0.61433154,0.019459572,2.0262933,0.6276835,0.7750563,6.6395936,0.68940073,-0.10852701,-28.73012,15.347719,0.2676944,490.82004,0.19457626,1349.4941,0.12117574,-31.103308,-2.1996114,1394.6671,0.06016367,1014.6186,0.15847322,-26.50175,-2.6393917,2573.7993,0.058114804,842.4782,0.34124196,-44.568092,-1.4088595,-0.7738891,-1.8573616,20.516806,0.14088704,0.05267293,0.19660261,0.0021141025,2.1551368,0.27083182,0.52202976,35.91026,0.077159986,-17.714108,-0.24505746,-7.4386077,-0.6504062,-7.776033,-0.5892706,-8.193131,20.65942,0.028975539,0.005543967,0.123358324,1.5525115,0.64220184,1.3228571,1.3641084,0.24499999,0.26202732,-21.377546
24.230896,0.24655992,22.184393,22.513802,22.839369,0.6549759,5.401984,3.5156405,143.3676,128.33696,0.7410953,0.37685716,0.44725546,0.7463968,0.9828477,0.5355922,1.5667174,0.9568233,1.0343624,0.7903236,0.26346833,0.60841787,29.171768,0.17251642,10.352909,0.6866967,-2.2999952,-2.9832637,3.2096562,3.4425504,0.015461664,1.8348535,0.9958881,0.5419005,4.4392014,0.536638,-0.7838906,-11.682589,22.50716,0.2747629,595.3523,0.27984995,1469.5027,0.12856176,-60.570557,-1.417854,1582.6472,0.17120434,1296.4031,0.21510641,-68.68295,-1.1523378,2622.1038,0.09957559,971.47064,0.24000669,-72.64243,-1.0570014,-16.853079,-0.11746286,25.249945,0.15734269,0.018277569,0.95873934,-0.032401565,-0.38366625,0.30539513,0.5496825,30.899323,0.122553825,12.711129,0.49795377,-2.3088875,-1.899957,2.9640062,4.0985675,-10.68198,19.712011,0.039772015,-0.01009271,0.15173317,0.754717,0.37974685,1.9233333,1.1231009,0.6866666,0.94280905,-22.805456
35.116436,0.04742956,35.250244,35.402756,35.580402,0.33015823,60.210213,42.54651,1.3013015,1.4195709,0.8258163,0.34772992,0.6262442,0.8975689,1.0703295,0.44408536,2.2134519,1.1774877,1.5351022,0.64821064,0.14086865,0.3136435,29.509287,0.24351287,12.202576,0.4475654,-12.607885,-0.876643,-17.467472,-0.67378885,0.009968203,1.9986423,0.5845342,0.72866654,11.359376,0.15504482,-1.9553807,-1.6435245,30.731773,0.16260652,755.2915,0.14263974,1502.9966,0.10443003,-42.734932,-1.7965213,1641.9183,0.097293764,1249.9167,0.20425507,-53.436394,-1.3291103,2958.509,0.04672286,905.8426,0.27350783,-66.89697,-0.96250504,-14.701545,-0.22514272,29.498932,0.10019293,0.04167061,0.26186225,-0.020499185,-0.4345637,0.15181649,0.26484263,32.376163,0.10264729,12.534089,0.42335784,-17.366236,-0.29304218,-21.60281,-0.40595442,-11.161947,18.476307,0.01672328,-0.011939722,0.09647298,2.074074,0.14925374,5.43,0.0,0.62,0.16,-22.611858
24.187733,0.044475764,23.980972,24.334465,24.556458,0.5754852,258.69568,424.75952,5.8508363,6.9883733,1.467302,0.35720497,1.2695605,1.6466118,1.8224275,0.55286705,3.0381181,1.8041996,2.574006,2.4090886,0.24836461,0.40171534,29.103352,0.14873,-7.2594123,-0.87191445,-0.80862874,-7.7803445,-18.584246,-0.52702093,0.004469426,1.5565076,0.42131504,0.8180663,7.1743264,0.1848063,0.16312855,14.631681,8.09904,0.6069658,432.98315,0.10299272,1136.4701,0.10612369,-19.216084,-2.868331,1338.5989,0.05460167,1005.9373,0.1319753,-22.678238,-2.3834548,2405.2068,0.03305829,710.56995,0.27483746,-29.52717,-1.7620627,-11.464133,-0.19747868,19.8198,0.1620296,0.028156923,0.5533889,-0.024991857,-0.2862022,0.26882616,0.29018363,30.067581,0.083861455,-7.789108,-0.7555025,-2.1415849,-2.1455631,-20.200657,-0.40140972,-7.9921412,15.681415,0.03299861,0.007354313,0.038617346,1.1878248,0.1490313,6.1299996,5.97,0.37,0.14719601,-16.825474
33.724796,0.015004159,33.29709,33.759277,34.110737,0.8136482,13.753518,6.703693,14.1516905,10.188104,1.0228304,0.3519518,0.8830046,1.0154297,1.2023212,0.31931657,8.532963,11.644852,3.0128376,3.0838492,0.36948305,0.6020508,27.087492,0.14540704,0.1617847,27.914072,-7.1695557,-0.8783968,9.870302,0.72208965,0.021702161,0.594462,0.8900044,0.41344133,6.9919143,0.22375919,1.4882203,4.574653,14.096046,0.33134174,847.7299,0.1488802,1453.4753,0.1809916,-36.950867,-1.6528968,1561.2988,0.07360459,1110.6113,0.1490017,-36.10861,-1.6923339,2865.7283,0.033195056,511.0423,0.38643327,-51.513786,-1.0745829,-7.171369,-0.30553067,26.453758,0.118607186,0.0058370274,2.032797,0.012196111,0.4847624,0.4042197,0.53600556,28.104103,0.09028319,0.7375722,4.468759,-9.093156,-0.3683498,11.405905,0.5279087,-6.5538483,14.681399,0.02168654,0.004335256,0.129885,0.85470086,0.2898551,3.02,0.0,0.41,0.0,-20.047722
30.256481,0.1347409,26.802853,31.624582,32.473724,5.6708717,72.36469,58.004204,30.936653,24.105272,0.57729614,0.34806657,0.43487746,0.554755,0.74351245,0.308635,2.4077306,1.4866564,1.8120548,1.3941004,0.15147579,0.35201314,18.539606,0.27445495,2.4960139,3.157679,-7.577763,-1.0085299,7.1064696,1.0150409,0.017186139,1.2530166,1.0061817,0.6652416,4.172417,0.6375576,6.391732,0.9981746,17.062397,0.4726373,548.48566,0.26846218,1481.3135,0.1318046,-110.749664,-0.8433398,1467.3037,0.09665717,1266.2671,0.21631952,-107.54176,-0.86900896,2483.3555,0.098315254,1287.1924,0.29919192,-113.93739,-0.764907,-5.8027987,-0.6314929,19.823458,0.23010875,-0.009883486,-1.4031163,0.00035671834,17.263697,0.15101139,0.3476482,20.116081,0.16873135,1.5888203,5.095943,-11.035068,-0.49339205,9.98502,0.6840695,-7.5734324,20.091024,-0.009880676,0.0046091466,0.15827431,2.5670946,2.464789,0.18380952,0.28290126,0.20095237,0.14896165,-31.466743
34.64598,0.0062284423,34.505787,34.625813,34.77873,0.2729416,2.4378874,1.5788887,2.2050064,2.376054,1.4608473,0.36134544,0.9155909,1.5459217,1.7639798,0.8483889,3.2960553,1.902321,2.3572376,2.5107572,0.30539387,0.40004507,28.535542,0.12987794,-19.180576,-0.39247394,9.243878,0.6376707,-16.618925,-0.42813087,0.003344591,1.2093136,0.57874256,0.45356864,8.541497,0.15354648,-4.6181946,-0.4222539,7.635747,0.49720705,521.4347,0.22049198,1438.737,0.11477916,-46.721684,-1.6968665,1444.5425,0.06261982,1072.3163,0.14076592,-41.545685,-1.9486032,2637.8354,0.056283165,1314.4653,0.40949342,-52.787533,-1.4262478,-0.6166078,-3.7391052,13.065214,0.2057311,0.006536808,1.9459354,-0.0015013206,-2.998434,0.3158257,0.41085985,28.162907,0.11318208,-22.278913,-0.19563472,10.671633,0.4671029,-19.102383,-0.25519457,-8.813556,20.056276,0.006412308,-0.008130385,0.2709251,0.5018821,0.12626263,6.2799997,0.0,0.805,0.125,-20.149744
22.660368,0.011117962,22.515005,22.660912,22.822845,0.30784035,3.2036629,1.2947283,4.0286264,1.549988,1.0058316,0.30943397,0.8764292,1.0423418,1.2127054,0.33627617,4.455589,3.3655076,3.9581764,6.4089956,0.33578816,0.4422627,37.02025,0.1725016,-7.8220515,-0.6160773,2.5486543,2.4314368,-3.9167206,-1.2713419,0.006211033,1.130501,0.73878664,0.50988424,4.9674425,0.20346892,10.875969,0.20099996,21.287106,0.16898711,481.6932,0.17215788,1338.8295,0.113090105,-43.130054,-1.6378838,1315.6514,0.0772864,1074.6763,0.0889233,-42.464886,-1.6707212,2480.9756,0.0409223,740.6918,0.19013342,-54.05411,-1.2175243,-8.460676,-0.18111388,22.91258,0.15663196,-0.012643207,-0.53484875,-0.0088303955,-0.61814904,0.36991146,0.3791046,39.06024,0.10245082,-8.882604,-0.44660467,2.7461963,1.7626075,-2.920809,-1.314966,-9.311253,22.814932,0.027770456,-0.005243757,0.17409387,1.2121212,0.20449898,4.06,0.0,0.81,0.0,-20.915743
37.530136,0.11880627,38.12196,38.85001,39.300407,1.1784477,192.92332,109.01295,224.09229,152.10976,1.451795,0.49253637,0.39766878,1.7808942,2.0195081,1.6218393,4.399096,2.4723434,5.3938465,3.418027,0.48917234,0.70952964,26.955187,0.118795305,-16.102621,-0.87009907,-11.480432,-0.8289515,-17.743954,-0.55466783,0.02546374,2.094465,0.9981714,0.94556344,8.662434,0.53619003,-4.3217793,-1.0950385,15.454814,0.32093486,561.67523,0.24334185,1449.1438,0.12461447,-103.76812,-0.9621796,1511.1862,0.07152873,1179.4325,0.13393964,-90.93634,-1.05516,2674.56,0.05345584,1062.5148,0.45430228,-96.93268,-0.93526983,-5.46363,-0.3583168,18.524904,0.10144709,0.07766634,0.1267379,-0.020498497,-0.26804587,0.5479361,0.56154996,27.816278,0.06841942,-23.339003,-0.15585448,-16.90842,-0.2046566,-21.519505,-0.2648542,-9.84469,20.724468,0.06697823,-0.013899273,0.4235379,2.0408163,1.5822786,0.34,0.92696273,0.2988889,0.2640052,-17.71878
39.212215,0.042268723,39.211903,39.76899,40.035732,0.82382965,14.528727,6.437842,35.4309,25.992739,0.90211433,0.413354,0.5085581,0.9785459,1.2011095,0.69255143,7.101326,9.628961,4.3761578,4.266271,0.29192495,0.6409443,32.653984,0.18650836,-4.5087223,-2.097892,-5.372742,-2.0903926,-6.8252635,-1.2638247,0.009553802,0.8158076,0.9070975,0.562091,10.117657,0.24979632,7.647731,0.40732592,25.845291,0.16471842,895.6313,0.190915,1403.8639,0.1606502,-73.138794,-1.200141,1685.0205,0.0960516,1251.9519,0.23106106,-69.53225,-1.2317771,2931.6519,0.07888768,832.6558,0.29731697,-82.15863,-0.938038,-7.319308,-0.7589993,29.219334,0.109495535,0.037737925,0.34543574,-0.007003753,-1.0589079,0.3126078,0.6123187,34.585392,0.12068383,-8.071834,-0.98064435,-9.183622,-1.1770583,-9.724363,-0.8007245,-13.505388,24.476868,0.035948694,-0.0046631508,0.25678262,2.0183487,0.9259259,0.7419999,1.3392894,0.26333332,0.21273354,-21.366232
20.476402,0.007973286,20.328894,20.468431,20.610641,0.28174782,3.7104642,1.8901551,3.0743628,2.1203628,0.9700285,0.327355,0.54610574,1.0630482,1.1773528,0.63124704,4.371096,2.0796316,4.489884,3.1049109,0.26843575,0.4723258,31.241674,0.11369345,1.1092438,4.425198,-10.345371,-0.557196,-1.5070298,-3.4466238,0.0054444345,0.64727545,0.5386272,0.66381866,4.7733903,0.14134394,0.28714803,3.2255986,18.310307,0.1526805,457.8602,0.1900203,1414.2522,0.1231694,-54.630722,-1.6196034,1280.1134,0.118533716,1189.7808,0.13904005,-54.59797,-1.6098733,2367.6377,0.068771444,759.5334,0.27498192,-62.758007,-1.3222526,-9.25331,-0.216296,17.911467,0.12586975,0.010139833,0.71608037,-0.028154988,-0.22031955,0.27787882,0.19266029,33.017715,0.037426766,0.41163483,11.70515,-12.92663,-0.2530014,-0.86455715,-5.3506126,-10.295976,18.981407,0.014777858,-0.014196801,0.24677199,7.095927,0.13227513,5.54,0.0,0.995,0.205,-22.309809
31.371983,0.015492496,30.973753,31.383112,31.691177,0.7174244,5.133828,2.0852377,16.331554,34.119553,0.7625007,0.5544336,0.18926254,0.8464517,1.1687094,0.9794469,2.8753529,2.2972333,1.4181342,1.1047215,0.1262604,0.5856941,26.856636,0.3356855,-8.85302,-2.0461264,-5.5402207,-2.0305316,2.3529973,2.7887144,0.0136057045,0.77797294,0.48045635,0.8238708,7.5602837,0.3176216,1.3920895,2.386568,9.53498,0.6255369,432.36295,0.13406035,1240.8356,0.103840314,-59.93636,-1.5395766,1335.9077,0.04446553,1036.1738,0.11238554,-57.469276,-1.6080571,2432.6892,0.027406413,787.12415,0.1419361,-65.01367,-1.3474026,-3.3330212,-0.8804261,13.718524,0.1867399,0.056549318,0.21005252,-0.002892996,-1.6495485,0.15916471,0.39081964,31.590857,0.14680535,-20.075794,-0.2627179,-11.8129,-0.4631217,0.4453802,14.398221,-13.488088,22.075447,0.008334041,-0.0014266549,0.04956908,0.8462624,0.14204545,4.96,0.0,1.025,0.235,-26.352175
34.748142,0.022348294,34.605633,34.805275,35.030838,0.42520523,1.1484743,0.0,-16.097523,28.108156,1.0072187,0.3198907,0.8213273,1.0101389,1.20095,0.3796227,3.3208575,4.5015726,2.1122143,2.6574996,0.24959184,0.424732,33.52312,0.12059296,-6.371299,-1.2672944,-10.073396,-0.7440551,-4.6704664,-1.5402218,0.0056096534,0.70372576,0.7699724,0.46772262,8.746729,0.22642136,-1.2747116,-2.2269092,18.42309,0.3396593,700.4724,0.21258336,1641.5106,0.11125307,-16.808846,-2.925694,1565.1947,0.08873545,1360.1047,0.16249299,-22.74461,-2.0487645,2665.0874,0.061746094,938.81934,0.3430875,-33.19478,-1.3301443,-6.844887,-0.5433077,21.218306,0.25833583,0.04300601,0.287192,-0.012404272,-0.49552497,0.2555201,0.39157167,33.79869,0.11046114,-7.401707,-0.98770314,-11.470383,-0.47433457,-4.8485603,-1.4803624,-15.481415,24.189104,0.03895117,-0.017208887,0.18071085,0.72551394,0.36585367,2.5433333,3.5261154,0.17,0.0883176,-22.813046
32.964508,0.018015774,32.48786,32.765945,33.552406,1.0645447,6.1741643,1.1307956,6.019557,2.78068,0.801209,0.82505673,0.13385744,0.898621,1.2786795,1.144822,4.6121807,4.474317,2.768739,1.7995125,0.121213734,1.0858334,20.608072,0.36619818,-7.7041483,-1.280116,1.1340019,8.662936,-4.285887,-1.1480539,0.0047008013,1.4847962,0.74271846,1.1374471,10.018545,0.18426973,0.44625923,4.475896,8.9313,0.40357772,612.4209,0.18418938,1430.2938,0.12679057,-84.70338,-1.1178232,1516.4279,0.07683088,1253.8807,0.26387674,-82.71639,-1.1618341,2661.8176,0.076351166,1059.1498,0.41879278,-90.976974,-0.9823302,-2.723984,-1.6271559,18.040445,0.2625642,0.03509987,0.2833354,0.0041252873,1.2204927,0.18733928,0.7210607,25.767948,0.09701885,-12.84003,-0.7245834,-5.928774,-0.90033424,-4.8539786,-0.97792137,-4.4264164,12.60366,0.025695452,0.013932766,0.023691071,1.0230179,0.25906736,2.31,0.0,0.76,0.22,-23.798534
22.338497,0.01818515,21.963747,22.292654,22.729713,0.7659664,8.953885,9.3516445,8.786478,19.095898,0.8365645,0.50345886,0.34063545,0.8894289,1.2432505,0.9026151,3.4034884,2.0019906,4.447468,4.464658,0.2668944,0.71719104,22.435429,0.541294,5.899842,1.1583058,-13.516945,-0.63076293,-9.573057,-1.0457941,0.010970663,1.1871608,0.5462459,1.0648313,5.0589447,0.36357436,-0.063682936,-43.510693,14.377633,0.18177687,436.2178,0.06118029,1127.411,0.07866192,-118.460335,-0.7974702,1270.3503,0.040451102,961.78436,0.12306405,-117.839966,-0.8081187,2534.5723,0.032626376,565.73254,0.273435,-125.198555,-0.69326216,-9.577497,-0.19817562,23.932413,0.082444355,0.011247843,0.5731474,-0.03503306,-0.1279059,0.25858134,0.5060409,32.13743,0.03620796,2.079536,2.1256893,-11.874726,-0.31321606,-17.566578,-0.2350883,-5.530735,18.325377,0.021164086,-0.008565239,0.27608177,2.7812896,0.76335883,0.5483333,0.7131016,0.6342857,1.3794186,-22.36957
30.472488,0.0077337017,30.293606,30.44239,30.578085,0.28447914,2.4713743,0.87858105,1.9261479,0.9329024,1.7010068,0.40616143,0.5620532,2.0630662,2.1178107,1.5557575,3.0658102,3.62308,0.66010034,0.33487383,0.19281383,0.28104207,18.349081,0.15695634,-11.037125,-0.946628,-10.521997,-0.85429096,-2.6784246,-1.0620565,0.0019907595,0.7288918,0.19682325,0.7682338,10.186292,0.06412136,-1.5670512,-0.7146528,0.69933045,4.001711,522.2603,0.11553327,1132.6874,0.105189644,-46.714417,-1.7547961,1469.5873,0.044471707,1048.7917,0.16873084,-42.268303,-1.9964758,2637.0679,0.04003151,831.4089,0.20448719,-49.13258,-1.6440666,-0.8187275,-1.6462498,14.400472,0.10130243,0.041181013,0.19573319,0.0029054275,0.9713475,0.20391653,0.25037923,18.318546,0.10744819,-16.466824,-0.13321681,-15.170698,-0.122379914,-2.9601264,-0.6617015,-10.182883,18.292528,0.011506131,-0.0137336245,0.15637322,0.2713704,0.13661203,5.69,0.0,0.79999995,0.28,-17.951385
35.943287,0.0089457035,35.714127,35.984306,36.183556,0.46942902,3.2058804,1.6200417,1.7842611,0.7752452,1.3111944,0.28549582,1.3332474,1.4308475,1.5217493,0.18850183,1.899676,2.0246146,0.75307333,0.4045264,0.198236,0.4545766,29.993963,0.14049242,-8.703481,-0.68032944,-9.0363245,-0.7471168,-0.81566757,-4.276222,0.004938463,2.4557242,0.42215213,1.2028929,11.791532,0.16602607,3.2604182,0.33146438,17.341682,0.16768056,769.0739,0.11275415,1459.85,0.07540185,-33.391018,-2.031118,1593.2583,0.04151993,1055.5388,0.061506614,-35.34126,-1.8936236,2784.533,0.030343719,612.3116,0.20697922,-46.692738,-1.3355951,-6.618619,-0.3324632,21.014605,0.1304416,0.052994,0.15172575,-0.004900273,-1.1253679,0.20307447,0.4072562,31.182827,0.076145776,-10.317699,-0.35153815,-11.323454,-0.32951617,-1.3062044,-2.295543,-8.459676,14.538143,0.016958851,-0.00624346,0.1733029,0.76335883,0.15384616,5.5699997,0.0,0.45,0.089999996,-19.670689
37.282116,0.07365496,37.674892,37.99272,38.218716,0.54382324,14.586938,12.115969,10.068346,6.70085,1.065342,0.42183948,0.5053596,1.1974711,1.3974773,0.8921177,3.2981567,2.6497679,1.7264879,1.4243566,0.20761578,0.55514586,22.979755,0.4597094,5.8006496,1.4218318,-11.196549,-0.98405796,-4.345977,-1.7974851,0.010588018,1.7746,0.6108369,0.9365196,12.314418,0.23255545,2.8633883,2.3272662,23.953327,0.19977283,886.5434,0.14101344,1321.3829,0.19209167,-54.701485,-1.464504,1642.3463,0.06750171,1082.4843,0.21663186,-57.94749,-1.334894,2921.7173,0.03416292,553.3971,0.34043482,-72.38713,-0.95953727,-12.290724,-0.23804079,32.44013,0.12959436,0.05807954,0.19822219,-0.0074983328,-0.93964344,0.23989765,0.46228418,28.188438,0.15289749,3.3168118,2.0731359,-16.310833,-0.37782007,-4.960182,-1.6153321,-7.3047285,14.663316,0.034467444,-0.0038948122,0.10312775,1.5748031,0.63492066,1.2025,2.0366194,0.28,0.16923356,-17.708002
29.79031,0.03136565,28.93389,29.491302,30.77005,1.8361607,3.6762094,4.04668,-1.9886097,4.088535,1.5859487,0.25709027,1.5477036,1.6694883,1.7492203,0.20151663,1.6626686,1.5901995,3.26205,3.4117465,0.21957982,0.41986284,35.799126,0.090916984,-11.33632,-0.48159903,4.6866484,0.75249374,-15.712428,-0.42925018,0.0020487946,0.92403495,0.30093208,0.50270665,10.13996,0.080696605,-0.42836395,-4.2721996,16.837784,0.24824212,657.1023,0.1526048,1409.2634,0.08485527,-13.56884,-3.7153857,1616.2457,0.046584215,968.96826,0.26750633,-16.599258,-2.9879386,2821.1025,0.07961054,752.5944,0.65605164,-29.343552,-1.5756848,-7.962813,-0.19800462,18.879463,0.16756879,0.061543513,0.18206613,-0.030307084,-0.21133809,0.22873841,0.3853545,36.404625,0.05622043,-12.446494,-0.29576853,4.5849004,0.7699275,-16.892088,-0.3102366,-13.165281,21.848856,0.036378402,-0.012600927,0.10047953,0.20607935,0.051652897,18.039999,0.0,0.645,0.035,-17.46903
34.744297,0.033490904,34.43106,34.826565,35.193493,0.7624321,33.388084,41.507763,32.016098,21.718777,0.96793556,0.69400644,0.24803457,1.2293305,1.5994911,1.3514565,5.0075126,6.080525,3.2362268,2.392179,0.18195117,0.8659154,18.694077,0.2950648,6.474922,1.650356,-4.185756,-3.709613,-7.8934746,-1.6917382,0.0059049036,1.2712765,0.67018753,0.6853991,10.00588,0.22756013,1.0212159,6.834983,16.160093,0.34597114,658.3333,0.21472362,1498.2036,0.121905066,-84.98115,-1.1402231,1554.1382,0.10292289,1314.5356,0.22635761,-88.864655,-1.0435305,2693.093,0.07187702,1011.09296,0.5816036,-93.633125,-0.946937,-6.63839,-0.7291542,18.706764,0.23628551,0.04835979,0.28784353,-0.007408893,-1.0281447,0.21193455,0.47089133,21.117807,0.10892742,1.1598443,6.644258,-13.835676,-0.85529304,-15.924797,-0.59190446,-11.788108,19.294762,0.016430119,-0.0053633144,0.14227955,1.0819166,0.93457943,0.6183333,1.1557164,0.36857143,0.2685638,-21.631569
24.731586,0.40534687,20.07156,20.544703,22.219385,2.1478252,202.18129,116.98502,83.89512,49.452656,0.979287,0.2871908,0.82872593,1.0173612,1.1848152,0.35608923,3.5433984,2.20172,3.4007938,2.3206985,0.3444768,0.36069658,30.93404,0.14284872,-14.461689,-0.568217,-4.424296,-1.7656903,-8.32212,-0.73232734,0.017412601,1.5575012,0.95858073,0.6282743,2.752387,1.0021898,6.992097,1.2607424,14.68012,0.57807946,498.62143,0.20940484,1203.5438,0.12769279,-140.83699,-0.6022171,1394.5078,0.10078297,1091.0725,0.3065849,-138.73807,-0.623322,2463.2324,0.086595364,987.45667,0.318427,-142.45497,-0.55920833,-4.499649,-0.8347669,20.197565,0.1746151,-0.0039926637,-3.8488815,-0.0042698304,-1.275695,0.34449953,0.3397703,32.921307,0.106680535,-16.659496,-0.3640451,-6.4735723,-0.86475146,-11.17501,-0.45221573,-4.487342,19.493477,-0.0074005486,-0.00071212166,0.346352,2.6380873,2.7317882,0.10909091,0.11386764,0.23636363,0.34638232,-23.442064
30.17927,0.034718893,29.767511,30.170658,30.60465,0.8371391,20.090319,27.924826,1.9446642,0.48637134,1.4936861,0.35031894,1.1871825,1.6072055,1.878942,0.69175947,4.4599233,5.2203774,2.7652292,1.5112401,0.47256422,0.46391723,31.780437,0.18934965,-19.722933,-0.41130742,-1.7354605,-4.136554,-9.264465,-0.5598989,0.009870252,0.93538254,0.964723,0.5906284,6.3586926,0.3643507,4.4957175,0.5281468,10.421946,0.63351804,536.26776,0.20901328,1359.569,0.13029438,-54.282253,-1.5176429,1487.8873,0.06753195,1169.6334,0.2774434,-48.00936,-1.7853948,2513.5017,0.10904424,1519.4962,0.409486,-60.310936,-1.3069938,-1.0414071,-2.278296,16.556387,0.20268697,0.037524667,0.2887736,0.0006195486,8.604788,0.4954631,0.39600295,33.41677,0.11324027,-22.411419,-0.26228616,-3.277411,-1.6637607,-9.820662,-0.43028355,-3.8065455,16.629465,0.023597166,0.00033879647,0.41510755,1.3615735,0.6097561,1.23,1.1217842,0.31,0.20620377,-18.672594
34.439217,0.04226758,34.22116,34.504494,34.984013,0.7628517,56.427883,39.678238,6.087484,3.6902184,1.7110844,0.1852084,1.6141393,1.709808,1.8921994,0.27806008,3.4240956,2.6558018,0.8879289,0.92801505,0.32005718,0.6447916,26.271881,0.13107668,-13.220159,-0.44927737,-20.812572,-0.32224953,-3.9312928,-2.0681214,0.00886491,3.1372364,0.4655814,0.9352735,10.230216,0.29230022,0.62605804,3.9010086,14.149043,0.54954076,545.12604,0.21928978,1480.6333,0.12571137,-15.659477,-3.5575535,1502.9302,0.06937888,1218.4008,0.26628566,-15.554523,-3.56471,2505.1416,0.10290573,1110.0299,0.381923,-29.41854,-1.7506629,-4.2206554,-0.62114334,19.680614,0.17288834,0.06411923,0.16623911,-0.010348511,-0.80081886,0.28774327,0.5762786,26.135698,0.125005,-13.212353,-0.45069394,-21.08899,-0.29321933,-4.145799,-2.0137537,-5.129591,20.115477,0.062057298,-0.013723317,0.623311,0.6113537,0.3508772,2.6,4.42829,0.22999999,0.2894823,-17.6576
35.71667,0.09190056,34.992577,35.142857,35.298107,0.30553055,3.9366739,0.0,-60.154297,47.79276,0.82404226,0.3615731,0.52689856,0.87895507,0.96807814,0.44117957,5.9821815,4.8908873,1.1730192,0.8443261,0.21421002,0.758988,30.151432,0.27453953,7.459905,0.69103104,-7.5230827,-1.0313851,1.5297018,4.16164,0.010027834,0.9772112,0.6884267,0.6117451,10.426634,0.21654734,12.4412565,0.43955165,33.70984,0.12749891,836.3697,0.21342576,1375.586,0.1612722,-60.616817,-1.3544053,1850.3348,0.13812387,1218.9874,0.23408188,-64.319046,-1.1303012,2956.7966,0.09405423,1068.5286,0.28442332,-73.07737,-0.9294711,-12.191886,-0.36095077,29.824905,0.1585835,0.05168172,0.1988564,-0.012366468,-0.70298994,0.21218573,0.5221177,33.496048,0.15952167,8.447142,0.5216001,-9.134457,-0.56133354,1.236915,4.637292,-5.277759,19.330183,0.027735908,-0.008086008,0.22519602,0.7682458,0.9020619,0.8457143,1.6888193,0.21124999,0.17338091,-21.69601
0.0,0.0,0.0,0.0,0.0,0.0,0.0,0.0,0.0,0.0,0.27336267,0.1512682,0.26278472,0.27664617,0.2916197,0.028834969,0.4209895,0.22622623,0.57103825,0.57870924,0.11884307,0.2646658,37.03968,0.08642366,-2.6911025,-0.98822874,5.745458,0.50139564,0.69234467,6.200115,0.0,0.0,0.0,0.0,0.0,0.0,0.0,0.0,0.0,0.0,0.0,0.0,0.0,0.0,-201.0,0.0,0.0,0.0,0.0,0.0,-201.0,0.0,0.0,0.0,0.0,0.0,-201.0,0.0,0.0,0.0,0.0,0.0,0.0,0.0,0.0,0.0,0.0,0.0,0.0,0.0,0.0,0.0,0.0,0.0,0.0,0.0,-12.539899,28.672308,-0.001503238,0.0013556916,0.118843935,1.5873016,0.0,0.0,0.0,3.09,0.0,-36.878582
33.53614,0.08450233,33.65062,34.117733,34.46599,0.81536865,462.32837,458.00452,38.08496,49.25604,1.0092021,0.35554525,0.7830445,0.9399955,1.2234817,0.44043714,3.5838363,1.3461804,2.6667917,1.3831506,0.38854674,0.41469845,25.729784,0.21028474,-2.9444156,-2.450155,2.6533978,3.029937,-5.745979,-1.1253614,0.019008156,1.3912255,1.1457001,0.51007694,3.768365,0.83686256,1.8428098,1.8105361,19.144432,0.26106387,580.6484,0.22229876,1436.2783,0.10401769,-119.066154,-0.7797518,1526.4049,0.062808536,1124.4437,0.22743133,-119.63163,-0.7637172,2690.7715,0.049836632,1035.0813,0.48803994,-125.78343,-0.67107713,-7.5719705,-0.4093925,20.795364,0.1867318,0.018328728,0.72437245,-0.0129939085,-0.5202419,0.43010324,0.38746434,28.79084,0.10957178,-7.226104,-0.91210777,-2.5740826,-2.1736605,-8.785827,-0.5897441,-9.425007,19.6662,0.014273983,-0.009200673,0.36289164,1.3129103,2.4336283,0.16272728,0.18106204,0.22636363,0.30559248,-22.923523
33.40381,0.017093591,33.023727,33.27944,33.724552,0.70082474,21.597473,32.934967,3.616645,9.354157,0.6971546,0.37481236,0.56242347,0.6841102,0.8365472,0.27412373,1.1078999,0.5513157,0.99354726,0.82327676,0.20642978,0.5686263,38.69923,0.18054773,-1.2593088,-5.0016923,-10.739454,-0.7311086,-5.2516327,-1.0649664,0.011283452,0.9177037,0.9639667,0.5292196,6.807348,0.4549719,3.937731,0.55132335,27.192,0.13969408,607.3825,0.19890723,1525.0681,0.13763018,-32.770496,-2.223079,1489.6492,0.07678799,1194.9028,0.17662875,-41.74044,-1.6421858,2626.557,0.046514962,788.61487,0.23304936,-54.46703,-1.1561966,-12.735246,-0.18948555,25.500322,0.10697681,0.04970476,0.2468421,-0.015913034,-0.27867007,0.22588032,0.5279677,40.931065,0.10730718,-2.759204,-1.8639483,-12.871115,-0.4538198,-6.202885,-0.77710426,-13.918355,23.60048,0.043973222,-0.012460117,0.10825497,0.6091371,0.40816325,2.05,2.3144438,0.375,0.32066336,-25.030594
26.302979,0.20583647,24.251936,24.444698,24.703747,0.45181084,64.55455,32.652782,-1.438545,5.76229,1.1635612,0.73183423,0.15473257,1.5833939,1.8994628,1.7447302,7.567592,6.2579327,2.318813,1.2738446,0.341702,0.84530896,24.736736,0.22886276,-16.725885,-0.740284,-4.243426,-2.852665,-3.4629378,-1.6518794,0.012715304,3.0549784,1.0732416,0.8788749,4.9690204,0.55445,1.8693507,3.2102864,5.071612,1.1023588,489.15857,0.16182563,1076.8324,0.15726659,-75.99222,-1.2417858,1435.1033,0.07297386,996.44794,0.14227282,-65.387566,-1.507041,2633.4446,0.034563415,766.453,0.32534134,-74.377266,-1.2357583,1.7330343,2.2961824,16.612165,0.183936,0.028575804,0.33649302,0.015401735,0.43946308,0.5064929,0.43937373,27.278936,0.093585186,-24.155668,-0.31553438,-11.336148,-0.6748465,-2.9415245,-1.9273163,-6.7948604,16.30656,0.029946135,0.008903314,0.040121764,1.0279001,0.591716,1.09,1.7610508,0.46199998,0.47105837,-18.13527
34.776222,0.10658917,34.01067,34.142635,34.310833,0.30016327,56.23311,39.599552,117.36511,103.18292,1.0608108,0.38483593,0.8457754,0.95451766,1.2377473,0.3919719,3.711769,3.8952596,1.8491812,1.2681098,0.24687888,0.5559654,32.664085,0.11176645,-16.70687,-0.43619123,-5.309864,-1.1741557,-6.1564784,-1.3533171,0.008561584,1.7424046,0.90108436,0.4599045,6.375996,0.5444385,7.311541,1.2898093,19.446972,0.28660887,807.0414,0.17895323,1313.2025,0.14139114,-13.298488,-3.4083261,1658.8599,0.06550505,1025.9937,0.16519025,-12.602303,-3.5209064,2856.5972,0.05009822,650.027,0.2965163,-29.772617,-1.3399644,-3.4727843,-1.1412101,21.535534,0.17958197,0.030758645,0.5111288,0.0006818364,19.965536,0.25272626,0.54611176,33.02819,0.0873332,-17.592472,-0.35395214,-5.750061,-0.968081,-6.07937,-1.3311969,-13.898138,21.989853,0.022301719,-0.0053025167,0.15788071,0.47393367,0.4784689,1.9666667,2.6611066,0.103333324,0.057348836,-22.11511
31.154896,0.024167312,30.70154,31.064583,31.701315,0.99977493,21.610254,20.451738,9.312988,3.66589,0.83802766,0.5855775,0.24106996,0.9410855,1.3153269,1.074257,2.7941353,1.4658314,3.591979,1.8764414,0.2850851,0.7075422,9.578709,0.7201688,-3.1089256,-4.5462904,-1.1693512,-9.466544,0.8471586,8.504777,0.019908393,0.6769176,1.1802686,0.45548546,0.65852594,4.905145,6.74465,0.5336965,6.684562,0.79008204,602.739,0.10312764,1225.9204,0.10861153,-136.02951,-0.65186673,1536.2432,0.04399031,1134.9994,0.2984128,-134.08067,-0.68053174,2746.2793,0.06743076,1018.8537,0.4612641,-137.75029,-0.6264265,0.49699956,7.875219,12.429232,0.20128153,0.019552356,0.6271099,0.011712657,0.85316855,0.450477,0.2091957,13.450825,0.2770063,-7.0720496,-0.876689,-7.703301,-0.5965281,0.744702,7.315843,-1.1454879,12.730101,0.007472941,0.014336349,0.20320739,2.7713625,0.9345795,0.355,0.31626728,0.554,0.42419806,-26.180784
37.509937,0.012292024,37.41913,37.579563,37.713352,0.2942238,9.821636,3.2809346,18.63612,16.07989,1.032076,0.4145762,0.7035788,1.1503729,1.2460648,0.54248595,5.2018347,2.5249028,2.451895,2.0467875,0.21565017,0.60079634,27.790836,0.18925641,-0.5686022,-12.205465,-3.298258,-2.7065008,-4.9667687,-1.24359,0.006160724,0.55072594,0.5418522,0.49062973,12.173607,0.1375416,-3.6894865,-1.284306,15.6789665,0.3833597,729.5159,0.22513735,1516.1843,0.14488214,-50.3663,-1.5470992,1599.6681,0.074646614,1153.7579,0.2329399,-53.030216,-1.4099267,2764.9915,0.034253526,730.1209,0.40756935,-62.5307,-1.1185274,-12.09129,-0.27120465,26.23951,0.15775573,0.05392959,0.18641631,-0.006561469,-0.91347677,0.22804007,0.48699263,29.193726,0.12232376,-2.7595518,-1.9767367,-6.7652874,-0.7861166,-6.5954943,-0.75162995,-13.273753,22.115215,0.03172637,-0.00988169,0.17391084,0.5284016,0.26595744,2.98,2.9199998,0.50333333,0.18408935,-19.782528
32.738968,0.16807592,24.49281,35.771557,36.227695,11.734886,271.26172,261.18594,157.49124,180.10062,0.624382,0.4419756,0.45407504,0.5742941,0.85864335,0.4045683,2.4900362,1.3744291,1.2094724,1.8258908,0.20610814,0.58392775,31.273655,0.17690538,-1.4080223,-6.321068,5.8834853,0.94456357,-6.7749815,-0.946939,0.057254132,1.3043709,1.2955554,0.41720676,4.7838545,0.53368974,0.5446519,11.153071,23.53501,0.30607715,763.2744,0.19108145,1568.3959,0.14890045,-53.515873,-1.479851,1630.5881,0.080738634,1194.3134,0.19277856,-58.577072,-1.2824398,2832.614,0.064539604,808.4498,0.5472396,-66.68469,-1.0653957,-14.161416,-0.25466272,29.231916,0.20870537,0.016929228,0.83460885,-0.008812167,-0.9679248,0.21804447,0.49034306,33.361736,0.09379128,-1.0343606,-6.2399826,5.51909,0.99454063,-8.3498335,-0.6728909,-9.980657,21.487448,0.0028287852,0.0050218883,0.1643017,0.9655172,0.97222227,0.7871429,0.8391273,0.1925,0.21134983,-26.253088
32.07281,0.02243556,31.6238,31.943008,32.357006,0.7332058,45.675365,102.87683,7.10978,5.4883704,0.74053633,0.48741993,0.390642,0.7274656,1.0162891,0.6256471,5.306276,6.78559,3.83537,3.6581345,0.21206883,0.566621,30.736248,0.21268192,-0.4969609,-15.259291,-0.9223983,-7.2154303,6.814938,0.8192937,0.012114175,1.0590638,0.866362,0.5271655,7.3320684,0.2695884,0.8364297,3.737085,20.56872,0.38358346,600.85266,0.31026554,1604.4314,0.12882155,-67.45835,-1.2972488,1504.5507,0.10652367,1260.958,0.2054006,-68.40437,-1.2441429,2600.2673,0.08399925,1151.8479,0.3009158,-79.196014,-0.9863799,-8.990558,-0.396398,25.41562,0.16931851,0.011166015,1.1454437,-0.0056775184,-1.1240575,0.22210501,0.30155525,33.42418,0.13189863,-2.6322565,-2.8388958,-2.9745321,-1.8833494,7.917132,0.6638736,-12.243383,22.403784,0.008584268,-0.0021698095,0.19527853,2.013423,0.67659,1.032,1.8259395,0.42599997,0.48898262,-24.923388
31.890627,0.030040469,31.690683,31.897999,32.08162,0.3909359,299.66852,0.0,3.1409137,2.2775674,0.84786206,0.22843306,0.7750627,0.8689048,0.9663869,0.19132423,2.1518996,1.5370089,1.4829582,1.3367872,0.30338535,0.26130012,32.919014,0.08051097,-7.0689945,-0.5654412,-2.9638166,-1.5971617,-6.3438272,-0.6678211,0.017357891,2.065298,1.2717108,0.49664432,2.8158405,0.76638734,1.4184082,1.644464,15.907526,0.28305534,636.72943,0.15450554,1482.5336,0.08524292,-70.76645,-1.2676098,1512.3503,0.059570592,1211.8445,0.10535447,-72.87701,-1.2080102,2706.297,0.03292876,801.6597,0.4007253,-81.51463,-1.0081242,-6.3992558,-0.27035758,20.110954,0.13790514,0.003476052,2.9795597,-0.008112863,-0.6322907,0.3102244,0.21418819,33.405373,0.049363643,-8.355241,-0.3979996,-4.573545,-0.67648304,-7.3086634,-0.5398084,-8.332159,22.27037,0.0066496404,-0.005331681,0.29363272,1.3717421,1.519337,0.4281818,0.39976856,0.19166666,0.31477064,-25.355513
34.407486,0.104282826,34.11785,34.372826,34.66411,0.546257,198.53743,73.516045,66.33694,98.16228,1.1292081,0.17588404,0.9993882,1.1421056,1.2680868,0.26869857,3.7170093,3.0196218,2.3866587,1.8041285,0.30901936,0.4079092,36.89911,0.10711361,-19.87091,-0.3574202,-5.328291,-0.7677203,-0.75942695,-7.9061084,0.014804929,3.448025,0.8723588,0.5358283,6.917222,0.37422472,-0.29808342,-16.424732,15.6900835,0.38522547,670.5676,0.23167175,1554.5664,0.119482316,-14.539132,-2.8178341,1565.85,0.06888402,1184.2933,0.17947678,-13.722023,-2.920536,2691.1997,0.06819422,1002.77295,0.37534976,-29.90816,-1.2310653,-3.6671078,-0.7997769,21.251038,0.18745434,0.036557015,0.35719073,-0.0054335548,-1.2701244,0.3036359,0.38228485,37.30157,0.07713443,-20.308464,-0.31395653,-5.268212,-0.70875865,-0.69032604,-8.647668,-3.4482183,20.778154,0.036753185,0.0005728431,0.4266633,1.6255269,0.60459495,1.5639999,2.8600147,0.07666666,0.057927158,-22.041134
30.03978,0.021515684,29.534018,29.843744,30.454538,0.9205208,4.298426,1.7833786,2.8732915,0.816246,0.6148623,0.69304055,0.11975327,0.6066954,1.0049973,0.885244,1.4665239,0.42589402,1.1409557,1.1300232,0.115831815,0.76773787,32.242172,0.2939844,-4.180186,-1.5517452,2.933804,2.2743175,-9.747632,-1.0575585,0.006848863,1.0102955,0.5516423,0.6379209,8.942097,0.11054442,-2.6349716,-0.84606,14.948104,0.2669137,640.3092,0.12600532,1413.2236,0.14486448,-72.793785,-1.2720369,1551.5354,0.056939024,1137.032,0.32368734,-77.63757,-1.1485245,2867.7258,0.05599408,708.2651,0.74856025,-85.80578,-0.9709511,-10.6425085,-0.32158723,24.246655,0.20226878,0.034747716,0.34424046,-0.010838939,-0.4698906,0.16364191,0.443462,38.436947,0.08165176,-7.266682,-0.75324553,-0.87316495,-3.6851318,-16.429749,-0.28340995,-8.462817,19.224289,0.0054387087,0.018215375,0.023974653,0.9411765,0.23866348,2.74,0.0,1.43,0.0,-25.621355
36.97525,0.06380651,37.119915,37.501102,37.753883,0.63396835,182.52808,109.90049,71.64913,99.24398,0.7026159,0.33513963,0.48388368,0.68621343,0.91329026,0.42940658,3.525204,3.2317522,1.7734375,1.6020638,0.1467393,0.48556727,23.848186,0.30395123,7.8665857,0.78800803,-1.0098468,-7.868093,0.5533897,12.516199,0.026649823,1.3881549,0.88957834,0.5973562,9.271494,0.42208877,7.4634047,0.72636825,17.95661,0.33183652,900.1194,0.21110836,1396.9752,0.23894037,-43.144047,-1.5071807,1726.8402,0.12654363,1345.8668,0.30874294,-46.72016,-1.3104627,2859.809,0.067744434,711.1386,0.4242284,-53.4603,-1.0929804,-15.707294,-0.20295595,28.476725,0.17737326,0.039095867,0.30146155,-0.00588859,-1.7306681,0.1554696,0.46233237,26.180887,0.14830887,7.342933,0.83414763,-3.083898,-1.9151052,0.1961952,31.99586,-7.4988055,13.393656,0.016965969,-0.0071131,0.09147815,1.4913008,0.41631976,2.062,4.0091267,0.39749998,0.2733473,-23.59093
23.917315,0.015756423,23.603315,23.888237,24.151983,0.5486679,7.725614,7.720704,5.182656,3.411023,0.9533635,0.28609747,0.81563115,0.97760135,1.1749157,0.35928452,3.4192955,3.6707036,2.757515,3.8495762,0.32752797,0.2665653,27.964678,0.11320347,-13.061613,-0.57942474,3.0761564,1.341189,0.8929232,5.3087897,0.00737576,0.55927134,1.0698134,0.45718524,2.40752,0.42081568,3.4266193,0.84796995,13.36149,0.204969,509.7243,0.23052248,1296.0016,0.14420345,-64.28334,-1.3204237,1404.3298,0.07688114,1144.3689,0.1371267,-61.45693,-1.4092499,2469.5164,0.057798583,1092.358,0.2554122,-71.65493,-1.1209636,-3.3008804,-0.542017,16.092213,0.1318352,0.009754875,0.9472741,0.0024560287,2.745026,0.36510238,0.15156277,29.390594,0.05540828,-16.56667,-0.23285232,3.3525746,1.2590443,1.3623141,3.2555943,-6.6514864,17.252647,0.019512964,-0.004111285,0.24313967,1.2326657,1.863354,0.3683333,0.38117874,0.13615385,0.23434156,-25.166578
27.987831,0.018139549,27.776316,28.044943,28.224018,0.4477024,-0.3384501,4.1248617,3.157354,2.2079551,0.7881794,0.46386153,0.542058,0.84543675,1.0242867,0.48222876,0.9292922,0.51442105,0.25978675,0.107866704,0.12864712,0.5694021,32.394314,0.18671103,-8.274573,-0.9163971,-4.3008423,-2.2673168,1.3560282,3.221152,0.0027083699,1.1853538,0.44808617,0.5706841,8.85502,0.100349456,7.013849,0.57278305,14.928824,0.46224472,658.07263,0.16830055,1362.1376,0.10819912,-40.782562,-1.6984316,1514.6967,0.05718607,1151.5083,0.27406517,-34.779472,-2.0690463,2660.4495,0.10893698,1066.0994,0.6107905,-53.54472,-1.1948358,-1.3733132,-2.448812,26.410048,0.11226485,0.00022170307,48.053474,0.011975644,0.5134985,0.14320825,0.44898567,34.444313,0.079932556,-10.526624,-0.5396938,-7.979225,-0.50347614,0.79016596,5.0631423,-10.760932,22.11742,-0.0029233594,0.011864042,0.05438888,0.27752084,0.1858736,4.515,4.4449997,0.56,0.52839375,-24.266483
32.218735,0.05647627,31.92784,32.34015,32.764896,0.8370571,195.49846,126.29372,49.79145,73.029434,0.9446111,0.16984543,0.82999724,0.9382096,1.0711797,0.2411825,3.2417455,2.3997643,1.688891,1.5464466,0.3691092,0.41777316,39.473286,0.10459683,1.2083553,5.0579915,-2.2983704,-2.5770533,-4.9663897,-1.0131657,0.01837035,1.948827,1.143177,0.5578204,6.2926135,0.5437478,2.2528667,1.1842002,31.677961,0.2671036,528.99536,0.27772152,1533.0486,0.12450125,-15.793379,-3.1659307,1496.5745,0.090223365,1145.439,0.16445172,-27.131435,-1.7018193,2650.0112,0.08105583,1087.6924,0.3079984,-42.531,-0.9918402,-14.260151,-0.22982578,29.22033,0.1450018,0.032446545,0.41791242,-0.019202663,-0.37080312,0.36610752,0.4181326,40.176716,0.07772555,1.4936565,3.977221,-2.7612593,-2.068081,-5.1959915,-0.85826445,-11.043569,22.243671,0.018491501,-0.015133015,0.425878,2.1151586,0.59101653,1.5639999,2.7362936,0.108,0.09282241,-20.895824
31.777328,0.094644286,32.216408,32.66078,32.861427,0.64501953,184.33919,158.83182,6.1212573,5.7551994,0.9301268,0.5253144,0.2889736,1.0473633,1.3766899,1.0877163,3.2640512,2.7341163,1.4351041,0.7798408,0.21287303,0.6685141,24.21127,0.28695273,-8.65233,-0.7336336,-4.817497,-2.3857112,-9.017851,-0.6740486,0.019764934,1.5796095,0.75163877,0.75869906,6.262912,0.61406016,3.9305935,0.7325846,16.28953,0.44335297,631.7299,0.17630485,1521.2256,0.09022971,-69.954956,-1.3314012,1527.1333,0.073065855,1264.4742,0.23563929,-69.19471,-1.3462921,2610.2166,0.11081745,991.32904,0.39279214,-80.45896,-1.0608364,-2.5654473,-0.7448094,17.571672,0.1384919,0.044168565,0.2051006,0.0013309729,4.946471,0.2669018,0.36168823,27.561184,0.10929911,-11.193769,-0.5142987,-11.058554,-0.44294885,-11.949244,-0.35346124,-4.1714606,14.207357,0.029788224,0.008086874,0.11185089,1.1248595,0.5656108,1.162,1.9371567,0.582,0.7015811,-23.974503
30.882092,0.031184027,30.594057,30.792706,31.05117,0.45711327,151.37384,105.01945,13.239335,9.721646,1.1308547,0.43504545,0.469252,1.2499005,1.5194205,1.0501685,4.223739,3.8254862,4.852873,4.5579753,0.31272858,0.58739376,29.703472,0.13697323,-6.162012,-1.389929,-11.216842,-1.1404581,-5.8302927,-1.0348777,0.007530217,2.598376,0.68180686,0.6697711,7.6857686,0.3007622,1.7047179,2.8359427,15.932088,0.29808775,552.65857,0.17013855,1369.9008,0.108371295,-68.76712,-1.3414421,1476.7145,0.05601217,1070.4991,0.11162783,-67.67247,-1.3685569,2663.3894,0.044461418,863.49304,0.27933505,-79.36773,-1.0638536,-4.384196,-0.61176145,20.54298,0.17313373,0.035477504,0.26591477,-0.0054062903,-0.8303495,0.31758785,0.38504913,31.016626,0.08423892,-8.873053,-0.6039069,-15.1720915,-0.551544,-5.4102035,-0.82039714,-8.64795,21.804928,0.026199745,-0.0045975023,0.30947322,1.7783858,0.68870527,0.96199995,1.7498387,0.468,0.36766288,-21.187668
33.179474,0.09630084,33.662415,34.10168,34.360504,0.6980896,57.30297,10.725822,59.78211,36.39248,0.6689518,0.28087062,0.5996146,0.7257452,0.79566216,0.19604754,1.8902081,1.2281942,1.2589903,0.75641304,0.19734348,0.37314162,29.849499,0.15577744,0.85939807,6.3175745,4.0598025,1.3575109,-4.0237327,-1.1585675,0.017841835,1.988719,1.1799301,0.40501648,5.9166317,0.35513565,14.130642,0.36216313,21.943508,0.15425205,581.6183,0.19225419,1489.1885,0.09355568,-44.595554,-1.729129,1527.8604,0.06327329,1092.8258,0.11846577,-49.70869,-1.4895214,2691.2065,0.03777671,744.038,0.30235484,-58.967686,-1.1800001,-11.903749,-0.1399201,23.846722,0.1570961,0.015460003,0.7918774,-0.010055468,-0.70280546,0.21268767,0.29442933,31.22659,0.08334005,-0.71655816,-5.039632,2.6102684,1.1731906,-3.8278146,-1.0093577,-13.577506,22.186523,0.012206547,-0.010557024,0.139197,2.0028613,0.28818443,2.7849998,1.605,0.44,0.29131883,-26.823357
36.3303,0.011531031,36.18112,36.387913,36.548817,0.36769485,4.2638474,3.34695,5.484753,10.102695,0.9909165,0.29324588,0.66739726,1.0624515,1.149091,0.48169374,1.8263764,1.2183703,0.29405737,0.0,0.3290375,0.3197427,30.268284,0.14201024,-7.5920863,-1.0344872,-2.2339175,-1.7984366,-9.511156,-0.45848063,0.012088469,0.7180309,1.265487,0.41815308,5.162719,0.4622941,6.0321407,0.3816329,20.079058,0.3127575,739.61914,0.24724877,1686.899,0.1142291,-52.0053,-1.5951376,1587.5016,0.08360862,1262.5569,0.201079,-44.268093,-1.7410426,2682.4036,0.110771894,1028.1614,0.39197898,-54.876823,-1.311649,-7.3736863,-0.312937,22.530533,0.15566641,0.06346796,0.15524732,-0.018937882,-0.2683109,0.35147426,0.28117183,31.402203,0.10426072,-10.891294,-0.4067977,-2.8585231,-1.3163064,-9.967638,-0.41220874,-14.029308,22.635603,0.048569772,-0.021132058,0.2413708,0.12674272,0.3826531,2.0866666,2.8803856,0.3775,0.4144499,-23.362053
40.776768,0.0057512093,40.647827,40.782867,40.907772,0.25994492,3.7149594,3.5139441,1.0700663,1.4327755,2.257531,0.3080193,2.1075225,2.4548466,2.6786714,0.5711489,4.8631077,3.4241247,3.3659885,3.169726,0.3045833,0.5264035,22.324259,0.16193809,-35.82519,-0.36065558,-9.428608,-0.70057756,-20.72805,-0.3503939,0.0031082076,2.689734,0.3077128,0.8728006,13.689342,0.10794754,-7.196048,-0.27165774,9.135926,0.64510375,792.8278,0.31350332,1647.0565,0.11620162,-33.375732,-2.564449,1660.2937,0.09534345,1323.3107,0.21986777,-24.459751,-3.0546222,2679.844,0.120382115,1106.7832,0.3334621,-34.311104,-2.0615313,-1.1437144,-1.6050475,16.047312,0.137039,0.043442238,0.2364089,-0.0046793823,-0.88472956,0.30261108,0.53844213,23.319403,0.12237514,-41.006996,-0.12078268,-11.921353,-0.25773174,-23.29578,-0.16408929,-3.2799766,13.140429,0.03581134,0.0008211379,0.30478275,1.0457517,0.13157895,6.43,0.0,0.57,0.24,-14.27129
23.652357,0.020918466,23.282713,23.483042,23.962358,0.67964554,5.4525,4.089317,4.4640894,6.142597,1.1163874,0.36568332,0.56752515,1.2282413,1.407959,0.84043384,3.129266,2.857695,1.4393284,1.0454642,0.3265438,0.42127857,34.665493,0.13203238,-1.5300132,-2.9941819,-3.425894,-2.1919477,-17.213152,-0.53134423,0.0050569377,1.3922247,0.57367533,0.68066466,5.8705664,0.19657625,4.899245,0.49067694,21.708988,0.15473427,445.2907,0.11063152,1239.051,0.086567365,-48.672848,-1.6740054,1331.042,0.063901834,963.12823,0.10182148,-46.31091,-1.7874932,2684.6294,0.05050382,806.1597,0.409184,-62.268356,-1.1922882,-6.932661,-0.3679973,22.421106,0.110605635,0.0073897787,1.2433164,-0.023846744,-0.30992058,0.36914393,0.28800094,36.738926,0.040886343,-0.9635719,-4.5554514,-6.9174333,-0.52896786,-21.48492,-0.22504148,-10.158025,20.245432,-0.00012000102,-0.0044114594,0.18515597,0.91984236,0.13227513,5.8599997,0.0,0.835,0.275,-19.817345
40.498837,0.050096452,39.679817,40.62796,41.82968,2.1498642,5.753577,2.1267204,0.09489536,6.7726464,0.60771024,0.35656476,0.40448374,0.66524965,0.78331137,0.37882763,2.6597214,2.0836375,2.5182033,1.2635301,0.112686165,0.35873032,39.551487,0.13885657,-6.845972,-0.8005971,-17.40305,-0.62560374,-12.45846,-0.6496971,0.009786633,1.7697471,0.817855,0.5923268,10.246999,0.29245794,-1.7304136,-2.0981483,31.2028,0.14733484,754.7731,0.23866487,1465.9417,0.14961597,-27.984058,-2.317547,1606.5433,0.11276525,1249.9365,0.21277802,-33.582756,-1.7193302,2872.4458,0.05670088,962.7,0.28412047,-52.40894,-0.9695567,-9.121075,-0.34624436,32.1324,0.121201515,0.01037414,1.0850332,-0.0064846505,-0.8762802,0.11683448,0.3188582,40.843334,0.09797817,-7.6455855,-0.69468033,-20.572193,-0.3241954,-14.721728,-0.36240822,-10.459382,26.467138,-0.0038383214,0.010724693,0.087671064,2.1276596,0.7177034,1.23,1.2391125,0.14,0.021602469,-26.515839
38.98347,0.03114846,39.142376,39.267372,39.347256,0.20487976,8.134619,5.0887995,57.240562,0.0,1.1114713,0.32488772,0.932163,1.1454396,1.4060719,0.4739089,4.077013,8.531846,1.2822764,1.613682,0.13528433,0.4217369,25.238167,0.21866593,-2.9087703,-1.9189066,-15.732765,-0.58282757,-14.166262,-0.5876471,0.011671915,1.2576339,0.5702702,0.6728962,11.994245,0.20481552,-1.9726415,-0.9768878,21.929716,0.21782665,813.34937,0.059495322,1244.4882,0.09148348,-22.226574,-2.4292223,1674.5631,0.028518425,871.11487,0.095652364,-28.170782,-1.8497648,2962.44,0.02067549,501.06046,0.36670238,-43.89917,-1.076554,-8.638189,-0.27962005,26.887827,0.1543464,0.05375338,0.25653934,-0.020329189,-0.2906218,0.14180838,0.40030125,26.62703,0.1282347,-3.6932845,-1.3141053,-17.997175,-0.30660906,-15.700952,-0.42592815,-6.8845778,14.739658,0.023640366,-0.0060131242,0.07608039,1.1220196,0.56497175,1.605,2.7050369,0.11399999,0.08979978,-20.959892
30.354042,0.009745005,30.231653,30.418118,30.529999,0.29834557,5.2303123,4.425003,6.078262,9.590613,1.4312586,0.3814122,0.60871243,1.5762118,1.8492546,1.2405422,3.797635,2.268304,2.509717,1.5738525,0.40706164,0.5215465,29.640192,0.12694538,-12.845407,-0.5570491,-1.1005415,-6.52035,0.88499653,6.5665174,0.011036143,1.6813794,1.0259697,0.9010503,6.7414136,0.43237653,8.043181,0.23893426,19.515678,0.18422642,622.5234,0.24483065,1552.787,0.13680287,-50.922256,-1.6356109,1470.7656,0.08275028,1182.9713,0.15587159,-45.661102,-1.8841975,2725.5864,0.051255062,996.62744,0.38615277,-61.332478,-1.2603421,-0.29141155,-8.419345,21.023294,0.13746792,0.01880991,0.63735,0.00864619,0.4914024,0.4505834,0.4194731,30.624062,0.07827378,-15.721682,-0.28488627,-3.886421,-1.3053383,2.3094125,2.4374092,-8.533665,20.864544,-0.0015051556,-0.002119777,0.27677473,1.4048531,0.2570694,2.96,1.06,0.6033333,0.38724098,-18.776716
30.598919,0.00998715,30.325993,30.605453,30.891827,0.56583405,5.025565,1.8442807,4.289336,2.050613,1.2374244,0.37785104,1.1288979,1.3527561,1.5068059,0.377908,2.5386453,1.8011208,1.8319944,1.666618,0.31382635,0.6820334,34.279186,0.12246098,-15.1324215,-0.6254164,0.19638427,32.93543,-10.579472,-0.48524556,0.007993697,0.5003945,0.5523567,0.48070344,7.4708214,0.13929003,1.9480312,0.7586074,14.268796,0.19930972,528.4963,0.10582718,1322.9225,0.07540922,-39.925552,-1.883789,1476.5332,0.031041393,1038.8087,0.0718583,-37.857994,-2.0125716,2663.5347,0.022159578,757.9705,0.34818363,-51.07233,-1.3712857,-3.6317255,-0.28521284,17.679796,0.12299247,0.021134375,0.4424209,-0.0051852823,-0.64198947,0.3504405,0.64546305,35.85563,0.052111253,-19.206537,-0.19312729,-1.9084295,-2.108564,-12.26005,-0.25895482,-12.040298,22.15943,0.001568833,-0.0046815043,0.15828899,0.86580086,0.14534885,5.6299996,0.0,0.61,0.12,-20.73071
21.346727,0.009060317,21.182781,21.316107,21.486622,0.30384064,3.163112,1.3450823,1.8895427,1.2210033,0.99810386,0.31329072,0.8988805,1.0110143,1.1989837,0.3001032,2.0607235,0.7498296,2.5654523,1.0795294,0.19127026,0.35689694,37.176605,0.18747915,-13.325872,-0.46261078,-7.539986,-0.75561833,-6.764365,-0.66097933,0.0033291136,0.89803123,0.38096398,0.6370608,5.405864,0.10804548,0.80666286,2.4929652,9.500391,0.43026912,435.5675,0.1578563,1262.5294,0.091435425,-24.893467,-2.3007555,1292.8345,0.082470275,1027.7773,0.10665326,-21.229486,-2.757189,2376.4292,0.056244545,739.40125,0.22155732,-35.460354,-1.5237514,-3.6712956,-0.30572915,17.815733,0.19893494,0.0077221207,0.9121821,-0.01616172,-0.23626602,0.20218955,0.24032786,38.634754,0.13011315,-14.794095,-0.2947699,-9.080717,-0.31535354,-7.8993077,-0.33760992,-9.500552,22.348701,0.00085089816,0.011582462,0.09204242,2.857143,0.3236246,2.78,0.0,0.29,0.0,-22.658064
31.47574,0.14016715,29.816427,31.139568,32.193535,2.3771076,95.98409,87.47012,84.863945,120.96008,0.681941,0.4416637,0.4556643,0.6130559,0.8512946,0.39563027,5.2475886,3.9916487,2.9754941,2.5506527,0.22603574,0.70307225,38.535603,0.1858506,6.8274493,0.88518685,-0.36573815,-22.317236,-8.349528,-1.145442,0.020696344,1.9503279,0.824066,0.58743745,8.089789,0.32833815,6.7267933,0.8003337,31.643747,0.33507028,618.7841,0.2891249,1514.0902,0.14930062,-51.929577,-1.5401205,1547.4111,0.13188186,1212.7396,0.27102563,-58.59849,-1.2355675,2847.4438,0.0774454,836.2057,0.4429411,-70.31781,-0.9498033,-17.807064,-0.21172118,33.17659,0.17540921,0.020417744,0.8892095,-0.016096279,-0.8926067,0.22593588,0.70392996,40.490646,0.12640622,8.321557,0.64317155,0.49529287,17.136423,-8.5545845,-1.172022,-8.773711,25.69385,0.016417306,0.0023249446,0.23249139,1.754386,0.8038585,0.97199994,1.4362087,0.20833333,0.15678187,-21.548052
37.36722,0.018867657,37.193752,37.364525,37.62171,0.42795944,-94.64427,67.311516,73.28291,0.0,1.0636132,0.44009605,0.4668758,1.2457682,1.4777997,1.0109239,3.4037209,2.282943,1.6198105,0.97304744,0.24888518,0.48621827,25.028257,0.27388725,-0.54292285,-15.172321,-6.9128227,-1.0415407,-15.410932,-0.5104299,0.009431984,1.4367669,0.7522231,0.50324225,10.480129,0.18073635,-2.0807285,-1.7337564,20.3467,0.13956256,688.48425,0.16452506,1455.293,0.108458385,-61.7386,-1.462036,1625.1672,0.061687093,1107.9817,0.27743727,-67.159836,-1.2801131,2836.3628,0.0811572,875.479,0.61254615,-76.164925,-1.052569,-11.433893,-0.16369131,23.479029,0.09912247,0.058964137,0.24123046,-0.022245616,-0.2492139,0.28885198,0.36632448,28.185585,0.083118275,-4.908041,-0.91749924,-10.19751,-0.3841442,-19.034786,-0.24466608,-11.314813,19.115982,0.023320265,-0.019751446,0.15646562,0.811908,0.27247956,2.58,2.53,0.71,0.21181753,-20.552343
30.619705,0.009137601,30.321905,30.698622,30.852356,0.5304508,4.579193,3.2257135,3.793276,3.6410375,1.3284372,0.3917052,0.86884713,1.5009861,1.6930046,0.8241575,1.894632,2.1212451,0.89768595,0.2561649,0.25483593,0.5195709,36.987175,0.1487081,-18.492907,-0.57410717,3.4021785,1.200936,-5.740459,-0.72523755,0.0032552513,0.9207126,0.4414625,0.5300831,9.606509,0.10518479,22.989656,0.31393185,25.655544,0.20457251,841.58203,0.2149886,1476.5082,0.16369867,-35.585575,-2.0867782,1606.5251,0.07077886,1247.6444,0.2080505,-32.663555,-2.3076007,2817.0518,0.05863214,855.1885,0.43225262,-48.719963,-1.4000087,-4.4846807,-0.829879,24.795586,0.15433282,0.024081444,0.690484,0.0060565374,0.7644597,0.27475548,0.46264008,39.001244,0.058242954,-21.846664,-0.36911005,2.1537006,1.3015311,-5.3150907,-0.7198918,-10.68192,21.78525,0.032134887,-0.0021743951,0.16481362,0.47543582,0.15974441,5.2,0.0,0.515,0.065,-18.732555
35.55372,0.056744218,35.05927,35.770813,36.97806,1.9187927,6.266621,0.0,2.5237799,0.0,1.0897605,0.46823552,0.5239048,1.0844464,1.5144064,0.99050164,2.7499979,2.0569625,3.4425657,4.1299453,0.39248526,0.55262655,25.18536,0.19746311,-6.800373,-1.1380855,-7.9959955,-1.0996846,3.711227,2.0444927,0.015847977,0.72768015,1.1547002,0.3691869,5.1244574,0.42619893,-0.5460179,-18.725504,10.349564,0.89783436,761.5977,0.21426256,1378.2784,0.17312218,-53.775967,-1.5158862,1618.0746,0.09313955,1192.8066,0.21840268,-55.27221,-1.4442149,2742.237,0.04683683,748.0232,0.39458585,-64.20383,-1.1653101,-4.4408894,-0.87761456,19.534227,0.13691859,0.048175897,0.31834802,0.0074428404,1.4402949,0.45885143,0.43524984,25.454302,0.17319135,-9.080044,-0.7140069,-11.228458,-0.62984,5.9388375,1.1420078,-8.932028,19.327435,0.05289483,-0.004838924,0.18804297,1.3129103,0.886918,0.84999996,1.362773,0.2575,0.09202581,-21.137201
34.725147,0.005248986,34.55582,34.73157,34.892433,0.3366127,3.1599693,1.9742075,2.271913,1.5327077,1.6984377,0.2427111,1.5937138,1.7748319,1.8868291,0.29311538,3.718561,2.0070877,0.25672644,0.0,0.20631485,0.64513004,27.907999,0.12017167,-20.693346,-0.35628992,-14.820468,-0.468967,-20.944525,-0.29888624,0.0028432813,2.2275202,0.31090838,0.8113675,12.06906,0.12803718,12.055111,0.41852394,24.812992,0.2345789,955.7293,0.121771365,1388.0741,0.16228987,-0.84456694,-50.769814,1666.1646,0.05618664,1260.0305,0.15355885,0.90343016,47.654118,2882.657,0.041960977,737.4372,0.42139706,-19.090631,-2.0320616,-1.9121041,-1.7221094,24.11241,0.120418124,0.082514934,0.114753015,0.010729863,0.4714118,0.20462354,0.6684425,27.942266,0.11496117,-21.747803,-0.26192358,-15.71285,-0.36948788,-21.957563,-0.19204834,-10.79886,21.28312,0.028632063,-0.009531405,0.2486592,0.11074197,0.11135858,8.58,0.0,0.38,0.0,-16.63132
34.39613,0.009560091,34.157925,34.335083,34.5881,0.43017578,10.780858,7.5182223,1.1732492,0.7251685,1.046206,0.33293274,0.94174194,1.1374086,1.2889737,0.34723175,1.0527508,0.8018761,1.1140689,0.75193596,0.16061378,0.44354266,28.746305,0.17137218,-2.725912,-2.782316,-0.89038503,-5.618381,-4.512494,-1.1414086,0.003544472,1.047464,0.44193172,0.63111186,11.493191,0.12578848,-1.4757944,-0.6709215,17.138458,0.16582009,783.8414,0.08420287,1300.8358,0.10777498,-34.607174,-1.9375447,1725.8063,0.045163482,885.9587,0.18323837,-39.091106,-1.6597961,2925.447,0.0483264,692.0152,0.40567616,-51.937447,-1.1497504,-10.116615,-0.24735582,23.19318,0.16035149,0.037392456,0.26726282,-0.019432899,-0.3678811,0.17423937,0.38758063,30.29718,0.08660405,-4.9204116,-0.87457323,-0.5037018,-7.840463,-4.7525544,-0.84544957,-11.370021,20.831482,0.031043796,-0.012448832,0.07899127,0.8036739,0.115740746,7.43,0.0,0.59,0.13,-21.2426
32.45789,0.103235334,33.08655,33.51469,33.885815,0.799263,73.82217,0.0,1.5575802,2.1391122,0.822035,0.22570218,0.7355943,0.8431762,0.9774793,0.241885,3.8186226,3.1607714,2.3657026,2.3704724,0.22652568,0.26315728,28.943008,0.17790571,-1.8148904,-2.5028048,-7.4577193,-0.9391595,-5.5939555,-0.9308104,0.009302562,2.0918236,0.9700686,0.5944071,6.0848465,0.29247057,5.271727,0.5193604,21.947357,0.18408804,736.9716,0.13791382,1454.8269,0.122275464,-50.07032,-1.6515918,1600.6461,0.062232915,1088.246,0.14859241,-53.715855,-1.4915577,2851.7432,0.040620998,676.7076,0.4835735,-65.3779,-1.1283075,-7.649081,-0.25832754,23.611204,0.123148225,0.010182972,1.0127121,-0.0055645667,-0.9545461,0.21975118,0.16883701,30.402096,0.0756973,-0.6838881,-4.7620645,-9.962912,-0.34512943,-6.5481935,-0.68721026,-5.0553885,19.84775,0.011374191,0.0057765734,0.25146663,2.7700832,0.56179774,1.355,1.155,0.39499998,0.305,-25.928192
26.407095,0.059803274,25.73024,25.94777,26.2824,0.55216026,43.64333,52.190884,135.49861,140.78941,0.89864147,0.36178204,0.5321105,0.9777276,1.1389134,0.6068029,2.496088,2.1849723,1.3124174,1.0736251,0.27524137,0.47038493,28.418701,0.2659612,10.836959,0.81999826,-6.206006,-1.2610816,-3.1519551,-2.0941558,0.009303703,2.2014968,0.6579868,0.7719507,6.52338,0.28721902,4.015102,1.0837266,24.410837,0.1816528,527.57367,0.18688333,1329.972,0.09218032,-45.005375,-1.7079074,1501.8601,0.08146616,1040.27,0.12188614,-50.21499,-1.4831704,2685.8455,0.042239178,759.0177,0.27254564,-59.8135,-1.1615875,-14.311244,-0.20194122,25.259779,0.14534225,0.024376186,0.6771252,-0.021404058,-0.3254103,0.29054493,0.41738123,31.120182,0.14242801,8.769367,0.91603315,-7.553374,-0.96265316,-3.0640426,-1.939241,-15.526187,24.388355,0.0350751,-0.019953148,0.21898176,1.6910936,1.1350739,0.691,1.4784008,0.16799998,0.14510685,-21.873438
36.810455,0.034523353,36.778717,36.90322,36.98889,0.21017456,680.12915,0.0,-0.1684813,0.0,1.5073895,0.273811,1.2233384,1.5913864,1.829078,0.6057396,2.1609855,1.6497152,1.9282566,1.5896664,0.34453228,0.30863708,29.924011,0.15307479,-15.266547,-0.4808274,3.1235816,1.7165926,-5.967108,-0.7284474,0.0063421573,0.79087764,0.7291054,0.45347115,7.7571754,0.2988294,-3.495372,-0.50620115,13.151277,0.35522887,622.0648,0.18528108,1457.248,0.09710968,-24.496424,-2.3847463,1589.3584,0.06303758,1150.953,0.28152913,-25.53867,-2.2695527,2650.4233,0.07577979,1012.0137,0.47522855,-37.922817,-1.423973,-6.3972673,-0.37123582,19.394165,0.14968674,0.019201256,0.7805075,-0.011266506,-0.5584589,0.35946378,0.2685786,30.8105,0.12009083,-16.640745,-0.38244432,1.672642,1.902309,-6.791437,-0.5279777,-10.09667,20.953297,-0.008087535,-0.00034959987,0.22142698,1.0767161,0.2710027,3.31,3.29,0.23666665,0.12657891,-18.819597
26.3633,0.024185946,26.12002,26.317646,26.477427,0.35740662,24.055967,17.988308,1.1015984,0.46680012,1.2002949,0.2377761,1.0659887,1.2465614,1.4389713,0.37298262,3.202483,1.7571882,-0.16732056,0.6554314,0.4591274,0.33945096,31.758917,0.102341175,0.4434747,9.835066,-10.814012,-0.5076018,-10.200826,-0.4760332,0.01005922,0.8480421,0.9143226,0.74632144,4.4494996,0.4814493,1.3611927,2.2464077,22.135334,0.399764,472.23685,0.16488548,1380.5767,0.095484465,-26.521461,-2.1889503,1373.965,0.06395434,1110.0236,0.10728752,-26.91937,-2.1506317,2456.66,0.07237718,1331.3267,0.3205694,-46.336582,-1.1058574,-6.079096,-0.35046324,24.608534,0.08027314,0.018535,0.53871524,-0.010448383,-0.57895666,0.4737024,0.3014412,32.330105,0.07445359,0.2731802,15.506785,-11.528571,-0.39826074,-10.8827505,-0.41858497,-8.911962,22.625256,0.019716537,-0.012207514,0.37423447,0.6535948,0.88105726,1.005,1.4001161,0.11,0.099247165,-20.509687
29.036047,0.07688336,27.288412,28.724058,31.086891,3.798479,19.410713,11.938053,1.9974631,0.0,1.6151197,0.2961399,1.2079558,1.6599222,2.0387003,0.8307445,4.2637405,3.4742153,2.6136928,2.4102023,0.25991946,0.5173164,40.92139,0.11341969,-25.025415,-0.32928565,-2.6327815,-2.0345552,15.303537,0.3902309,0.0034529157,2.973712,0.3693401,0.7969041,9.125565,0.1913323,6.8137627,0.31223613,15.26925,0.28828272,622.5982,0.23186253,1425.568,0.112752795,-10.279045,-3.140551,1510.7417,0.082952105,1126.5387,0.09750326,-5.9202123,-5.5803556,2636.224,0.044763543,896.19116,0.3231078,-20.444462,-1.5030494,-1.2958447,-2.568592,16.924433,0.20860365,0.037027545,0.42361978,0.0026305679,1.6835904,0.26406172,0.5086731,41.30244,0.09754419,-25.579676,-0.298615,-2.8490639,-1.8153816,16.055882,0.25743884,-8.680245,19.106308,0.043866206,-0.006400098,0.12577656,0.27598897,0.092506945,10.5,0.0,0.29,0.0,-17.462303
33.471893,0.15929446,25.031044,36.585995,36.784622,11.753578,577.5193,402.2899,188.30298,169.8976,0.9778153,0.3411078,0.6582251,1.0415452,1.2497636,0.5915385,3.895144,2.566412,2.3254662,1.5133013,0.32040438,0.39086244,26.788206,0.20072189,-1.3900769,-5.918356,-5.3686466,-1.3274105,18.992886,0.43189758,0.025892327,1.3129237,0.99875534,0.6443929,7.6891875,0.4538365,9.213071,0.53324753,19.213497,0.27540544,508.37057,0.38405773,1597.4219,0.14668117,-111.38163,-0.8901077,1543.6182,0.093508944,1097.0723,0.17247044,-89.765816,-1.0539043,2526.7046,0.081170514,1146.7712,0.25236574,-93.79715,-0.9726612,-9.500765,-0.24836633,19.051462,0.15240844,0.07378256,0.15702645,-0.016138704,-0.46992788,0.32550538,0.36792564,30.004814,0.0949099,-4.8170815,-1.0584148,-6.1287885,-0.7409891,21.87962,0.30893418,-9.309966,18.108545,0.061353758,-0.013330862,0.31415465,2.894356,0.5830904,0.97999996,1.6051947,0.57,0.7723988,-21.255083
22.410862,0.013810365,22.167328,22.360062,22.647339,0.480011,16.916096,30.674011,8.858482,8.355966,0.39213705,0.47440615,0.19196534,0.40043938,0.53801614,0.3460508,1.1414574,0.38782445,1.5006775,1.3695955,0.12869354,0.49714115,25.190481,0.18611157,12.602237,0.4162616,0.03428269,285.1859,17.154593,0.5565939,0.025805144,0.77277803,1.039239,0.49934658,3.4636855,0.39095765,-0.82461274,-4.6205955,22.93877,0.162176,737.9356,0.3567176,1329.4498,0.16149187,-106.65053,-0.8612828,1721.1304,0.21737836,1268.8073,0.28864294,-110.13001,-0.79254353,2780.886,0.09940001,875.58575,0.26448804,-113.60161,-0.73837817,-13.205591,-0.1648419,27.140259,0.08670769,-0.0046029845,-1.763067,-0.00093185867,-12.8202305,0.17431667,0.29207253,24.595028,0.09622344,16.478867,0.1412677,-4.1289444,-0.67422837,19.804401,0.43503588,-12.120446,23.392443,0.022552526,0.0040265326,0.08186853,0.3502627,0.7067138,0.7175,0.72792083,0.53999996,0.6789698,-29.8749
30.281696,0.039265793,30.139256,30.377562,30.665497,0.5262413,256.70795,151.25853,51.10136,76.27988,0.9470763,0.47084388,0.27791852,1.0819179,1.3069546,1.029036,1.5578814,1.3985922,1.0984794,0.5687762,0.19019444,0.6236961,30.648432,0.1990422,-6.3808904,-1.4746417,5.439479,1.1290044,-15.928618,-0.6711543,0.008155892,2.847516,0.50189686,0.74972475,9.119171,0.23004621,3.3530002,1.3272098,17.999596,0.1804171,483.31628,0.18652235,1326.5677,0.10200926,-66.766884,-1.3729174,1402.1183,0.07290112,1138.632,0.12662189,-69.93301,-1.2755152,2519.2446,0.04435389,868.2312,0.25972793,-76.26114,-1.1130666,-10.303676,-0.20278183,19.12021,0.15064201,0.058106333,0.1711555,-0.020051816,-0.25183657,0.19853283,0.3883795,33.03658,0.10795198,-10.131735,-0.4141691,4.5032396,1.1628876,-20.780704,-0.20664404,-12.158003,21.4838,0.04591662,-0.009335966,0.17695299,0.7496252,0.6042296,1.1125,1.8519094,0.41599998,0.38681263,-22.766895
19.433542,0.02630237,19.015501,19.36023,19.799183,0.78368187,2.5488465,1.5153735,0.45550692,1.1456348,1.6315541,0.22093137,1.5019346,1.6676407,1.8389795,0.33704484,8.509468,3.0358276,8.166198,2.962998,0.40274006,0.2567159,29.950691,0.14811604,-8.382634,-0.34599888,0.025231963,171.68924,-21.880949,-0.29623473,0.0029501,1.1024911,0.26028734,0.7986167,5.139997,0.0635079,1.3142095,3.177971,9.7964945,0.43625292,419.32254,0.11538122,1157.603,0.07391331,-12.534128,-2.9255412,1300.1289,0.045990624,939.23193,0.06966823,-11.588734,-3.180884,2425.036,0.032069124,602.05804,0.15654324,-20.86507,-1.6827619,-8.508402,-0.15742764,19.88891,0.11800326,-0.0019106809,-3.8557503,-0.023531439,-0.14882018,0.4168355,0.17755216,30.488209,0.10147935,-8.512559,-0.32249665,-0.4612275,-7.6563926,-22.83845,-0.19063568,-3.6903698,11.836859,0.025795497,0.02389468,0.03248154,8.325709,0.09199632,10.46,0.0,0.39,0.0,-16.658752
27.755955,0.20331842,25.625038,26.231604,26.794182,1.1691437,118.46039,80.85988,144.41945,132.69272,1.3231066,0.49729952,0.41223252,1.4637293,1.7913251,1.3790926,5.0437956,1.9948534,1.7140255,0.7230309,0.33010092,0.57900393,22.968063,0.43513095,-16.909683,-0.8357716,-3.5607228,-1.9983797,-4.1389213,-1.8332882,0.026745502,2.4889677,0.82354724,0.67695075,5.944287,0.3811904,1.5310066,3.3123639,4.4873915,1.0773407,439.0274,0.26472548,1129.6606,0.09293754,-51.756172,-1.6523712,1420.2805,0.07608509,970.86694,0.07831685,-44.377018,-1.9256326,2390.4275,0.055086877,852.2804,0.12380805,-51.27532,-1.5950799,-6.254821,-0.41090208,16.40694,0.21962535,0.042084407,0.26296526,-0.020584468,-0.2517095,0.40823603,0.34462172,28.106264,0.08298093,-23.706268,-0.25549996,-6.2004914,-0.681924,-6.965749,-0.8115957,-3.6396759,8.568521,0.018558394,0.008556642,0.064072184,1.591512,0.2695418,2.85,0.0,0.84,0.0,-18.943874
29.591341,0.018411458,29.37898,29.571325,29.794762,0.41578102,10.330216,5.1992645,39.423626,27.817835,0.95973545,0.3344541,0.8206809,1.0291201,1.1261705,0.3054896,1.4304193,1.8622085,0.8026901,0.41240636,0.24222033,0.60626405,43.64226,0.2249928,2.887034,2.217297,0.15537359,32.46202,-4.0539556,-1.0814706,0.004864475,0.89069843,0.49961615,0.64563435,9.57876,0.1287382,6.0563426,0.29453838,34.50259,0.13526084,731.2171,0.12817693,1513.1565,0.104268536,-35.66109,-1.9277918,1641.575,0.071523085,1184.297,0.16423087,-46.810345,-1.3696036,2885.1147,0.046292007,822.05273,0.28161308,-59.899914,-0.97948796,-16.540422,-0.16130297,31.141592,0.113076225,0.050644606,0.18770437,-0.02613467,-0.17046537,0.2606447,0.58602387,47.288025,0.087487236,1.8603603,3.2838264,-1.1592438,-3.1034346,-4.718591,-0.7096105,-13.001406,20.363535,0.038894698,-0.009904221,0.1393118,0.42060986,0.21164021,4.015,3.965,0.69,0.53999996,-19.171041
33.320328,0.010439701,33.166466,33.36602,33.550167,0.38370132,6.241224,2.6279702,4.6570506,2.637327,0.5134197,0.30595234,0.33761114,0.5643521,0.6135086,0.27589744,1.1758627,1.2054538,0.65307045,0.5432725,0.1372894,0.41878152,28.137943,0.23546076,5.8718853,0.5317671,8.985795,0.45635873,-1.8673726,-2.3398669,0.013190298,0.74597454,0.93422365,0.36613616,8.066504,0.16096458,5.140678,0.6212824,25.39227,0.17308335,523.0482,0.36407602,1557.0757,0.15971671,-55.51677,-1.4288619,1490.4396,0.13316299,1024.7966,0.2804729,-53.757214,-1.4008137,2789.642,0.090481855,1064.8059,0.45515656,-70.10407,-0.9549335,-11.900797,-0.18699583,29.573944,0.102745116,0.0054430487,1.946029,-0.002275075,-2.0990121,0.15465151,0.31717336,30.851833,0.10025191,5.738308,0.501313,7.930268,0.42939392,-2.3257732,-1.8097123,-9.635028,19.421734,0.0014117396,0.0064603807,0.07493123,0.30165914,0.15197569,5.2,0.0,0.675,0.325,-27.957853
24.08158,0.0195426,23.768473,24.057837,24.36363,0.5951576,5.830264,6.3274527,10.754047,17.126486,0.97753567,0.26151186,0.91479826,1.0227674,1.1269002,0.21210194,3.2953618,2.381875,2.6433642,2.085984,0.23513079,0.51075786,32.3195,0.14176102,-8.688241,-0.5956165,3.562051,1.1524853,-32.57517,-0.36318102,0.017923482,0.97714543,0.73061234,0.7217813,4.5629168,0.52179915,4.161288,0.24863993,18.188238,0.15461819,485.2351,0.10461934,1216.5557,0.09154712,-31.627926,-2.070742,1387.5559,0.033986583,1007.0109,0.12981933,-31.407011,-2.0904436,2674.7366,0.033531073,703.65704,0.35930172,-44.111057,-1.3756499,-7.0892096,-0.2031564,17.023298,0.13830934,0.022513004,0.27805474,-0.014142995,-0.35185343,0.23911025,0.43254736,33.51101,0.052422218,-9.81542,-0.29917884,3.4883456,1.1344432,-36.089417,-0.14004509,-7.24273,18.502674,0.021343552,-0.00037033958,0.21920955,2.6728113,0.9259259,0.92099994,0.72886825,0.12545455,0.14054203,-23.869911
34.337093,0.031820357,33.94129,34.40866,34.76676,0.82547,6.93358,5.4407697,13.445752,18.155884,1.0946168,0.38203108,0.76314336,1.1727805,1.4703327,0.7071894,1.9325434,0.9241459,0.8604623,0.45509806,0.25024876,0.42291456,26.193632,0.14811462,-6.454874,-1.5510302,2.6136944,1.7047732,0.934292,8.871217,0.008165385,1.0566798,0.7853118,0.4932186,7.8782654,0.36914134,-2.58122,-1.7091719,15.15326,0.32491618,710.88336,0.27596068,1464.3752,0.1310728,-30.978899,-2.081575,1664.9995,0.08740228,1081.3068,0.22036901,-31.80866,-1.9374276,2711.0583,0.08424047,919.47955,0.4387224,-39.569313,-1.4876039,-7.238772,-0.51081604,13.750434,0.4923348,0.043012835,0.29703158,-0.016654445,-0.5765444,0.26977956,0.35496676,27.09959,0.111158736,-8.817018,-0.9006366,2.4298928,1.8464141,1.2518418,6.9062867,-12.212891,20.448809,0.016295068,-0.0137698185,0.11546399,0.8412197,0.31712472,2.7666664,3.8136625,0.2725,0.24681725,-22.31331
27.607355,0.010266092,27.438854,27.612392,27.74716,0.30830574,5.2439656,3.8837824,3.5766048,4.3864183,1.3761047,0.352968,1.32112,1.5298395,1.6871307,0.36601067,1.5536197,1.1201271,1.6548573,1.0207746,0.38252172,0.50362015,38.824394,0.19670036,-2.468815,-2.3600888,-21.712564,-0.5202065,2.4526887,2.1825635,0.008293076,0.89560133,0.5644054,0.50938594,7.600203,0.18325011,-1.2960405,-1.2086309,17.256792,0.27673632,457.80685,0.17637198,1453.1912,0.07756223,-29.589975,-2.4060514,1324.8666,0.09298357,1216.8109,0.08256381,-32.89643,-2.1190076,2337.9524,0.07721549,832.20636,0.20951192,-45.313972,-1.424645,-8.295207,-0.3150053,19.205248,0.13777728,0.04819732,0.13686118,-0.028842287,-0.14484398,0.43230045,0.3807161,41.721687,0.068882145,-3.5944872,-1.3988614,-25.906902,-0.19695596,3.5363364,1.2950239,-10.407029,19.573305,0.04082742,-0.006622152,0.1099289,0.6896552,0.1388889,6.1299996,0.0,0.52,0.04,-17.387703
35.291386,0.007770909,35.145462,35.31089,35.46627,0.3208084,4.668604,3.3303347,3.6121979,1.904939,1.1766807,0.3492787,1.2074466,1.3264688,1.3983073,0.19086075,3.229671,6.5946894,1.9944477,1.9378283,0.15714146,0.41633877,28.55297,0.14328867,-10.891986,-0.59051657,-8.360768,-0.83741164,-12.3179865,-1.0449132,0.0032349722,0.6008059,0.4119549,0.45937958,11.397463,0.10272559,5.1015115,0.29548395,22.17809,0.18163197,656.0521,0.2620301,1738.2411,0.12582986,-28.431467,-2.645643,1517.445,0.06595775,1201.1449,0.20010675,-25.378578,-2.7920723,2641.6567,0.07787385,890.19525,0.35994908,-40.842342,-1.5829934,-5.2002177,-0.33031818,19.237432,0.12473508,0.046572585,0.23238865,-0.0014353654,-2.9787338,0.16928059,0.32260364,28.677647,0.091657,-12.976682,-0.28374967,-10.521968,-0.4370999,-16.495752,-0.49281064,-10.892651,21.96832,0.011065026,0.0078065875,0.0897714,0.83916086,0.14084508,6.0899997,0.0,0.48999998,0.22,-21.450113
33.837177,0.048053853,33.909077,34.043358,34.20428,0.29520416,300.64578,0.0,-0.58801603,2.0084965,0.85443187,0.4434434,0.39007345,0.89790624,1.1112708,0.72119737,3.5780807,4.2148356,1.1614288,0.82587224,0.17550793,0.4978469,31.86667,0.22765715,-9.9949665,-0.99119747,5.1832914,1.0625063,-9.377471,-0.6975883,0.007871595,2.3275769,0.6814284,0.5595316,8.206589,0.19672397,5.045011,0.301226,19.185305,0.20072266,590.886,0.26586553,1669.7206,0.12600029,-50.367878,-1.7236305,1515.9298,0.07904052,1247.2007,0.20190533,-52.586525,-1.5842121,2617.5815,0.079320915,1120.5693,0.42166105,-61.189518,-1.2828566,-7.714934,-0.38946193,18.79517,0.20190579,0.019261135,0.60769707,-0.012327041,-0.4486338,0.19837673,0.42813218,35.11191,0.08288157,-14.326207,-0.47847772,3.2000215,1.0366535,-12.272552,-0.2540012,-10.487628,19.883917,0.0029451617,-0.0002977772,0.106690705,0.8141113,0.13661203,5.5499997,0.0,0.87,0.21,-24.974209
37.195976,0.044724192,36.604267,37.304714,37.706837,1.1025696,25.456776,15.6272,-3.9189537,15.62986,0.79109347,0.49173182,0.35101664,0.9497375,1.1540524,0.80303574,4.3558173,4.951341,2.5472946,2.366099,0.20367715,0.8394114,19.149084,0.31938717,11.725354,0.5383398,-13.988827,-0.94190276,-4.4018664,-1.4289052,0.01284963,1.0544583,0.7728516,0.68050015,10.033028,0.23399176,2.4633589,1.1904986,24.1721,0.19719744,850.07007,0.16136329,1347.7742,0.21170123,-98.41409,-0.9555888,1661.4773,0.07842394,1168.4744,0.25025725,-100.72086,-0.889734,2938.8645,0.0508624,615.82294,0.6055474,-108.73991,-0.7579879,-11.421204,-0.2094676,29.015263,0.11810252,0.057544906,0.17265756,-0.006017315,-1.6418993,0.22469702,0.35674265,21.627014,0.12772666,12.578165,0.36205694,-23.674047,-0.24222432,-4.913273,-0.96375215,-10.278673,19.316957,0.030038612,-0.014215665,0.18091835,1.6311167,0.7575758,0.715,1.4294724,0.58166665,0.59257674,-22.802855
26.94603,0.11552449,25.79704,26.044228,26.331217,0.5341759,140.22954,142.56737,49.781673,68.06779,1.0941324,0.3029416,0.95017207,1.1417094,1.2939835,0.3438114,2.967463,3.305619,1.7065036,1.6405357,0.30510747,0.36266673,25.18086,0.16383687,3.6637566,2.1386063,-4.021057,-1.4282635,-11.504505,-0.4755275,0.01159235,2.4269626,0.94210964,0.6524092,6.031019,0.25120795,10.795581,0.7106961,19.666933,0.30446187,479.72345,0.17165743,1272.4531,0.108194835,-34.501774,-2.0615358,1364.5656,0.107164234,1237.6628,0.1955504,-39.238274,-1.747421,2444.1272,0.054582957,855.42865,0.32258487,-47.27832,-1.3771206,-11.831219,-0.24886084,21.497904,0.19291234,0.021610191,0.47011507,-0.025463387,-0.24917062,0.3243189,0.29837602,26.13901,0.09830246,3.3234284,2.10625,-4.8318686,-1.0326862,-12.637134,-0.32683417,-10.964656,18.428425,0.023841478,-0.017980063,0.2046981,1.2539185,0.3773585,2.23,4.9104342,0.39666668,0.33673266,-21.086435
27.04724,0.013601719,26.834541,27.047102,27.271488,0.43694687,6.033941,3.1968098,5.756712,4.973495,1.12551,0.4668469,0.26077372,1.2966447,1.5232853,1.2625115,2.1092482,1.2203666,1.129841,0.6806856,0.25675765,0.68040043,23.3571,0.19114463,-0.14341624,-49.70025,-15.461735,-0.7380182,-0.7703524,-7.0166183,0.008754427,1.6845274,0.8214457,1.2152611,6.587485,0.49733883,-0.5238385,-3.251722,9.612194,0.3788987,470.93423,0.21031904,1299.0096,0.09212475,-48.905273,-1.6430031,1338.1112,0.10152235,1115.6404,0.0904498,-45.65291,-1.7943776,2339.5457,0.06323272,896.13947,0.25872976,-57.409836,-1.3183596,-3.2954102,-0.69036865,18.099821,0.12753665,0.03243084,0.28851974,-0.012132021,-0.41309574,0.31441766,0.48857522,25.209686,0.08904551,-3.404882,-1.1026587,-20.701284,-0.28166395,-1.3263332,-4.053569,-10.102881,19.442574,0.014888382,-0.0012595734,0.05920711,1.1412269,0.14367816,5.43,0.0,0.75,0.21,-21.338608
33.594814,0.08249715,34.01175,34.330658,34.560566,0.5488167,311.61462,365.1617,63.100517,81.780914,0.7467365,0.27582434,0.6028105,0.76785135,0.9022824,0.2994719,1.5170758,0.9245323,1.0012035,0.8696593,0.19156535,0.34095407,28.059763,0.15498096,-5.2198424,-0.957134,-9.614889,-0.81984544,-1.2442106,-5.290251,0.01914623,1.8077492,1.1524717,0.50894564,5.0581245,0.44934034,2.7851524,1.7739482,22.308464,0.21132544,851.75214,0.08822921,1268.3567,0.10156117,-43.503395,-1.7520527,1695.424,0.050941706,1091.5001,0.15419781,-46.950123,-1.5840715,2881.9592,0.036364887,697.5599,0.3201474,-61.443844,-1.0951537,-2.2971365,-0.76466334,23.728676,0.10527306,0.009439573,1.3202419,0.00549375,1.0323354,0.20223226,0.29765826,29.086151,0.12004228,-5.633249,-0.78381425,-12.216575,-0.40092352,-1.3486344,-4.356026,-5.3913045,20.286602,0.0011037824,0.0032160198,0.15110722,0.97799516,0.81833065,0.973,2.5310197,0.227,0.250082,-27.44543
31.974924,0.1325216,27.508537,33.94767,34.500797,6.99226,432.63208,322.44983,179.68486,145.06442,0.9376589,0.1507507,0.85489285,0.9615224,1.039993,0.1851002,1.8755845,1.8824216,0.9352194,0.5020303,0.45511967,0.23574866,30.422047,0.11697617,-0.19925314,-14.787842,2.7584796,2.5230327,-0.015438506,-302.84653,0.04750004,1.5636078,1.410946,0.5043367,2.357363,0.6547836,6.2158375,0.78455687,23.928389,0.4918433,543.98334,0.2768393,1597.6088,0.11435517,-132.36629,-0.6753939,1447.7703,0.097782895,1122.2516,0.15410677,-131.8879,-0.66339374,2684.3655,0.05909907,966.1283,0.41826165,-137.95248,-0.57826453,-8.333024,-0.25895667,24.049768,0.09831619,0.014940097,0.94287336,-0.0020541532,-3.6983962,0.4378767,0.25392368,31.482735,0.065451376,-0.15494336,-19.78541,-2.0216763,-2.210659,-1.8132589,-2.6122684,-9.295579,22.832191,0.009059692,-0.0019216039,0.4674827,1.6313214,2.3026316,0.14857142,0.123106055,0.28538463,0.4025613,-23.092903
32.9245,0.040260997,32.7211,32.977703,33.33992,0.6188202,171.45207,160.10136,37.338562,43.465443,0.92866945,0.483622,0.28554058,1.1091852,1.2473125,0.96177197,2.5960104,2.1115193,2.1345,1.7066066,0.20431712,0.586721,24.556854,0.4235325,5.0071726,1.8160263,-3.4966435,-1.7509062,1.8797345,3.6597273,0.018410213,1.6136411,0.6959015,0.6500409,9.213916,0.21888533,5.750483,0.5737624,23.441195,0.2200696,606.0197,0.24099074,1660.5033,0.1206601,-58.57496,-1.4939648,1534.7297,0.103303,1286.6913,0.35697824,-61.199375,-1.377849,2632.027,0.11802276,1116.9503,0.5114175,-71.49739,-1.092316,-10.032986,-0.2604679,24.309843,0.12083215,0.052351978,0.14225109,-0.014763767,-0.34417114,0.25548664,0.3814024,30.659653,0.09854305,0.6398448,8.349885,-5.8453135,-0.53192455,-1.6001076,-2.131813,-8.7079935,17.159279,0.0355658,-0.0015488564,0.072900176,1.6393442,0.47393367,1.53,1.48,0.37,0.2861235,-21.938978
30.44447,0.10263125,30.673088,31.424759,31.893612,1.2205238,99.805275,66.51319,16.195942,13.079479,0.58863527,0.306578,0.39676094,0.60099953,0.7634664,0.36670548,1.8505669,1.0827519,1.5000851,2.1780713,0.23879685,0.36545858,30.83783,0.12308183,8.089415,0.64453065,0.29682043,24.393051,4.200562,1.2544893,0.03082702,0.97931904,1.1327908,0.44200447,5.508927,0.3707589,3.390812,1.5803058,25.598751,0.23793803,759.85645,0.28660163,1405.274,0.18314023,-87.83661,-1.0254977,1812.8013,0.18250483,1344.1799,0.35228947,-91.29104,-0.91435546,2863.4907,0.107831694,1178.6743,0.3657263,-96.64642,-0.820521,-12.783143,-0.26652762,29.24528,0.084086515,0.02182431,0.5130705,-0.013399293,-0.53142744,0.27463824,0.24498282,32.457233,0.070095174,10.404975,0.3989459,-2.9113965,-1.9245932,6.1993604,0.82847774,-11.938529,24.04424,0.018001126,-0.0054984805,0.18187007,0.59311986,1.0739857,0.5711111,1.3940225,0.3377778,0.47739515,-25.667166
36.159912,0.05857918,35.950336,36.469494,37.126564,1.1762276,41.657696,26.27173,34.032196,35.43619,0.568659,0.52653885,0.18188947,0.70871264,0.8455324,0.66364294,3.4135222,4.3090873,1.8568082,1.0387757,0.20478849,0.58376586,21.839664,0.21460964,-3.3868186,-2.5848315,6.324777,1.5759608,2.5084755,2.0768816,0.035296056,1.1754588,1.1749219,0.35140985,6.5007005,0.26305035,-4.439097,-1.1575015,8.071765,0.66947436,1012.0812,0.14107169,1241.2179,0.15318197,-166.89862,-0.4119573,1763.0778,0.09178004,1563.1643,0.26498723,-164.92322,-0.42553443,2945.688,0.033187423,673.3406,0.39694726,-167.0269,-0.3944709,-8.677648,-0.24018514,24.124338,0.121528186,0.0052323863,2.9272509,0.010558734,0.6723304,0.26996794,0.20210773,25.410799,0.11618986,-4.4685473,-0.5819267,4.801511,0.80437404,4.003295,1.254711,-6.278044,17.125994,-0.0031325885,0.011436803,0.19292335,2.4024024,1.2195122,0.1525,0.039607447,0.6425,0.70552725,-28.420746
27.829414,0.06671418,27.043617,28.433716,28.970484,1.9268665,121.04266,89.60928,16.084719,17.933483,0.5699496,0.4309172,0.31086028,0.57273024,0.7235374,0.4126771,4.736204,5.342324,4.2654667,3.9825332,0.19393213,1.1517606,33.660183,0.16001628,5.341212,1.106336,-4.5833592,-2.3278694,4.3177595,1.6391976,0.012894909,2.47899,0.891688,0.5941333,6.7625713,0.17472745,5.8980103,0.95280933,23.897757,0.2125033,530.73816,0.37951037,1330.0918,0.13143602,-41.05177,-1.5798033,1457.6786,0.18553056,1138.4916,0.25133687,-41.255535,-1.5621905,2594.019,0.12126681,1120.1395,0.21971734,-57.735676,-0.99599147,-10.899648,-0.49828395,30.258816,0.19072859,0.002546668,10.162976,-0.0028576576,-3.5865004,0.19435585,0.8587822,34.884563,0.098736964,5.64831,1.0542706,-7.1034684,-1.2511125,3.7188323,1.9480612,-12.377437,25.831238,-0.003228516,0.009655357,0.18627541,2.3845007,0.6006006,1.42,1.6560344,0.17799999,0.16509391,-25.311222
36.526237,0.0712948,34.800697,35.418736,39.45835,4.657654,36.10995,42.383755,6.5899696,4.7074246,0.8384832,0.40261298,0.5735855,0.7316639,1.0858957,0.51231015,2.5961769,3.9037368,1.152461,0.53749216,0.23531006,0.23187758,32.345562,0.11671331,-1.4410231,-5.5546756,-3.599552,-2.0518372,-2.2785263,-2.6150677,0.018611463,1.0288781,1.1050647,0.55045205,8.264799,0.26844215,2.9803512,1.8435432,23.974142,0.32097295,884.2702,0.12728237,1300.867,0.18559527,-40.621376,-1.6051948,1744.6128,0.08261331,1150.6628,0.2448609,-43.830452,-1.4402435,2901.8347,0.04114111,760.0217,0.3135132,-56.717392,-1.0164269,-9.436829,-0.51804304,29.46875,0.17525806,0.045580726,0.24078628,-0.003509994,-2.3521502,0.23745544,0.23049656,33.05783,0.09185898,-1.782905,-4.748806,-5.4037805,-1.1605848,-1.930672,-3.231022,-11.783783,25.899559,0.040461265,-0.0028109464,0.2238195,0.80552363,0.92592597,0.91499996,1.4847895,0.145,0.11313708,-22.983786
27.500149,0.008966956,27.305662,27.510855,27.678782,0.37311935,3.5250556,1.9499334,3.979657,3.960245,0.9998761,0.3812452,0.92763567,1.111046,1.1830175,0.25538182,1.6276413,0.89154553,1.8532457,2.207586,0.25442886,0.44486782,35.58388,0.2008396,-6.168075,-1.1694793,-10.862482,-0.7791762,-2.2087307,-2.527001,0.006462466,1.8417152,0.57956785,0.6591313,7.2531967,0.22765471,1.4407042,1.5907395,14.902651,0.21459898,451.82153,0.09072687,1247.4987,0.0824038,-41.21371,-1.8443509,1336.8372,0.040369462,1033.0907,0.20950171,-39.5237,-1.9437963,2462.8357,0.027040735,749.1007,0.222988,-53.185184,-1.3231559,-6.1481247,-0.29580504,19.814339,0.17136298,0.01126948,0.80553687,-0.01478787,-0.31464976,0.28872603,0.31926093,38.371876,0.05907976,-9.0498705,-0.42125368,-14.354866,-0.29439914,-3.1469057,-1.6577119,-11.952918,21.037653,0.0063389684,-0.001924852,0.11476096,0.53835803,0.13550135,6.0,0.0,0.675,0.055,-22.007685
24.969095,0.1113036,23.940212,24.436352,24.862656,0.9224434,255.44656,253.65572,36.92822,28.249084,1.028881,0.40698168,0.6059837,1.1096612,1.2604702,0.6544865,3.8817499,3.9491487,2.515048,1.6666703,0.26929808,0.60251313,30.791033,0.21741143,2.3364189,2.6752458,-1.2702868,-4.3246617,-10.861165,-0.6655362,0.0058449293,1.1521196,0.6979857,0.74646616,6.5547786,0.19976921,0.64694184,5.9269347,20.476868,0.278101,566.5815,0.18495177,1292.9053,0.09403032,-40.712006,-1.8867462,1536.226,0.0657722,1021.74274,0.15634824,-47.61834,-1.5298684,2698.5173,0.044936594,771.07794,0.25525486,-58.43747,-1.1567602,-13.421125,-0.20864052,23.838465,0.14685103,0.028467828,0.54291606,-0.028647698,-0.2298431,0.29243252,0.55579513,33.243713,0.10805837,1.0336233,5.5035424,-2.8414319,-1.5358001,-13.046943,-0.40818816,-11.770181,20.770811,0.040859036,-0.014633789,0.18361907,1.1577424,1.0204083,0.7814286,1.7635632,0.155,0.12509996,-20.62999
31.80926,0.082764916,31.601364,32.052635,33.147434,1.5460701,222.98811,425.8614,45.16151,57.941517,0.68820995,0.3721909,0.481224,0.67146,0.9098345,0.4286105,5.2687593,5.128648,2.5034385,2.056176,0.24342653,0.5561997,22.635124,0.34318498,4.2194448,1.0712328,0.271469,34.056152,6.3140283,1.3530793,0.0215606,0.78002435,0.89027095,0.3914509,7.0534124,0.26506943,5.381645,1.067241,16.432919,0.6154368,946.7175,0.18277489,1209.791,0.27445704,-106.90928,-0.84201944,1734.5339,0.11611749,1359.5199,0.21291909,-105.86502,-0.8463302,2930.0923,0.0584938,635.3028,0.68439394,-112.05282,-0.74764556,-8.722944,-0.26466486,25.69483,0.10087031,-0.00040900195,-39.91144,0.014706869,0.6834016,0.26133314,0.36174855,24.781185,0.2161809,5.9716043,0.49365166,-0.43844602,-17.168056,10.483502,0.74821264,-6.5004344,20.427639,0.0062039867,0.0073616644,0.22652563,1.9316493,1.1976048,0.42374998,0.3153941,0.515,0.684927,-24.865019
34.77904,0.014946426,34.687992,34.85895,35.02827,0.34027863,7.312945,3.385377,5.1561537,9.02453,0.98451453,0.51375854,0.2869542,1.0759438,1.3453166,1.0583625,3.0202909,2.2380953,1.3417203,0.73162925,0.17472468,0.61519486,29.125011,0.30713943,-1.4521626,-8.235551,-5.3954964,-1.9906352,-4.7684865,-1.7633098,0.0072921105,0.9372826,0.7258503,0.7284835,10.664421,0.1807801,2.0805647,1.1616882,19.939196,0.24484168,782.3576,0.16784152,1437.5898,0.13482437,-53.28124,-1.5955753,1664.1857,0.08247982,1230.0228,0.16764814,-59.862698,-1.3467635,2791.794,0.043939482,737.44604,0.4305946,-66.62845,-1.1502943,-7.0739756,-0.5163598,21.317682,0.18663992,0.05980023,0.16905229,-0.008083559,-0.7435049,0.20887558,0.46615225,33.630806,0.11911431,-7.415856,-0.87768656,-10.467477,-0.6545609,-8.119667,-0.6809308,-12.690754,20.989672,0.024844091,-0.0033576204,0.074351154,0.5486969,0.2762431,2.715,2.635,0.58666664,0.411042,-21.802357
38.19829,0.05135395,38.3472,38.608837,38.755295,0.4080963,12.817965,0.7999209,2.08108,0.0,1.5776222,0.4130529,0.7265775,1.7055821,2.1454532,1.4188757,7.473118,7.641375,3.3385172,2.4384444,0.16918564,0.73676944,24.25847,0.35574567,-4.724307,-1.5822438,-25.21936,-0.77919763,-1.0787425,-5.8561654,0.00444611,2.9112535,0.30308616,1.2855563,13.271933,0.14836441,-6.2556324,-0.7442608,20.09737,0.31793624,708.511,0.13197729,1391.9169,0.104686774,-42.90538,-1.8919656,1592.0488,0.06585393,990.7045,0.1755485,-43.270462,-1.8499842,2812.6384,0.058102537,764.47546,0.29585862,-61.736324,-1.1459187,-3.517475,-1.1226016,24.528025,0.15274386,0.046463985,0.28876653,-0.008752427,-0.6326096,0.175644,0.7631889,27.728224,0.16186942,-7.295756,-0.7932324,-34.51248,-0.24193199,-3.052622,-1.5193131,-6.020701,12.630046,-0.0022522365,0.0028962176,0.14684522,0.43149948,0.10845987,7.3199997,0.0,0.935,0.265,-16.689539
42.60026,0.1332591,38.691246,38.915493,50.88838,12.197132,102.97346,53.567085,78.779686,54.40398,1.9895363,0.3103567,1.9126122,2.0500672,2.2347085,0.32209635,2.9923875,2.3441656,0.5605679,0.788041,0.4016287,0.5877015,19.278908,0.17953128,-41.421932,-0.31065273,4.239794,1.6272963,-12.514136,-0.81934404,0.013811431,2.7167976,1.3801723,1.0113326,9.16839,0.38712543,-0.43028757,-9.1048155,6.264704,0.9481981,534.46436,0.3475064,1146.0204,0.14641301,-22.603601,-2.9700775,1539.3074,0.10779926,1063.4229,0.1275911,-7.672243,-7.083061,2544.695,0.059680585,999.5813,0.16534895,-16.458504,-3.1451292,8.189831,0.5463182,11.282016,0.29304704,0.044572785,0.30454093,0.0058096237,1.8871224,0.43406078,0.5059813,19.553558,0.15555929,-44.69889,-0.14319147,3.6522663,1.8721699,-13.974783,-0.59896606,-6.741435,16.816343,0.0042156205,0.015844699,0.024857506,0.7263922,0.24570027,3.76,0.0,0.29,0.0,-16.790604
33.502087,0.016834816,33.372734,33.49165,33.59755,0.22481537,84.908844,71.39267,67.07484,72.1365,1.0678253,0.31884652,0.9604825,1.2003924,1.2812781,0.32079566,2.6202617,3.530345,2.050062,1.3636974,0.2129636,0.38154852,30.922499,0.12303878,1.0460985,5.7835054,-15.003951,-0.6557716,0.78375834,7.620268,0.005498258,1.1112126,0.6190999,0.6205582,9.860865,0.17009975,0.71960354,2.6763628,19.468903,0.15489054,791.76685,0.066235565,1177.9877,0.057657182,-29.827137,-2.2668204,1716.176,0.026885439,921.7825,0.1027614,-40.038567,-1.5865442,2850.852,0.019389443,597.0515,0.23587835,-50.594227,-1.171507,-10.540512,-0.20081373,25.67126,0.09042538,0.036059678,0.35634878,-0.022302713,-0.21797523,0.22701663,0.34181428,32.06747,0.06000061,-0.6105192,-6.996081,-18.43978,-0.27264535,2.0457413,2.4082725,-14.543949,20.19274,0.034650836,-0.023584653,0.13285759,1.8592298,0.53475934,1.5999999,2.7020268,0.19799998,0.1483779,-21.16438
37.60673,0.008016553,37.421143,37.643227,37.864548,0.44340515,4.608493,1.2363583,2.629761,1.9589607,0.7422995,0.42744383,0.42077214,0.75304455,0.96114117,0.54036903,3.5302844,1.9510928,1.7855262,1.2645172,0.13811441,0.48084247,15.294162,0.6105252,6.632601,0.88330424,-7.2702603,-1.3210268,-0.21848676,-30.860767,0.010788029,0.72208154,0.66132367,0.48608002,10.255423,0.15830977,4.8930182,0.5255253,25.119955,0.13635631,865.18243,0.18147859,1478.3845,0.144244,-75.488235,-1.171241,1729.1941,0.10537711,1311.9896,0.14627007,-73.282005,-1.1264706,2807.2073,0.05659345,949.8997,0.3872469,-81.97698,-0.936168,-10.812901,-0.20971994,26.36347,0.13242462,0.050699625,0.26839948,-0.0015351004,-3.186642,0.16146371,0.38293648,21.006918,0.20947236,5.140044,1.1620549,-12.400427,-0.5107631,-2.8130143,-2.1907096,-3.5426693,11.382964,0.020753328,0.012831207,0.08075313,0.9836066,0.67340064,1.03,1.01,0.28666666,0.24997777,-25.255604
29.754124,0.16360904,29.6933,31.331217,33.02903,3.3357296,99.99765,111.542885,43.739006,45.378387,0.86615103,0.6434612,0.31205037,0.8435443,1.2879636,0.9759133,4.238409,2.4521222,3.4423292,2.895907,0.3063793,0.6914143,27.685778,0.28973496,-6.0478134,-1.7025385,7.2958016,0.810129,7.8547587,1.328087,0.03474568,1.6319729,1.0985435,0.66182214,4.0821476,0.76574504,4.3094335,0.68491566,19.075182,0.19734879,612.4252,0.36204538,1511.7777,0.1534215,-127.94614,-0.7177687,1532.49,0.11135058,1150.6372,0.22549301,-125.576935,-0.7263731,2623.881,0.06122888,971.0991,0.24365109,-129.77353,-0.6638791,-5.8048134,-0.5401244,17.366447,0.21135569,0.03400688,0.4550272,-0.0050633056,-1.4825644,0.4522512,0.4015827,33.778408,0.06672335,-13.551261,-0.4773698,4.8253646,0.8539458,12.729647,0.41282448,-7.9731326,17.564821,0.012899771,-0.0007845243,0.21787275,1.7817373,1.8018018,0.20625,0.30821818,0.2911111,0.38414246,-22.642443
33.397106,0.004934567,33.26739,33.399387,33.51455,0.24715805,2.5566037,2.1756215,1.9204788,1.134833,1.1240615,0.17455116,0.9656429,1.1219581,1.2674412,0.30179822,0.8033947,1.036411,1.3540465,1.826105,0.40594888,0.1699763,27.61329,0.07275535,-14.623244,-0.44099495,7.701811,0.353835,-8.550344,-0.48960742,0.0044983895,0.5701046,1.1888766,0.49970403,3.263384,0.4708788,6.534001,0.6587907,8.708407,1.1264356,564.7561,0.24578033,1310.42,0.14564785,-105.94419,-0.86762255,1452.961,0.08101098,1070.9193,0.16802166,-98.76492,-0.9604029,2669.6545,0.040912416,979.49963,0.37734815,-105.59817,-0.84014297,-2.1419122,-0.7915844,12.850579,0.23597541,0.025679018,0.50153655,0.0044587045,1.3373913,0.40815294,0.18510446,27.6541,0.07543827,-18.338451,-0.30199403,7.6824846,0.36416802,-9.728952,-0.374025,-5.213606,16.710428,0.021420715,-0.0005247446,0.40449634,0.40444896,3.3536584,0.14121212,0.2088026,0.1369697,0.44174916,-23.70162
32.02873,0.03232686,31.908556,32.066624,32.221256,0.31270027,447.03723,0.0,1.2664139,1.9612994,1.2726682,0.42879167,0.46168253,1.4969236,1.6857746,1.224092,7.9334364,6.320604,4.7504454,4.506202,0.25264326,0.83715874,30.849075,0.23662639,-8.61838,-1.0760188,-8.783396,-0.6371301,-12.904414,-0.51731485,0.0045697237,2.0377195,0.40951782,0.71398586,10.474595,0.21206115,3.6263075,0.639624,21.83198,0.23436993,753.15607,0.12810591,1403.3861,0.06464269,-71.813774,-1.3125257,1627.3555,0.050138306,1090.9717,0.09957493,-74.55861,-1.2293545,2878.5076,0.05722955,847.41895,0.4506154,-86.42459,-0.9614223,-3.8342047,-0.3707808,23.74585,0.15536869,0.046776716,0.1674637,-0.00981469,-0.34988746,0.2236781,0.6200386,35.05404,0.10868769,-12.310891,-0.43051514,-9.939537,-0.4244887,-14.872833,-0.3285547,-7.7409606,21.065119,0.035545602,-0.00603102,0.31095818,1.8547142,0.62305295,1.0325,1.7537014,0.44,0.1491308,-19.425438
34.43813,0.09305289,34.919476,35.375458,35.823597,0.9041214,421.22403,416.62677,49.61958,44.02844,1.3759485,0.3195515,1.3484936,1.4557754,1.5490903,0.20059669,3.892624,3.1779487,1.7804898,1.5244383,0.42427802,0.6267746,29.366932,0.1103558,-16.722178,-0.44454238,2.7880814,1.3495241,13.672243,0.703115,0.056688327,0.6313598,1.21754,0.4926601,2.7381203,0.8266647,5.1120343,0.56075007,17.787022,0.22787075,970.2235,0.058985263,1058.3507,0.10563965,-36.25088,-1.7752073,1857.3475,0.037838697,1087.5073,0.14832528,-35.31085,-1.8259805,2896.515,0.035685655,806.7771,0.46230245,-46.55819,-1.2912229,-1.9320066,-1.0840676,18.948254,0.14397645,0.031232623,0.36457288,0.015439256,0.535751,0.4689243,0.5451129,29.922287,0.074923754,-19.094618,-0.14316885,2.5339384,1.150698,16.5119,0.35008466,-9.551101,19.402834,0.0068262294,-0.0041785603,0.14927162,0.58224165,0.29325515,2.95,2.24,0.87,0.0,-19.369932
36.494938,0.009830214,36.22562,36.4564,36.714794,0.4891739,2.968805,1.4489659,3.0943186,2.5216796,0.9001544,0.3985891,0.6401908,0.9550479,1.1749444,0.5347536,2.2614684,1.6067585,1.183205,0.3836319,0.12854476,0.50955606,24.177643,0.15276375,-7.693905,-0.98239636,1.7822717,1.9824965,-12.457907,-0.56843644,0.004254413,0.9572947,0.5222932,0.53336257,10.803544,0.10806516,2.8728733,0.5214072,12.730009,0.25249225,766.2014,0.19920227,1544.5039,0.14327252,-43.572067,-1.772236,1648.7798,0.098682925,1269.2587,0.16565573,-45.200977,-1.6011965,2690.6665,0.10170109,851.3935,0.3602486,-50.810474,-1.3742325,-7.7388463,-0.20586461,17.982801,0.15325421,0.044579767,0.23846775,-0.008840934,-0.47327572,0.14064373,0.49051479,24.75631,0.14707592,-10.8217745,-0.32707927,1.3512814,2.5963094,-15.0521,-0.31497252,-11.211428,19.007938,0.018059699,-0.012607348,0.07805026,1.1570249,0.33333334,2.45,2.4299998,0.52,0.04,-25.331196
35.740997,0.004108126,35.640366,35.73272,35.821377,0.1810112,2.600009,1.587966,3.375595,5.32326,1.0768098,0.31619716,0.94167507,1.1416224,1.2538735,0.3121984,2.9176846,4.307378,2.653871,2.9512112,0.24395776,0.34126005,29.056858,0.15307407,-5.8357115,-1.3637594,-15.226146,-0.6026688,8.775903,0.612791,0.0070766197,1.0057999,0.7633401,0.42601594,8.885529,0.14679378,0.7208319,3.2706003,18.27845,0.18228231,831.1686,0.076907896,1293.2643,0.10071578,-27.519894,-2.2389307,1711.906,0.04635972,1093.6862,0.14199694,-32.41082,-1.8377233,2731.3462,0.034032714,800.6918,0.22354688,-44.410522,-1.2456111,-4.549614,-0.5213122,22.594173,0.1047391,0.044329535,0.20524658,-0.004084001,-1.0054076,0.259523,0.27902362,29.960024,0.0863188,-8.228921,-0.44299033,-18.156483,-0.22441253,9.518444,0.49889678,-13.436382,22.505667,0.03086334,-0.007328847,0.12986463,1.0709505,0.1347709,6.58,0.0,0.405,0.015,-22.282219
24.007921,0.010927181,23.81657,23.95514,24.193462,0.3768921,3.715368,1.8215672,3.3625355,2.6466644,1.749779,0.18925199,1.6170787,1.8058494,1.975899,0.35882032,4.215736,3.0601096,3.5129242,2.5114472,0.439204,0.29569587,35.38054,0.09178886,-19.10062,-0.28741005,1.4730929,2.427907,-14.801679,-0.23702416,0.0037592116,1.4156862,0.46648526,0.57110673,6.384501,0.11225252,-0.090656966,-22.356522,14.671272,0.17618099,441.94492,0.11567277,1232.8367,0.099544115,-15.28076,-2.925978,1368.0149,0.04195835,1008.1963,0.11103381,-10.911268,-4.187949,2500.8428,0.036929972,982.9924,0.26820707,-27.648273,-1.5084283,-5.082647,-0.177387,21.059324,0.090050064,0.018685356,0.40346575,-0.010923691,-0.17084078,0.44019365,0.20669554,35.995426,0.04644911,-20.241842,-0.1450682,0.9785302,2.9570413,-15.378485,-0.16336095,-9.989847,21.173782,0.023052014,-0.005077661,0.4381732,2.1479714,0.15974441,5.9,5.7999997,0.22333333,0.11085525,-16.731483
32.35316,0.024046708,31.643074,32.52318,32.979927,1.336853,10.64572,13.356813,4.661679,2.8305218,1.063953,0.477569,0.5449819,1.1608242,1.4471222,0.9021403,2.4030848,1.6037697,2.8336844,2.5448923,0.31982467,0.6024575,29.411627,0.19119713,-6.6495857,-1.3587387,2.905827,1.6846024,4.384339,1.587799,0.012122581,0.7848289,0.9588347,0.5555094,7.3946123,0.22028154,4.0543447,0.9541782,17.107138,0.23910402,825.1477,0.16321282,1426.643,0.15617277,-56.41986,-1.432757,1628.7032,0.08325885,1316.5635,0.18030979,-57.65202,-1.3837912,2748.75,0.036562778,836.991,0.27479845,-68.64266,-1.0724066,-5.1663904,-0.44052145,24.39745,0.08032237,0.014871239,0.81798214,0.006374064,1.2627536,0.38783634,0.40681615,32.14035,0.081360996,-10.479147,-0.26277772,1.6551967,2.3862169,2.9642744,2.2759194,-9.802074,23.051537,-0.0018331064,0.013902326,0.1096478,0.7898894,0.31847134,2.3799999,0.11,0.48999998,0.24752103,-20.368217
29.137114,0.029800445,28.823135,29.3098,29.675653,0.8525181,22.084312,16.413923,9.073427,14.980647,0.7695444,0.5209628,0.5776643,0.6838742,1.2243007,0.6466364,2.2381783,1.4552813,1.1934518,0.48688033,0.22777066,0.6169125,29.574362,0.21501793,3.3932252,1.4752183,-3.2474988,-1.9240932,0.09408382,128.69328,0.013686947,1.0041988,0.70303935,0.4766194,7.870833,0.16510881,-1.2598801,-4.55136,12.064509,0.42507038,667.4865,0.31978995,1259.4625,0.20957011,-44.003582,-1.560161,1654.8893,0.23736228,1021.3097,0.23411728,-48.938244,-1.336368,2775.888,0.14277449,870.7421,0.24455515,-58.75002,-1.0374448,-11.422662,-0.22490767,25.50738,0.1615786,0.0093786325,1.8917149,-0.024165748,-0.4194806,0.26296908,0.47642902,31.857271,0.07866256,3.7273195,1.2328709,-5.1464024,-0.7021595,-2.267676,-4.9157486,-7.566117,17.263765,0.013799473,0.012451079,0.053220067,1.0230179,0.25906736,3.25,0.0,0.29,0.08,-21.956087
33.34096,0.037796356,33.071953,33.430695,33.834213,0.76226044,163.82588,147.36821,0.5234394,2.881541,1.5183347,0.32786527,1.5083847,1.6690203,1.8144398,0.30605507,2.8563144,3.6879246,2.327178,2.4942188,0.24522921,0.5056759,18.479939,0.19154952,-8.278444,-0.8611526,-17.381052,-0.61568946,-2.520947,-2.181741,0.011498208,2.500719,0.4357051,0.7587836,8.963536,0.30606845,-6.5307536,-0.32162505,5.1885457,0.9758194,539.1872,0.13475573,1343.7959,0.103264034,-32.563156,-2.1222625,1486.022,0.04254997,1102.2142,0.19101505,-27.364902,-2.5875988,2689.3965,0.055072147,1076.9524,0.53209454,-41.200703,-1.5842919,-1.161458,-1.2924732,16.396595,0.21753524,0.038396917,0.26314777,-0.001041727,-3.8080885,0.26346356,0.42046404,19.133953,0.14182955,-10.403447,-0.4342728,-20.781752,-0.29693606,-3.3853576,-1.4124968,-6.7705274,15.672864,0.019359777,-0.0020079028,0.14136681,0.5988024,0.2670227,3.1924999,3.6688101,0.424,0.40750948,-19.707165
31.35989,0.13222651,31.378336,32.675377,33.467667,2.0893307,267.52155,343.09247,449.97498,483.27542,0.68008554,0.7233084,0.29253066,0.5734525,0.95123357,0.6587029,5.3351817,3.1004658,5.981721,2.926051,0.24010588,0.7982033,28.156654,0.2762411,-0.3109737,-32.36122,-4.713261,-2.666823,-0.7444187,-12.69972,0.027961383,1.9818865,1.0428407,0.9953434,6.260308,0.60959774,3.179354,1.0136629,26.374958,0.2507225,770.432,0.18530288,1393.2072,0.107968,-137.72202,-0.6616086,1642.8479,0.07141224,1040.1361,0.13586514,-138.60327,-0.6469003,2847.6843,0.056565356,922.3788,0.33160695,-144.9968,-0.55525166,-5.7478247,-0.5681001,22.325714,0.24996316,0.053749263,0.20856999,-0.0089167,-0.8111181,0.32283217,0.6560839,33.92572,0.1769679,-9.742044,-0.8221071,-14.089256,-0.36837432,-9.184987,-0.83431846,-9.761411,21.75532,0.038570065,-0.0050633773,0.2042553,1.2517385,1.4005603,0.21499999,0.2713024,0.477,0.6711192,-24.844202
29.667551,0.003935075,29.585321,29.668762,29.751398,0.16607666,2.7294738,1.3604975,2.229325,1.1397069,1.2842808,0.39869758,0.45310807,1.5525216,1.6080966,1.1549885,1.9898431,2.1512156,2.1856217,2.1215525,0.17594579,0.30646032,32.00676,0.19200365,-16.005941,-0.86671686,-6.1644106,-0.9951213,2.2144394,2.739135,0.0019768737,0.7419987,0.27066332,0.6153827,9.795325,0.07875036,-1.3726752,-0.58107704,8.911412,0.2541474,544.56396,0.21020938,1548.5338,0.10684069,-47.454018,-1.8056124,1435.8326,0.06120695,1311.9457,0.09252987,-47.50074,-1.7932638,2512.7153,0.0410041,1040.3492,0.19724269,-55.29913,-1.4625082,-1.660492,-0.7125171,12.968275,0.15502118,0.052830584,0.14145601,-0.006547189,-0.42018777,0.18674326,0.2785284,35.004406,0.091495626,-23.580431,-0.14688294,-9.138043,-0.26066607,4.732442,0.6916545,-12.7593155,19.31408,0.01934531,-0.018418202,0.14469531,0.5873715,0.147929,5.15,0.0,0.78999996,0.099999994,-21.015085
26.985548,0.128839,26.395365,26.823746,28.055696,1.6603317,192.38864,150.40279,56.95868,69.8366,0.80316836,0.4056228,0.4718163,0.84177494,1.0706847,0.59886837,3.8980963,2.088122,3.1231058,1.9206283,0.39443585,0.52765447,32.812077,0.23872097,3.4121122,1.756453,-3.109707,-2.5127263,-4.7516294,-1.1420546,0.06438635,1.687826,1.4953471,0.59696335,2.7399058,1.0798239,3.1008513,1.4639423,25.740578,0.17110685,435.61163,0.28142056,1313.359,0.11590465,-126.30175,-0.7223689,1346.1106,0.11367711,995.7707,0.15693094,-126.74731,-0.70469224,2484.6814,0.0716022,876.092,0.23959075,-133.92586,-0.6012567,-10.044434,-0.36565998,27.702728,0.12852664,0.029636962,0.4029617,-0.016107948,-0.43569282,0.4321834,0.41336942,37.213295,0.09101748,4.10875,1.4922874,-4.702661,-1.6581552,-4.800963,-1.0762407,-9.270407,23.669039,0.028632838,-0.00938418,0.3753933,2.841678,2.1828103,0.16875,0.1580694,0.269375,0.3078853,-22.918262
35.469967,0.08188586,32.83968,36.916306,37.41502,4.5753403,119.163635,145.38332,96.55605,131.1742,0.59267235,0.3890496,0.48614082,0.58423966,0.7199715,0.23383066,1.9477254,0.8241464,1.0500358,0.5024494,0.19206843,0.50326467,27.360363,0.16340311,-2.3661864,-2.0058134,-7.7551103,-1.036833,-9.426503,-0.7001455,0.02979842,1.0918787,1.2804587,0.41012958,3.9862165,0.54092634,-7.094686,-1.3958149,17.289074,0.31201947,608.06775,0.2449228,1449.4054,0.12492379,-90.2215,-1.0039343,1515.8334,0.10367866,1254.064,0.30845863,-89.93888,-0.9856709,2708.34,0.089609,1158.338,0.65590656,-99.74815,-0.80849934,-8.865545,-0.33740526,25.887028,0.10762407,0.021601107,0.637264,-0.0075392313,-0.7587395,0.22519794,0.4141145,29.775019,0.07508339,-2.9538233,-1.5801861,-11.842839,-0.43260452,-12.460578,-0.36461768,-7.055063,21.71955,0.023114797,0.0025290784,0.14692141,0.9063444,3.0674846,0.17999999,0.21610183,0.12399999,0.15875766,-28.373074
25.281313,0.013111768,25.12499,25.308065,25.469099,0.34410858,5.45848,2.3774736,3.9046395,1.910858,0.599926,0.27222025,0.5669006,0.6483231,0.68916166,0.12226105,0.2633516,0.23637842,0.31213912,0.22330399,0.12936859,0.33465642,35.260525,0.20433922,8.282862,0.55904293,0.09816784,60.71885,-7.886628,-0.74528414,0.0039388635,0.77193934,0.4805986,0.5040762,7.584734,0.06403153,4.5683208,0.82274956,28.414482,0.1236398,453.52103,0.14880344,1350.5564,0.09426356,-27.06539,-2.2712002,1355.8014,0.094448686,1189.1754,0.16386527,-34.92863,-1.6807753,2535.3125,0.04551549,845.5012,0.25345522,-47.563595,-1.1375525,-15.778315,-0.16058636,27.725578,0.11938528,0.0171929,0.78000337,-0.026837137,-0.29065788,0.14114976,0.20518035,37.28568,0.10931233,9.356352,0.36260477,-0.9540845,-5.335797,-9.270148,-0.46041977,-7.566964,15.386631,0.021341903,0.005890456,0.035264052,0.31397176,0.1584786,5.6,0.0,0.69,0.0,-25.99858
35.221283,0.084744275,35.688553,35.93956,36.22078,0.53222656,79.28747,70.24878,5.8306417,2.5812504,0.7930822,0.44957975,0.6035841,0.77045494,0.9821771,0.37859297,3.8134866,3.1626687,1.6404438,1.0772184,0.2585431,0.56289893,30.63314,0.18736522,-4.226732,-1.9106908,-5.03326,-1.4498382,5.237588,1.6736388,0.014255844,1.6004748,1.2014171,0.4543249,5.6869373,0.56202394,11.06881,0.61087954,22.91074,0.2822882,858.61285,0.1897147,1362.8715,0.15471207,-48.38026,-1.544685,1692.323,0.08550628,1174.7653,0.21454684,-49.064716,-1.4776199,2900.1892,0.06749311,908.80927,0.40584007,-64.18583,-1.0169344,-7.467012,-0.5554144,27.12111,0.17309943,0.050038427,0.29001525,0.004099785,2.5082796,0.27317786,0.4837622,31.759241,0.15719941,-6.104472,-1.1379331,-6.8861136,-0.9036326,6.1037574,1.3933127,-10.923811,23.40475,0.042874157,-0.0060459315,0.20658326,1.0962241,1.4705882,0.5358333,0.46140108,0.17875,0.21327431,-24.360935
33.20475,0.010705404,33.14806,33.22986,33.331276,0.1832161,12.505596,2.0272155,-0.35516885,0.30326298,0.98869556,0.36024287,0.86701936,0.9816134,1.1673467,0.30032736,2.3965452,2.0263267,0.24106437,0.046744086,0.09599198,0.88825107,33.968487,0.29584694,-3.444824,-2.064433,-4.8738256,-1.2233009,-6.0501933,-1.1363133,0.0023864096,1.5477071,0.27691227,0.93138105,12.073916,0.06463747,6.708424,0.37094995,18.561188,0.17800876,831.38464,0.07496647,1313.9412,0.08006598,-26.702642,-2.2085538,1676.3872,0.057422914,1248.9093,0.20607431,-36.371586,-1.5326741,2838.2812,0.03243644,640.1303,0.28596857,-46.306206,-1.1295606,-9.997929,-0.18676184,28.080849,0.10636492,0.018570215,0.6246914,-0.010395408,-0.41512665,0.10217177,0.8597948,37.068314,0.10553762,-4.3215504,-1.5418867,-6.031482,-0.761016,-7.5861883,-0.6403668,-4.8297505,12.968293,0.016973402,0.013164365,0.04777005,0.16820858,0.08445946,10.61,0.0,0.59999996,0.32999998,-20.940098
29.785107,0.056028694,29.234852,29.617199,30.298983,1.0641308,268.51877,185.8291,3.405234,0.0,0.84491843,0.28707185,0.7239239,0.8599151,1.0428022,0.3188783,2.2283149,0.79347,1.6163718,0.9270337,0.2616744,0.29566425,38.24537,0.123669945,-1.7835724,-2.980175,5.5676684,1.0120649,0.54738516,11.694555,0.010946633,0.8573419,0.888471,0.45855215,7.650206,0.18198174,6.3170066,0.57948697,19.504574,0.21692556,685.18353,0.27694649,1505.5045,0.13442676,-28.784563,-1.7957298,1579.9532,0.17499125,1233.7822,0.21228182,-34.291874,-1.3876531,2708.164,0.10842092,801.3099,0.29336157,-42.70872,-1.0554644,-13.216132,-0.24494092,25.822285,0.14724481,0.010458337,1.2301793,-0.0073486827,-1.0381593,0.27265605,0.24506897,39.111164,0.076760605,-2.1997714,-2.2474644,4.937179,1.0414842,0.45277554,14.249014,-14.590816,24.973024,0.01979643,0.008457821,0.13884264,2.5316458,0.7712082,1.1833333,1.63108,0.09333333,0.032998316,-21.639631
29.496712,0.15107171,30.914751,31.420214,31.838917,0.9241657,205.90947,95.25574,14.247105,13.316425,0.8881925,0.41662732,0.56985325,0.9324131,1.1712549,0.6014016,6.0621266,5.869446,6.6471143,7.890802,0.35878646,0.7499837,35.896156,0.19796914,-2.5270047,-3.1397,-2.1222596,-3.714042,-16.112679,-0.5232716,0.016792316,2.2931921,0.60449505,0.5494076,8.13518,0.38773152,2.6068287,0.9581311,28.715906,0.17733084,569.999,0.27562812,1565.1815,0.13820961,-98.97154,-1.0027946,1487.1799,0.086925864,1061.6877,0.26425478,-100.47233,-0.9583527,2810.4336,0.09738732,1029.0804,0.6401474,-110.65726,-0.7822945,-9.585651,-0.2531656,26.436892,0.0895513,0.045116127,0.29453918,-0.009433742,-0.6019835,0.26340026,0.49240416,39.70976,0.07711047,1.5429444,3.1212296,-3.6267455,-1.194897,-17.732904,-0.30265877,-6.4312754,20.584435,0.035297874,-0.002338234,0.46665165,2.8037384,0.4032258,1.2766666,1.4308583,0.885,1.1950418,-21.73451
32.830173,0.015070492,32.527546,32.888065,33.16866,0.6411133,7.9017205,4.85431,3.2720613,3.211833,1.2671297,0.36927584,0.6032591,1.502201,1.6177983,1.0145392,2.2573752,1.4714077,1.8155265,0.71856165,0.35540453,0.35946417,28.396534,0.11664727,3.4200392,2.7511024,-6.949232,-1.6033008,-11.282785,-0.7626806,0.00730341,0.96221095,0.72957474,0.48536327,9.0423565,0.18196581,-8.597146,-0.52513087,23.21112,0.15292045,550.4454,0.30461353,1535.1465,0.08397778,-46.90625,-1.6476421,1459.2803,0.12416141,1313.8923,0.21860684,-52.334957,-1.4125148,2667.0698,0.076521054,1123.6842,0.29722762,-66.71438,-0.9998737,-12.180513,-0.17222774,27.75512,0.09678469,0.018587844,0.62736666,-0.023265153,-0.3162519,0.4070324,0.2121306,29.712553,0.049373798,7.648081,0.6556415,-10.890126,-0.8356904,-14.933601,-0.3604683,-4.25947,16.510502,0.0010901701,0.009993703,0.16826066,1.3840832,0.35211268,2.26,0.0,0.275,0.16499999,-17.679314
22.07676,0.016334856,21.79297,22.087353,22.363443,0.5704727,9.646776,3.316017,9.801825,5.7579613,0.93030673,0.33533758,0.71446586,0.88476324,1.1022124,0.38774657,3.4225802,2.7832277,2.99605,2.1096911,0.35966885,0.42989206,36.07242,0.20937616,1.6360636,3.2961068,4.573508,1.4819653,0.17696878,36.68468,0.009529986,0.80365425,0.7951389,0.498935,4.8565197,0.25163198,6.422483,0.441023,27.81696,0.13109618,465.57965,0.22937332,1368.414,0.12217676,-43.45679,-1.5893211,1401.0431,0.11763904,1140.506,0.15693715,-46.995026,-1.438914,2494.9092,0.08522788,1105.4878,0.27442276,-60.418034,-1.0191745,-14.016773,-0.23493434,30.26648,0.09971945,-0.014598199,-0.8151104,-0.015917428,-0.43300816,0.36138627,0.423734,38.67321,0.07002825,2.711981,1.6727964,3.2311392,1.7347231,0.9914221,6.429467,-7.250396,15.798454,0.021669924,-0.0054055946,0.3559037,2.2913258,0.16556291,5.0499997,0.0,0.48,0.31,-19.993341
30.662891,0.04412455,30.374,30.693941,31.308277,0.9342766,66.78788,72.78632,2.814619,1.1835629,0.8494386,0.3232811,0.5580771,0.8495087,1.1073179,0.5492408,2.735029,2.6386087,1.8089236,1.2872669,0.2914781,0.4043886,31.516865,0.24250787,-14.412752,-0.34470075,0.3007777,19.06146,10.625953,0.70375615,0.012130628,1.0812876,1.0823034,0.58423966,2.3659077,0.8087888,1.7490661,0.9749949,17.358215,0.2624669,648.0705,0.21751142,1491.9347,0.113397166,-113.34321,-0.83886135,1512.0073,0.08482748,1288.7577,0.15993364,-111.53932,-0.86845356,2600.6558,0.0947373,1179.5725,0.3601491,-120.44572,-0.7240732,-3.1059675,-0.5721322,23.259565,0.08993468,0.006041016,1.5866909,0.0062681516,0.7592842,0.39061463,0.2040734,35.363342,0.079603374,-14.555437,-0.31509745,-3.629098,-0.8473734,4.6443205,0.8845997,-5.3121867,22.058468,-0.01809903,0.015948968,0.21192105,1.225115,0.9259259,0.47833332,0.9759852,0.49714285,0.45674983,-24.648682
34.679886,0.0056002303,34.52579,34.647827,34.823277,0.29748535,2.9440243,1.0933266,2.6056354,1.6099666,2.0554347,0.1847079,2.0081277,2.1148736,2.2668402,0.25871253,3.2824657,5.8280015,2.5834925,2.3317974,0.38900402,0.2302307,26.191849,0.094068564,-22.734037,-0.23439002,1.9108673,2.7630768,-15.56822,-0.43136203,0.0055058077,1.320664,0.65951025,0.5693353,9.659167,0.17055105,7.673921,0.24161488,8.2190075,0.7050217,651.65466,0.18990748,1417.3081,0.1262387,-10.232083,-4.3361154,1613.13,0.08868658,1219.7435,0.16742082,-12.905634,-3.375546,2724.2947,0.042339653,901.2464,0.444389,-16.455942,-2.596482,-0.0067302454,-265.93506,10.63802,0.39390662,0.05276258,0.18604004,-0.001173309,-7.9469094,0.39698827,0.19557135,26.562946,0.06735185,-23.553562,-0.16820191,1.8697964,2.8549862,-16.119823,-0.39957556,-3.5921302,14.872594,0.038718827,0.0049652713,0.27115393,0.43243244,0.108695656,8.72,0.0,0.45999998,0.0,-16.499874
33.914223,0.013562883,33.535015,33.75916,34.24782,0.7128067,2.8335142,1.025342,2.0051122,1.4792248,0.45343372,0.27128094,0.3947348,0.44483986,0.49600738,0.10127258,1.1815985,0.83719695,0.41256693,0.11561425,0.079449646,0.30778643,37.97074,0.10055364,-8.612402,-0.42786467,-11.593388,-0.4591556,3.6472435,1.0099623,0.004086711,0.8161936,0.7653472,0.49942598,8.486583,0.22383827,-1.6318051,-3.2699323,22.532387,0.23215505,798.77234,0.21054761,1551.5427,0.15384935,-14.84416,-2.190257,1593.3275,0.1046395,1289.5883,0.24183342,-12.624291,-2.5841408,2835.4292,0.061245687,1021.5187,0.2269479,-37.504726,-0.7526682,-3.776354,-0.74645054,29.157005,0.09490344,0.005087029,2.1196175,0.0113162985,0.47568887,0.08127101,0.26805463,38.525547,0.041321,-8.839072,-0.37495247,-11.990387,-0.39692146,3.6393187,1.0139917,-8.153743,19.411776,0.019255653,0.020980753,0.013301148,0.96,0.1615509,6.0,0.0,0.17,0.0,-31.636793
31.360868,0.06260535,31.191795,31.622221,32.22924,1.0374451,96.295395,83.56256,6.546992,6.912324,0.8372885,0.44047803,0.537408,0.7280449,1.2822808,0.7448728,4.105151,3.7730772,2.4369786,2.156244,0.21882886,0.36571193,32.437496,0.14264128,5.687838,2.1131196,-16.729914,-0.6373819,-1.6780648,-2.3761747,0.011233151,1.9081526,0.8460288,0.7876454,7.400799,0.35113522,-1.5771303,-1.1404151,27.195826,0.24313697,782.6407,0.15090536,1470.3685,0.13722922,-49.69754,-1.6822454,1622.5474,0.07433688,1131.5455,0.21177998,-54.01826,-1.4877217,2867.3599,0.060623944,724.0764,0.3528916,-67.76876,-1.073916,-8.413952,-0.51112974,27.811111,0.17320967,0.046481792,0.25434136,-0.015627768,-0.49299335,0.23201132,0.34453782,34.269012,0.090217516,3.5031805,3.6220448,-21.19614,-0.27478313,-1.2994596,-2.6836317,-15.155081,25.563038,0.025173794,-0.015804896,0.18031941,1.1494254,0.49668875,1.5366666,1.0585945,0.34,0.37629774,-23.790985
27.940994,0.20639838,27.74937,28.2322,28.956596,1.2072258,279.00348,331.6768,59.086926,38.414894,0.77000546,0.365157,0.46277356,0.82335854,1.0263193,0.5635457,2.949605,2.5565343,1.3676308,0.74116325,0.22894642,0.4220977,27.383907,0.20542854,17.060198,0.29281372,-6.954364,-1.1040143,0.7709735,13.6263275,0.032030005,2.306818,0.8200942,0.86254704,7.2279453,0.34835774,4.5597763,1.8839946,25.4679,0.32107,498.0216,0.29357803,1357.1451,0.10170056,-55.257824,-1.515458,1435.9788,0.14488748,1155.652,0.17360628,-62.36019,-1.2581176,2545.945,0.08580682,1064.766,0.4196802,-70.82492,-1.0401528,-17.277594,-0.20255664,29.59257,0.13310632,0.028469915,0.55427295,-0.027307218,-0.38555947,0.25023997,0.34635726,29.636124,0.09215198,17.623793,0.26184264,-9.740099,-0.60023206,1.4313955,7.680196,-14.417094,23.940619,0.02523569,-0.016505087,0.16787586,2.1421618,0.7827789,0.95124996,1.4366752,0.2711111,0.25886264,-21.904922
26.015802,0.0075742523,25.875027,26.021538,26.142958,0.26793098,4.2764115,4.647125,2.8179495,1.8725512,1.1511075,0.29813722,1.0545322,1.1935767,1.2914727,0.2369405,3.3037908,1.7837902,2.022621,1.8622713,0.23312785,0.48388663,33.714718,0.122722134,-20.079205,-0.2849036,-0.010278812,-536.86945,-15.2106695,-0.31973836,0.0067583937,1.0210629,0.5801393,0.57372403,7.033813,0.1529482,7.394233,0.5107282,6.9607205,0.34326327,464.87576,0.085254334,1130.6487,0.084817834,-21.457073,-2.057814,1352.6904,0.044598624,1001.1407,0.12349744,-14.26591,-3.2204316,2454.7578,0.032455985,727.79553,0.21567662,-25.51724,-1.6943822,-4.4113355,-0.2443701,15.055239,0.17668243,0.019496942,0.35355002,-0.0069327177,-0.38746914,0.24655579,0.4193049,34.662052,0.04769144,-21.28997,-0.14755216,-1.1048238,-3.035823,-15.967233,-0.23529044,-8.219571,16.598215,0.032315556,0.017446496,0.026923353,0.4350979,0.07278021,12.94,0.0,0.385,0.024999999,-21.899895
31.91257,0.02522602,31.486868,31.885427,32.198875,0.7120075,11.2678,13.662309,5.8059464,3.7273314,1.0955855,0.39217573,0.6802672,1.2331682,1.4154968,0.7352296,2.4309735,2.4651496,2.5227346,1.6286184,0.17687222,0.42094588,20.443026,0.2369747,-14.769246,-0.47038755,4.3826222,1.1055163,-16.98291,-0.49759835,0.0044689095,0.5938513,0.63211656,0.45313513,8.28186,0.1916248,5.309823,0.6180616,8.155086,0.62629235,558.1103,0.18416421,1390.3651,0.1245186,-32.93701,-2.1573977,1466.3772,0.062685,1040.6952,0.11636728,-27.138716,-2.6718817,2778.8413,0.0377713,857.83734,0.4355811,-36.60757,-1.8731074,1.2798637,2.5552735,11.193151,0.32778972,0.051828824,0.18267195,0.0039034928,1.1251655,0.19920963,0.27760458,21.803848,0.15713856,-17.101349,-0.25985423,3.199933,1.088297,-20.056763,-0.20758384,-4.5213814,12.673826,0.031307876,0.010732651,0.05521208,2.0761247,0.23201856,3.655,3.395,0.42,0.28296053,-24.474424
29.542562,0.005188721,29.463633,29.539717,29.650677,0.18704414,1.3848239,0.91182756,1.4119692,1.2777407,0.842578,0.21977486,0.75845104,0.83682984,0.9707039,0.21225286,1.4679602,0.79432476,0.7629194,0.47924924,0.18282215,0.3257863,35.437973,0.071646824,3.5457866,0.5774586,-11.126591,-0.5356841,-16.329239,-0.28537402,0.0024649752,0.9799961,0.76699233,0.45598722,8.800906,0.112265795,6.687791,0.7757073,17.639145,0.18446477,404.40057,0.22387995,1336.3867,0.06767275,-12.633093,-3.049766,1259.7653,0.112754025,1061.8557,0.093907274,-11.256358,-3.3599908,2447.2922,0.06529654,621.0296,0.16164872,-25.031317,-1.4012673,-11.755826,-0.17231606,25.841417,0.10283893,0.037175026,0.4273994,-0.03773371,-0.119359285,0.18767242,0.29170662,35.81479,0.034869935,3.616954,0.5451156,-12.098493,-0.28942674,-16.925148,-0.21470563,-12.039157,24.732273,0.030876046,0.01085114,0.05741591,0.43956044,0.07358351,13.059999,0.0,0.51,0.0,-22.735996
23.779995,0.011002636,23.580372,23.765491,23.948425,0.36805344,2.745096,2.4149396,2.2168412,2.5678475,1.0085772,0.46495318,0.6516743,1.1039833,1.3077666,0.6560923,1.865655,1.3827875,0.98637146,0.70587426,0.16370893,0.8633552,34.517075,0.22635153,-10.868747,-0.67398137,-3.3003576,-3.0932093,-3.5142164,-2.0575733,0.0044240872,1.4584779,0.3795535,0.758002,6.7928886,0.21039738,-2.1445825,-0.61894476,12.22602,0.3284267,440.4629,0.13476759,1215.9471,0.08088756,-44.76792,-1.6975029,1315.3381,0.07406022,1010.9941,0.07771539,-41.012577,-1.8969288,2319.2117,0.053967558,844.67725,0.25860074,-54.1736,-1.31959,-4.371044,-0.38535535,18.632372,0.20323633,0.01843959,0.3127719,-0.009869588,-0.39394906,0.19208431,0.7667172,37.86496,0.08739524,-12.887497,-0.49701563,-7.4633512,-0.7195991,-5.796364,-0.9476774,-6.9916644,17.30142,0.0012278366,0.017858742,0.049415495,0.7035176,0.10101011,7.99,0.0,0.94,0.39,-21.987705
37.31303,0.03101973,36.967937,37.291565,37.599033,0.6310959,34.789368,41.844814,93.42144,188.25633,0.7144382,0.3292861,0.5402239,0.7019972,0.8554869,0.31526303,2.749589,1.2818677,1.4000888,0.91975635,0.30892587,0.4126649,28.195143,0.16118787,-0.69231254,-7.431064,-3.3867226,-2.4388444,5.053397,1.2940159,0.022810912,0.48823833,1.6781805,0.34163436,3.0199277,0.5825012,5.6382437,0.6376791,23.174109,0.20359522,815.30524,0.13265082,1266.6365,0.09696313,-155.78127,-0.50042087,1708.6859,0.067723766,1008.5904,0.1331183,-156.70468,-0.4779771,2845.049,0.05017069,711.0877,0.39381617,-160.11685,-0.43194172,-7.9738197,-0.3142995,23.515593,0.13769591,0.023294399,0.5681856,-0.009942406,-0.6388947,0.40956932,0.35219714,30.13579,0.12255298,-4.3895273,-1.1340486,-9.268851,-0.7180007,2.9061377,1.5227647,-9.430479,23.04603,0.011270174,-0.007500885,0.27998954,1.3657057,2.4464831,0.08625,0.059986975,0.28411764,0.24949498,-26.364773
33.36397,0.0103220865,33.180912,33.340145,33.555634,0.37472153,2.6677153,1.4793249,1.6335751,2.0824487,1.1168144,0.42199403,1.0019,1.1939633,1.3732867,0.37138677,2.8232942,1.6865145,2.3764338,1.7536579,0.16528963,0.70038426,28.573483,0.19483376,-8.683597,-0.75708133,-1.5317628,-3.3994777,1.0104041,6.197494,0.004652126,1.7065166,0.42423403,0.8098489,10.871625,0.14090584,5.808732,0.560814,18.629507,0.19358145,606.99805,0.4633678,1337.9662,0.12442966,-36.477737,-2.0768356,1544.2874,0.16669734,1092.0057,0.13914354,-33.538162,-2.132423,2557.87,0.13099597,946.24786,0.3084208,-45.076847,-1.475895,-3.2412958,-0.756361,18.601748,0.16506544,0.043687187,0.18749706,-0.00011471482,-50.785137,0.18640548,0.61057407,28.72922,0.16708674,-10.724908,-0.42863366,-2.8630395,-1.4267375,0.3281644,19.006636,-11.754255,22.52218,0.029282043,0.006521142,0.058071386,0.95238096,0.1369863,6.16,0.0,0.555,0.105,-22.023157
24.122084,0.036843177,24.004566,24.321156,24.515892,0.51132584,9.744091,4.1214156,9.275594,6.86638,0.868089,0.39726862,0.54403937,0.9814749,1.0930178,0.54897845,2.2546897,1.5578439,1.0984668,0.7546961,0.1956066,0.47742143,30.27264,0.1619725,-0.58178526,-8.406205,-16.00258,-0.7138004,6.464143,0.9704181,0.0062585566,0.7666921,0.6334923,0.5391561,6.078447,0.27046528,2.7134564,2.6948063,18.075005,0.3678406,634.37054,0.13274887,1325.5684,0.090385586,-44.028202,-1.7839216,1542.8447,0.045328174,962.3555,0.19891119,-45.313995,-1.7193885,2746.2449,0.048000775,612.0369,0.5361671,-58.3215,-1.224736,-6.748084,-0.26362163,22.112968,0.1434501,0.010530209,0.95340097,-0.008864873,-0.6449336,0.22403671,0.2881682,32.17196,0.058493845,0.11921362,30.56447,-20.583357,-0.20000792,7.901775,0.67731136,-6.6129837,17.514153,0.026908526,0.008775588,0.08875112,1.4272121,0.28680688,2.77,3.6998107,0.52,0.5559676,-23.780348
36.150368,0.028873634,35.364532,35.670162,37.089947,1.7254143,6.741599,4.7594347,9.831853,7.9960055,0.6061431,0.43421808,0.27840704,0.6496034,0.73629737,0.45789033,3.010782,3.3584807,1.4724125,1.5129461,0.12541963,0.55189717,23.45033,0.17904954,2.8607492,1.5487787,-2.497561,-3.4422662,-6.0710416,-1.2239705,0.015132323,0.63083357,0.79910946,0.48529547,8.483141,0.16475692,2.4871418,1.1712449,18.25099,0.21054138,820.9085,0.25049087,1442.8894,0.16880545,-60.59242,-1.3808273,1669.5449,0.12141387,1269.4087,0.15303943,-59.311996,-1.3054339,2849.1428,0.102101766,739.1457,0.53196526,-65.81993,-1.1203481,-7.955593,-0.30641478,19.950924,0.15050526,0.049304888,0.25144622,0.0056713284,0.9932728,0.14408791,0.43916637,24.9949,0.08305136,1.2251215,2.112281,-6.1047163,-0.8890775,-8.658264,-0.70290095,-10.941536,19.491642,0.010902764,0.0013220672,0.06624861,1.2519562,0.15772872,4.87,0.0,0.71999997,0.089999996,-28.13688
24.935041,0.1263565,24.066145,24.197893,24.375118,0.3089733,15.348208,10.536941,16.52052,12.244175,0.92537916,0.33576143,0.7927896,0.96896195,1.1166168,0.32382727,2.0859315,0.87471414,1.34772,1.2732195,0.31998432,0.54548746,39.34235,0.12049745,4.345047,1.0590748,-1.6681272,-3.1109188,-11.688207,-0.6783294,0.01007767,1.9124731,0.9590445,0.71803004,5.951092,0.29149857,-3.8833563,-1.7232653,17.603498,0.4150793,534.38354,0.31097588,1447.8708,0.11980455,-15.923154,-3.2718887,1490.7274,0.20475878,1260.9882,0.22589606,-31.125319,-1.5101178,2584.0754,0.114292726,929.6639,0.24756,-38.99736,-1.1472707,-18.323515,-0.12953252,27.04328,0.14720893,0.04289419,0.21903586,-0.045485653,-0.26168662,0.34026957,0.49518088,40.23867,0.08916098,4.2832003,0.9933066,-1.973495,-2.328379,-12.874737,-0.52382916,-15.051556,26.587534,0.043287627,-0.009913223,0.09833589,0.90556276,0.6518905,1.408,2.6711824,0.106,0.054258637,-19.353886
26.419203,0.22856174,19.749918,28.479525,32.19116,12.44124,140.70386,117.19214,140.82056,133.44162,0.51566786,0.40011644,0.3314013,0.51366764,0.66329,0.33188874,4.249982,3.9216187,4.774438,4.6961684,0.20918642,0.68708277,27.782589,0.22104554,5.3218493,1.0980514,2.1434858,2.934896,-5.043679,-1.3899823,0.056818545,1.4562023,1.4175518,0.6302814,3.7468708,0.53855467,3.7773483,0.80824184,27.604633,0.22115213,553.1279,0.2858894,1548.6243,0.11946353,-139.59177,-0.64808536,1530.9644,0.097832985,1105.3655,0.32699186,-140.47289,-0.61902833,2718.3677,0.09684536,1039.4086,0.4709378,-144.29521,-0.56483823,-12.466923,-0.34951183,24.293657,0.17307092,0.060899053,0.16827358,-0.013447821,-0.64562863,0.24341348,0.59181356,30.930038,0.102821805,5.394641,1.0711918,2.9845097,1.3098726,-5.524009,-1.0987884,-11.58655,23.712275,0.047573168,-0.01345462,0.19114658,1.238938,1.4285715,0.21124999,0.2153159,0.41555557,0.44666943,-28.165298
39.532127,0.019628469,39.012093,39.651714,40.14619,1.134098,12.381866,8.024525,8.434674,7.4517355,1.0681976,0.714556,0.3435396,0.60493,1.9717875,1.6282479,5.303118,3.8811471,4.737186,3.8591027,0.29547733,0.8036282,13.032421,0.45143417,-1.4947119,-4.693722,-7.677129,-1.5552608,-3.441481,-2.1082237,0.012177647,0.53932613,0.8133202,0.37163818,6.9816275,0.35424432,-2.2215102,-2.455293,14.570825,0.3522915,842.0079,0.13872607,1316.3942,0.12953828,-122.44943,-0.77569175,1722.0887,0.06097799,1151.2538,0.23653233,-123.69819,-0.7475445,2760.066,0.041976348,786.1026,0.27220112,-128.34196,-0.6771458,-3.339629,-0.88024104,18.209028,0.1525226,0.04509223,0.2885775,-0.0052722,-1.3889632,0.5396331,0.29724386,10.583722,0.32384205,-7.3371553,-0.42052883,-19.669918,-0.28720367,-6.147593,-0.9185479,-5.8065977,13.276519,0.019129803,-0.007662072,0.13121428,1.6632017,0.4201681,0.96,0.84999996,0.93,0.64565206,-21.134678
25.891733,0.035568137,25.00828,25.951118,26.639217,1.6309376,11.572342,17.692873,6.886401,4.149938,0.6491475,0.38383442,0.46052447,0.6878719,0.79257315,0.33204868,1.7211071,1.1539,1.7582573,1.3115077,0.20715289,0.4269935,29.018461,0.16497162,-6.4800563,-1.0789598,8.193927,0.6593195,-2.13577,-2.068742,0.01649677,0.8754013,1.035137,0.48689476,3.7545907,0.33165047,1.4418892,3.3910108,8.56097,0.58528376,551.87946,0.17921631,1354.3198,0.11066487,-101.07979,-0.90667,1452.8956,0.07272193,1174.2217,0.19808862,-101.82044,-0.8919543,2662.7937,0.04686707,887.67224,0.4568046,-105.943855,-0.82067674,-7.557818,-0.35578936,18.630165,0.17886086,-0.004386578,-2.7416694,-0.004992244,-1.1011539,0.23038398,0.31791165,31.035145,0.10871605,-9.263732,-0.6123745,5.773106,0.9335574,-2.708019,-1.3130972,-9.505429,18.669218,0.0012764422,-0.0041799247,0.18365599,0.98643655,1.4888339,0.34666666,0.48000574,0.28076923,0.28784242,-27.678291
33.44455,0.14189744,32.502865,33.116234,34.151127,1.648262,167.76587,22.544033,74.450775,136.97925,1.452075,0.27630386,1.2617098,1.5174623,1.7044756,0.44276583,4.968743,4.292116,-0.99343175,5.1900253,0.43109006,0.7395828,23.184345,0.1509405,5.1201587,0.7731154,-19.23292,-0.40273646,-7.3464904,-0.9991022,0.03163278,2.7566311,0.8585539,0.77310926,7.2414374,0.45026982,8.109502,0.667282,22.852493,0.23775215,775.79553,0.099597014,1311.7948,0.12307737,-38.93577,-2.0574238,1690.7659,0.049399566,941.71985,0.1977493,-48.48865,-1.5539795,2936.057,0.04298252,553.5265,0.4514053,-57.048687,-1.2503166,-10.355172,-0.2669824,21.501188,0.19399635,0.061820623,0.24136105,-0.026416782,-0.34768414,0.38717347,0.50463283,23.021929,0.15164006,5.0889697,0.78885657,-21.111162,-0.2571513,-7.0312753,-1.1085901,-12.075816,22.503836,0.05813591,-0.030157749,0.5161556,0.74719805,1.0062894,0.78,1.2692715,0.1711111,0.1732336,-18.238373
33.36835,0.007960867,33.2218,33.388107,33.518692,0.29689026,2.860389,1.4335436,0.8323785,1.5656195,0.7231493,0.52355385,0.23384514,0.71610403,1.0434816,0.8096365,1.5354404,1.6545036,0.5592034,0.31211373,0.12170635,0.58315897,28.057951,0.32617098,-2.086191,-2.535231,-13.723533,-0.6986428,2.4728327,2.1061633,0.008783427,0.65584034,0.6653439,0.46995115,9.194374,0.12848854,1.7327042,0.86017185,21.887785,0.18605775,706.7442,0.112869486,1401.1873,0.06783417,-50.209988,-1.6877147,1591.1831,0.032447662,997.5377,0.072684444,-53.734726,-1.5396161,2732.0256,0.020732766,630.22534,0.14971721,-65.90282,-1.1524264,-7.7435627,-0.21123263,20.570795,0.14325988,0.056589093,0.14375326,-0.012257394,-0.31570047,0.14909446,0.40400666,32.85818,0.077119365,-4.422213,-0.5703225,-18.713095,-0.16526912,3.7137938,1.2467159,-6.6905265,14.75918,0.041412648,-5.070393e-05,0.03789134,0.26143792,0.13157895,5.7599998,0.0,0.905,0.105,-25.90496
34.518253,0.038848143,34.429665,34.612236,34.812878,0.38321304,95.83428,80.20429,44.093105,65.53641,1.2900392,0.30149806,1.2226031,1.4011593,1.5172741,0.29467106,1.5487665,1.4412389,2.2390988,1.8469788,0.33599558,0.43043947,28.339254,0.10027996,-4.0616045,-0.8128213,-13.845284,-0.60867625,-5.222268,-0.6839422,0.02241654,1.4783411,0.8741908,0.64060134,7.472896,0.5001543,2.3647907,0.8715288,21.52905,0.21414669,718.27075,0.12431804,1463.2328,0.104946405,-37.311543,-2.0490527,1638.0424,0.058000978,1140.0702,0.29896855,-43.585808,-1.6795903,2849.7878,0.07943828,768.89844,0.4701348,-55.246353,-1.2272985,-7.5753646,-0.2721626,21.550255,0.103940845,0.05514482,0.18594761,-0.016545922,-0.22095734,0.35445952,0.38894328,28.565351,0.084633105,-4.5935235,-0.5629098,-16.792093,-0.24831364,-5.265631,-0.56948924,-10.776025,20.615171,0.047187246,-0.016411385,0.25741264,0.48192772,0.5645161,1.4385715,2.22422,0.2725,0.31846312,-20.09412
30.375078,0.02649785,29.709816,30.23374,30.974098,1.2642822,17.27436,20.840841,8.608296,2.8156872,0.6944501,0.32560208,0.49280196,0.63930935,0.8896729,0.3968709,2.7050662,2.2501137,2.2003694,1.2712735,0.3177794,0.36789483,28.060154,0.13212666,2.6451383,1.9116665,3.911274,1.6992717,-6.809953,-0.8953987,0.02648243,0.79302186,1.460274,0.5416083,2.24024,1.0171459,1.6923481,2.5891771,22.752117,0.1866248,664.9923,0.2320034,1523.8279,0.124339335,-147.70119,-0.55842763,1609.9415,0.10683023,1297.5305,0.20406553,-149.23557,-0.5263985,2663.2346,0.087182865,1155.0203,0.46976575,-151.76755,-0.49147204,-11.578191,-0.23011231,22.941513,0.15639156,0.04916074,0.19439858,-0.021515451,-0.40346724,0.40151176,0.26417038,29.39866,0.09348895,2.191542,2.277723,0.3623247,18.383322,-8.861673,-0.7383754,-12.7623825,21.484823,0.0441843,-0.019794444,0.28544295,2.7079303,2.34375,0.11,0.11357816,0.27307692,0.33919325,-26.530422
39.48244,0.0037140865,39.389446,39.46548,39.54711,0.15766525,2.7364776,1.572835,1.3092225,0.6389624,1.7695231,0.32769245,1.8444517,1.9139743,1.9825186,0.13806689,1.9994045,1.3498665,0.4414425,0.0,0.16749169,0.6502215,21.409935,0.16832608,-34.33336,-0.429476,-12.34206,-0.67888266,-18.161192,-0.46173114,0.004470372,0.55013305,0.40878028,0.46270534,12.789805,0.09009965,-5.453001,-0.22239116,4.429856,1.0963054,592.47864,0.3956588,1613.2766,0.13664731,-42.362488,-2.0649028,1512.6235,0.1078982,1354.3279,0.10712997,-14.759895,-4.3014684,2394.539,0.123287015,1216.0017,0.19187717,-24.067022,-2.5115705,2.6656265,0.34116292,15.238724,0.10184246,0.0635546,0.13295494,-0.006660022,-0.4727314,0.18317814,0.57838935,21.379753,0.14896533,-39.137966,-0.080695145,-14.791464,-0.2957797,-20.380842,-0.21447362,-12.506165,21.55379,0.03564808,-0.0023523406,0.036026385,0.15037595,0.15174508,5.89,0.0,0.68,0.0,-17.928526
30.781301,0.0120891,30.545387,30.778343,30.969643,0.42425537,9.463793,5.3079014,2.8510492,2.1195238,0.6088007,0.3521694,0.48697406,0.5605449,0.76210165,0.2751276,3.7360501,1.992102,0.50163126,0.7554437,0.09734709,0.434231,28.127651,0.4135845,3.0598416,1.7313261,-8.515582,-0.89039445,7.1945605,0.97904074,0.0045287376,1.4167265,0.5344245,0.56998914,9.635967,0.11573368,18.94006,0.23359387,30.847088,0.100148335,921.93805,0.18487777,1419.423,0.18563557,-44.067005,-1.7133442,1737.0131,0.12977709,1466.6921,0.2129726,-48.609676,-1.4818393,2959.445,0.077857055,1003.3778,0.30335847,-63.41044,-1.0225959,-6.718504,-0.33067462,30.091103,0.10316017,0.028519066,0.3937803,0.011333049,0.7658058,0.10071405,0.38404185,33.20232,0.123157084,3.4644186,1.4456586,-11.361315,-0.42968476,9.105672,0.6686122,-1.9781363,8.4004,0.03618754,0.0036328356,0.08307831,1.0914052,0.13736264,5.94,0.0,0.655,0.205,-27.33018
25.157616,0.010551711,25.036213,25.15453,25.309021,0.27280807,3.6696916,3.5505033,2.9258616,5.672681,1.2675289,0.28687316,1.1438569,1.3323746,1.450491,0.30663407,1.8735902,2.22504,1.0665525,0.61831856,0.26755723,0.5220696,30.559189,0.116832726,-15.94318,-0.32481843,-11.190404,-0.67513883,10.054409,0.5112169,0.006843578,0.9872093,0.52757436,0.58598286,6.626599,0.21762763,-9.338232,-0.35185668,9.051508,0.4385621,668.43085,0.23410259,1563.5095,0.13313858,-19.52912,-2.5876203,1481.9867,0.09078519,1297.7146,0.121706694,-9.453286,-5.6026206,2665.906,0.050920714,904.549,0.24303487,-28.193064,-1.695381,2.3479526,0.5689051,20.65767,0.11758708,0.018891523,0.48790246,0.021089114,0.18774748,0.2811616,0.4671177,30.84543,0.10013059,-17.095013,-0.1622066,-13.0310755,-0.2238534,10.306526,0.47171766,-9.58729,23.453276,0.0004731035,0.018635528,0.10939402,0.5479452,0.09174312,10.11,0.0,0.38,0.11,-20.341898
35.72097,0.007541122,35.6171,35.70542,35.821968,0.20486832,6.812593,3.9559965,4.6556263,4.435489,1.019286,0.39700454,0.8309424,1.1796757,1.2994149,0.46847248,1.1317825,1.2197742,2.5045748,1.546522,0.12359337,0.45487002,34.819885,0.24687736,-15.921275,-0.5724853,-4.2759876,-2.0079296,-8.136729,-0.77879107,0.006402001,1.7599107,0.37056503,0.60934925,12.029425,0.15016517,-4.2358065,-0.5229424,12.742649,0.4951051,852.60345,0.08939815,1236.2463,0.12454401,-36.221775,-1.8214511,1696.6019,0.047865663,935.3337,0.13341254,-34.70047,-1.9059982,3037.784,0.05063383,572.58655,0.7455442,-48.172237,-1.2653288,-3.1493542,-1.0883805,23.095467,0.22223347,0.050423667,0.11622636,0.008966429,0.5751191,0.13993743,0.29596725,38.121143,0.06873721,-18.945448,-0.27813888,-7.3440204,-0.5011649,-10.05111,-0.430704,-7.386448,16.871738,0.014666688,0.018546961,0.024032718,0.77653146,0.08665511,9.95,0.0,0.78,0.55,-21.500404
32.235744,0.073499456,30.749475,32.146355,33.32924,2.5797634,63.457607,76.3278,78.90332,2.6032028,1.1089755,0.36139172,0.84145564,1.0704657,1.262488,0.42103237,2.915324,1.8265917,3.1484828,3.1779687,0.22768703,0.6752056,35.741287,0.11740919,-4.1252246,-2.499537,7.2305064,1.053197,-12.3636055,-0.81249154,0.010774463,2.4097617,0.6851723,0.8115489,8.3942995,0.5726044,-1.0126538,-5.676123,17.854277,0.51275927,585.4769,0.2255447,1469.2565,0.1272884,-9.448332,-2.9704354,1571.7094,0.08860068,1123.9541,0.3170507,-15.489056,-1.7369535,2697.0706,0.12523836,1050.4172,0.5867755,-25.779556,-1.0169585,-12.013849,-0.42293724,23.619259,0.2548401,0.05371269,0.2599923,-0.027172726,-0.39159492,0.22537428,0.64135814,36.02506,0.10581686,-4.3573766,-2.371281,7.48196,1.0106281,-12.436718,-0.81601477,-13.156904,21.478733,0.063737825,-0.037609346,0.36220455,0.4803074,0.3861004,2.5225,4.0751095,0.06666666,0.01699673,-20.332054
28.988827,0.016351093,28.624142,28.895298,29.315723,0.6915817,4.110623,2.2671807,5.090698,2.8007274,1.2480079,0.20123315,1.0970813,1.2666129,1.4263644,0.32928312,1.3386562,0.63706774,2.006031,2.1631424,0.4865405,0.27129567,33.76135,0.1044701,-3.5329094,-1.0412787,-3.1655781,-1.6072384,-22.064716,-0.3022895,0.007173821,0.6712823,0.97169256,0.49610925,5.2865696,0.2960888,-0.62228477,-4.9287415,22.506327,0.39505565,595.1962,0.16385078,1460.0632,0.10811969,-13.595268,-3.5225427,1514.4309,0.08028582,1255.145,0.18375872,-23.249874,-1.9524349,2670.587,0.0708257,1003.7467,0.44924283,-37.042595,-1.1287211,-10.875908,-0.17805392,24.689896,0.104856834,0.03648657,0.2617793,-0.01924783,-0.38651899,0.49818948,0.24236463,34.52863,0.057390273,-3.3436074,-1.1090579,-4.1483655,-0.8699135,-23.374517,-0.19870085,-8.231349,19.290113,0.012240129,-0.0027396323,0.38122806,0.7827789,0.3952569,2.36,1.49,0.14999999,0.13,-19.733002
36.543327,0.016694423,36.432465,36.589653,36.80449,0.37202454,-1.9467831,4.068949,12.524036,12.264421,0.92095643,0.61472183,0.21743345,1.2842277,1.4118408,1.1944073,2.7134047,3.5961251,2.2443027,2.4419577,0.113629274,0.6206718,23.269651,0.4149593,-5.4713116,-2.4129417,2.9495223,1.6530721,-13.878223,-1.0331718,0.007517479,2.271415,0.5791853,1.5336612,12.0406475,0.28678587,0.24600461,9.213422,16.136448,0.2263153,796.68976,0.11653362,1373.6869,0.13009582,-80.69716,-1.1652446,1682.908,0.06775622,1076.9257,0.13889934,-84.65119,-1.0731891,2897.4746,0.034745783,604.3526,0.29398218,-90.31408,-0.95565784,-9.040476,-0.39532,21.566576,0.15563321,0.06882344,0.12981853,-0.012849938,-0.5132668,0.15549707,0.36028358,30.36949,0.09889697,-14.360633,-0.5417701,1.9102477,1.8508174,-23.706766,-0.3148297,-7.0270424,14.172664,0.024981327,0.007334092,0.04617891,1.5030947,0.26642987,2.3166666,3.2338452,1.06,1.0141252,-21.605312
32.06207,0.033756588,31.7535,32.21328,32.41025,0.65675163,39.6268,30.282568,3.675511,0.00075280666,0.7926298,0.36944103,0.4927421,0.83005404,0.97725534,0.48451325,4.437276,4.952257,1.3317779,1.4773431,0.26084414,0.29111633,24.308977,0.1307851,13.683389,0.35452828,-9.309595,-1.1135961,-12.633366,-0.77240276,0.008875893,1.1549025,0.98503685,0.49273142,6.107525,0.3762709,7.3442206,0.32416764,29.332954,0.15418702,705.99255,0.22928296,1440.9646,0.14005968,-61.632126,-1.4625108,1639.7985,0.13372591,1256.9631,0.17919226,-70.41304,-1.1849036,2799.3806,0.073623344,998.5419,0.31097123,-80.12398,-0.96137786,-11.9611025,-0.28096515,21.733473,0.1434627,0.024348626,0.40798533,-0.02126002,-0.4425385,0.2870507,0.23569812,24.814007,0.13291304,14.085576,0.38218835,-14.552328,-0.49398682,-17.894304,-0.31205964,-13.492357,23.677588,0.009924529,-0.014872812,0.20150484,0.921659,0.61919504,1.13,1.5670514,0.45999998,0.28301942,-24.906698
33.665092,0.06990135,32.61728,33.185165,33.88951,1.272232,36.839123,32.246166,66.51878,33.82957,1.0118179,0.63663775,0.41538528,0.77360725,1.815114,1.3997288,4.831319,4.1680574,5.879885,4.869288,0.22601144,0.878003,19.76283,0.47442946,-6.7273655,-2.755284,1.7275863,5.8442883,-0.5791224,-13.38312,0.015802767,2.189694,0.7238645,0.94804996,8.539663,0.3810403,3.9900005,1.4849019,12.255431,0.6728871,670.3393,0.27192882,1428.6754,0.17929657,-97.57797,-0.98613906,1646.8954,0.08757107,1203.8226,0.39766118,-96.70871,-0.9663268,2703.6882,0.071553305,945.34155,0.41625294,-100.079254,-0.90199304,-4.7925224,-1.4989239,17.234,0.3192578,0.046255756,0.37320128,-0.008887728,-1.6909139,0.29970667,0.7723292,25.294552,0.33390197,-13.730396,-1.5768269,3.09867,3.9200454,-1.3641552,-5.8066034,-5.3318586,12.53203,0.031297874,-0.0077139493,0.13554358,1.7994859,1.3054831,0.408,0.48602054,0.33400002,0.3377336,-21.776459
34.00341,0.08692449,34.39376,34.69761,34.91398,0.5202179,84.5225,72.99804,0.46075106,12.8179865,0.7822011,0.51337224,0.3397328,0.89334315,1.1772118,0.837479,2.5622969,1.3872734,0.82309324,0.68679076,0.15317333,0.47399616,28.64713,0.33811265,-5.564152,-1.832808,-10.084335,-1.0694332,0.27378958,28.956411,0.012061294,2.6323905,0.6166528,0.7968778,9.6991625,0.34832317,-0.078033306,-36.203766,16.766157,0.30397198,620.77026,0.28613877,1651.9941,0.11215693,-92.03744,-1.0761507,1551.8013,0.11003461,1390.3544,0.15115723,-92.3135,-1.041982,2463.6458,0.106756255,1187.055,0.22917442,-98.54976,-0.92032325,-5.6293817,-0.4825185,16.69583,0.16534245,0.05613541,0.17505272,-0.010961426,-0.7060868,0.18751983,0.3853851,36.624058,0.110365234,-13.274379,-0.42684367,-18.139084,-0.32118967,1.5318226,4.338145,-8.842463,17.515875,0.045838792,-0.009464845,0.110010624,1.1583011,0.5181347,1.0649999,1.0050497,0.84,0.46146506,-24.951393
33.17488,0.06566969,33.22871,33.872696,34.09487,0.86616135,21.220499,23.746256,-1.8741888,22.04773,0.779648,0.5766526,0.15879636,0.91162854,1.2073689,1.0485725,4.484018,4.539888,3.7167566,4.8671904,0.13557956,0.64177257,30.762856,0.23899186,-4.222684,-1.1326176,0.8963679,9.580286,-8.825435,-0.80910075,0.009226127,1.1607442,0.4986658,0.89398557,10.475733,0.22750683,-0.07552412,-38.402184,18.260307,0.24549848,700.605,0.19223484,1386.7404,0.10670252,-72.65012,-1.2722435,1590.143,0.064473465,1073.392,0.16568401,-77.90575,-1.1352478,2792.177,0.03289642,619.47626,0.6108124,-84.14007,-0.9980753,-9.791255,-0.2236774,21.9184,0.15080664,0.046881225,0.18881358,-0.017087294,-0.49856746,0.16422959,0.2506753,35.056046,0.09135311,-4.776712,-0.7830739,-3.435951,-1.1146184,-11.969095,-0.4136533,-7.530544,17.224415,0.029770419,0.00493751,0.08404233,1.4446228,0.48543692,1.3399999,1.7196705,0.5225,0.49650654,-23.13444
23.429441,0.009411241,23.260775,23.375803,23.611294,0.35051918,4.464251,2.5539393,3.1528885,1.7349045,1.0693521,0.32765973,0.9627862,1.062594,1.2151028,0.2523166,3.0396478,1.9297423,1.1610878,0.5355646,0.29099348,0.5357066,30.380583,0.15813193,0.64598936,8.052263,-1.3414918,-3.7294111,-0.3336041,-16.40629,0.009545245,0.73420346,0.66005194,0.6301056,5.841006,0.17664388,3.1942716,2.2644928,14.412992,0.5488715,491.0459,0.13575509,1326.4521,0.11085158,-30.493923,-1.6666541,1324.7871,0.042455677,1061.7712,0.15290149,-29.125534,-1.759521,2642.5115,0.032635186,624.1148,0.30495352,-40.250343,-1.1903018,-8.884177,-0.24433412,22.911335,0.11240387,-0.013836946,-0.47316822,-0.00888048,-0.5866154,0.31159422,0.46664372,31.162737,0.11969046,0.28052175,16.650131,-2.3907113,-1.4662079,-0.18040712,-28.650742,-11.690955,22.481743,0.024162674,0.011540213,0.051393107,0.5602241,0.28490028,3.21,0.0,0.28,0.0,-19.974329
29.019178,0.09665535,29.538366,29.722843,29.889372,0.35100555,148.688,166.13829,55.364872,71.901146,0.5735377,0.2959325,0.40887144,0.62579054,0.70654625,0.2976748,2.4249651,2.8005424,1.2793534,1.3865391,0.13537125,0.40778452,20.959423,0.2641175,20.011374,0.3671697,-2.6242938,-3.0832922,5.185146,1.4788527,0.01042668,1.6486737,0.83716464,0.4835403,7.507746,0.23598832,6.233649,0.6299415,29.142902,0.16897978,538.75024,0.34578615,1564.211,0.124223955,-62.16899,-1.3809046,1538.0465,0.12977459,1100.3562,0.282329,-65.98971,-1.2389106,2749.1187,0.096498385,1195.2905,0.5425493,-77.20051,-0.96963525,-13.977138,-0.24609543,26.928547,0.16301553,0.024037434,0.51625586,-0.009220309,-0.7677503,0.14038321,0.28704005,23.455805,0.09308992,21.505985,0.24625851,-4.899367,-1.1840504,7.0847588,0.92491835,-11.334548,18.110283,0.018329041,-0.009502702,0.12465553,1.6352202,0.5063291,1.43,2.210113,0.41799998,0.16581918,-27.769352
33.745735,0.016336495,33.42267,33.844433,34.152927,0.73025894,6.016954,3.24694,7.877611,6.78219,1.2854273,0.52348673,0.7909592,1.3048213,1.8866454,1.0956862,4.850842,2.0516715,1.55747,0.5405773,0.32817924,0.8359699,29.42668,0.12484798,-25.08554,-0.40616682,-15.785521,-0.6282858,-3.7496352,-1.578739,0.014638698,1.7974434,0.92363346,1.2488804,8.17518,0.6940569,-3.3169143,-0.98329204,9.33659,0.42159942,559.81476,0.32514673,1373.3228,0.19323818,-43.486572,-1.885417,1505.2322,0.10208184,1190.5383,0.2234053,-34.401653,-2.427324,2646.5225,0.08251408,1173.2465,0.38544142,-51.09828,-1.4720622,2.0774493,0.95962566,22.87745,0.15064818,0.03465797,0.319499,0.010419989,0.40463844,0.3815214,0.713795,29.38402,0.097660124,-29.417957,-0.17599896,-19.94408,-0.21044476,-4.2980857,-1.4345428,-5.37505,22.261848,0.02149517,0.015205978,0.15111893,0.68728524,0.6993007,1.125,1.0749999,0.18666665,0.17987649,-18.483444
35.523415,0.0044043893,35.42038,35.53687,35.640793,0.22041321,4.0259347,1.7695223,2.7735665,2.3819253,1.2663023,0.44825202,0.31800455,1.449953,1.6577915,1.339787,2.7234876,2.4980817,1.4766755,1.4618846,0.25229627,0.48179722,26.430664,0.18065177,0.16569607,43.309338,-15.869021,-0.70847464,2.781758,1.9122344,0.007771394,0.8616143,0.6643418,0.6520965,10.405439,0.16589458,-2.3113406,-0.55332726,20.68233,0.18591554,729.4002,0.18185854,1503.1096,0.10198842,-48.327377,-1.6779535,1628.6,0.067830265,1157.5769,0.20001966,-51.454468,-1.5338339,2714.2456,0.06193513,946.0265,0.32204247,-63.40771,-1.1456746,-6.518116,-0.35499293,23.834602,0.119230315,0.050378192,0.17184503,-0.006865706,-0.6720107,0.2974048,0.3340066,28.30079,0.11567281,-3.0322416,-1.2836624,-21.462557,-0.19542955,2.740105,2.0346391,-12.517792,21.244984,0.0083046565,-0.0080981245,0.09629326,0.5302227,0.10660981,7.3199997,0.0,1.015,0.155,-19.325237
29.605713,0.019590212,29.139116,29.585709,29.906872,0.7677555,5.430023,3.6306462,8.2065935,10.573978,1.1744831,0.2038036,1.1249652,1.2397355,1.2998359,0.17487073,1.6909689,1.1532015,0.7515595,0.76244664,0.23502311,0.3394781,33.51362,0.17454432,-10.975452,-0.4356547,-5.965493,-0.68139607,-11.926783,-0.81176007,0.003462899,1.060047,0.45838946,0.5581195,9.017304,0.12106804,7.5373034,0.7939971,15.075326,0.21486011,452.39697,0.094458796,1279.0436,0.18529318,-18.255926,-1.9610447,1329.6129,0.04319663,1041.8986,0.11927262,-8.616295,-4.3404937,2504.9932,0.04618506,814.8416,0.22056974,-25.901154,-1.3160727,-3.4680715,-0.5537678,19.982769,0.12980102,0.021076247,0.619766,-0.0044171815,-1.0102115,0.24268727,0.28769973,34.34033,0.113705136,-11.621497,-0.28360695,-6.380546,-0.53215235,-12.843337,-0.6424326,-7.122701,15.49917,0.025891362,0.024084575,0.02704457,1.1560694,0.19455254,4.94,0.0,0.17999999,0.0,-21.380966
35.623436,0.015355933,35.229507,35.563065,35.927242,0.69773483,52.61086,123.35278,9.827149,13.234125,1.4862964,0.32396194,1.379282,1.5823275,1.8028243,0.42354226,7.953855,5.7725635,6.244361,5.309356,0.48585713,0.52689016,24.20974,0.25087282,-26.16874,-0.36728936,-17.190317,-0.39083722,9.441309,0.6449226,0.006030085,1.5650617,0.9025513,0.49087322,8.831719,0.33354542,-3.6659446,-0.51246315,4.888349,1.1020136,681.3408,0.16524857,1342.8599,0.12580493,-23.107296,-2.5417376,1605.0981,0.06752119,1308.4565,0.2516933,-16.236996,-3.7449265,2625.5435,0.10256222,998.7547,0.5413516,-29.803513,-1.9009396,7.463673,0.22593382,20.017445,0.12486246,0.042160414,0.32599565,0.02573225,0.19538483,0.527109,0.42908338,25.724722,0.1200355,-28.992119,-0.15955636,-18.833736,-0.22168736,9.388895,0.64740264,0.46479627,14.921342,0.020242667,0.022730147,0.18378735,2.3872678,0.53763443,1.66,1.64,0.11666667,0.055577774,-18.178564
33.654884,0.009989094,33.3877,33.58901,33.93995,0.5522499,3.684105,2.2256455,2.5234084,1.4544711,0.69792485,0.47384247,0.3387182,0.7218078,0.92300683,0.5842886,1.6704277,0.9323308,1.1626476,0.49065173,0.13034329,0.450239,33.99123,0.22573978,-5.754917,-1.3019354,-3.0813696,-2.8074198,9.799206,0.46107817,0.006682779,1.1555331,0.68869066,0.48796123,9.790603,0.15517743,-4.0108914,-0.47318745,17.232471,0.23946826,878.4556,0.060887303,1140.8506,0.11732156,-51.057552,-1.4919491,1739.357,0.04102291,941.0322,0.15195344,-54.102177,-1.3795459,2954.6646,0.03551797,638.6529,0.33997956,-68.758385,-0.97753584,-8.581774,-0.47188398,32.309204,0.08770912,-0.010518377,-1.2687753,-0.0032518099,-1.7838559,0.14718999,0.37423548,37.60859,0.064603254,-8.110491,-0.7894011,-6.671576,-0.79225117,11.046902,0.2937879,-10.410353,21.550081,-0.0071550845,0.008380475,0.06848296,0.921659,0.15479876,5.12,0.0,0.655,0.074999996,-24.093569
29.859482,0.015088213,29.542421,29.802404,30.128637,0.586216,7.1616907,2.7674732,14.120904,27.919025,1.3478208,0.23501155,1.0781158,1.3017268,1.6607647,0.5826489,3.6525507,1.5359602,3.1507866,1.7150047,0.3855915,0.30007643,26.535568,0.13729836,-3.204634,-1.7850533,-14.987019,-0.44025883,29.719141,0.15937275,0.013815549,1.0153329,0.94280773,0.56244916,5.3804584,0.49967387,3.4519544,0.7150942,17.854177,0.5290172,856.8759,0.16485378,1378.3756,0.17839853,-15.486537,-2.09023,1662.1364,0.08840397,1216.6592,0.17808868,-13.631297,-2.3774385,2704.3594,0.05141414,832.9213,0.27428555,-26.756765,-1.1207691,-2.4542599,-1.3208345,18.371841,0.15469974,0.03321559,0.3581209,0.008488531,0.68680155,0.37980646,0.28358892,26.731926,0.12552501,-3.2362401,-1.7966521,-15.109602,-0.4237337,29.800821,0.14815491,-3.6153717,17.16415,0.024136174,0.008388014,0.4402395,2.9490616,1.0869566,0.8775,0.96859103,0.03333333,0.012472192,-20.258986
22.469957,0.07144708,22.018047,22.316462,22.673264,0.6552162,21.599602,22.768585,54.61972,52.112747,1.3914329,0.31671208,1.3305944,1.518261,1.6631485,0.3325541,3.6650417,2.8152285,2.452406,2.0242615,0.32287267,0.44680408,38.81629,0.13993086,-19.498642,-0.41850245,-6.6469817,-0.774556,5.860862,1.0645524,0.007335189,3.4283962,0.61421347,1.0762599,5.0585423,0.26099604,0.4377206,4.771013,5.379507,0.91123915,436.54083,0.38045678,1371.8506,0.09206841,-28.954006,-2.43258,1355.1188,0.17353685,1019.3188,0.08398571,-25.61481,-2.7893822,2451.715,0.103908874,840.4832,0.20991376,-35.672955,-1.8909078,-1.3547564,-1.2701131,11.38993,0.20420443,0.023733506,0.33363014,-0.007793397,-0.40095347,0.34306595,0.30949628,40.549778,0.07160359,-22.412884,-0.12511455,-8.245721,-0.3049187,7.5662684,0.59655726,-8.679341,19.046457,0.017581202,-0.0031016627,0.21800546,1.1577424,0.1457726,5.87,0.0,0.48,0.12,-19.2362
35.164265,0.024732394,34.903316,35.239887,35.46984,0.5665245,-27.954586,22.996222,2.321685,1.6113075,1.3047929,0.41956565,0.59796184,1.5017548,1.6427802,1.0448184,3.0278885,2.411261,1.0043674,0.19147812,0.41544902,0.5207884,24.483608,0.16673447,-9.351963,-0.68803203,-14.194986,-0.81155777,2.1014068,3.0214531,0.011476047,0.483751,0.91448593,0.4131877,7.1479707,0.2760646,-3.2293947,-1.309209,9.781587,0.6056269,694.4578,0.17309959,1440.6998,0.1447528,-57.28417,-1.4875745,1565.902,0.09755665,1202.0991,0.3279244,-52.960117,-1.6469971,2723.619,0.1226191,908.32886,0.5272287,-66.70135,-1.1878003,1.3092577,1.7801985,21.9879,0.14243557,0.02871154,0.41466266,0.013526694,0.5229368,0.49363202,0.3935715,24.529915,0.11681443,-12.317978,-0.24351083,-19.927607,-0.18689737,3.1802871,1.7533542,-8.089466,20.256365,0.022032103,0.00038079565,0.2005015,0.42553192,0.2857143,2.58,2.56,0.5966667,0.11115555,-19.758448
35.478436,0.021448204,35.511433,35.617847,35.800514,0.28908157,26.810728,10.699661,1.7480918,0.0,1.4900923,0.44496834,0.5333318,1.7652527,2.0615063,1.5281744,9.747588,6.2130246,6.2428036,8.579845,0.28660747,0.5901443,23.41949,0.22592595,-14.999607,-1.2075204,-4.398934,-1.781344,-5.6687007,-1.0437133,0.005574534,1.2769936,0.47934145,0.707432,10.169876,0.25970742,4.0679755,0.31018072,6.531441,0.8038749,606.92377,0.22581156,1546.0399,0.113431305,-59.593193,-1.543286,1555.9156,0.064190395,1290.1938,0.29899788,-55.747375,-1.668527,2566.9404,0.103466265,1350.6193,0.545999,-63.25321,-1.3958305,0.32903972,10.261974,14.219358,0.221045,0.051169988,0.2107717,0.0074851327,1.0466882,0.29451898,0.4769583,23.90938,0.17365184,-25.866554,-0.28534263,-8.415277,-0.5961135,-7.872885,-0.62231827,-12.106319,22.12279,0.01719,-0.014493338,0.27424732,1.3186814,0.6666667,1.0466666,1.4307652,0.3225,0.1759794,-19.189072
35.130066,0.13174708,33.051373,37.472485,37.75103,4.6996574,248.03804,196.18784,60.048298,114.836365,0.8103667,0.4165173,0.3960502,0.9184944,1.0727159,0.67666566,2.5318885,1.6464366,1.2602397,0.6698934,0.27145848,0.4510413,27.488264,0.15920715,-6.0841975,-1.9469146,2.0135221,4.812949,-14.839434,-0.6101719,0.06873297,1.2061663,2.1387033,0.43653598,1.8137691,1.4121737,2.5673997,2.444793,21.519691,0.28345174,827.3066,0.12734966,1307.649,0.094720535,-71.10364,-1.2875731,1742.7053,0.047299176,999.46497,0.12369939,-76.21902,-1.1447331,2897.3594,0.0396242,678.5307,0.3535023,-82.881256,-0.99564636,-7.6932364,-0.6349539,19.456509,0.22269812,0.05847336,0.18591402,-0.01799915,-0.48610052,0.30473754,0.33515948,28.610619,0.09336278,-10.60671,-0.8651486,-2.0264099,-3.4062364,-17.911442,-0.387192,-12.818432,21.434956,0.047081694,-0.017617183,0.21400255,1.6051364,2.2653723,0.27857143,0.48680964,0.13266666,0.16457891,-25.836075
34.238335,0.049999885,33.782143,34.31472,34.694283,0.9121399,90.66359,80.10502,13.502769,22.225693,1.4796458,0.36567608,1.0513453,1.6941165,1.8939754,0.84263,1.4323297,1.5701809,1.598239,1.9003096,0.3211872,0.357061,26.889929,0.14674614,2.6003914,2.1665156,-12.099144,-0.6683158,-18.863857,-0.4738028,0.005768412,1.0251966,0.582153,0.53292453,9.779236,0.17054656,3.596977,0.9500053,21.481539,0.18410248,603.88007,0.2079639,1425.1497,0.16829276,-32.057816,-2.191873,1520.2279,0.06677254,1061.783,0.25505522,-35.629116,-1.9136463,2863.4263,0.06686411,783.30066,0.855334,-49.361576,-1.2628309,-8.344666,-0.32233223,23.245855,0.12133933,0.048043545,0.2850068,-0.006240895,-1.1745145,0.35434496,0.24847035,27.988405,0.096430145,1.5651627,2.9129355,-14.36703,-0.4104345,-21.556448,-0.2772467,-10.932935,19.539713,0.024415148,-0.010474747,0.13737954,0.59031874,0.35629454,2.3833332,3.2222595,0.29999998,0.110679716,-17.102625
29.565147,0.07996808,29.32232,29.636469,30.494831,1.1725101,94.43179,0.0,2.1906173,0.8530903,0.83226097,0.41618612,0.525262,0.7997055,1.1498041,0.6245421,2.1386468,1.2474201,0.5253107,0.16059947,0.17077343,0.30562308,33.619656,0.16095902,2.4742186,3.672902,-10.287914,-0.8222252,4.267591,1.4905082,0.008056579,2.4694393,0.52985466,0.7641967,8.783655,0.18546854,6.447842,0.3402984,27.912867,0.2562859,637.56464,0.14219452,1402.6384,0.076083936,-40.276592,-1.9628282,1615.9165,0.04151484,1013.6087,0.15952495,-48.736023,-1.5396314,2774.5308,0.04245351,823.7144,0.32135767,-60.813835,-1.1384306,-12.763992,-0.28156546,26.880001,0.16187331,0.039186843,0.30127594,-0.024740545,-0.19280328,0.18033518,0.25381225,35.831257,0.08363828,1.8317965,5.3339863,-13.809684,-0.35011452,6.399861,0.71571505,-12.359524,20.982193,0.026943512,-0.01787811,0.13522242,0.88626295,0.4464286,1.7866666,1.9295825,0.42666668,0.24239545,-23.600578
35.01369,0.023106048,34.92359,35.13835,35.309467,0.3858757,82.93045,74.105316,-11.657737,9.107508,2.033503,0.17944515,1.9342747,2.0881197,2.224161,0.28988624,3.78795,4.1715636,1.5410461,1.528719,0.40744334,0.53818184,32.630215,0.08660093,-34.46135,-0.19975372,-1.8569112,-2.0111651,-1.8104372,-2.6902585,0.010843814,1.6509049,0.45366177,0.8284692,8.942646,0.4079276,-1.0697644,-1.409432,7.4466696,0.37339443,658.1571,0.1722172,1500.143,0.089909784,-11.016485,-3.7785006,1581.9346,0.044427574,1229.9636,0.07161964,-6.831825,-6.208307,2678.3662,0.041875646,1005.33105,0.41445258,-19.234383,-2.066708,2.7376833,0.43449757,13.166055,0.1789236,0.047737293,0.20469382,0.008089905,0.5793436,0.40444934,0.49939567,32.789803,0.07885797,-35.440815,-0.1051629,-2.1554751,-1.4575193,-1.9289654,-2.515847,-4.2229085,17.22905,0.030299133,-4.4793174e-05,0.50518495,0.630063,0.27124774,3.5,4.7801533,0.122499995,0.053560715,-16.53508
32.52943,0.021057673,32.305923,32.569275,32.914406,0.60848236,6.3246026,2.5185215,-4.946871,4.628052,1.1055069,0.30977994,1.0625155,1.2339505,1.3013363,0.23882079,1.5868136,1.1904829,1.0903732,0.8009661,0.2302191,0.3787387,36.04857,0.1494143,-4.6365542,-0.7928497,10.439087,0.5270524,-11.753676,-0.31221703,0.0048893327,0.882145,0.4630094,0.40272298,10.975402,0.08462626,12.312405,0.32125765,25.303623,0.18015616,748.00146,0.1729695,1628.1229,0.12063765,-41.676037,-1.7848388,1634.3446,0.06702529,1170.8252,0.16276468,-48.676037,-1.4416245,2825.3022,0.056323107,692.6491,0.4203439,-55.109627,-1.2194477,-15.177034,-0.11277162,24.813486,0.122788385,0.044514142,0.18774869,-0.019326316,-0.19646811,0.24921422,0.30501974,38.246666,0.04132978,-4.0341578,-0.7981214,12.07186,0.35523078,-12.3577585,-0.2504591,-8.001724,17.423864,0.04168152,-0.0056888005,0.1493064,0.98846793,0.16611296,4.95,0.0,0.52,0.14,-18.501953
28.146875,0.019321704,28.018185,28.261541,28.422129,0.40394402,11.523556,9.204571,5.417899,12.201138,1.2544786,0.7678836,0.3232823,0.75251764,2.3268123,2.00353,3.662883,3.2476668,3.4037104,2.0376315,0.2637204,0.69071716,23.144402,0.27634275,-7.2234917,-1.598809,-6.053063,-1.6586964,-5.9069047,-1.4777257,0.006112813,1.0336834,0.39072606,1.3995064,8.063217,0.2627565,4.935708,0.19547443,12.553882,0.46040174,529.3761,0.3565388,1432.8629,0.13192233,-103.72918,-0.9601862,1475.8505,0.15493497,1099.9763,0.10965888,-97.19094,-1.0458847,2552.6025,0.08549109,882.4384,0.20807321,-104.89132,-0.8967817,-2.6941135,-1.1346413,18.805754,0.160705,0.039939016,0.27364674,-0.014641513,-0.350601,0.40394777,0.35917294,26.544178,0.14291552,-16.905243,-0.48920548,-14.594437,-0.27755553,-12.329258,-0.42538932,-8.201654,17.236902,0.011699234,-0.005156748,0.12433176,0.63492066,0.64516133,0.775,0.635,0.5,0.4356604,-17.492231
35.1319,0.017030228,34.877155,35.101437,35.294945,0.41778946,3.132862,1.9622453,9.455211,16.702002,0.98849756,0.36324835,0.72805685,1.0507479,1.241711,0.5136542,3.8128366,4.5281696,2.330159,1.5047294,0.23771502,0.5661962,26.474659,0.181477,-2.3725526,-2.943001,-10.135847,-0.91488415,13.844068,0.5759987,0.006489727,0.82403964,0.8002507,0.53715354,8.778107,0.26840827,5.215616,0.8009332,19.039995,0.23993738,877.56213,0.1370223,1336.056,0.13793258,-37.806652,-1.7939832,1715.2219,0.061636828,1048.912,0.16975608,-36.47594,-1.849106,2912.3684,0.067240894,815.4375,0.6158201,-52.436344,-1.1609309,-5.65527,-0.5205113,25.148129,0.12290355,0.04915224,0.26164684,0.0036837528,2.38055,0.25521505,0.48328474,27.758455,0.09026934,-4.011105,-1.2734004,-13.136006,-0.46047965,15.445522,0.45576864,-10.244624,19.269379,0.047442287,-0.0037379665,0.14272171,0.41379312,0.2777778,3.0649998,2.955,0.34,0.16753109,-22.28714
27.913252,0.121563114,28.831692,28.988916,29.124016,0.29232407,353.5095,406.10373,18.682858,13.010847,1.5304823,0.20616059,1.4422507,1.566307,1.6788661,0.23661542,2.3551323,2.8213036,1.1556654,1.1057389,0.35959926,0.52377975,37.604927,0.0724731,-17.235485,-0.30137843,-7.5629373,-0.67591506,-4.844907,-0.8279133,0.008398779,2.205157,0.42085412,0.74323183,8.013188,0.37121946,0.3406961,2.971782,10.453299,0.32734933,426.30295,0.070467256,1157.6539,0.07542547,-41.281643,-1.8390094,1301.0815,0.030091355,964.255,0.05714128,-38.126415,-2.0294323,2373.0168,0.029854067,742.84467,0.21166131,-49.162247,-1.4696877,-3.8014128,-0.30353814,17.163805,0.15098715,0.04295021,0.23918985,-0.0072323354,-0.72067446,0.31794134,0.44673178,38.16319,0.044067446,-18.390266,-0.22259033,-7.5331154,-0.4952926,-5.9374294,-0.5444641,-4.8910503,17.734686,0.030760603,-0.0059493226,0.5373914,0.5131495,1.4157014,0.55727273,1.721498,0.12304348,0.10995788,-18.186922
33.795567,0.059668735,33.189217,33.438107,33.629623,0.4404068,148.47084,0.0,-44.610443,33.848248,0.96804225,0.5070934,0.3686379,1.1413981,1.2886178,0.91997993,2.0432925,1.6531626,1.6116444,0.55654764,0.21029091,0.7123308,28.313766,0.15933236,-6.054677,-1.2908621,-14.413652,-0.80688024,-8.674735,-0.6517392,0.0104139745,2.581293,0.6083087,0.88844454,9.141846,0.30508718,7.0569787,0.34928867,24.958183,0.13939108,829.02844,0.093790926,1317.724,0.089705124,-60.14264,-1.5750251,1729.2279,0.04658788,1038.29,0.21520351,-66.55412,-1.3360368,2936.8948,0.05217591,728.38306,0.35218295,-76.399086,-1.075861,-8.153457,-0.22856772,24.708578,0.09249018,0.06206938,0.17005697,-0.0129829105,-0.40605283,0.23281343,0.6269598,30.044888,0.089684635,-9.223622,-0.49641487,-20.521763,-0.2692519,-10.737149,-0.32576755,-10.441389,21.856918,0.054017402,-0.011672671,0.16470338,0.7005254,1.4134276,0.47375,1.0691345,0.21124999,0.16381678,-22.168978
34.933025,0.032100834,35.00823,35.15245,35.290047,0.2818184,10.008906,9.53619,1.0882912,3.7110436,1.3608199,0.40789756,0.40161812,1.6181055,1.7119546,1.3103365,1.5118339,0.6095515,0.3041816,0.0,0.15960248,0.5874712,24.298365,0.27649185,-8.028418,-1.2586858,-4.7628613,-1.3620144,-10.380412,-0.7393161,0.0033789075,1.1256138,0.3112499,0.576182,11.856311,0.15198344,0.008767724,227.96338,12.215127,0.39555684,700.17444,0.16775651,1442.8954,0.09986243,-37.873665,-1.9245691,1602.3412,0.068391494,1189.2286,0.2995233,-39.22646,-1.8376093,2772.9934,0.099230096,887.81335,0.6595429,-49.338284,-1.3681803,-4.4365635,-0.58695614,19.270535,0.14895184,0.04969939,0.16988018,0.0030952208,1.3832587,0.1779541,0.5248975,26.826439,0.12215866,-11.630895,-0.5620412,-6.5984354,-0.74791014,-13.031569,-0.38455287,-7.700996,15.292181,0.014979509,-0.0024094128,0.07318746,0.12180268,0.49019608,1.685,2.7743511,0.32999998,0.28310776,-19.548065
23.702618,0.016233524,23.456116,23.694359,23.91061,0.45449448,5.452786,2.3959043,1.52591,2.1084757,0.9215536,0.3680384,0.8009982,0.94061357,1.1417712,0.340773,3.4089267,1.884065,2.2661994,2.441647,0.22637765,0.6015031,31.410305,0.21355303,-0.9296797,-9.350743,-6.009377,-1.1212175,-7.2672124,-0.93125576,0.005168463,0.8595677,0.53381157,0.60224193,5.9554043,0.21048254,5.243036,0.27110386,22.004211,0.18423535,455.5352,0.16795999,1345.482,0.092945,-45.048935,-1.8411943,1368.234,0.06503611,1165.4126,0.17763394,-47.334843,-1.7258983,2394.4138,0.065301806,1161.8209,0.35163397,-59.396603,-1.267637,-9.404278,-0.2667177,22.813389,0.12533659,0.026974801,0.28072402,-0.017077886,-0.2692587,0.22313258,0.4030396,34.3139,0.106088646,-4.218435,-1.310837,-8.301523,-0.607006,-9.30679,-0.596819,-12.421107,21.576868,0.01922107,-0.013420055,0.24303557,0.9845289,0.42492917,1.8166667,1.6236857,0.385,0.25034973,-23.724012
27.250135,0.087056264,26.704548,26.966421,28.371992,1.6674442,77.70595,50.569077,213.8755,199.43703,0.68534225,0.44836923,0.33109444,0.6958585,0.9626086,0.63151413,5.6337347,3.072467,4.164856,2.4132063,0.27032238,0.5169295,28.772509,0.21907188,-8.586501,-1.1189938,11.033709,0.48832113,6.073503,0.9908201,0.03587206,1.1255417,1.1730576,0.47120896,3.626262,0.5152208,7.8275824,0.4562608,16.253086,0.28578618,732.8665,0.1905688,1376.5243,0.1021173,-150.68068,-0.535421,1674.8827,0.084268495,1120.7339,0.34135413,-150.72284,-0.53140914,2755.6758,0.09333176,887.6926,0.47005442,-153.34023,-0.4950518,-8.33107,-0.39479363,21.89405,0.15272635,-0.009932915,-1.124511,-0.0071751126,-1.4193847,0.2850805,0.3263787,31.279358,0.20541643,-10.613673,-0.67308265,12.478305,0.40488037,8.120238,0.6662836,-8.250783,20.686514,-0.007929067,-0.0014436855,0.265043,2.6745913,1.497006,0.17,0.15303594,0.43363634,0.42379823,-26.786865
24.974958,0.002827397,24.901857,24.987047,25.032146,0.13028908,1.3792772,0.50171036,1.3220246,0.7245355,1.4477472,0.15288687,1.337638,1.4645318,1.5959343,0.25829625,1.6419395,0.5085934,0.29035792,0.0,0.19041573,0.18833353,38.85619,0.092898,-15.155527,-0.19442262,3.6561327,0.98791194,-24.12957,-0.19538614,0.0025587492,0.597319,0.30019528,1.841018,8.028854,0.059224345,-1.4621751,-1.2377579,9.495979,1.0299761,425.00204,0.20526943,1207.6583,0.0638397,0.3201283,4.554583,1302.1635,0.09940775,914.97534,0.060779072,1.8761642,1.339724,2469.429,0.05820935,580.4756,0.14050756,-11.386357,-0.21171796,-4.9659634,-0.30767277,16.300148,0.13974972,0.029906042,0.25941393,-0.020167423,-0.37345394,0.19130029,0.17951068,38.876156,0.07235349,-15.301915,-0.17806967,3.8047245,0.9246144,-24.397995,-0.17670126,0.0,0.0,0.0,0.0,0.0,0.34364262,0.3508772,2.84,0.0,0.0,0.0,-18.605093
39.63912,0.10138258,40.3363,41.016014,41.262077,0.92577744,141.32973,129.73065,75.476845,71.010735,1.2357126,0.28422952,1.1346977,1.2683187,1.4064324,0.2717347,4.0880938,3.7271028,1.7249099,1.3524026,0.30182904,0.6739295,32.611546,0.11213437,-27.438843,-0.29707655,-19.812243,-0.52263325,0.49875307,11.4151535,0.043560345,1.471788,1.3833529,0.8711823,4.9267044,1.5254906,1.9806495,2.3210564,19.230642,0.2006346,813.40497,0.1252982,1303.4073,0.10845266,-9.271512,-4.085581,1685.1938,0.06974841,1210.0817,0.14813341,-6.90725,-5.6189566,2828.504,0.040748637,846.2191,0.22357565,-27.031834,-1.2788084,7.5115905,0.5550191,28.468565,0.15310794,0.018105505,0.9165762,0.019763947,0.32547995,0.31191647,0.6505851,33.02348,0.08090287,-28.476168,-0.2275488,-21.11177,-0.4136352,0.12678842,43.428528,-8.670653,26.924852,-0.005817931,0.019557439,0.10234582,0.58252424,0.39215687,2.44,2.36,0.056666665,0.032998316,-18.595888
39.895718,0.0060438327,39.800728,39.914272,40.02882,0.2280922,6.018481,3.664221,4.046504,4.4113526,1.6678795,0.42816252,0.60387385,2.039308,2.1298509,1.525977,5.524333,6.904992,3.1273434,3.2911503,0.1851333,0.57778805,29.03484,0.22421856,-9.063741,-1.1499546,-17.696735,-0.658004,-18.376097,-0.5494398,0.0030039912,2.2332454,0.2362357,1.3239858,14.676011,0.12750234,5.4917035,0.6359655,27.010014,0.10309145,821.57306,0.14418046,1592.4445,0.1422995,-50.19477,-1.6881903,1634.2462,0.070480354,1167.307,0.19107595,-52.45674,-1.5186315,2881.693,0.046369333,720.55084,0.24187024,-63.87085,-1.151299,-9.072261,-0.16104037,26.006447,0.08471408,0.057078183,0.14600979,-0.023823904,-0.13463455,0.2009763,0.578957,31.943987,0.063026786,-14.266108,-0.21520506,-23.6344,-0.17160624,-23.209736,-0.20890385,-10.737693,18.68222,0.02001408,-0.012175728,0.13560945,0.47393367,0.15923567,4.8599997,0.0,0.695,0.015,-14.253553
0.0,0.0,0.0,0.0,0.0,0.0,0.0,0.0,0.0,0.0,0.11530123,0.068806514,0.10873877,0.11564536,0.12261045,0.013871677,0.27748102,0.1496601,0.21631674,0.14488538,0.01895182,0.18819214,17.530834,0.094920136,4.462563,0.5414997,3.741773,0.70153654,5.734747,0.57630306,0.0,0.0,0.0,0.0,0.0,0.0,0.0,0.0,0.0,0.0,0.0,0.0,0.0,0.0,-201.0,0.0,0.0,0.0,0.0,0.0,-201.0,0.0,0.0,0.0,0.0,0.0,-201.0,0.0,0.0,0.0,0.0,0.0,0.0,0.0,0.0,0.0,0.0,0.0,0.0,0.0,0.0,0.0,0.0,0.0,0.0,0.0,-8.384773,16.62504,0.032614082,0.006742008,0.0190633,6.4935064,0.0,0.0,0.0,2.25,0.0,-53.255913
38.403194,0.009630357,38.31543,38.44475,38.562553,0.24712372,2.0971727,1.2848165,1.1720948,0.6540652,1.7903776,0.3087806,1.7529209,1.8886166,2.0521936,0.29927278,2.2830644,1.1856339,1.0916193,0.8644147,0.39649317,0.69951844,26.598751,0.09933958,-33.931538,-0.34637725,-19.195293,-0.5457914,-3.851325,-2.7748375,0.0043964423,0.88948625,0.72506285,0.75942165,11.642524,0.21141952,6.2894454,0.32217863,15.538184,0.3019549,881.19916,0.10080029,1275.8499,0.13220344,-9.621676,-5.9860344,1712.92,0.054904327,1016.90894,0.21441358,-7.244128,-7.894133,2892.2078,0.051850144,657.00525,0.39234146,-25.68305,-2.015887,6.48543,0.3636797,20.070154,0.17498404,0.06926166,0.14090347,0.013287611,0.57757926,0.43143386,0.6161454,27.105125,0.06424846,-37.065907,-0.15525846,-21.950977,-0.20572992,-4.318199,-2.5414364,-11.509321,24.038635,-0.014741937,0.017871447,0.023762854,1.2131716,0.17513135,5.24,0.0,0.45,0.0,-16.100103
31.114101,0.038698263,31.019943,31.199594,31.434435,0.41449165,169.71825,76.03169,0.30267823,1.0318491,0.83389837,0.42803505,0.29120117,0.9955735,1.101187,0.8099858,1.866839,1.0611991,1.538432,1.1133841,0.118415855,0.42525238,30.590565,0.29536957,4.9434204,1.0029745,-6.1381063,-1.2455784,2.1214654,1.9974824,0.007917449,3.8334482,0.40220383,0.74998325,10.484298,0.12231613,5.098675,0.503826,26.948603,0.14280598,851.8867,0.07517378,1303.852,0.1236807,-51.641167,-1.5605525,1710.2776,0.04993201,1109.9714,0.15843953,-58.902042,-1.2961413,2959.9202,0.032857608,651.1755,0.33088174,-70.40314,-0.995289,-10.013374,-0.27046666,30.442505,0.08554581,0.043473512,0.21457197,-0.0137176085,-0.41385588,0.13926427,0.2656374,34.810463,0.1293529,4.9027343,0.7912544,-8.919274,-0.62988424,1.95314,2.0103548,-7.835492,17.894167,0.023294795,-0.00020055065,0.04847287,1.7801046,0.21052632,3.6699998,3.6499999,0.7033333,0.6853385,-22.205473
40.34286,0.1389664,35.482372,36.224342,47.6975,12.215126,171.07487,102.73508,104.84787,81.01695,1.2453914,0.30880174,1.1509699,1.3259344,1.465285,0.31431508,3.0431168,1.5405258,2.2943406,1.7953207,0.29171807,0.5640792,34.309887,0.15285777,-32.434814,-0.33172035,-26.727312,-0.441853,-6.8869414,-1.134405,0.02874571,1.6821288,1.4101149,0.77786446,8.736791,0.44464025,-2.596827,-1.9813043,19.391853,0.608768,673.04315,0.41806987,1464.8013,0.16624181,-17.140547,-4.2467246,1617.2332,0.16249946,1201.6367,0.1824731,-9.564029,-6.258217,2763.2703,0.11658464,1018.6321,0.3536145,-29.358166,-1.828278,0.87041783,4.257892,26.04748,0.18285395,0.051144402,0.21487728,0.015985914,0.41060215,0.3167077,0.47752485,35.415802,0.09116574,-35.564514,-0.107859604,-29.948168,-0.18549326,-7.538367,-1.0259598,-9.097332,19.901722,0.006443084,0.006248893,0.038007934,1.9211326,0.1017294,8.95,0.0,0.85999995,0.0,-18.663746
24.451319,0.02851954,23.927088,24.202133,25.358353,1.4312649,6.9494085,1.9147518,9.212692,5.893535,0.40649888,0.70933884,0.19330205,0.27023977,0.65404844,0.4607464,4.7684603,3.3043756,0.5199702,0.0,0.13597941,1.128817,26.711046,0.18604527,-3.4961445,-1.2308254,-1.5513715,-4.971902,-0.71218467,-11.173203,0.029876258,0.8362156,1.4838225,0.6907642,1.8077615,1.1300541,-0.9455805,-3.8672292,11.282792,0.35584244,452.29062,0.13445276,1238.9252,0.09549455,-132.37004,-0.68191004,1296.3231,0.08507868,1038.4747,0.08535278,-132.51326,-0.67999005,2371.9255,0.06420401,732.87573,0.17153399,-137.11287,-0.6128237,-8.463405,-0.3939304,21.067183,0.14551492,0.013214582,0.6418706,-0.013174051,-0.8922329,0.27512774,0.64672506,31.3487,0.10856439,-0.39351416,-8.368796,-6.7812715,-0.911573,-6.5503545,-1.4054954,-5.6181865,17.143368,0.024966817,0.0077698035,0.05987306,0.28490028,0.5780347,0.615,0.105,0.7266666,0.978241,-29.100182
30.445114,0.06522423,30.486395,30.632135,30.895819,0.40942383,257.72943,0.0,2.2367272,0.0,1.0446055,0.37351292,0.7062132,1.1463684,1.2607083,0.55449516,7.1978917,7.142739,5.1085825,8.093956,0.25483435,0.52662426,25.270706,0.28080928,-2.9779882,-2.27824,-2.2229433,-2.5572264,3.837839,2.0408137,0.017428538,1.5657411,0.70449656,0.64170367,6.9573255,0.41170162,2.6640625,0.6403461,16.332302,0.2841708,719.6578,0.21342085,1536.1818,0.114176944,-57.1687,-1.4855942,1600.6814,0.06326455,1111.8273,0.18577377,-57.286297,-1.4710702,2744.2463,0.07113123,877.222,0.52672917,-65.77652,-1.2053026,-5.3863497,-0.5275917,18.369658,0.15481244,0.054781035,0.16958857,-0.008325943,-0.7610012,0.26800212,0.3233075,28.279074,0.08155837,-4.8750615,-0.9243172,-2.9102569,-1.6125553,6.319938,1.0093874,-6.7168245,15.327176,0.052373298,-0.0067470977,0.22161102,1.9151847,0.5509642,1.3325,2.1523983,0.45749998,0.3406152,-22.77733
30.15894,0.01655328,29.766577,30.107386,30.46241,0.6958332,4.81742,1.8010368,4.730413,2.6885104,0.7183414,0.38239956,0.32367057,0.7968564,0.9326856,0.60901505,2.3889136,3.008057,1.5808495,1.5769161,0.12526082,0.42780203,28.228136,0.27527782,7.2400002,0.6806212,-15.408396,-0.6915719,-5.8713284,-1.3215135,0.0059446758,0.7385624,0.4885483,0.5776783,9.279593,0.12474112,15.414475,0.16952191,32.405212,0.08363367,865.30554,0.06454949,1301.2411,0.08721595,-43.914974,-1.8846422,1713.9592,0.04559075,1147.4679,0.13668585,-53.58363,-1.446236,2931.3645,0.032978274,681.3931,0.3843365,-64.423454,-1.1135771,-9.691132,-0.24338277,29.68965,0.077129975,0.03578615,0.29830322,-0.019283326,-0.26488498,0.14224908,0.33675784,31.91617,0.08187863,6.3721037,0.67751867,-20.269962,-0.27715945,-8.510766,-0.7212121,-9.336046,17.57447,0.0096660005,-0.006296361,0.06608806,1.6925248,0.14204545,5.5,0.0,0.755,0.375,-25.518764
35.241337,0.050202318,34.789246,34.887405,35.01008,0.22083282,0.25576365,0.0,20.36989,0.0,1.0508412,0.34360498,0.91735166,1.1875607,1.2845777,0.36722606,3.9681046,3.8465176,0.51726615,0.7886226,0.19840267,0.94447505,37.187622,0.115755655,-17.749317,-0.45565987,-7.678311,-1.3545707,11.883011,0.50715405,0.0053326534,1.9091996,0.53595173,1.0084623,11.794288,0.12466959,-0.34556553,-9.378591,16.605892,0.2111898,872.78876,0.07758863,1189.3383,0.10074361,-37.416298,-1.8273118,1716.1235,0.051177725,947.72485,0.08510509,-33.23308,-2.0966053,2928.5425,0.035917457,765.20917,0.20340042,-56.494568,-1.0587293,-0.15839538,-17.899456,29.305681,0.10378807,0.024568954,0.5436095,0.021705914,0.17544717,0.17793305,0.5213017,38.153473,0.07181084,-20.690935,-0.1986981,-11.316732,-0.5154746,13.730625,0.31341136,-14.972174,28.663416,0.030472025,0.0113952225,0.32150576,1.1655011,0.47281325,1.79,1.65,0.305,0.275,-20.51324
35.94366,0.0064487183,35.725895,35.950027,36.122063,0.39616776,4.719441,2.3867397,3.692715,1.4200269,1.1313187,0.2928732,0.9798022,1.046481,1.4609346,0.48113245,2.8878787,1.1173947,1.5297903,1.108534,0.31054798,0.5602329,24.248606,0.15122044,-15.947498,-0.55329084,-1.9508548,-2.4842892,-22.041275,-0.3508306,0.0074491543,1.0191567,0.9881499,0.6233637,6.235216,0.48706758,-12.875248,-0.30904043,5.662758,0.87733334,501.89783,0.124530666,1219.6263,0.10428185,-29.231606,-2.114429,1498.4906,0.0511461,1069.7552,0.15694292,-25.046337,-2.5081224,2616.5747,0.056612812,1076.061,0.44460148,-36.178864,-1.6232369,-7.460177,-0.45575494,19.876448,0.13553044,0.011970865,0.9322586,-0.0101659885,-0.6517499,0.3182555,0.5311141,25.26553,0.04723961,-17.136583,-0.44992957,-3.129382,-1.0520389,-24.210768,-0.19426005,-2.9983933,10.130263,0.016199915,0.0098624695,0.25912878,0.53333336,0.2702703,3.27,0.0,0.41,0.0,-22.376867
31.218899,0.04403629,30.611757,31.778402,32.099155,1.4873981,16.029617,5.972768,4.944484,8.037147,0.41275594,0.9277515,0.14292088,0.168674,0.9207903,0.77786946,0.76409143,0.5193969,0.8062481,0.0,0.12478691,0.9859718,27.676353,0.25676617,8.525539,0.9223044,9.406386,0.9682926,-5.4168315,-3.8317044,0.010259648,0.6103111,0.6388292,0.42214698,9.442506,0.11495231,-5.1216097,-1.2019615,27.161833,0.18022838,623.135,0.27609447,1511.2609,0.101983584,-129.63065,-0.70996517,1584.1774,0.18119243,1349.5669,0.17438364,-133.95355,-0.6333776,2759.2551,0.086046435,1008.11017,0.33435968,-137.53177,-0.5835508,-18.332504,-0.15432547,30.637161,0.13983984,0.04104836,0.364268,-0.04010989,-0.25032753,0.25999978,0.3877883,35.789043,0.05169508,16.94959,0.30564588,-0.6340522,-9.735032,-29.15125,-0.48604012,-12.589296,24.02005,0.00013731407,0.015704855,0.04442032,0.3717472,0.3787879,1.0,0.0,0.805,0.505,-24.553919
41.623253,0.010608227,41.247414,41.6243,41.835773,0.58835983,1.952113,0.8905618,3.2963464,3.9526525,0.47699827,0.50778604,0.14561276,0.54337174,0.63768834,0.49207556,1.312605,0.91152585,0.26614127,0.0,0.0949742,0.62191916,17.675175,0.18597513,0.90971214,4.142934,7.171811,0.4855195,-1.5771673,-3.8083262,0.015405749,0.3276611,0.8240292,0.34853283,10.464227,0.12988015,23.015966,0.18566014,21.696863,0.2338212,687.3315,0.29305857,1438.4961,0.12196772,-90.072075,-0.9447435,1722.0632,0.10799492,1021.70447,0.34073296,-72.544304,-1.0780478,2684.8394,0.13825461,899.8523,0.3162324,-75.15689,-1.0208316,-13.902475,-0.18025452,18.71473,0.1895935,0.03357259,0.352445,-0.01713138,-0.3479122,0.12281513,0.36790812,18.430492,0.1107363,2.243046,1.397418,6.0803246,0.47874588,-4.660989,-0.72316116,-6.417171,15.2117605,-0.00034075198,0.012677986,0.024213856,0.2444988,0.24752475,2.9299998,0.0,0.53999996,0.32999998,-28.61312
36.10788,0.10384334,35.637985,35.798653,35.95143,0.31344604,4.080521,2.2995794,623.045,577.0618,0.93302757,0.5543481,0.49792838,0.9608887,1.2269502,0.7290218,9.711265,11.570834,4.609148,4.5340614,0.19986354,0.71933466,31.21145,0.24279499,0.75885075,10.030462,-6.338033,-1.7233766,3.3159647,3.8342125,0.011266925,1.2909743,0.61939734,0.58890605,10.49963,0.22419013,7.77252,1.032952,28.264408,0.28392458,580.1696,0.3581767,1494.3768,0.15612367,-37.767937,-1.989974,1536.5308,0.11549449,1057.0004,0.21274735,-36.589046,-1.8106625,2673.4292,0.06729696,979.7752,0.33884704,-52.704536,-1.1369555,-11.0804615,-0.50726706,28.958288,0.19142164,0.05528461,0.262167,-0.0010365814,-15.021242,0.22345912,0.6388116,33.053295,0.1935668,-0.38751847,-19.408308,-9.261698,-0.9418497,3.6372874,3.5909765,-12.664705,24.016531,0.0029963388,0.0078042643,0.061080664,0.7320644,0.44313148,1.93,2.6870058,0.9,0.0,-20.131603
34.32375,0.016132796,34.102745,34.29008,34.49547,0.39272308,29.518093,0.0,0.87252396,0.0,1.1270027,0.29962584,1.0603142,1.1942663,1.340825,0.28051078,3.1247396,2.611846,0.76966643,1.3988197,0.27987853,0.34857833,23.560223,0.19823222,6.4757547,0.90596914,-6.825811,-1.3749156,2.671966,2.5021834,0.0123522915,0.950556,0.7714617,0.5654811,8.708864,0.25837383,6.136296,0.44332677,20.898817,0.1369194,834.9379,0.13951468,1353.029,0.14911099,-41.855183,-1.6521516,1692.2651,0.06234731,1069.4253,0.17638555,-45.823906,-1.4388711,2912.2468,0.05104317,613.45685,0.50613135,-56.401413,-1.0871841,-10.488766,-0.29789513,25.682869,0.11317665,0.053513344,0.17810266,-0.010325586,-0.58250165,0.30362526,0.25394395,24.9337,0.10426637,6.7746477,0.7331087,-8.534816,-0.9629808,4.3936887,1.1421982,-9.073568,17.467844,0.047465347,-0.008844888,0.15731758,1.2587414,0.4225352,1.9866667,2.7178955,0.26749998,0.3312382,-19.924799
35.42518,0.00812768,35.161976,35.459213,35.64658,0.48460388,5.670316,4.6377573,3.899078,3.4350686,0.8068704,0.34413108,0.5790082,0.86948305,1.0505601,0.4715519,4.7804246,5.898586,3.8208017,4.9696074,0.16614094,0.5416148,31.868528,0.24076076,-4.643316,-1.0400774,-8.51972,-0.9926443,1.6695001,5.7253594,0.0048498074,0.7458305,0.69750124,0.36752155,9.923227,0.18099095,-4.7738714,-0.35461593,20.757114,0.19011739,538.35516,0.13943,1351.749,0.09079873,-38.79402,-2.015174,1533.9579,0.044041827,962.7716,0.10342101,-44.289585,-1.694762,2678.5566,0.04075486,810.5566,0.34791473,-56.83862,-1.2159929,-10.493363,-0.25090894,24.907276,0.1016929,0.029022528,0.38322556,-0.016309395,-0.3959727,0.17240816,0.32925197,35.243862,0.05278246,-5.644102,-0.754382,-11.774295,-0.37117347,-0.26872686,-28.52404,-5.702558,15.924835,0.014007637,0.0073335413,0.14853895,2.3622048,0.26595744,3.04,0.0,0.345,0.105,-24.294529
34.455414,0.09133812,34.828827,35.223568,35.55398,0.7251549,141.99965,73.04811,8.876763,3.6636724,1.1567807,0.40924788,0.7837619,1.1946503,1.6352624,0.85150045,3.5570498,4.044741,2.273123,1.8792543,0.22083785,0.4765995,23.981382,0.23039784,8.562019,0.9656208,-12.627963,-0.6209188,-5.569562,-1.5838283,0.011030912,2.852864,0.52094465,0.7845876,10.793338,0.20361166,-0.7620631,-5.666641,18.842613,0.35151175,611.25635,0.24957554,1431.3604,0.11467089,-38.091686,-2.0112023,1567.3888,0.09423331,1076.4927,0.28901875,-44.52742,-1.6374196,2843.237,0.07559725,797.10223,0.69876677,-53.581882,-1.2822162,-10.114468,-0.36983845,22.09585,0.23771583,0.052896768,0.23454238,-0.013090488,-0.63052315,0.24249637,0.42177552,25.492243,0.13202047,6.878827,1.0319635,-15.332959,-0.32805964,-5.6866155,-1.6139238,-12.140278,20.171795,0.027352752,-0.017612983,0.13037184,1.4569536,0.53333336,1.525,2.4915106,0.262,0.22480212,-20.019371
32.82863,0.008091191,32.715843,32.855007,32.97867,0.262825,4.565607,3.072569,4.621746,3.1475492,1.434717,0.3348411,1.450572,1.5438151,1.6171608,0.16658878,2.9765697,2.090223,0.42890972,0.0,0.21401347,0.71357644,31.636368,0.13750869,-29.373901,-0.370613,0.4752908,5.603197,-6.012829,-0.50113785,0.004287446,0.54113936,0.25029758,0.55752033,10.100531,0.12074669,6.8141727,0.18200372,11.35956,0.22459996,570.04315,0.24828838,1639.9288,0.12680925,-19.375162,-3.2094455,1465.4159,0.0667668,1321.4783,0.16667576,-15.615864,-4.009723,2581.2195,0.060042366,1189.9316,0.3983201,-28.220707,-2.0687573,0.26787126,5.551477,14.329552,0.08653512,0.06558405,0.101295516,0.009957934,0.37407893,0.23320948,0.6453305,32.567913,0.09454346,-33.00915,-0.10152507,0.19356081,12.635558,-6.3690147,-0.42263818,-10.344312,19.533468,0.064880945,-0.0015046545,0.0599129,0.1447178,0.1457726,6.14,0.0,0.345,0.035,-20.27083
31.460463,0.007684613,31.278818,31.441992,31.605453,0.32663536,4.1829295,2.6214297,3.8377519,2.5864694,0.9984695,0.23073173,0.90930563,1.0113568,1.1261886,0.216883,1.91703,0.7548395,0.39775056,0.005239725,0.27830583,0.2930929,32.706352,0.18285625,-14.9182825,-0.32046276,0.36617234,13.682254,-5.86138,-1.0807866,0.0058153165,0.6019921,0.8411081,0.41239113,6.8102107,0.15772535,-6.708108,-0.4609777,13.436355,0.35899848,794.83777,0.15755947,1364.2915,0.12370249,-29.578556,-2.1883245,1692.7605,0.0766848,1237.4818,0.19275944,-33.990623,-1.8433641,2776.7986,0.05051928,827.7572,0.30059737,-45.787395,-1.2708791,-2.5706663,-1.001011,21.782177,0.107183695,0.021421973,0.5115574,-0.007459747,-0.78962225,0.29474372,0.24544741,34.71954,0.056927066,-15.668783,-0.23727043,0.09094046,39.56033,-7.2627573,-0.5812928,-2.3996983,11.740086,0.02288042,0.0057909586,0.1668448,0.42105263,0.21321961,4.1,0.0,0.57,0.0,-23.421331
35.16627,0.005911516,35.004032,35.193863,35.318596,0.31456375,4.7936387,3.8826208,3.5538979,2.2546735,0.8363399,0.3485825,0.7189057,0.82429105,1.0120792,0.29317355,1.4543437,1.3136555,0.89373416,0.3649545,0.16478904,0.3954268,23.427475,0.1268138,-4.134978,-1.4634224,-0.8754214,-4.9160867,-8.866725,-0.7303056,0.0132189095,1.1952295,0.88452333,0.59904635,8.738628,0.25140336,1.4224555,1.5048496,12.4423275,0.36078224,582.5993,0.29677388,1514.9305,0.104174495,-40.89564,-1.7454808,1460.6964,0.097843654,1230.275,0.18572508,-37.888695,-1.8220176,2506.1658,0.10344216,1240.3552,0.42491058,-49.849583,-1.2841532,-6.3121805,-0.39395717,19.836332,0.1904639,0.032767076,0.34121907,0.0070803952,0.72406286,0.17604317,0.36592048,23.749512,0.08825958,-5.8672338,-0.69207335,-0.914515,-4.1438828,-9.170381,-0.7210748,-10.749926,19.637657,0.031769145,-0.015606583,0.107095465,0.9787929,0.16447368,5.14,0.0,0.45499998,0.024999999,-25.817137
34.03814,0.09815099,34.195,34.780937,35.731503,1.5365028,291.9131,213.61925,29.538961,21.243935,1.2379446,0.33651552,1.0679954,1.3201907,1.4939134,0.42591798,1.9472411,1.3758593,2.3012059,2.1761281,0.2621112,0.54839826,27.081717,0.21566792,4.9536967,1.2338641,-0.54498893,-10.33473,3.0056317,2.6217308,0.017079053,2.1177318,0.6586763,0.88374543,10.29433,0.33935896,-1.9364247,-2.2900867,20.585232,0.21474954,573.76514,0.23117521,1493.0294,0.12522577,-40.039394,-1.8168433,1595.3822,0.07433798,1070.496,0.27659893,-47.76254,-1.4161099,2739.9785,0.08793668,944.4827,0.5488978,-56.008095,-1.1439122,-13.285361,-0.16822064,25.59836,0.12017398,0.05316059,0.2809544,-0.019781563,-0.3531832,0.26015076,0.4161082,28.815916,0.14621533,3.9730957,1.4447814,-1.1037565,-4.9217873,3.6567023,2.1415358,-12.061305,21.098154,0.04299877,-0.017368693,0.27729282,1.0265185,0.9450172,0.8672727,2.0870469,0.1690909,0.2046929,-17.309668
37.501415,0.0051666657,37.360783,37.521236,37.63312,0.27233887,2.8820148,1.7809459,2.9382641,1.7395189,0.5194962,0.3913498,0.46980315,0.57237035,0.680601,0.21079785,0.8241994,0.32476684,1.0159142,0.4790323,0.07730829,0.4064321,32.01353,0.195895,-12.659726,-0.46202883,1.9997588,3.8252983,-8.569946,-0.9205555,0.0072351415,0.5454337,0.6277222,0.65535927,10.67582,0.11982569,-8.18848,-0.5556985,10.385769,0.5994166,842.6998,0.06578177,1196.8667,0.10125781,-35.593235,-1.9654677,1689.3694,0.032843042,1020.818,0.1692346,-42.739117,-1.5663233,2880.9697,0.019060062,524.19214,0.21124767,-54.38653,-1.1400858,-8.707665,-0.2672983,26.00596,0.1145957,0.019679805,0.7714709,0.009616688,0.66789037,0.088305384,0.22608596,34.47277,0.06919451,-14.799772,-0.21678874,-0.8244893,-5.0519543,-11.152119,-0.47828892,-8.697261,19.841904,0.0028821211,0.022117356,0.021396989,1.7114916,0.24752475,3.4099998,0.0,0.29999998,0.17999999,-29.077911
26.201056,0.0065954914,26.059132,26.2015,26.36345,0.30431747,2.8302448,1.7712548,2.1031592,1.3127795,0.7973221,0.30438676,0.7539786,0.86408496,0.934158,0.18017942,2.494858,1.3261658,1.2369379,0.7647773,0.22635385,0.36284742,33.76054,0.18790238,-12.010864,-0.35318467,15.883016,0.41357106,-1.8893948,-3.1202948,0.009302912,0.6266551,0.9812947,0.51888037,6.2466054,0.17221932,20.596628,0.26729068,21.88267,0.1534494,571.7025,0.30790976,1533.859,0.16894323,-39.563354,-1.5786712,1445.62,0.15101515,1155.0897,0.20155552,-35.983154,-1.7396495,2633.488,0.069772184,820.04803,0.2913752,-46.03593,-1.276089,-8.356176,-0.24482666,21.10091,0.1356458,-0.008629914,-1.0752761,0.0066320538,0.8882721,0.25236884,0.193383,35.922318,0.061033916,-13.036953,-0.22727759,17.306007,0.3126498,-3.3590581,-1.2895995,-4.7476397,15.56531,0.0068168393,0.017339118,0.046824574,2.6258206,0.2217295,3.9299998,0.0,0.56,0.0,-24.08072
24.375223,0.008743893,24.196928,24.357807,24.55936,0.36243248,4.81818,3.077859,4.014312,2.2598002,0.5457652,0.4592148,0.21917169,0.6285827,0.7215595,0.5023878,1.3187209,0.7466999,1.0322583,0.7991425,0.12232786,0.6075026,21.980108,0.33069465,14.3162155,0.4063832,3.3702345,2.1102257,0.9200113,7.5481114,0.00742538,1.0336108,0.5339844,0.56964886,6.880095,0.08863374,4.6439085,0.7803219,31.61226,0.117629044,847.96436,0.20799153,1522.6238,0.1899971,-84.29762,-1.058712,1680.9347,0.115058005,1309.9542,0.20655674,-87.370094,-0.9885607,2891.5884,0.076823585,949.29114,0.39711654,-95.92129,-0.83248764,-12.744436,-0.14003034,21.30084,0.10152471,0.008211979,1.1101358,-0.0015409677,-4.079121,0.14152282,0.23406376,25.739002,0.07982751,17.38707,0.17740299,0.48494953,11.16189,-0.22886907,-27.699293,-8.7842865,16.774416,0.011364941,0.00577221,0.090728045,1.5098723,0.11682244,5.41,0.0,1.56,0.21,-26.467487
36.28503,0.009942955,35.999607,36.254467,36.472313,0.47270584,3.9009275,1.5492532,2.0681844,1.5036426,1.2894261,0.3606068,0.7847971,1.4763842,1.5876132,0.80281615,3.0835452,4.3364964,1.2386148,0.83734035,0.2956841,0.4278085,26.852226,0.2664976,-4.740407,-1.5150713,-10.777542,-0.7961923,-9.198629,-0.69889617,0.006689699,0.84572506,0.6287296,0.48455733,10.064551,0.18442006,4.1643605,0.49594924,20.071161,0.21720009,892.2413,0.14631411,1422.4697,0.14117926,-50.367863,-1.5770807,1643.5807,0.07732428,1170.2129,0.16872925,-48.346046,-1.6129767,2975.484,0.063372396,590.661,0.5533943,-60.236565,-1.1947085,-5.281423,-0.6729034,22.655323,0.22012317,0.06371732,0.16013607,0.001464391,3.0058045,0.33669758,0.32575575,29.838905,0.07435659,-6.1927333,-0.9978134,-14.342197,-0.30727646,-10.967696,-0.5041157,-6.028454,12.353214,0.023973335,-0.015651148,0.14215899,1.1074197,0.11135858,7.1099997,0.0,0.91999996,0.17,-19.14258
31.573278,0.023705367,31.017418,31.58735,32.044495,1.0270767,19.42323,17.884478,10.895314,6.624847,1.0775108,0.3678133,0.8229914,1.0524744,1.3691971,0.54620576,3.7532406,1.9123617,3.3200643,1.4000354,0.31388655,0.5531729,24.885506,0.3524966,-4.2989845,-0.99496925,-3.112909,-2.3673882,-6.3364997,-1.0407928,0.008740164,0.78162116,0.89939964,0.5715399,6.9953594,0.32533157,-2.9279125,-1.5243589,11.703805,0.45839274,549.75714,0.25044245,1363.9694,0.12805162,-42.746117,-1.7244267,1430.137,0.16555607,1239.3927,0.17736565,-43.96066,-1.6345156,2543.58,0.070561215,895.9669,0.2905901,-54.341785,-1.2303226,-7.1256785,-0.40449914,20.705698,0.1445429,0.014734445,0.9948036,-0.017602427,-0.5855263,0.35911518,0.44175038,28.540419,0.15790875,-4.482574,-0.91366553,-5.609009,-0.9274394,-8.272016,-0.6059898,-2.3991067,11.128509,0.0021647487,0.0117873605,0.11912933,2.5882354,0.4761905,1.7199999,1.67,0.23666665,0.19601586,-20.909279
31.166103,0.010523844,30.918545,31.116415,31.374443,0.45589828,6.617294,3.256684,4.723281,3.186222,1.2471786,0.35115996,0.90905845,1.3605608,1.5488863,0.63982785,5.579846,4.3929377,4.2033396,3.256147,0.24876313,0.47780854,38.265778,0.17038618,-18.127651,-0.5283007,-1.9281586,-3.154297,-11.791121,-0.53175807,0.0043518892,0.6079519,0.4526383,0.564206,8.720879,0.17443573,-0.64661723,-2.9278817,15.010211,0.35517934,532.5772,0.14207476,1414.9734,0.10104556,-24.490522,-2.625832,1477.4738,0.04463562,1026.8031,0.14103198,-23.903147,-2.689093,2689.875,0.035297,725.36615,0.4193107,-39.04051,-1.5096205,-4.102511,-0.5360992,18.692406,0.2275245,0.024972148,0.41753244,-0.008349976,-0.46082476,0.2660852,0.4362003,40.468643,0.06200861,-20.766068,-0.30758148,-3.4015663,-1.332373,-13.0385065,-0.41585204,-9.176623,19.164083,0.008926889,-0.0029707148,0.1300815,2.384292,0.14124294,6.24,0.0,0.405,0.065,-20.3022
31.267836,0.026605014,31.194168,31.317963,31.491364,0.29719543,203.65388,0.0,8.691497,6.273372,1.1951973,0.3896553,0.9486301,1.3162639,1.4528558,0.50422573,4.5868483,5.8188777,6.5500374,5.3404145,0.3095875,0.50839704,33.26282,0.14419392,-16.643017,-0.51477975,-0.5370251,-10.879066,0.007917343,451.98788,0.019342754,1.7891755,0.8240009,0.6646123,5.796825,0.4868576,-2.263539,-0.72209615,11.598329,0.33707553,684.2013,0.1384579,1598.2002,0.09197754,-44.418922,-1.7729658,1557.6729,0.058419578,1348.3972,0.22765893,-42.96927,-1.8437119,2619.3118,0.08404818,1086.5164,0.35720995,-55.612225,-1.3113772,-1.3128575,-1.5233485,19.394785,0.08953213,0.012842374,0.74921274,-0.0006068814,-6.42513,0.34450033,0.43269518,34.43441,0.082183264,-20.63505,-0.14064978,-2.9552462,-0.8666507,-0.3218081,-8.723207,-10.9509535,23.382587,-0.006501401,-0.0015907283,0.17871858,0.43541366,0.29239768,2.715,2.055,0.45333332,0.26411277,-21.364899
33.946228,0.021976624,33.72674,33.895023,34.079983,0.35324097,1.1923784,0.0,-68.15827,82.3218,1.4854167,0.33910683,1.40207,1.6255671,1.7788129,0.37674284,4.3575253,4.764373,3.796668,3.2401593,0.26576838,0.66142267,29.121054,0.19398059,-8.031391,-0.9704379,-10.153605,-1.0733104,0.6708604,14.204354,0.005170475,1.3688449,0.4875293,0.9111605,10.444656,0.16456564,2.2996829,1.3707744,15.883203,0.36143884,746.1618,0.2838486,1517.1238,0.13663405,-32.841,-2.0564861,1583.6788,0.123336725,1254.7546,0.15810151,-27.770601,-2.308221,2703.1892,0.13161702,980.9854,0.26676002,-40.322605,-1.4756624,-1.7799608,-1.4108955,19.994436,0.16968268,0.063185476,0.16075598,-0.0011627903,-4.1416306,0.27508432,0.5683213,30.567993,0.12406637,-10.216386,-0.52464795,-13.000933,-0.63071644,1.052807,9.056664,-12.46595,20.186314,0.058284488,-0.012825296,0.21135557,1.7639078,0.5464481,1.5925,2.7005682,0.21249999,0.07224091,-18.738234
0.0,0.0,0.0,0.0,0.0,0.0,0.0,0.0,0.0,0.0,0.06566643,0.16488251,0.05989684,0.06416272,0.07056488,0.010668039,0.11633269,0.15355062,0.20495959,0.19645023,0.0096818,0.37326494,22.736202,0.12625946,2.1494305,1.4592642,13.029652,0.281134,1.4556121,2.95001,0.0,0.0,0.0,0.0,0.0,0.0,0.0,0.0,0.0,0.0,0.0,0.0,0.0,0.0,-201.0,0.0,0.0,0.0,0.0,0.0,-201.0,0.0,0.0,0.0,0.0,0.0,-201.0,0.0,0.0,0.0,0.0,0.0,0.0,0.0,0.0,0.0,0.0,0.0,0.0,0.0,0.0,0.0,0.0,0.0,0.0,0.0,-10.822813,19.263124,0.039887074,0.010457327,0.009664879,0.9633911,0.0,0.0,0.0,5.13,0.0,-58.129963
33.028473,0.02969058,32.659943,32.81714,32.98526,0.32531738,18.524672,19.041122,0.60308456,3.243529,1.2486006,0.34581456,1.2387222,1.3813118,1.4565908,0.21786857,3.7171295,4.525349,0.83210677,0.92726624,0.20901239,0.4930395,24.811369,0.25213695,-3.7024717,-2.064977,-2.8407047,-1.6572539,-17.247194,-0.45258018,0.004439422,1.5197777,0.5215824,0.6955034,9.664146,0.1976853,-0.3324811,-10.234072,14.110146,0.33522478,467.44904,0.19514751,1392.5807,0.10472255,-26.593084,-2.5206726,1414.5713,0.07045283,1075.5193,0.16443025,-29.814182,-2.1532154,2683.5256,0.040472656,872.2893,0.43962184,-37.564087,-1.6313937,-7.712225,-0.28802463,15.397108,0.18511444,0.06068868,0.1454872,-0.014125412,-0.3845451,0.2234174,0.43879175,26.73458,0.12572585,-5.8200197,-0.92991793,-3.4219425,-1.2768416,-19.29323,-0.28622204,-8.59864,15.953572,0.048782405,-0.00621236,0.118033186,0.72904015,0.4889976,1.775,2.8387454,0.19799998,0.19994,-20.975357
29.877296,0.0838503,28.438808,28.934925,30.756124,2.317316,89.97584,121.16983,54.874638,56.849205,1.2046328,0.47488955,0.4382285,1.4983625,1.6845446,1.2463161,3.74851,2.813973,3.546744,2.5758445,0.41475067,0.51453584,20.119566,0.27212617,12.188707,0.41122222,-9.499938,-1.1927029,-5.845687,-1.0803216,0.015223998,1.1884136,0.89311904,0.5796907,5.6600013,0.3746101,-0.15345019,-33.708954,16.73484,0.35785988,477.706,0.204665,1239.0096,0.114994034,-61.67735,-1.3661572,1366.034,0.12531658,1041.1151,0.1374501,-64.6577,-1.2518787,2537.3564,0.04523586,690.2514,0.31905156,-72.7459,-1.0444051,-10.472904,-0.3684338,21.670067,0.17672692,0.03958176,0.39132202,-0.017965425,-0.4943878,0.4838602,0.3427501,21.78426,0.18572702,12.3279,0.3473627,-11.72151,-0.8222953,-6.6076884,-0.8899579,-8.69476,18.04153,0.038682915,-0.010618939,0.24404766,2.0860496,1.8372704,0.3842857,1.088818,0.14,0.12632158,-19.35518
28.414139,0.115509994,27.703651,27.862637,28.165958,0.46230698,54.137783,62.49876,279.0486,334.39282,1.0184983,0.4987892,0.43101895,1.2498422,1.4839847,1.0529658,4.6237855,4.030697,3.5370548,5.63215,0.29051372,0.5159335,27.008364,0.25337246,4.7831573,1.7711565,-4.657572,-1.922431,-5.720414,-1.2923474,0.016005326,1.7435299,0.71641666,0.7866424,6.8697805,0.3285323,4.1999836,1.2336808,20.070055,0.19393928,504.8543,0.30809763,1382.0161,0.120335214,-78.37564,-1.1822546,1400.0746,0.17985441,1215.9746,0.1980286,-80.16755,-1.1299431,2343.5466,0.10929202,970.42664,0.21012546,-87.48254,-0.9713547,-9.686612,-0.4062821,20.869755,0.16490565,0.03261902,0.33087328,-0.020558827,-0.37093467,0.32118756,0.39275658,29.979843,0.14671767,1.3165668,4.349727,-8.446294,-0.7089804,-6.7598205,-0.9584942,-12.20862,21.735636,0.030376464,-0.015501299,0.243806,2.3564065,1.3353117,0.4611111,1.0839787,0.24,0.16118312,-21.199024
28.754385,0.10274624,28.615135,29.201178,29.705265,1.0901299,369.3852,335.6626,89.739555,93.49602,0.95523226,0.3789299,0.6928663,0.92397267,1.1647303,0.47186399,2.985856,1.2858616,2.3663068,2.2013123,0.32572287,0.4079486,35.357132,0.13385203,-4.996581,-1.5656663,9.352532,0.8688471,-1.2049351,-6.0007915,0.039113782,1.7702299,0.9419234,0.5331834,5.6929917,0.41073865,7.8892393,0.95531416,21.794409,0.23269415,707.3481,0.2512551,1450.6439,0.15461235,-46.256462,-1.4984522,1614.2659,0.12948778,1208.9679,0.20808753,-48.77918,-1.363897,2731.636,0.060622238,857.1491,0.32994702,-58.180836,-1.0681994,-10.254483,-0.35581958,25.404743,0.17278463,0.0072621806,2.2466953,-0.0006382117,-13.112002,0.3371126,0.37740368,35.78682,0.114691876,-5.996728,-1.2432832,9.036999,0.89324087,-1.3441737,-5.704764,-13.333177,24.927296,0.010527249,-0.00612561,0.27711096,1.48423,2.2514071,0.355,0.572298,0.07454545,0.053659473,-21.10117
21.695236,0.09379127,21.307674,21.465322,21.621181,0.31350708,2.4736686,0.0,1.7447472,0.0,0.6533363,0.41057494,0.5368619,0.727833,0.854477,0.3176151,3.0682902,2.2228253,2.9139786,2.207341,0.14856803,0.5256354,24.69206,0.18818592,4.5718718,0.7620854,8.590108,0.6204233,-0.5319038,-12.108997,0.009373294,0.738076,0.8057959,0.634107,5.2505274,0.14483096,3.2053978,1.147322,18.126322,0.17880589,453.2543,0.23315307,1218.3751,0.10958262,-51.69433,-1.3306152,1377.9489,0.106421344,1015.3116,0.1350792,-51.509327,-1.328168,2443.8853,0.06273978,832.3585,0.19992293,-59.51127,-1.0865808,-13.323727,-0.17752305,26.251596,0.09846495,-0.025996165,-0.4744621,-0.013089007,-0.86301094,0.17482068,0.34087804,25.965899,0.09557839,5.3387294,0.5681745,6.7256236,0.511759,-0.59539217,-11.624103,-9.830059,21.125889,0.026765121,0.013558026,0.02849698,3.9408867,0.39603963,2.07,3.5160844,0.346,0.3342813,-24.785053
37.638702,0.06814756,37.46469,37.904446,38.180984,0.71629333,161.59705,94.50897,223.61716,240.81418,1.1522394,0.33052522,0.80799216,1.2737106,1.4320526,0.62406045,3.375278,2.9275033,2.8872483,4.355301,0.33116198,0.45412883,25.432312,0.20690535,-5.05597,-1.9369954,-14.612366,-0.4763449,-2.4398744,-2.7819884,0.01373341,1.9973643,1.0261441,0.59467757,7.785119,0.425165,-4.039449,-1.8532101,16.381462,0.35545292,645.6819,0.2741471,1393.7407,0.14637756,-50.19568,-1.5435472,1535.5353,0.07496361,1043.4152,0.21726042,-46.62062,-1.6266912,2781.8042,0.053580217,743.7233,0.47084555,-61.118965,-1.1210603,-5.884884,-0.6032925,23.233034,0.18459646,0.062303886,0.2326067,-0.0048619197,-1.7669789,0.3411147,0.38333827,26.675104,0.16495521,-7.677405,-0.9045634,-16.445366,-0.29065177,-2.0134282,-2.8376358,-10.863156,20.707697,0.04939265,-0.01631209,0.30031088,1.5384616,1.6494845,0.47062498,1.3444444,0.115624994,0.07952741,-20.808004
33.821682,0.040879607,33.35551,33.652893,33.82933,0.47381973,5.82258,2.0677464,153.21884,0.0,1.7140975,0.48583752,0.46038967,2.0340436,2.3194785,1.8590889,5.6218877,9.244666,6.27127,6.933796,0.29505816,0.874958,27.874975,0.15101482,-26.151102,-0.52961785,-15.558336,-0.57796407,-6.2240233,-1.0854284,0.0025853545,1.0211132,0.3361154,0.960282,10.909886,0.13742502,2.2518883,1.4124726,10.055826,0.49227574,502.22128,0.3039297,1454.3922,0.15134893,-46.59324,-1.8796054,1485.1808,0.107610784,1181.0173,0.10189915,-35.776882,-2.5079181,2641.4941,0.07315287,1036.2158,0.39067566,-51.529034,-1.5709547,2.7660434,1.2230947,21.514997,0.117845945,0.04834117,0.23261221,0.010481236,0.656105,0.345121,0.79322696,28.42881,0.10055365,-33.141613,-0.1692498,-19.932245,-0.18695827,-8.195831,-0.69285834,-8.381455,19.68174,0.029797435,0.0013246106,0.13468124,1.0217113,0.3856041,1.99,2.7014563,0.5833333,0.46707126,-15.042668
26.623434,0.016870733,26.232695,26.561295,27.117891,0.8851967,2.9181323,2.4410517,1.1946106,1.0194888,0.8348513,0.29918167,0.70281374,0.90996844,0.9859163,0.28310257,2.7706487,2.72779,1.3646679,1.9556558,0.17998329,0.4250737,30.158545,0.27452326,0.10633105,31.546038,-5.7567334,-0.6523984,-8.749821,-0.6373459,0.004303453,0.63724,0.47377303,0.47742084,7.6642723,0.080701694,5.124287,0.2686108,26.69954,0.13576858,672.35474,0.14663008,1505.9988,0.087240435,-37.076225,-2.0333874,1555.5623,0.06951596,1267.7361,0.13693982,-43.878414,-1.646482,2726.2756,0.039604552,901.2205,0.3826033,-55.73436,-1.1982338,-11.180534,-0.14200377,24.993626,0.11339543,0.040220447,0.1678076,-0.015463455,-0.27177447,0.19829726,0.26016477,33.853924,0.06102367,0.94579536,2.682269,-6.688374,-0.42119744,-10.327826,-0.40977195,-3.828474,10.798947,0.043697443,0.0016198548,0.09934483,0.81632656,0.1369863,6.0099998,0.0,0.63,0.21,-24.357147
38.127804,0.0056700977,37.972595,38.09415,38.241077,0.2684822,3.5837824,1.7332695,2.8222501,3.483841,1.5378132,0.31041586,1.5143979,1.6767362,1.7953869,0.28098905,1.4166358,0.7831263,1.4555367,1.1369478,0.16215959,0.47381768,27.402872,0.16674462,-21.527073,-0.38946033,-12.849701,-0.6229851,-20.229383,-0.49568114,0.006409674,0.964089,0.34314543,0.70021933,12.744276,0.1326218,-5.902802,-0.28884572,14.222492,0.2594223,633.7474,0.12885433,1515.0046,0.101473786,-21.570103,-2.8668714,1579.9595,0.052871823,1210.129,0.28392866,-22.396116,-2.7370756,2678.6697,0.06909698,956.1537,0.41703635,-37.035957,-1.5218824,-2.3256123,-0.7236463,20.991196,0.11246733,0.060786746,0.14766552,-0.0041818,-0.6818521,0.1739257,0.41235298,28.104149,0.15047057,-24.33927,-0.096283466,-15.256776,-0.2771575,-23.425184,-0.18136829,-9.001324,18.24917,0.01358403,0.0021055331,0.06802618,1.0647738,0.089126565,10.0199995,0.0,0.585,0.105,-18.767887
29.057062,0.031867556,28.250004,29.131481,29.7516,1.5015965,-4.6405034,7.4705715,0.8478568,0.11677569,1.7333757,0.22994095,1.5427799,1.795557,2.0021462,0.45936632,6.893871,5.3089247,2.5638847,2.7152224,0.52021825,0.3785635,36.569813,0.10045263,-10.083498,-0.55698663,-19.79834,-0.40079525,-12.326987,-0.4062159,0.0047916835,1.4276935,0.66840065,0.70109874,7.582295,0.28074414,0.018927699,103.38785,18.043642,0.28642485,519.3184,0.2506798,1533.2058,0.12232634,-11.64862,-4.450083,1442.807,0.07617591,1257.0863,0.22901334,-11.87379,-4.343415,2532.6423,0.108276755,1195.6427,0.37327328,-29.657974,-1.5763136,-7.1798024,-0.31788844,27.031563,0.13173448,0.050661754,0.18419097,-0.018355958,-0.26609012,0.5307943,0.3669106,37.310856,0.062735744,-10.939496,-0.4243581,-21.570328,-0.24202508,-13.2086,-0.29071897,-9.473717,20.143585,0.02916067,-0.007548898,0.4037255,0.53859967,0.36297643,2.55,2.53,0.185,0.125,-15.315499
23.987837,0.014857671,23.719769,23.92235,24.174967,0.4551983,4.127909,2.3465607,4.988895,3.0576956,0.7730163,0.41543767,0.34092766,0.9234731,1.0358859,0.69495827,3.3459945,3.8164551,2.33758,2.7210078,0.22120377,0.37685877,30.718863,0.21407746,9.9416275,0.58992845,-5.139527,-1.7692839,-14.829975,-0.9862195,0.004569302,1.769819,0.4819693,0.6157633,6.385774,0.16374248,4.3364472,0.5175007,23.53709,0.15850331,492.8407,0.13292958,1391.1461,0.10512693,-75.590744,-1.2878406,1384.1139,0.054388378,1103.3975,0.16487354,-80.68983,-1.1574551,2722.0437,0.035913948,666.4356,0.5902871,-89.2501,-0.97191435,-12.952175,-0.15862696,25.85539,0.10630488,0.023239626,0.43895313,-0.031099193,-0.23107326,0.2447484,0.24306157,34.581654,0.07506881,6.86073,0.6002871,-11.281895,-0.40261337,-24.491001,-0.22718398,-15.219693,25.09299,0.007291687,-0.018056247,0.18466845,2.064516,0.3896104,1.5833333,1.3007774,0.71999997,0.6880407,-23.583689
33.58815,0.03303752,33.400856,33.719162,34.001377,0.6005211,18.795773,7.8972793,174.22931,173.6358,1.4051665,0.43322685,1.1609416,1.4036559,1.8321168,0.67117524,2.3617415,2.8485541,1.7396383,1.3756969,0.29086217,0.5855273,28.369486,0.22962853,-5.7026863,-1.0427964,-16.354101,-0.7869781,-25.863274,-0.56775796,0.010751517,3.2485416,0.62467974,0.6002176,10.401542,0.2363164,-4.7493973,-1.0455186,13.583633,0.5408744,579.8497,0.24786577,1349.6577,0.17384742,-25.81176,-2.5031192,1442.5995,0.10512251,1139.4677,0.18424459,-29.065222,-2.1575055,2713.7573,0.09168983,721.9012,0.37118912,-41.091324,-1.4184438,-7.8419304,-0.4049385,23.20495,0.1966527,0.043025486,0.30268025,-0.017758619,-0.5756561,0.32685468,0.46470794,30.235472,0.13449672,-6.3243437,-0.9303532,-18.491604,-0.6552067,-29.351349,-0.40682438,-4.4507837,15.098224,0.020517446,0.011199128,0.057837218,0.84033614,0.2840909,3.09,0.0,0.19999999,0.0,-16.852222
29.962559,0.010784501,29.751884,29.904648,30.135342,0.38345718,14.574787,30.04318,3.2875097,6.5692086,0.8756339,0.33184448,0.795248,0.93757963,0.99920607,0.2039581,6.784637,4.02851,0.84284925,0.4757117,0.21419905,0.7551692,32.31676,0.12917364,7.2161717,0.45420092,-3.257052,-1.8527735,3.6313236,1.2667707,0.0062097535,1.0981495,0.64245397,0.6309615,8.549507,0.2785289,-2.2867684,-1.3331903,19.900337,0.16528508,768.2047,0.22346178,1576.7189,0.18960051,-34.300438,-1.7200756,1578.4894,0.12462407,1388.6881,0.24417996,-39.559475,-1.4115632,2740.428,0.06254762,760.4051,0.33816558,-51.86967,-0.99237984,-12.936374,-0.1654836,27.67067,0.09214366,0.041108765,0.18930963,-0.011187233,-0.44252,0.21321411,0.49285832,33.153793,0.094294176,6.8439856,0.40217572,-4.595894,-1.0272743,3.510781,1.276529,-15.102167,24.26542,0.039229285,-0.007476584,0.23766194,0.41493776,0.5571031,1.5849999,1.8924785,0.14999999,0.116103396,-21.340042
28.48439,0.12324928,28.54854,28.983768,29.603687,1.0551472,759.80615,448.07043,73.80202,37.259586,0.61139023,0.41762394,0.4273824,0.5969817,0.7756939,0.34831148,2.8386855,1.3818188,1.5551556,1.1752976,0.24394704,0.66183347,28.348448,0.15523562,-6.4828463,-1.0636512,12.436787,0.45099014,-12.384616,-0.7729761,0.04967262,0.89051324,1.2919223,0.41059497,2.8350418,0.3567311,3.451084,1.9721911,12.134208,0.40626743,579.2958,0.3185949,1397.9204,0.09218263,-160.72214,-0.45077416,1476.4207,0.15122598,1232.6798,0.26876855,-161.0127,-0.44089717,2579.7842,0.05782459,886.2012,0.2613648,-162.00388,-0.42753866,-8.872042,-0.15844388,18.896496,0.11244915,-0.0027721918,-4.2671785,0.0035489756,2.1893442,0.13850555,0.40092736,25.60335,0.07520119,-5.931623,-0.3704359,17.131994,0.1519083,-8.284171,-0.76642996,-9.7887535,18.54279,0.0020534631,-0.006561231,0.2770451,1.2903225,2.3913045,0.08090909,0.05822441,0.31545454,0.3157491,-28.274708
24.82091,0.01193924,24.542288,24.846512,25.067379,0.5250912,6.296804,3.4826365,6.279935,8.870614,0.54075974,0.26759845,0.46400693,0.54898876,0.65111244,0.1871055,1.4663806,0.71900535,1.3065307,0.7857141,0.1441824,0.34095052,35.235603,0.08303673,-4.368303,-0.8377075,15.782986,0.26514915,-38.85507,-0.32605273,0.008772748,1.6980858,0.74348867,0.7752694,5.1822786,0.2398265,-1.473336,-2.5413027,10.93385,0.40334362,474.54797,0.19512558,1435.2803,0.11748254,-53.454353,-1.5204623,1278.1943,0.17939515,1202.241,0.1905236,-56.382538,-1.4111427,2468.4143,0.0667719,629.0904,0.33906552,-64.690094,-1.1589125,-12.213145,-0.173769,18.456806,0.16875948,0.01706816,0.53815204,-0.037890535,-0.19169147,0.14140454,0.24459542,35.73243,0.051208425,-5.335718,-0.61472964,16.603603,0.23619081,-43.467323,-0.14720593,-13.004776,22.735777,0.007560393,-0.021518787,0.15566528,2.5930102,1.2471656,0.5972727,0.4308995,0.18363635,0.16886105,-29.952785
27.230888,0.008721391,27.027636,27.209753,27.394176,0.3665409,4.571774,3.2587235,3.6199627,1.674107,1.3637806,0.15024012,1.1848806,1.3815035,1.5095246,0.32464397,6.522895,7.867289,1.4963388,1.7602018,0.41383454,0.3444781,33.315266,0.06804914,2.567493,1.8778476,-14.929812,-0.1962577,-16.023794,-0.2109196,0.01875342,1.3354859,0.6479519,0.8068872,6.059293,0.5683663,-1.189958,-1.6907985,23.443531,0.3000572,493.6559,0.26292798,1489.1696,0.13620475,-6.9498563,-5.984954,1395.2168,0.11098326,1209.3921,0.199334,-12.787214,-3.1671097,2392.8228,0.09232594,1247.8192,0.31090805,-30.013628,-1.2174321,-9.294017,-0.1732463,23.666815,0.095398955,0.05494229,0.15609494,-0.024892284,-0.23918353,0.40467754,0.3394395,33.45171,0.059862997,2.1507843,2.080006,-15.001616,-0.184204,-16.049131,-0.2116467,-12.138295,25.816069,0.05000643,-0.029782556,0.5590352,0.45112786,0.6069803,1.56,1.5985774,0.09333333,0.024944382,-18.796995
30.048466,0.007437147,29.861752,30.0541,30.211128,0.34937668,3.509044,1.6046221,3.0977402,1.8089758,1.2645898,0.27727917,1.1247888,1.2953703,1.5147202,0.38993144,3.7411985,1.8047744,1.0933669,1.3561596,0.26011276,0.49067876,31.909313,0.16223961,-21.881775,-0.20960677,-9.196455,-0.7881969,-4.7278953,-1.2896557,0.0038298161,1.0217586,0.5478676,0.52922755,8.888757,0.21515614,5.9573145,0.7139062,12.823317,0.35197163,548.61255,0.119531006,1276.7794,0.08973788,-19.77061,-2.3700995,1510.366,0.038163118,1150.8287,0.19843861,-10.842425,-4.5299253,2593.3433,0.089381404,1533.4851,0.457779,-29.240099,-1.5212522,0.21827298,9.9834795,21.495125,0.13156202,0.030637875,0.32542118,0.010078042,0.63654065,0.2755935,0.4219775,33.095985,0.070420876,-22.712267,-0.1476621,-10.779821,-0.36866355,-5.6396575,-0.89065003,-2.117095,11.111452,0.0070949015,0.020725112,0.020559484,1.3913044,0.1754386,5.33,0.0,0.35,0.0,-20.5927
29.960775,0.013509232,29.626305,29.951279,30.291115,0.6648102,6.9842906,3.9148324,5.6778607,2.9956572,1.1199698,0.44253165,0.90227014,1.0322121,1.4163374,0.51406723,3.8592153,2.3170133,1.3135452,0.5405549,0.2602329,0.5832053,36.36723,0.22940512,-21.871046,-0.53273034,-0.5351214,-13.396588,-10.820189,-0.589009,0.0055471263,1.4880319,0.77376765,0.5692583,8.407939,0.122148424,-2.8559713,-1.2128627,9.602311,0.6358957,614.53613,0.14337961,1246.7627,0.14327975,-24.489813,-2.297645,1496.4514,0.048059136,1078.3318,0.19316696,-18.778942,-3.0942168,2841.256,0.05285559,741.12494,0.4980501,-36.53513,-1.441867,1.9377091,1.738202,21.08957,0.1715805,0.041686296,0.22053662,0.012538526,0.4454407,0.2848753,0.48756838,38.764294,0.07212408,-24.101645,-0.40356553,-1.1806822,-5.984121,-12.449773,-0.30673355,-3.6115282,14.4236,0.016233942,0.017253354,0.04167368,0.78740156,0.26595744,3.3999999,0.0,0.34,0.0,-20.796204
26.888166,0.22194476,19.55016,31.198595,31.721119,12.170959,39.26678,34.30154,33.71541,24.694109,1.1787244,0.5089784,0.36044526,1.4046324,1.738907,1.3784617,4.4441586,2.644306,4.0325575,2.8567631,0.36535037,0.5835173,21.258228,0.38564762,1.8540967,4.932556,-5.1904435,-2.250863,-2.5536144,-2.7469325,0.03087893,2.0986006,0.80768025,0.78205556,4.918509,0.6086266,2.9724138,1.803405,19.57959,0.24226403,844.0228,0.12584104,1284.2418,0.09450395,-87.61704,-1.1542255,1732.3225,0.051446404,953.75287,0.15678248,-89.32321,-1.101892,2964.8909,0.05083507,617.56274,0.4543321,-95.22786,-0.97564,-6.2667584,-0.614824,18.659296,0.2444099,0.061216548,0.20277725,-0.014957336,-0.45397463,0.42038074,0.38066196,25.468641,0.25149167,-1.7907956,-3.5625653,-7.483544,-1.1411672,-2.4856374,-2.7289517,-7.551485,16.873037,0.044543467,-0.012013739,0.30405673,2.234637,1.5037595,0.35875,0.7370793,0.25333333,0.174865,-20.48236
31.57784,0.0058535403,31.502005,31.587023,31.68269,0.18068504,2.1380863,1.883085,1.5111517,0.91414255,0.6764066,0.39131364,0.6026398,0.7400574,0.84037113,0.23773134,1.2613137,0.9041654,0.40489498,0.33352333,0.08837172,0.53521764,36.309414,0.22553524,-13.682695,-0.5130223,-4.0637593,-2.1283953,-3.1695068,-1.691298,0.0030979349,0.78520966,0.5724116,0.42094925,10.034701,0.07047618,14.494151,0.18687768,24.205011,0.20181012,807.0543,0.11645296,1402.8435,0.11472278,-31.50137,-2.1697118,1607.1791,0.049962554,1068.018,0.1686261,-30.117466,-2.2886388,2833.54,0.043770194,665.8872,0.39110386,-48.878803,-1.2572432,-1.9852881,-1.0344996,24.100296,0.14291616,0.03402709,0.29121608,0.0092659285,0.63034374,0.100050285,0.40403736,39.441395,0.045916934,-16.07365,-0.24032593,-7.1173453,-0.5902664,-4.040587,-1.2519777,-7.8595915,16.99454,0.011611567,0.014722231,0.017230224,0.48685494,0.097943194,8.7699995,0.0,1.42,0.0,-27.297754
29.160053,0.03164433,28.943884,29.158682,29.4132,0.46931648,108.51421,76.720345,4.593665,2.818703,1.033464,0.24036561,0.9270058,1.0292755,1.1976649,0.27065903,1.8966964,1.1886874,1.0013361,1.0176511,0.26042596,0.35043514,37.88213,0.09344827,-13.561388,-0.5524998,-0.99874914,-4.2866907,-2.7077994,-1.3091561,0.011334356,1.459232,0.91314846,0.7393151,6.9436836,0.39509884,2.9356143,1.042151,20.096058,0.22793105,726.081,0.12358791,1518.231,0.07646986,-27.648527,-2.051784,1547.5365,0.04734917,1196.3514,0.20548385,-25.786322,-2.225226,2783.8792,0.050850023,809.3985,0.29540005,-44.219772,-1.1637609,-3.450786,-0.8433829,25.486773,0.12017496,0.014925621,0.7529058,0.0068344777,0.4645647,0.2651149,0.3014198,38.438305,0.05014438,-14.234477,-0.4545289,-1.6120892,-2.055003,-2.6541681,-1.323544,-7.3491015,24.30957,0.008465567,0.005137129,0.23218,0.6722689,0.67911714,1.3125,1.4401106,0.14,0.14815532,-22.520262
30.387344,0.13733374,27.637192,28.286642,36.38356,8.746368,148.49673,141.73961,37.167797,17.294825,0.6039884,0.38370344,0.38368785,0.5960937,0.800094,0.41640615,4.839281,1.5820367,3.4293787,1.5100027,0.31856328,0.46082616,37.193207,0.13028601,1.9307559,3.6982203,0.15391214,64.153915,-9.024277,-1.3086729,0.024011843,1.5048023,1.2130506,0.53943795,5.7359867,0.53845334,3.5651035,3.189634,30.438217,0.35325402,564.2175,0.3496894,1419.8177,0.17391537,-87.95555,-1.1158819,1640.1046,0.15358436,1110.208,0.21826495,-89.72792,-1.0001746,2702.5234,0.1222168,1101.7401,0.2510532,-95.60852,-0.88660944,-17.574347,-0.34554735,28.194038,0.26605994,0.067598216,0.27564356,-0.033972975,-0.38555658,0.35473123,0.43977863,37.1781,0.12530802,2.2242088,3.740059,-1.2821435,-7.992486,-13.143809,-0.89016855,-16.533554,27.472315,0.052842494,-0.017256318,0.26587853,3.5555556,2.7272727,0.205,0.06677075,0.14166667,0.073579125,-22.819492
35.42469,0.011863183,34.9685,35.557888,35.79449,0.8259926,3.998368,1.7905439,4.157869,2.036042,1.0267915,0.33176288,0.8676383,1.1170533,1.264438,0.39679974,3.5295858,1.503952,3.172557,1.3092104,0.22591205,0.4137802,40.36578,0.14209516,-20.68217,-0.35539627,6.300286,1.0786533,-3.717417,-2.7911813,0.0046416633,0.9965744,0.5815099,0.53730696,10.277387,0.15554674,-2.1594634,-2.5855868,13.532299,0.56845963,698.2127,0.21217921,1382.5479,0.13566501,-30.19734,-2.0561523,1627.2712,0.10069126,1236.905,0.30167925,-35.022915,-1.7144177,2653.9954,0.09459944,957.1837,0.3474346,-44.311043,-1.2804661,-8.93162,-0.4721713,22.49725,0.17398655,0.012867968,1.1860545,-0.005842019,-1.4517605,0.24773154,0.31250167,42.22684,0.055846244,-21.943436,-0.31237176,4.795629,1.0378408,-5.3402157,-1.8390435,-7.7732887,15.47455,-0.0075944387,0.008363448,0.0647142,2.8490028,0.2898551,3.04,0.0,0.39,0.0,-21.124935
31.77703,0.017953988,31.264284,31.824211,32.26473,1.0004444,8.941009,7.1360574,5.276836,3.5151575,0.50201315,0.2604752,0.45622995,0.53016704,0.5908454,0.13461545,1.3905016,1.1069231,0.94357425,0.8392455,0.1487917,0.33926654,23.821445,0.23862995,9.358107,0.63052195,-11.554748,-0.6954582,15.16077,0.6064057,0.016248101,0.9282532,1.0565015,0.42791897,5.4187603,0.37765887,4.4757113,0.75703955,19.898922,0.28203028,464.71442,0.33625,1435.7855,0.11704277,-58.30468,-1.447404,1407.0579,0.13330583,1118.8658,0.12064409,-58.94121,-1.3549757,2472.8994,0.090973236,1039.4869,0.2671893,-68.41891,-1.0896989,-10.254822,-0.2858314,21.909842,0.18111904,-0.0009502619,-15.671362,-0.00444565,-1.0720483,0.15434805,0.3015923,25.88639,0.11510505,8.629795,0.52724534,-12.516729,-0.57544965,16.74013,0.47032747,-12.431958,22.914618,-0.0037666047,0.0018093749,0.14556026,2.064516,1.1688312,0.6311111,1.2641944,0.20222221,0.25542027,-30.976604
32.66348,0.009745099,32.4563,32.63889,32.792675,0.3363762,3.1982393,1.7334174,2.5306406,1.6022015,0.9445453,0.38185817,0.81583095,0.979256,1.0530051,0.23717415,1.3061038,1.1100103,0.3187422,0.0,0.20851183,0.48978946,30.102432,0.13342324,-5.633312,-1.0843691,-16.784782,-0.6625086,-2.4525638,-1.7398759,0.0035529777,0.62517846,0.6039794,0.4825973,8.658319,0.1413024,8.395139,0.23968095,20.703812,0.16742618,638.09357,0.19775404,1527.5131,0.09812736,-30.07037,-2.4132473,1523.5348,0.09639925,1344.1526,0.1441445,-32.981956,-2.1497204,2590.5613,0.0984446,1096.6425,0.31167048,-46.097126,-1.4166478,-6.1093516,-0.45438293,24.209755,0.08315131,0.04163271,0.235027,-0.003609351,-1.7912718,0.22310542,0.46563953,30.987278,0.106524855,-7.6457825,-0.5311121,-21.21287,-0.19361874,-3.2531977,-1.1952376,-12.49603,20.496185,0.031689215,-0.009261869,0.13353118,0.14347203,0.14450867,5.8599997,0.0,0.515,0.21499999,-23.059994
26.679424,0.036435675,26.409035,26.510721,26.609032,0.19999695,46.299458,56.31102,19.484869,21.362295,0.92866504,0.45728517,0.32641017,1.0637754,1.196548,0.8701378,2.3178334,2.566963,0.3822307,0.39548132,0.19866776,0.53593975,29.606846,0.27131942,8.453066,0.75395584,0.54792804,11.048133,-5.5186815,-1.2787709,0.0048825354,1.6023601,0.5070433,0.74033374,8.417672,0.1250673,-2.7271307,-1.2876198,14.004773,0.3101318,418.52118,0.16875777,1144.4233,0.093969904,-51.561657,-1.6016164,1340.9603,0.07414638,872.1973,0.15019794,-57.356922,-1.3820884,2528.959,0.0273554,553.3825,0.29356784,-64.80074,-1.1586719,-13.800582,-0.18688425,24.120634,0.14595099,0.049400255,0.16209523,-0.021166515,-0.27810264,0.23338093,0.4111529,33.591747,0.11270622,7.4760017,0.738059,-0.9649874,-3.3927221,-7.218062,-0.8168572,-11.635517,19.82036,0.03607037,-0.005136148,0.090527646,0.89186174,0.67264575,1.1216667,2.4142385,0.2942857,0.1485989,-19.965813
38.383022,0.053207517,38.502598,38.781555,38.998684,0.49608612,226.17719,174.5856,3.6492586,0.41845313,1.3135763,0.33476737,1.2314103,1.44006,1.592137,0.3607267,1.4537568,1.1154448,1.2073728,0.83933866,0.22763067,0.5300755,20.015104,0.20505796,-8.807245,-1.0559891,-17.229092,-0.5012305,-12.268281,-0.58123964,0.01035278,3.675573,0.6780875,0.7653814,10.873693,0.26163206,-14.766438,-0.38936836,5.043898,1.1667435,528.56824,0.23283349,1342.3894,0.16517499,-43.50481,-1.7957937,1506.4799,0.07301941,1220.762,0.35667673,-35.141655,-2.101127,2560.6658,0.13513938,1385.5934,0.4675588,-43.798737,-1.6004584,-6.1150293,-0.67342925,20.50307,0.17590891,0.035664946,0.33245167,-0.010309355,-0.5793788,0.24591334,0.44413668,20.916761,0.14825888,-12.433525,-0.32846245,-20.42984,-0.23164135,-14.286639,-0.4027686,-8.419445,15.819261,0.017381422,-0.008663675,0.14011101,0.92095166,0.1540832,5.4,1.37,0.71,0.43042612,-19.60668
33.880257,0.076166905,34.198383,34.416103,34.576836,0.3784523,46.691566,0.0,1.6517859,1.3152223,1.0103925,0.48078045,0.36343187,1.1400908,1.2440065,0.88057464,0.58551586,0.3872923,0.31965566,0.0,0.16903096,0.44051802,31.179096,0.23680532,0.003015939,2782.798,-12.07393,-0.8006675,0.83163613,8.2605915,0.009841891,2.4914973,0.40054247,0.52233154,11.021981,0.16398333,8.278925,0.28474626,27.244007,0.17822525,852.94135,0.09675522,1331.3972,0.11472685,-60.37183,-1.4651856,1683.9601,0.060874704,1064.6409,0.18394367,-64.02043,-1.3433917,2907.5776,0.03949331,743.5381,0.47192138,-77.65912,-0.99845135,-6.888973,-0.44726214,27.230673,0.17616802,0.0478985,0.25229305,-0.0022085728,-2.5324876,0.19023174,0.3909288,35.17878,0.10846858,-3.471662,-1.9720088,-17.703962,-0.18838353,3.4643624,1.5705224,-11.747628,20.047092,0.024791267,-0.01471221,0.11799458,0.13386881,0.1347709,5.31,0.0,1.04,0.58,-20.810501
27.317997,0.1394619,25.688175,26.267492,26.849632,1.1614571,142.686,83.06026,117.9478,143.26187,0.42958456,0.35200462,0.2932598,0.44095206,0.56118155,0.26792175,0.9366357,0.7427063,1.7632235,1.9237872,0.10935897,0.48357055,26.962002,0.27494842,10.150258,0.36419588,6.0454464,1.326472,6.9813843,1.0257105,0.015016407,1.2434976,0.6937151,0.6139026,7.0774765,0.10853938,12.050984,0.47539538,23.675486,0.28671002,792.84424,0.2876718,1530.3842,0.24945955,-35.64146,-1.350028,1668.1168,0.17801669,1127.9978,0.31554213,-37.96467,-1.2295345,2971.0974,0.08172486,725.91235,0.49674058,-50.326977,-0.8448987,-14.827309,-0.15350787,32.258568,0.124753684,-0.0055356123,-3.087959,0.0039166203,2.855927,0.11687802,0.4144298,28.337032,0.20412554,10.589061,0.28345633,4.8932343,1.4878832,7.9190164,0.8449475,-9.430047,19.87615,0.03090784,0.012302571,0.03514874,0.90534985,1.2417219,0.7266666,2.4443202,0.07083333,0.05073761,-27.343493
28.309273,0.037780546,28.026787,28.345898,28.589668,0.56288147,27.09878,26.042398,20.040249,13.481245,0.58746415,0.5855758,0.21914591,0.7254486,0.8864366,0.6672907,3.086413,2.8795276,1.0407987,0.93704736,0.15733773,0.80812204,26.284372,0.59811515,8.696792,0.85945034,-1.9054987,-4.6933784,6.634371,0.8758918,0.01787664,2.0237741,1.2481712,1.1957756,7.0762854,0.51484716,2.5014513,0.6871069,23.947521,0.18617901,490.72183,0.23274422,1513.7131,0.11528054,-99.84108,-0.9484948,1383.8477,0.11397284,1170.923,0.11454034,-102.95698,-0.8843299,2524.8665,0.0781608,901.5809,0.20327191,-110.447845,-0.76150644,-12.710748,-0.20511642,28.266088,0.15114607,0.023899322,0.4129878,-0.0134471245,-0.40715355,0.2449549,0.44655296,40.054707,0.13314243,4.3353896,1.4031432,-8.436992,-0.6460353,9.377189,0.48343518,-8.703605,16.8946,0.012626626,2.9572635e-05,0.058406815,1.4332967,0.33259425,1.5966667,1.9751849,1.04,1.065129,-23.88167
36.38885,0.04537165,36.380123,36.562855,36.960106,0.57998276,48.94894,58.44567,76.70192,76.19705,1.3112148,0.3722988,1.1980702,1.4167601,1.5754251,0.37735498,2.011402,1.555201,2.6722834,2.96304,0.20705135,0.71119595,26.54217,0.12896156,-11.263062,-0.6316836,-25.583311,-0.4623499,-14.612356,-0.42772344,0.003724794,0.96020645,0.46825323,0.55580956,11.598404,0.15977451,-4.7439947,-0.42991206,16.727777,0.41266313,671.687,0.19967222,1584.1653,0.14207807,-21.666615,-2.9789495,1553.3529,0.1065362,1266.9496,0.21262167,-23.852339,-2.5749736,2685.511,0.12219879,1049.3593,0.20602483,-39.312523,-1.432551,-5.220108,-0.51497835,24.719925,0.12662467,0.072996005,0.11808659,-0.006233314,-0.9877005,0.22239992,0.6711717,27.08871,0.07216794,-12.920493,-0.4182009,-29.167175,-0.21543597,-16.056116,-0.22592235,-10.247374,19.922152,0.048522323,-0.009190178,0.09520764,0.5772006,0.5813954,1.5174999,2.536113,0.1775,0.1851182,-19.631685
35.37906,0.025171006,35.349075,35.457634,35.58858,0.23950577,69.03006,45.41249,7.088463,6.527643,1.0952959,0.38206747,1.0048971,1.2081337,1.3895894,0.3846923,4.0577517,5.136068,2.18705,2.1841276,0.16077429,0.44051927,32.655865,0.19424471,-11.607887,-0.5637495,-8.812774,-1.0270386,-4.8660917,-1.2698795,0.0067314385,3.2420805,0.5306661,0.7060397,11.137593,0.16353203,1.4606464,1.7679191,17.776697,0.21912262,684.0172,0.18157372,1476.3641,0.100444905,-34.584415,-2.1437612,1567.576,0.053963073,1096.034,0.07787653,-39.001354,-1.8478174,2704.4597,0.027292134,681.5149,0.15556465,-48.710045,-1.3909484,-7.1709576,-0.43547863,19.019175,0.18676387,0.06902934,0.124186404,-0.0045500514,-1.251471,0.17786804,0.3167202,34.772045,0.10473615,-14.1195345,-0.24470617,-12.120495,-0.42929363,-5.3883753,-1.0829968,-9.003686,17.356853,0.052202534,-0.0017354301,0.08090418,1.4184397,0.2857143,2.905,2.885,0.38,0.23338094,-21.553185
35.313507,0.010506559,35.104263,35.304,35.546318,0.44205475,20.72392,42.907833,5.3662524,4.478963,1.2016433,0.45967966,0.42586866,1.3825716,1.6494061,1.2235374,5.743105,4.8273015,4.1706653,2.2950003,0.20630065,0.5128241,26.95289,0.37358418,0.7479113,14.532274,-3.8617258,-1.5525327,-14.202088,-0.49641055,0.007247915,1.1658838,0.42827216,0.7806752,11.269598,0.1666515,-2.2985892,-2.2472377,18.12095,0.30755258,680.33997,0.2028337,1400.8541,0.09682897,-51.15455,-1.5808475,1584.9282,0.06937729,1027.9324,0.13148022,-56.33232,-1.3878503,2858.1216,0.042673375,648.89105,0.5785367,-65.88463,-1.1071491,-10.340996,-0.26517737,23.795094,0.217405,0.055007108,0.18344444,-0.010804902,-0.43476188,0.2370647,0.41830868,31.637291,0.14337106,-3.708497,-2.1094284,-5.1471457,-0.7218004,-16.460327,-0.29998115,-9.303541,15.777588,0.038519673,-0.011276249,0.10982712,2.1611004,0.7936508,0.9575,1.5720428,0.22399999,0.1374918,-18.460335
39.46035,0.05430514,38.985207,39.12194,39.324547,0.3393402,88.333305,86.23707,102.62312,95.021515,1.6028795,0.22632155,1.5746135,1.6866919,1.80773,0.23311651,3.9376464,4.1931953,2.291526,3.3517878,0.25746664,0.45729905,22.053778,0.26571384,-15.227072,-0.42926925,-29.731733,-0.39899626,-18.811495,-0.3011621,0.007472509,1.4449611,0.44582084,0.6733605,11.727233,0.19056818,-5.117845,-0.51250803,20.5664,0.28942037,848.4975,0.1486433,1341.3755,0.1707502,-10.086093,-5.501229,1747.5105,0.07492329,995.16144,0.17286065,-18.320473,-2.744425,3020.5603,0.069916725,722.55524,0.41726363,-33.451263,-1.3783661,-0.8853816,-3.3423357,25.110682,0.14043266,0.067812,0.15357767,-0.0198051,-0.20740426,0.26402563,0.39171562,23.123346,0.18217611,-16.519016,-0.26300645,-32.540424,-0.20846568,-19.910086,-0.19012018,-3.6618435,11.53046,0.040478583,-0.0072788857,0.17243597,1.0213556,0.4668534,1.9739999,3.7936184,0.18249999,0.19395553,-17.720911
34.372612,0.09860962,34.894257,35.460197,35.889496,0.99523926,132.6971,67.85622,76.751625,62.800728,0.8997676,0.5383619,0.26406136,1.0769271,1.2565111,0.99244976,3.465566,3.1222022,2.7775364,1.9741436,0.26258898,0.6032357,28.582073,0.18436031,1.6891525,5.30322,6.86759,1.458383,-2.574372,-4.5366125,0.029690493,2.3532825,0.96950805,0.72466797,8.13428,0.37942252,5.119053,0.7624559,22.618992,0.2264775,830.73303,0.22285159,1437.2236,0.17430809,-58.330517,-1.3633028,1670.8508,0.07837837,1134.2086,0.20562579,-57.860626,-1.3205742,2905.6597,0.07546448,738.5544,0.54950756,-66.71346,-1.0733329,-10.5755205,-0.40494153,24.784431,0.14755107,0.057063807,0.21329749,-1.8044946e-05,-553.8186,0.3108093,0.46381631,30.396957,0.09117897,-1.486144,-4.5457506,3.4674342,2.2601833,-6.490731,-1.580919,-15.428898,23.858772,0.03071576,-0.0009821339,0.107380144,1.1532125,0.99667776,0.7633333,1.4460597,0.18714285,0.200479,-20.70838
35.761654,0.08637106,36.47444,36.653534,36.80291,0.32846832,57.859913,37.006702,-29.899546,30.105005,1.2586112,0.4374994,0.41756567,1.5445055,1.6137934,1.1962277,4.2886953,5.297726,0.43454805,0.1628182,0.20163348,0.6231198,19.789043,0.33136728,-2.3623738,-4.3512273,-11.544404,-0.9790967,-4.348274,-1.9638243,0.014536252,2.1129603,0.48532525,0.68478614,10.356101,0.35657215,2.3233562,0.758685,14.157165,0.29727146,525.1726,0.3550747,1527.3967,0.13029268,-65.41639,-1.4225758,1416.8014,0.15178655,1137.0377,0.20153466,-53.261734,-1.6053568,2590.412,0.06475383,804.4363,0.39411682,-61.43885,-1.3137548,-5.0746408,-0.56899154,15.240263,0.24350691,0.07498113,0.14360252,-0.0005755335,-9.907552,0.23834987,0.52215654,22.593893,0.18728551,-6.8428802,-0.9872809,-15.737397,-0.58307946,-7.121228,-0.98489386,-7.250254,17.732754,0.025912883,0.002339513,0.09631837,0.3699137,0.24813898,3.0049999,2.955,0.6666666,0.35122007,-20.344772
31.229372,0.040508773,31.044655,31.297226,31.586317,0.5416622,22.856255,25.464245,197.83557,183.54549,1.450871,0.388045,1.2022134,1.6324176,1.833287,0.6310736,2.925538,1.5311389,1.9500861,1.3020283,0.35340524,0.582215,40.42653,0.21665719,-17.10443,-0.81547046,-5.3429565,-1.4589082,0.95413965,4.1347885,0.006857227,1.8632023,0.64530855,0.6352753,9.041332,0.20451687,10.364505,0.4773694,20.452276,0.2514393,646.1638,0.21884485,1495.819,0.15871778,-35.393944,-1.9918966,1471.0448,0.0763276,1145.0472,0.10365021,-32.11155,-2.2319798,2685.4048,0.040460154,758.4969,0.19643575,-48.205086,-1.3449304,-1.6498269,-1.5551176,21.141811,0.16446139,0.03193795,0.35713595,0.003932836,1.6320978,0.39766634,0.4774353,43.870914,0.0641552,-22.098894,-0.36861616,-7.366126,-0.762998,0.61864984,5.4932914,-11.721276,23.276617,0.0037141093,-0.00011455353,0.1244287,1.650619,0.41551247,2.0233333,2.790822,0.26999998,0.16598192,-17.215616
31.52818,0.016610513,31.48848,31.572523,31.66632,0.17784119,0.0,0.0,-0.009634193,0.0,1.098512,0.39759952,0.80905145,1.1174272,1.4798812,0.6708297,2.2421906,2.0210059,1.3887953,1.0157042,0.13066499,0.45978463,26.5844,0.21863475,-19.023844,-0.5099085,1.3727208,4.412535,-15.639806,-0.59011346,0.0025057993,1.5966526,0.31790236,0.57826203,10.174268,0.10199515,4.3369703,0.66553825,11.002403,0.4089246,510.48904,0.20386034,1379.3824,0.12216446,-37.314083,-2.1149828,1441.8439,0.048370603,1063.1442,0.10123086,-34.907864,-2.280381,2594.1128,0.03664756,789.3584,0.19679858,-44.107243,-1.7051744,-2.4236357,-0.72872794,13.6037245,0.27629277,0.070808455,0.11273803,-0.004349035,-0.9593276,0.13545614,0.35602072,28.340466,0.13916878,-23.208845,-0.18552549,1.4913478,3.9710655,-18.97727,-0.34682548,-7.5774207,14.91421,0.06868444,-0.0031913337,0.112254426,0.7643312,0.25641027,3.155,3.115,0.48,0.31822422,-23.52737
40.031628,0.005801047,39.847713,40.05028,40.196358,0.34864426,4.09354,2.3188615,3.662946,1.785185,1.803137,0.46340853,0.54338056,2.2011693,2.4401286,1.8967481,9.257474,12.23342,5.505545,2.2503457,0.20079726,0.6492511,15.979438,0.4624368,-22.640339,-0.68683255,-7.481456,-1.020804,-23.372587,-0.70738554,0.0020615621,1.155063,0.30033505,0.8144817,13.951807,0.08646346,-5.225476,-0.3573808,6.8504953,0.6117723,688.20856,0.19234177,1317.7704,0.09238415,-53.583458,-1.6607122,1632.7408,0.06510886,1120.8507,0.08526384,-49.16212,-1.7433203,2856.9478,0.037081182,811.09814,0.5243387,-55.73608,-1.4718999,2.5370028,0.6801287,15.015883,0.2330944,0.05143873,0.19286029,-0.00464128,-1.3402056,0.22599785,0.5016206,18.347803,0.22342227,-31.02704,-0.1338641,-11.099791,-0.26798108,-32.377163,-0.13913003,-3.761215,11.175797,0.031893797,0.0025194897,0.12647083,2.5991793,0.13774104,5.49,0.0,0.87,0.41,-16.496769
34.86089,0.043331858,34.618572,35.050827,35.4033,0.784729,206.6262,67.836685,-0.10572922,1.551178,0.99066097,0.40970185,0.6927602,0.89586514,1.3274833,0.63472307,4.9343014,4.30507,1.9882798,2.5906045,0.28721696,0.58176285,38.770477,0.18976584,-6.4927616,-1.2147224,1.2474946,5.324989,-4.596871,-1.2716922,0.009754969,2.3518162,0.77912056,0.54942656,9.094328,0.34996265,1.5075676,1.7813371,25.035036,0.1762292,588.1006,0.25109625,1524.982,0.11073729,-47.047707,-1.6686794,1521.9883,0.07049088,1007.6243,0.20328996,-49.273308,-1.5498273,2753.004,0.065310694,802.3527,0.41098654,-64.082466,-1.0739336,-10.032935,-0.35304454,28.902206,0.105818905,0.036955386,0.45788738,-0.008225542,-0.8521032,0.29787803,0.58319014,41.651894,0.09640927,-8.3937435,-0.86864513,0.046239622,96.97821,-3.0462947,-1.2201961,-10.900143,19.89484,0.010583395,-0.016677357,0.24765559,0.7011394,0.44014087,1.796,3.5320172,0.565,0.41487947,-20.029694
33.3654,0.038787898,32.899807,33.239716,33.64001,0.74020386,67.87797,56.98432,16.275452,26.201761,0.8825231,0.39313167,0.611646,0.9030302,1.0973408,0.48569483,8.547019,11.876233,5.4584503,7.192102,0.3065635,0.56489503,21.048323,0.23728071,0.2549674,29.471924,-2.3902988,-3.6013017,-0.61491,-12.625579,0.013584691,0.9141386,1.2292755,0.4302599,4.547957,0.58234286,5.545277,1.0363778,20.331654,0.29753822,826.1257,0.14329407,1340.6029,0.14438592,-66.973915,-1.3165824,1732.9021,0.062119715,1037.155,0.24437046,-69.283844,-1.2358309,2841.1577,0.05595584,743.0839,0.38897905,-76.66103,-1.0538999,-7.414039,-0.5336746,19.825724,0.19299309,0.043220654,0.33333942,-0.01659,-0.42203352,0.3091104,0.34457994,22.521566,0.13610458,-0.184808,-36.008415,-5.0299063,-1.4744823,-2.216225,-3.2729168,-6.8435197,16.693342,0.036494818,-0.012444181,0.30512327,1.8450184,1.7326733,0.38714287,0.6840888,0.15799999,0.1354597,-25.407509
24.085024,0.009512367,23.99273,24.095007,24.170338,0.17760849,0.8317933,0.27331188,1.4841036,1.1193275,1.1106535,0.37889692,1.1504048,1.2635399,1.3583536,0.2079488,0.9270263,0.47095463,2.1712234,1.871597,0.19575201,0.38624138,32.36158,0.10756506,-8.708023,-0.54094625,1.9468763,3.695944,-18.542015,-0.61801136,0.0021982542,0.50030655,0.40093485,0.53280646,6.9634395,0.08420277,0.11719628,24.65045,14.720873,0.239573,612.56714,0.2926684,1610.8774,0.12670094,-34.33987,-2.0527394,1455.354,0.12691876,1399.604,0.15498617,-34.780914,-2.0115266,2562.575,0.089494474,1144.4229,0.35711798,-46.310734,-1.4042503,-4.0064135,-0.39180437,18.88184,0.12151569,0.014414527,0.40995097,-0.017139215,-0.3167078,0.22174484,0.18567584,33.43493,0.051627163,-10.177292,-0.2627569,-0.729037,-3.9906905,-22.474735,-0.295661,-12.107263,22.2624,-0.0064292243,0.0077369083,0.054893058,0.58083254,0.09727627,8.72,0.0,0.765,0.105,-21.640543
37.935246,0.012261095,37.517853,38.01596,38.355473,0.8376198,5.3704863,5.2456317,1.8358884,2.3976896,0.69736904,0.42066196,0.45264786,0.7440291,0.90356874,0.45092088,2.821853,3.4080153,1.3383281,0.6342945,0.16034447,0.7732159,35.830864,0.25993448,-2.5027688,-2.6139162,-0.596575,-17.580742,-5.724119,-1.0413908,0.014365207,0.72032666,0.7396477,0.4503572,10.886304,0.17873587,7.1964855,0.3151522,31.223612,0.16749592,937.1577,0.098501675,1309.3488,0.17724198,-51.801094,-1.4809511,1724.7549,0.08854159,1235.512,0.21484847,-56.580368,-1.3054098,2953.6477,0.049716514,776.20935,0.22381482,-73.539955,-0.88504595,-11.034331,-0.2748156,34.81368,0.16133901,0.034523953,0.38580438,-0.001308521,-7.911271,0.18198276,0.7178239,40.010933,0.09744811,-3.5636537,-1.693686,-5.2626343,-1.0114182,-7.649169,-0.59227324,-9.324599,19.174976,-0.0042615114,0.0050506955,0.08303758,0.8156607,0.16447368,4.81,0.0,0.62,0.03,-23.218601
34.903244,0.17930546,31.297737,32.263596,37.0161,5.7183647,65.4206,82.9301,139.82652,168.78993,1.7576436,0.3218518,1.6022547,1.8385448,2.108685,0.50643027,9.499333,5.9557056,8.553535,7.3711004,1.0665531,0.4314217,19.948673,0.2709259,-17.37481,-0.4080955,-18.436852,-0.4645123,-9.372359,-0.70334595,0.02890881,0.951905,1.7934825,0.58460826,1.9020733,2.6357744,-0.43534008,-7.677357,13.665269,0.6390492,518.2831,0.2745223,1393.0787,0.13560067,-141.13669,-0.62949014,1466.9426,0.07812004,1232.6208,0.15248205,-130.34143,-0.71902454,2404.1956,0.111739,1390.1189,0.29567498,-136.99103,-0.6211468,2.5396833,1.3393162,21.561787,0.107054085,0.05454841,0.20971583,0.007183081,1.0652149,0.94763863,0.36156675,22.752329,0.19158284,-19.6195,-0.25194865,-19.151585,-0.22875212,-9.061186,-0.5293508,2.6296723,20.68017,0.046192065,0.01258168,1.1374116,4.3609023,2.5875192,0.120588236,0.17945899,0.24470589,0.43129244,-16.623383
39.78855,0.03578628,39.757263,39.96432,40.13414,0.37687683,88.67922,87.92398,38.529987,82.46401,1.2815562,0.43049434,0.50390965,1.5704392,1.6997688,1.1958592,1.7002106,1.8687779,1.0017966,0.5342602,0.19473656,0.5080257,23.39267,0.19933859,-5.8111224,-1.748679,-7.9197264,-1.0124228,-7.7370744,-0.8263008,0.0068907505,1.9529705,0.4178734,0.68031913,13.357353,0.18297605,-1.7523296,-2.3046207,15.428679,0.329834,850.45483,0.12683576,1342.769,0.14890666,-44.79075,-1.6296368,1687.1334,0.05359839,948.65924,0.18402357,-44.618008,-1.5929104,2988.6123,0.044996846,585.09515,0.6048302,-57.315865,-1.1371073,-9.39742,-0.53659904,25.706326,0.19446847,0.049665067,0.2810468,-0.016008606,-0.31757262,0.21558794,0.45208532,24.625599,0.14329281,-9.186872,-0.7524869,-9.949577,-0.6533182,-8.601657,-0.70307136,-11.705582,20.71661,0.040775463,-0.013271842,0.09951998,1.0119596,0.55452865,1.4783332,3.194247,0.26,0.22959593,-17.534607
29.236382,0.018309481,28.942621,29.23435,29.574553,0.6319313,3.0857713,4.2504935,2.312423,1.7022786,1.4195526,0.35474542,1.1292424,1.5348612,1.7741104,0.644868,3.0742204,2.0982583,1.9910738,1.7911764,0.37444234,0.4253499,34.43737,0.15089698,-8.14369,-0.5719434,-1.785189,-3.8499668,-17.392393,-0.47948578,0.0046621882,2.8297837,0.5662335,0.6451518,8.5933,0.15247048,7.6858387,0.3328469,17.296114,0.18071686,452.1273,0.0886096,1250.324,0.080880746,-41.2715,-1.7941669,1335.8054,0.05040406,1114.7273,0.0781455,-40.0847,-1.8617473,2348.3164,0.037770256,871.01514,0.21618122,-49.749252,-1.4106977,-9.244,-0.15782747,21.271753,0.15377198,0.028937563,0.38936645,-0.020205475,-0.2927792,0.4106021,0.36924994,36.648186,0.060913883,-9.667314,-0.3765193,-4.3896537,-0.9992452,-20.473534,-0.27851346,-9.445017,20.387716,0.020947434,0.000774032,0.22065845,1.0395011,0.21008405,3.8999999,0.0,0.415,0.145,-17.177654
29.712976,0.066091776,29.52129,30.073093,30.409964,0.8886738,385.15646,0.0,-5.2683287,6.890102,0.95989627,0.41711304,0.4835044,1.033205,1.1954484,0.711944,3.2605493,1.3522177,3.1320724,2.1847956,0.27142677,0.5451509,34.036945,0.18144946,8.466754,0.85945547,-6.704497,-1.3819436,0.8101357,7.8446665,0.008111169,1.8371644,0.67089844,1.0542879,9.049043,0.19552055,3.437992,1.6308044,33.24558,0.16438004,604.96313,0.30043235,1513.024,0.110566735,-52.706562,-1.6263137,1535.6444,0.100990005,1035.123,0.22209334,-58.77557,-1.3849604,2842.105,0.07143662,793.2602,0.41328123,-73.3327,-0.99685377,-13.944126,-0.2339832,31.821018,0.14601675,0.058859013,0.23717229,-0.013601888,-0.4495886,0.2988826,0.4176888,36.680847,0.09488925,9.698026,0.6551354,-10.458289,-0.6157678,2.4668968,2.3707054,-13.182446,21.703625,0.04465189,-0.014929519,0.19788031,0.9560229,0.5791506,1.2833333,1.6057674,0.42,0.286007,-19.34434
34.91108,0.010126786,34.689774,34.894836,35.200775,0.5110016,6.4544883,2.7962935,5.664596,5.9029665,1.2109823,0.40658042,1.0872236,1.2094799,1.4214425,0.33421886,2.652879,2.761098,2.5399036,1.7717153,0.19377291,1.202141,35.087803,0.16555542,-8.365051,-0.85927415,-5.9634075,-1.0203679,-2.8903954,-2.336039,0.0062896544,1.6824262,0.4297843,0.98432606,11.723579,0.18862763,1.4963217,1.0934656,16.95681,0.24788727,759.469,0.24084571,1538.7269,0.17234847,-26.408134,-2.1061964,1552.6213,0.11556328,1246.1583,0.2341086,-27.740154,-1.9632514,2797.1084,0.036594227,639.5842,0.44375703,-38.43866,-1.3209438,-5.7527547,-0.82503444,21.648521,0.20061845,0.05795471,0.16342221,0.003875223,2.265127,0.20927681,1.1476225,36.244,0.12041031,-9.137382,-0.7410182,-6.4868727,-0.8899963,-2.4565465,-2.5983875,-9.501149,21.776978,0.048020963,0.0025227144,0.051841673,0.32840723,0.16556291,5.49,0.0,0.26,0.14999999,-19.03606
32.34471,0.021005966,31.802382,32.216377,32.941048,1.1386662,15.119207,11.189331,13.169243,6.1798797,1.3312092,0.5137663,0.46834385,1.4811363,1.8523889,1.384045,4.879734,1.827179,3.8804207,1.5049957,0.446289,0.60636425,29.238913,0.27748135,-29.469246,-0.5105076,-2.559546,-2.4660447,-11.54228,-0.9831568,0.009330618,1.2065206,0.7910111,0.47972918,6.221942,0.44223657,-4.509112,-1.0270234,2.21837,2.5658662,563.609,0.36110967,1465.8877,0.23182073,-56.312275,-1.6236913,1506.5005,0.12645447,1145.6428,0.26609477,-47.494923,-1.869561,2609.8767,0.06167625,865.67395,0.26039004,-53.66904,-1.5901794,-1.6536573,-1.2250557,11.514896,0.29703403,0.058321714,0.16900986,-0.008425815,-0.66254306,0.5686988,0.33158612,32.42963,0.13275099,-35.919456,-0.18716034,-4.9134693,-0.96480477,-16.062628,-0.48120138,-2.9125707,15.53134,0.020596497,0.016334847,0.10963901,2.8328612,0.28735632,2.59,0.0,0.42999998,0.03,-19.633698
31.44198,0.03064913,31.100971,31.310585,32.08178,0.98080826,-2.6793857,0.0,3.2620008,0.0,1.0260172,0.41999304,0.51569545,1.1425163,1.3227743,0.80707884,3.9990127,2.7241192,2.787351,2.632961,0.23915353,0.48736578,26.068954,0.1576023,2.590034,1.5454426,-1.1024745,-7.8470726,-23.260195,-0.44593203,0.008305495,1.8243365,0.80571127,0.7368493,8.082515,0.276808,-7.4113007,-0.609587,11.459889,0.37167946,450.84192,0.23047893,1320.5676,0.13457133,-53.28681,-1.5063547,1325.6674,0.14453575,993.07733,0.13818993,-47.59192,-1.7066734,2606.4155,0.05729104,784.60706,0.3500735,-63.09466,-1.1574233,-4.914294,-0.51797354,21.658875,0.1884095,0.02299475,0.4277868,-0.019147536,-0.3390022,0.28113526,0.3355695,27.048485,0.11191455,2.2717493,1.7577742,-3.716727,-2.1079292,-27.540306,-0.16959314,-10.285561,20.968254,0.011065154,-0.0014065661,0.098132916,1.1925043,0.17182131,4.5299997,0.0,0.63,0.52,-21.479439
31.304958,0.073633924,30.536764,30.854996,31.30068,0.763916,172.20258,100.304794,3.7013628,0.0,1.7013237,0.31494072,1.2541448,1.6245031,2.1641927,0.9100479,5.1645827,3.0155535,1.4739671,0.9095936,0.44138277,0.5273592,32.382896,0.22947206,-25.789656,-0.3003958,-2.9090395,-2.9982145,-2.3324995,-3.1692295,0.0064861123,1.1593074,0.8231424,0.6220676,6.7138615,0.4425924,6.2673783,0.38593015,11.627034,0.5572002,612.5561,0.19917512,1283.8936,0.12315385,-7.946516,-3.318912,1566.8342,0.059111036,1067.6454,0.14014453,-3.8698683,-6.836387,2686.28,0.039849814,838.894,0.30444795,-16.62673,-1.4960241,-1.2392498,-1.7270157,17.091616,0.24436747,0.032091003,0.40687647,-0.0012877096,-5.1682334,0.44680443,0.5172133,32.65566,0.21274534,-26.312086,-0.27395386,-3.0782745,-2.565313,-1.9021732,-3.760561,-5.4435825,8.495893,0.031667672,0.009889783,0.09405033,1.2793177,0.43478262,2.245,2.105,0.06,0.0,-17.556067
35.220806,0.07510504,35.68357,35.902477,36.10439,0.42081833,206.67265,181.66922,0.6263492,2.5665574,1.0000597,0.38764668,0.4497235,1.1566697,1.2938744,0.8441509,2.531595,2.7544088,1.051876,0.4054779,0.20293841,0.4146774,21.356054,0.15284997,-4.184416,-1.6390706,5.5282526,1.0139227,-4.932358,-1.0587957,0.008998168,2.938026,0.59564835,0.34544575,10.387691,0.18183604,2.8994098,0.86792135,6.550975,0.98891616,911.8517,0.08677208,1054.7097,0.15870592,-64.829346,-1.346278,1931.3544,0.08817219,1001.9653,0.22819568,-70.80672,-1.1779698,2900.7908,0.042433158,727.6692,0.3123687,-71.8683,-1.1498835,-6.293709,-0.30941802,18.478144,0.19676746,0.021081097,0.50994605,-0.0035852888,-2.0559967,0.23063563,0.3629072,22.203728,0.12671107,-7.535855,-0.5959766,6.8368015,0.8125924,-6.384475,-0.7006969,-9.176864,16.787878,0.013449148,-0.010526086,0.14066555,1.4553015,0.21008405,3.36,0.0,0.685,0.085,-22.273373
27.850225,0.011224561,27.674355,27.824512,28.119034,0.44467926,5.865326,2.9744027,3.6291406,2.4833522,1.2598568,0.4192842,0.43315494,1.4461828,1.6443586,1.2112037,2.4631975,1.4643618,2.3160388,1.1889526,0.2735806,0.37855855,30.984539,0.10474582,-14.073022,-0.2899123,-11.502314,-1.08124,-2.115865,-2.4682968,0.003846537,0.5822341,0.454454,0.50904554,7.9104123,0.10918499,-1.2001393,-1.0571557,13.727958,0.27567124,610.68665,0.13748626,1419.3217,0.09102573,-47.33222,-1.8338643,1532.2354,0.053976502,1160.7461,0.19830924,-47.908234,-1.8053257,2645.5684,0.0652346,953.8257,0.45248854,-60.309635,-1.3184185,-3.0809827,-0.4683148,20.58904,0.13010834,0.021346832,0.36748984,-0.00738231,-0.5742267,0.31819522,0.21511385,31.989738,0.06539951,-15.577114,-0.18720134,-18.360468,-0.19302067,-2.92259,-1.852841,-7.3843412,16.735374,0.00046942994,-2.7059858e-05,0.13854533,1.5427771,0.14124294,5.35,0.0,0.84999996,0.48999998,-20.167187
32.34295,0.014900927,31.95056,32.379517,32.82105,0.8704891,8.769723,0.58799577,0.48935175,5.3829207,0.45363218,0.72805834,0.13528529,0.32402888,0.84205973,0.7067745,2.3983016,1.6840543,0.8714822,0.0,0.10669738,0.7737272,31.004295,0.3627164,-8.2571125,-0.42166674,11.743356,0.92447114,5.831858,1.1962974,0.013699902,0.62603086,0.8289371,0.8079615,8.632178,0.19225805,0.32898542,12.034251,16.906067,1.0307417,549.4194,0.24003735,1470.0536,0.09738052,-105.98659,-0.9080402,1474.1735,0.13364582,1356.1747,0.27496523,-109.49956,-0.8366699,2524.1787,0.07741892,1015.4317,0.34515128,-114.437904,-0.7569668,-12.209411,-0.1438136,23.197012,0.10696774,0.025002373,0.61587095,-0.015276784,-0.88361984,0.17790706,0.33425495,42.197876,0.07112049,-10.034092,-0.24188958,1.9829168,2.7974877,1.7080326,3.721664,-7.327845,15.975338,-0.01231826,0.021845635,0.041749682,0.5405406,0.5555556,0.89,0.0,0.89,0.0,-27.288433
37.45066,0.06610392,37.875324,38.0337,38.153656,0.27833176,223.78926,123.75404,27.907099,19.06458,1.2502152,0.4487804,0.46010187,1.4324913,1.6223924,1.1622906,8.371031,12.883975,0.851453,0.7036809,0.2654624,0.5247634,21.987694,0.2506904,0.011472306,784.32825,-6.219358,-0.96911263,-9.226555,-0.8942494,0.013514602,2.544316,0.78466207,0.65943664,9.643584,0.3925208,12.607938,0.45311064,22.363815,0.19598529,889.8905,0.13635096,1267.6875,0.09961824,-53.20197,-1.5111601,1784.7162,0.06375516,996.457,0.14585501,-56.44044,-1.3803343,2993.8572,0.062147774,834.9682,0.4523852,-65.46675,-1.1167153,-8.989778,-0.3992287,22.446053,0.14157927,0.06275366,0.21942456,-0.009267599,-1.0807987,0.30611593,0.44164646,23.754587,0.1173658,-2.9637277,-2.5733912,-7.5806694,-0.66787016,-10.450955,-0.65535265,-9.554938,17.72981,0.024732176,-0.012024231,0.13464893,0.6920415,0.59101653,1.2939999,2.3599882,0.378,0.44282725,-18.83501
21.211317,0.011584951,21.054361,21.209646,21.368595,0.31423378,6.767004,6.266749,5.380162,8.066258,0.72681254,0.28825635,0.6216937,0.69218016,0.84655035,0.22485667,2.9163623,1.6986657,2.0821493,1.4964246,0.25685132,0.34733722,35.09695,0.10610013,-0.47186258,-12.893131,5.419841,0.9467953,-10.798674,-0.64092344,0.012662558,0.6652791,0.97534126,0.53918254,3.4473994,0.37918186,3.5594366,2.2260714,19.615347,0.32233986,452.48615,0.34818462,1316.597,0.09427629,-20.285416,-2.8242445,1384.756,0.15611878,1016.94226,0.13761675,-26.859015,-2.0416636,2472.1824,0.094194934,763.1817,0.23681995,-37.43379,-1.375682,-12.480614,-0.20654264,24.072186,0.14849696,0.038496867,0.20241259,-0.018624999,-0.28604054,0.26960376,0.2983375,35.93098,0.061645854,-0.65404046,-9.473747,4.910549,0.8942334,-11.839227,-0.50019544,-10.762671,14.75372,0.02818074,-0.01212981,0.13563111,0.9948269,0.27910686,3.242857,2.8249485,0.27875,0.40983036,-24.664625
34.112953,0.0968673,33.752262,34.114277,35.56002,1.8077583,318.0246,311.2752,105.8238,125.71194,0.9970287,0.43936288,0.4948465,1.086784,1.3882428,0.8933964,4.7919207,3.146712,2.1331298,1.0765371,0.25974387,0.4256412,24.145027,0.29488266,1.6684217,4.1147337,-2.8087862,-1.8859041,-6.930198,-0.7985216,0.035811666,1.5496408,0.7924745,0.6877825,8.084258,0.39121896,-1.6758058,-3.9236681,18.383627,0.33842492,613.6164,0.23716815,1474.7727,0.09892666,-85.94283,-1.0947859,1527.058,0.07209094,1047.7643,0.16096413,-84.16202,-1.0819818,2769.2012,0.05161498,724.54315,0.45190954,-92.910194,-0.90720433,-9.989276,-0.22391608,25.272097,0.122891635,0.037354026,0.32038748,-0.012446867,-0.54484093,0.31141302,0.2587724,27.732277,0.13098139,-0.6659198,-5.4694004,-4.6334124,-0.8772345,-9.070738,-0.43599877,-8.289315,16.112705,0.030217137,-0.008172181,0.18250492,1.5521065,0.67264575,0.90666664,1.176218,0.4175,0.44807222,-20.838537
33.472816,0.032360315,33.239685,33.42787,33.886772,0.6470871,201.02525,199.86708,15.982058,12.54088,1.0250468,0.22475325,0.7582215,1.0826087,1.2044265,0.44620502,1.7804813,1.646851,0.9198162,0.14305258,0.38105795,0.24722563,31.353582,0.14340658,-4.995623,-0.5340714,-4.020537,-1.8183969,-11.524327,-0.4984922,0.012914544,2.012221,1.1981444,0.505355,5.0863113,0.3400924,0.5167825,7.147944,23.607286,0.52851164,519.6607,0.3253128,1430.5338,0.085050434,-44.231083,-1.7303445,1425.084,0.14352678,1183.3999,0.16673796,-45.339546,-1.6361345,2569.7676,0.07680292,1170.0361,0.29347354,-62.62698,-1.0465807,-6.268819,-0.29849672,25.796005,0.08530349,0.024501437,0.5209567,-0.00583523,-1.2598017,0.40367177,0.2099147,33.21954,0.06894358,-5.06326,-0.50007445,-6.7748117,-0.7016625,-13.305634,-0.36908177,-7.284469,20.731306,0.01967589,0.0006033894,0.31074172,1.5564203,1.1904762,0.66999996,0.66287255,0.14999999,0.15577762,-22.600521
34.527004,0.0056363395,34.42574,34.544216,34.66993,0.24419022,1.6650203,0.8528712,2.6204898,3.0832932,0.7220838,0.38168252,0.5951868,0.67241,1.0009228,0.40573597,0.75578934,0.927008,0.3499713,0.0,0.08216507,0.918564,22.13569,0.4981312,7.085889,0.887685,-8.818349,-1.1949645,-0.6502891,-10.554983,0.0030007702,1.6362321,0.36830842,0.39632657,12.079289,0.07045476,0.6937091,1.8585786,19.775085,0.17084599,757.9509,0.15695174,1225.9722,0.13633896,-38.20809,-1.9297394,1800.7297,0.101622425,964.7642,0.19697054,-51.164883,-1.3152698,2887.5981,0.06256064,713.3147,0.33033416,-57.08803,-1.1295218,-13.3081665,-0.27215973,24.844429,0.09549926,0.05447737,0.14477877,-0.016227769,-0.33231336,0.08969311,0.92056197,27.10722,0.08028076,5.8686247,1.0603492,-12.533187,-0.5906051,-3.3841176,-0.93568933,-1.6084822,6.1115475,0.047635257,0.005470424,0.043016855,0.31746033,0.3236246,2.56,0.0,0.51,0.0,-24.97175
24.967415,0.07058129,24.736286,24.870802,24.961405,0.22511864,0.3712936,0.0,157.43443,0.0,1.2226985,0.21664922,1.1314737,1.2461057,1.3773104,0.24583673,2.5509496,1.3792545,1.9303229,1.0787667,0.2936388,0.43233562,32.18692,0.14847933,-6.75297,-0.70980483,-3.838025,-1.0428252,-10.669748,-0.3532325,0.006044599,0.6685944,0.52440137,0.65313876,6.1867533,0.29868698,6.1105695,0.23517159,16.591305,0.23319326,458.00327,0.11704021,1323.7361,0.08177659,-20.404667,-2.6769953,1323.6703,0.05432337,1099.6892,0.07803942,-22.187626,-2.3896353,2451.3152,0.041015424,775.82666,0.332352,-32.562256,-1.5361394,-7.163876,-0.2492131,17.624668,0.19516286,0.014988943,0.5262623,-0.014675491,-0.38449958,0.29838142,0.38798636,33.24483,0.091299646,-6.699515,-0.7143745,-4.0600357,-0.9417523,-10.802429,-0.30583596,-7.8692255,16.78706,0.008850646,-0.0050247665,0.247024,1.8181819,0.5277045,1.7249999,1.6949999,0.14999999,0.08,-20.91209
31.964186,0.1179258,33.14067,33.40873,33.546925,0.4062538,184.08665,138.67058,30.016167,27.296679,0.727551,0.4270923,0.3148415,0.8202567,0.92059135,0.60574985,1.5279872,0.7575592,1.2277529,0.64895195,0.21088943,0.5073187,32.54948,0.15344454,-2.4745772,-2.8930573,-1.9694766,-2.970223,5.875811,0.9414875,0.044345353,1.3921181,0.970572,0.51309186,5.915787,0.50795335,12.914397,0.2547007,30.6874,0.12731718,1008.32135,0.11430937,1256.0507,0.11261724,-54.725655,-1.47294,1865.8536,0.06842426,1278.1375,0.17667834,-55.124775,-1.4274138,3017.4949,0.077332065,1365.7316,0.23955001,-65.951866,-1.1044967,-7.6509295,-0.28980097,26.064205,0.119822204,0.04526354,0.24137737,0.009824507,0.36565363,0.24532117,0.33985054,34.332012,0.06432125,-5.431662,-0.7298164,-4.4655547,-0.60961455,7.5006065,0.45488697,-13.069944,23.092497,0.031598993,-0.003907227,0.10202401,1.458671,0.8169935,0.9319999,0.78748715,0.26799998,0.28378865,-24.95953
24.691729,0.19124427,22.02186,22.216228,32.931946,10.910086,0.32469195,0.0,6.564664,0.0,1.1303132,0.40225005,0.8658817,1.2041458,1.4711142,0.6052325,1.6785678,0.858233,2.4868505,2.1416295,0.308619,0.43912837,34.509655,0.1019498,-12.733148,-0.71093345,-3.077516,-2.4109876,2.5561512,2.025845,0.0075546196,0.824756,0.549757,0.5805673,5.3054523,0.33866358,3.9010088,0.38829163,21.01807,0.23270294,620.3733,0.20822807,1525.4408,0.11138062,-53.8251,-1.7089014,1527.4457,0.061861258,1194.1617,0.16506504,-54.487377,-1.6800226,2622.542,0.06488272,1022.39465,0.43627658,-66.267685,-1.2711287,-4.308085,-0.609449,20.856443,0.14036658,0.025312224,0.505316,-0.005046072,-1.2252941,0.3378516,0.30682442,36.00684,0.042426705,-16.483,-0.39581704,-6.652732,-0.498807,2.8527658,1.4142379,-10.182168,24.811985,-0.0010078364,-0.0022497477,0.23737979,0.4597701,0.93023264,0.755,0.66492474,0.295,0.27986604,-21.344074
35.328438,0.02343613,34.528656,35.364502,36.15965,1.6309929,3.9493103,4.1900454,0.7031839,1.708244,0.9735877,0.41775662,0.7570505,0.9067108,1.1454762,0.3884257,9.414076,9.153197,2.6982405,2.374332,0.25058815,0.6755748,35.04031,0.24753141,-14.374019,-0.57486504,-8.728021,-0.9988033,-7.7829676,-0.82650906,0.008535856,1.1619915,0.8571171,0.526068,7.8252673,0.34064716,0.56727225,4.060474,18.659954,0.22762556,567.4121,0.18095891,1461.8097,0.100535385,-34.736893,-2.1153603,1461.4053,0.061988905,1120.606,0.10580991,-34.857246,-2.0898893,2604.6772,0.04229532,825.33624,0.27718282,-50.173336,-1.3179542,-5.0678816,-0.5742153,21.473082,0.16067578,0.034823827,0.40452152,-0.00013446853,-50.68551,0.25197014,0.68249065,37.81326,0.13151722,-16.43001,-0.39826152,-11.76252,-0.39043102,-7.9467773,-0.7122674,-6.849678,16.73615,0.027868867,-0.00070855924,0.24429934,1.033295,0.11547344,7.25,0.0,0.69,0.089999996,-22.551537
31.901327,0.02715516,31.76381,31.88391,32.201115,0.43730545,67.19274,0.0,0.51374125,2.4010196,0.6404992,0.34838852,0.42333102,0.65353703,0.8253276,0.40199655,1.3774217,0.81276345,0.17840053,0.26412776,0.1292347,0.2795658,26.977547,0.31623185,-5.7346687,-1.35284,-4.6231985,-1.6361426,-4.3925734,-1.5496392,0.009907149,3.4464371,0.87732595,0.48290938,4.723287,0.5088708,-1.986943,-1.3841755,12.85528,0.36129445,467.8859,0.08623703,1178.3123,0.0864285,-42.461136,-1.8446087,1400.0818,0.030677034,1018.62274,0.14355107,-43.640114,-1.7664031,2504.034,0.030654924,829.61755,0.24282214,-53.289173,-1.3612849,-7.40109,-0.32985812,17.77863,0.24129501,0.009625135,1.2022531,-0.012541808,-0.3682977,0.13938852,0.20879565,27.904987,0.29601786,-5.6395483,-1.4087061,-7.5731416,-0.5807832,-5.8573003,-1.0821866,-7.5735435,19.151867,-0.011900624,0.005465474,0.09161536,0.9638554,0.4878049,1.635,1.385,0.26,0.24913183,-29.625488
34.157402,0.0060850275,34.042812,34.13683,34.27681,0.23399734,3.7001991,3.2471838,19.8317,43.92149,1.5827881,0.38100863,0.68530244,1.8606373,2.091625,1.4063225,4.4493985,7.2772574,3.5741844,2.7636976,0.2828785,0.33866242,25.255722,0.24277642,-7.1464086,-1.1815171,-21.23545,-0.7812627,7.4366784,1.1755059,0.004385657,2.1022968,0.44285566,0.67190313,10.923444,0.16585653,-7.9381447,-0.5754814,5.584226,1.4881588,668.6554,0.15757416,1364.5065,0.14041364,-52.990265,-1.5585566,1564.3779,0.086514905,1301.5463,0.31207618,-50.34935,-1.660532,2678.411,0.13759631,926.8102,0.44297996,-63.07217,-1.2142597,0.52980405,6.465253,26.719112,0.19098945,0.009445807,1.472655,0.00050580053,13.546182,0.29318723,0.3373107,27.437695,0.12623523,-10.739394,-0.49100074,-29.423954,-0.30856013,10.994277,0.5333564,-8.706703,16.97531,0.01437707,-0.012327386,0.25257078,1.1644833,0.73313785,1.0259999,1.9770846,0.26333332,0.20409693,-16.159422
35.59076,0.041480206,35.4772,35.691227,35.993065,0.5158653,558.2999,0.0,-0.311425,0.0,1.2155672,0.26596045,1.0731673,1.2644118,1.340145,0.26697767,3.9421766,2.6751244,0.408719,0.0,0.29982916,0.47041914,36.79423,0.10665132,-20.641611,-0.43762943,-7.1366796,-1.1474382,-1.472297,-3.0917265,0.00590539,1.0452089,0.68345445,0.8393834,8.089797,0.24128062,8.685442,0.26020244,23.286875,0.20007972,712.3003,0.2317394,1654.8792,0.111925006,-8.836998,-5.273781,1564.442,0.072718345,1173.702,0.17326972,-6.851864,-6.6298966,2775.2375,0.06456831,1034.5542,0.37871242,-28.787401,-1.3991364,-1.923777,-1.0989423,23.599998,0.11894202,0.03493852,0.31997207,0.0076078833,0.7536039,0.31042448,0.4491831,37.234493,0.07889649,-22.169298,-0.30036953,-8.554065,-0.6488085,-1.5919075,-2.8888113,-16.12688,24.686255,0.017674841,-0.0023097014,0.1601314,0.2680965,0.5449591,1.7249999,1.7049999,0.089999996,0.07,-20.941034
30.528675,0.020832349,30.133223,30.412016,31.037882,0.9046593,12.000061,8.477222,14.563205,25.946587,0.7507842,0.82467586,0.10852748,0.6475172,1.4900346,1.3815072,5.533024,1.6316761,3.045176,1.310541,0.22116867,1.005179,30.53397,0.30242494,-7.145005,-1.2384559,6.9577684,0.79427826,-3.7137403,-2.9493961,0.012886479,1.4639151,0.7525316,0.5524879,7.825936,0.2780583,-1.6046019,-2.1647513,15.535523,0.21397698,511.17108,0.29658023,1349.3895,0.079119064,-89.30485,-1.0718583,1430.7489,0.12011937,1142.7325,0.116421565,-91.19254,-1.026343,2536.9272,0.08163497,956.194,0.31637397,-98.55041,-0.8843856,-9.205242,-0.43849263,22.754553,0.1741456,0.047418345,0.30200908,-0.017806819,-0.39237306,0.36932293,0.515169,37.65454,0.071626626,-12.376889,-0.6499503,4.4009233,1.1754845,-10.380291,-0.8503252,-8.872247,20.239618,0.0018295161,0.014020622,0.028889885,1.9920319,0.40650406,1.41,0.0,0.51,0.26,-22.129662
29.102716,0.04799275,28.826694,29.021984,29.173397,0.34670258,171.4439,126.444786,271.79675,193.18633,1.462153,0.26304767,1.2357341,1.5376428,1.769176,0.5334419,1.4729438,1.6039758,2.1423137,1.0841885,0.5412423,0.37402675,33.515976,0.14762487,-4.3013597,-0.85063547,-9.696362,-1.057273,10.8173895,0.48126155,0.017815566,2.2406244,0.96108896,0.5057549,5.9186125,0.3216619,9.349384,0.367685,22.824705,0.16147915,699.47296,0.13889389,1418.1978,0.107003905,-23.022594,-2.3415549,1577.515,0.05691316,1046.5542,0.21715613,-25.712034,-2.0325615,2739.4854,0.040033873,648.8454,0.24781606,-39.396797,-1.2134893,-5.801774,-0.40334037,21.612703,0.13569981,0.024883417,0.4324973,-0.0055796863,-0.9297555,0.5536094,0.33892125,34.272545,0.09564209,-4.5926676,-0.71385664,-11.228879,-0.65146154,11.632727,0.37342063,-7.1333103,18.528185,0.025825491,-0.0017214265,0.44391796,1.4492754,0.84210527,1.0649999,1.7640082,0.11666667,0.06182412,-17.983177
25.018162,0.01415245,24.719267,24.938847,25.277235,0.55796814,3.147539,2.7999773,1.9998943,1.0991408,0.84385663,0.3151707,0.7401445,0.8454046,0.9872023,0.2470578,1.3399847,0.8532354,0.5597912,0.23904814,0.14026111,0.56974554,38.31399,0.13532172,1.0345547,5.787654,-8.416007,-1.190948,-12.36618,-0.5882045,0.002243313,1.5172229,0.37812883,0.68537974,7.9118805,0.096527204,0.14591996,27.527384,19.599506,0.26936316,436.97015,0.12161227,1255.0924,0.1159871,-12.158494,-4.08699,1315.5361,0.05877897,1049.8806,0.18112576,-19.141653,-2.5191033,2516.5083,0.051114947,829.71814,0.33950928,-34.28629,-1.2820971,-12.487934,-0.3326478,26.816744,0.13672498,0.04454826,0.22448808,-0.024251675,-0.36088967,0.14859296,0.51214224,39.53505,0.05434046,1.394735,4.2229924,-9.752537,-0.9083233,-13.012962,-0.51939094,-6.4873486,15.948638,0.034567356,0.014780804,0.02212975,0.6737248,0.09680542,9.65,0.0,0.65999997,0.0,-22.314495
32.344543,0.0116364425,32.034473,32.317947,32.59984,0.56536484,5.2930155,3.8192642,4.4168477,3.435147,0.69257843,0.39052635,0.38498938,0.7099223,0.8424099,0.45742053,2.3324544,1.1029294,1.556796,1.0974615,0.13940027,0.4509071,29.68771,0.234097,-1.9721246,-4.206738,-1.8455439,-2.9527857,-2.8022027,-1.646434,0.006015526,1.2480699,0.65243495,0.5270284,9.198135,0.15577076,5.580558,0.51942635,17.435436,0.30407065,682.5584,0.20952031,1544.4061,0.13684735,-57.089447,-1.4382088,1512.8944,0.07307382,1112.3601,0.19039595,-55.06141,-1.5046635,2808.8257,0.07984217,876.5358,0.65884924,-69.10559,-1.0837637,-5.8937335,-0.62220174,24.908873,0.19377984,0.015163331,0.689421,0.0014756385,4.018943,0.15078925,0.44752654,32.93324,0.11138435,-5.074295,-1.2835716,-3.0354214,-1.6577319,-3.0406368,-1.5698541,-10.406666,19.227758,0.017490296,-0.008002163,0.1060784,1.0954617,0.31545743,2.3799999,1.0,0.51,0.3347636,-26.50183
25.219805,0.057314456,24.808472,25.017622,25.203224,0.3947525,8.562592,0.0,62.192505,43.06695,1.1829023,0.42418396,0.42827755,1.4403939,1.5222671,1.0939896,1.7194947,2.5817301,1.7262124,0.9161639,0.3012513,0.47095805,29.868374,0.2376803,6.1390834,0.8967532,-4.423372,-1.9939545,5.847325,1.3449028,0.004029468,1.8502067,0.42950124,0.9058816,7.5351768,0.16227555,-2.2433474,-1.3145995,29.036175,0.16367267,863.9155,0.13931091,1480.5897,0.19489141,-56.67464,-1.5465691,1653.7943,0.087515004,1070.079,0.21029228,-58.49362,-1.4637789,2919.5872,0.057579804,723.34973,0.39358583,-71.23938,-1.0923558,-11.547675,-0.209704,28.72608,0.124092124,0.025248675,0.30143923,-0.007604877,-0.9119493,0.33392605,0.244788,32.9985,0.08216767,4.727611,0.7635065,-8.013225,-0.75113434,6.5184126,1.1592408,-12.448439,22.569838,0.016274367,-0.0056487387,0.21806122,0.98176724,0.84745765,0.84999996,1.7934881,0.31,0.3133156,-17.243149
31.69745,0.064285606,31.993925,32.128937,32.29923,0.30530357,208.9211,110.139725,8.953186,19.652359,0.8783174,0.55290055,0.2868886,0.97521895,1.1826769,0.8957883,7.865875,12.0772,3.59893,4.2069354,0.22848593,0.67219555,28.384886,0.22512005,0.2668173,36.9789,-2.3641338,-5.0070615,-10.309096,-1.0931079,0.0070457156,1.4630204,0.7964222,0.7412265,7.4681115,0.4348197,2.2016864,1.6472145,19.06376,0.21870413,675.7204,0.23187965,1567.0568,0.16295254,-61.26664,-1.5064999,1555.2563,0.089867234,1197.5311,0.23890088,-64.234276,-1.3930819,2764.6038,0.06430537,855.6631,0.52409947,-72.62408,-1.1547284,-9.89376,-0.27263778,20.461277,0.14422856,0.057503793,0.20632674,-0.019084524,-0.26615286,0.26803184,0.57506794,30.314106,0.12262406,-4.339775,-1.4541245,-8.882946,-0.6403632,-15.802908,-0.38386807,-14.629519,22.675941,0.036638666,-0.010590759,0.14575286,0.85178876,1.0309279,0.66166663,1.3991119,0.24571428,0.11914663,-22.882483
25.909777,0.011619555,25.696192,25.895796,26.132582,0.43638992,4.074552,2.4532444,1.752964,1.9670088,1.0061384,0.19537611,0.8745185,1.0231575,1.1377674,0.26324892,1.2914667,0.75857663,0.48550332,0.15480797,0.41695133,0.20073722,33.651844,0.10502084,-5.1038632,-0.7267909,0.012057551,468.05872,-11.730894,-0.30243587,0.0059086927,0.85045296,0.9182411,0.47914314,3.6171942,0.39742008,4.8804235,0.62000245,23.319448,0.14019455,463.88074,0.14833818,1334.5704,0.10027506,-35.814014,-2.0214055,1394.5415,0.055810396,1117.2302,0.12060524,-37.936455,-1.8843651,2488.0854,0.057360504,1149.8801,0.24765162,-52.934036,-1.2251879,-9.493242,-0.18519226,24.246178,0.07854801,0.025964169,0.39845136,-0.016938834,-0.28320092,0.43194523,0.14843474,34.801548,0.053924076,-5.7514553,-0.6135608,-1.7365432,-2.213147,-12.55651,-0.21998276,-10.303577,22.075962,0.020334486,-0.008741032,0.35150743,0.6389777,1.0706638,0.765,0.86242974,0.13454545,0.16024773,-22.673733
30.168175,0.037160855,29.82349,29.998224,30.637592,0.8141022,373.5805,0.0,3.2817903,0.041094694,1.0358651,0.41914278,0.7902326,1.1398559,1.343349,0.5531164,4.7137403,5.695281,1.8605666,1.0078272,0.285612,0.4520014,29.59744,0.15078013,-1.0635338,-4.7615743,-10.805409,-0.67457205,1.9189745,3.4480138,0.023648845,2.0480626,1.0079278,0.7635061,5.790121,0.5404889,1.0087612,3.7006881,21.342764,0.5244935,759.0158,0.19650243,1587.9705,0.14048703,-31.68215,-2.2170248,1650.5824,0.09275972,1300.6532,0.18671362,-36.62368,-1.8455107,2679.322,0.09424353,1160.2319,0.40488338,-47.97912,-1.311599,-8.264301,-0.387053,20.306376,0.1508794,0.064647086,0.17470248,-0.013601058,-0.6141508,0.30440578,0.311746,30.16584,0.11265275,-1.8176349,-2.3153017,-12.707584,-0.3999498,1.1661595,5.482541,-9.698996,24.552845,0.021074137,-0.004316717,0.20890453,0.97087383,0.65789473,1.285,1.175,0.21499999,0.074999996,-22.298042
34.281776,0.04723605,34.264477,34.476357,34.632973,0.36849594,330.2121,48.657856,5.1634407,1.5709974,1.3665631,0.26588133,1.2859396,1.4769233,1.6173815,0.33144188,4.1944013,2.5069492,1.6546814,1.6824905,0.34943363,0.31450978,31.24285,0.1478265,-26.76912,-0.37787244,-3.508201,-1.9185289,10.088388,0.82450724,0.011545722,0.7775736,0.8023799,0.5046243,7.015985,0.30343124,-2.459588,-0.9283412,1.3811328,5.9592633,606.5031,0.31643057,1582.1276,0.11806254,-39.779774,-1.8767314,1481.6912,0.114273794,1433.1584,0.15474243,-32.65282,-2.3011346,2370.0974,0.13392398,1236.8232,0.19703464,-40.242393,-1.7916969,2.9043658,0.45486787,13.584015,0.13710323,0.026308665,0.3844637,0.005252831,0.69605744,0.36869073,0.21390396,32.943188,0.05249869,-30.7788,-0.10665553,-5.777277,-0.5793107,13.11435,0.24710883,-5.4740195,16.146847,0.024356443,-0.0022787263,0.26939544,1.599016,0.7425743,1.105,0.8980859,0.3225,0.30053076,-20.705612
25.145527,0.11426145,25.701672,26.002392,26.196438,0.49476624,149.02895,99.3641,77.43132,71.038376,0.6604124,0.51049095,0.27121657,0.6711424,1.0155361,0.7443195,10.34259,8.791934,9.950686,8.082869,0.231081,0.73432934,26.047857,0.29167223,14.456378,0.52558726,1.9799175,4.0456567,-0.18802336,-39.786324,0.018453,2.8885174,0.837441,0.74173707,6.693326,0.3944135,4.898501,0.7095689,22.325161,0.28346315,496.98785,0.20057617,1386.115,0.14266378,-99.08431,-0.95436555,1430.3645,0.1326831,1192.2141,0.19492005,-105.6484,-0.83784765,2578.273,0.06728037,794.6209,0.29052338,-109.25533,-0.77974284,-16.70961,-0.17507267,25.970726,0.16470388,0.022148184,0.6253677,-0.024440091,-0.30418524,0.26240262,0.38853163,31.448391,0.07915326,11.988209,0.634356,4.470592,1.7321272,-2.287166,-3.1528027,-14.400402,24.312407,0.03840773,-0.010419955,0.19791822,3.1496062,0.4761905,1.1166667,1.4807731,0.95666665,0.7557042,-23.564978
34.98004,0.034209702,34.876526,35.11904,35.312973,0.43644714,200.64493,189.47757,-77.42104,56.268673,0.5864267,0.51972544,0.27585286,0.6425609,0.75311035,0.4772575,2.1066334,1.7180521,2.8861523,2.6433537,0.11967102,0.5580497,19.100891,0.19457875,6.3663087,0.72811764,-2.2943697,-2.7693148,1.7081752,3.7542453,0.011936687,1.957503,0.8356025,0.42797822,8.922313,0.2540753,5.8257055,0.9074475,10.566904,0.39020023,807.8987,0.25446206,1163.4156,0.2481054,-88.031525,-1.0695081,1850.4832,0.17453195,1006.51385,0.28993434,-90.82147,-0.96647894,2856.5073,0.09214565,771.8809,0.38747653,-92.922775,-0.92527914,-7.0226526,-0.35720322,21.79874,0.116239116,0.029535046,0.3692355,0.008617369,0.7412553,0.14521644,0.4669407,19.208773,0.110548116,5.118346,0.691239,-4.5555887,-1.2324641,4.775088,0.876901,-10.185963,19.246809,0.026679713,-0.007628446,0.080874644,0.71355766,0.20491803,2.97,2.95,1.2566667,0.9162362,-27.334723
26.010878,0.01568489,25.732622,26.000053,26.26952,0.53689766,5.647294,2.6584918,4.956312,2.6850383,1.0585412,0.22175011,0.9369938,1.0296127,1.1293868,0.192393,2.6162732,3.9713137,0.3739926,0.40086064,0.19712642,0.35215938,30.112347,0.117657006,-7.463096,-0.5146436,5.265882,1.1140397,-17.771988,-0.2980398,0.003650879,0.67996585,0.5183098,0.4854854,7.5692835,0.08984294,-5.295934,-0.6198516,8.746043,0.47119176,423.1559,0.094350345,1139.1096,0.08049187,-9.371175,-2.03565,1309.2375,0.03838719,903.4792,0.085891545,-9.468951,-2.021573,2415.6,0.028497225,716.9389,0.13058212,-23.71596,-0.7507522,-7.151998,-0.28033623,20.854952,0.1525367,0.019965142,0.5404063,-0.0069656945,-0.85871977,0.19918145,0.33797428,30.296812,0.09804451,-7.5340624,-0.49356163,5.1597247,1.1276468,-17.96255,-0.275074,-6.5887423,15.99599,0.027126987,0.025488958,0.011802575,0.36133695,0.09082652,10.889999,0.0,0.099999994,0.0,-22.694818
39.09048,0.026692817,38.397648,38.971462,39.711887,1.3142395,18.724142,19.851418,135.10393,98.9499,1.1581796,0.29144964,0.98249084,1.267477,1.3658158,0.38332492,4.0199785,3.6245005,1.5517855,1.0226533,0.19815525,0.48092034,28.102676,0.21366881,-9.827041,-0.86765057,-9.204785,-0.7074619,-22.39149,-0.36817607,0.0061057317,0.9849386,0.64895684,0.65016586,11.086482,0.28895128,-5.305736,-0.51212674,15.739172,0.2530644,726.43054,0.17778574,1447.9546,0.116650954,-28.264778,-2.2945244,1593.2922,0.06967853,1174.7391,0.16716212,-34.73644,-1.75638,2841.4045,0.051207498,677.5076,0.50180095,-44.483116,-1.2912507,-8.00311,-0.31818575,22.528189,0.19280489,0.056716572,0.23492762,-0.015874097,-0.44907692,0.20659132,0.46545497,29.609585,0.14655681,-12.305824,-0.38809124,-10.637147,-0.43839765,-24.485788,-0.23375836,-9.754642,17.268671,0.036571424,-0.017287908,0.13508354,1.0041841,0.5042017,1.73,3.6542943,0.23333333,0.20580463,-20.451618
33.558212,0.037419416,32.873116,33.410347,33.8684,0.99528503,27.82343,17.008087,4.6108384,2.3107414,1.0888753,0.44939023,0.36079144,1.29494,1.4960665,1.135275,4.467298,3.4707413,2.6522622,2.0301669,0.39004174,0.6542194,28.622484,0.33751282,-0.3304759,-32.654354,-7.7628446,-1.1585423,-0.17720291,-28.315796,0.016845183,1.0066059,1.0405399,0.5452427,6.2569914,0.5901733,3.3366206,1.3404562,24.569012,0.19217302,677.8354,0.30063388,1570.9651,0.1514894,-67.72116,-1.3532131,1528.2261,0.11266316,1217.2412,0.24016282,-68.245094,-1.3031904,2771.257,0.06803117,868.46375,0.36831254,-80.47042,-1.0033273,-5.9181013,-0.30085218,23.24509,0.11684708,0.054448307,0.19651593,-0.0051749353,-1.0610371,0.49829233,0.44788072,34.326733,0.08944003,-6.6377316,-0.6074438,-12.74864,-0.3207476,0.035704874,120.34049,-11.074773,19.41437,0.032255705,-0.009832713,0.16125879,1.5691869,0.43103448,1.5833333,1.4504559,0.71,0.48332182,-20.464758
25.547825,0.20054965,17.670248,28.103325,28.71632,11.046072,503.36508,490.81558,106.573265,127.93796,0.7066305,0.35038045,0.51199675,0.73091,0.8939089,0.38191217,2.0822108,0.94695747,1.6665424,0.99323124,0.2995533,0.39127153,37.84808,0.17124847,10.572171,0.41893274,-9.051587,-0.7158989,11.616855,0.73747146,0.024240747,2.5051692,0.8949126,0.5473094,5.353269,0.5098966,3.5785701,1.5065289,26.584492,0.20214543,471.58783,0.24870363,1371.1991,0.123056896,-56.31693,-1.4890025,1401.2806,0.1254331,1179.9656,0.19147612,-63.601124,-1.229712,2449.2026,0.102628395,1010.2752,0.21812017,-72.81597,-1.0030115,-15.913833,-0.18546198,25.312012,0.13380627,0.01765606,0.68369365,-0.021307515,-0.47313055,0.33165747,0.2956123,40.463486,0.0952096,11.299978,0.37598914,-10.840625,-0.55706125,11.056552,0.69818175,-13.198151,22.721622,0.010265638,-0.0036316393,0.22384238,1.9354838,2.7272727,0.25857142,0.39014387,0.11125,0.12834889,-22.647743
39.392895,0.005773009,39.25764,39.38445,39.522038,0.26439667,4.058358,2.4485202,3.2813447,2.4490871,0.97875655,0.36132562,0.9035287,1.0296909,1.2003094,0.2967807,2.3067937,1.2510722,2.9415228,3.5006037,0.14821497,0.5102067,41.93981,0.21026918,-7.7016125,-0.90078485,-6.533155,-1.3627095,-1.7309657,-2.9434128,0.0058601582,0.8088319,0.3981496,0.75997514,13.648688,0.07212086,4.4887075,0.5109134,30.712809,0.10501674,688.2979,0.13841502,1495.2179,0.08893212,-35.328186,-1.8998947,1618.5593,0.04995488,1005.09705,0.13668054,-38.654224,-1.5654893,2883.0557,0.036514137,850.0573,0.17514972,-55.394337,-0.97978115,-14.464286,-0.19182825,32.964226,0.0812108,0.021643162,0.53658074,-0.022813588,-0.18127716,0.15904371,0.4592344,45.09859,0.05311082,-9.503236,-0.5049874,-9.624769,-0.34558,-2.7170887,-1.4319762,-12.902001,22.84674,-0.01817472,0.0020703801,0.07333228,0.35555556,0.08928572,9.82,0.0,0.675,0.16499999,-19.04448
30.864164,0.103381746,31.417099,31.673927,32.044174,0.6270752,266.12564,198.11803,48.140198,36.69242,1.0868572,0.5329428,0.2026726,1.3399296,1.5157205,1.3130479,3.8752499,2.9787488,1.8661308,0.8381696,0.2924111,0.913941,28.664133,0.2860438,-9.088678,-0.49012372,-11.902805,-1.0848563,-2.326582,-1.842327,0.023683002,2.239295,0.7444288,1.025365,7.2122517,0.6321635,-0.5079628,-7.9673333,14.147973,0.27073896,608.41376,0.1918469,1568.2947,0.09620423,-81.25107,-1.215881,1481.1204,0.05074584,1146.7955,0.17142473,-81.90112,-1.1948817,2646.947,0.0371428,756.0646,0.41227776,-90.67741,-0.9998068,-3.0013635,-0.6719965,17.933508,0.16598083,0.05178148,0.23199554,-0.010079694,-0.5324328,0.28750998,0.4805109,31.098364,0.12560059,-10.738074,-0.30515748,-19.296478,-0.17293347,-2.770566,-1.3578546,-5.8757033,16.414207,0.030854246,0.0011827034,0.30215806,1.0486177,0.47892722,1.228,2.1437666,0.6983333,0.8570378,-20.952541
32.907475,0.19900952,23.609226,35.15868,38.072517,14.463291,191.29597,121.65762,75.94371,66.75021,0.74068743,0.29132447,0.6343473,0.7660858,0.89933324,0.26498592,2.6504052,2.519062,2.5605404,2.1218374,0.2592737,0.56446654,28.89107,0.18829995,6.1532993,1.0017987,-10.8738165,-0.68177944,-1.2349164,-6.665553,0.035127927,1.8844362,0.8424998,0.7317146,7.935184,0.43785188,3.6746216,1.6954077,27.145485,0.24483535,759.3411,0.214619,1405.8955,0.16846593,-77.73125,-1.1785656,1663.9064,0.09656865,1109.3451,0.22036397,-80.48636,-1.0731294,2907.1226,0.08431489,863.4073,0.4562796,-90.50518,-0.8748419,-13.042981,-0.2546334,30.664526,0.12878752,0.03221936,0.41826066,-0.011257789,-0.8958444,0.23165871,0.43396145,30.443966,0.13055913,5.6378546,1.0209526,-12.112738,-0.40067634,-1.6887519,-5.147791,-11.241689,25.884237,0.028614555,-0.010463492,0.31142482,2.6206076,2.0908005,0.29799998,0.43165985,0.17375,0.20637874,-24.18635
36.2661,0.0060864356,36.085526,36.260593,36.445755,0.3602295,3.518516,1.6833453,2.3395379,1.5941665,1.0648621,0.12957697,1.0063471,1.0780641,1.1587389,0.15239179,1.820079,1.2692373,1.3292145,1.3604541,0.36990064,0.19114992,28.69744,0.084952146,-13.865218,-0.30922002,-1.508008,-2.8431382,-5.9192915,-0.781039,0.0070057083,0.4616279,1.1446657,0.39613375,3.8646965,0.45221606,-6.284899,-0.7395393,4.626534,1.0564473,762.6694,0.11478493,1368.3021,0.107332036,-49.11235,-1.6313702,1651.1602,0.057872795,1206.9148,0.2291365,-50.565456,-1.560588,2799.311,0.05616176,781.0695,0.3643116,-59.33392,-1.2517991,-3.3175716,-0.5717496,18.442348,0.15046823,0.015344789,0.7799875,-0.0025326402,-2.5052176,0.36544353,0.19293997,29.082188,0.06841784,-15.115514,-0.21401277,-1.9623547,-1.8196689,-6.14949,-0.6183865,-4.9815345,18.801329,0.023491427,-0.003874082,0.3864637,1.4137607,1.4204546,0.5333333,1.0920112,0.16,0.2818561,-23.842772
28.774345,0.034711733,28.754236,28.899786,29.052591,0.2983551,24.176277,20.982883,58.353783,96.167465,0.96932703,0.3111542,0.75994396,1.0502294,1.1692516,0.4093076,3.0187454,2.6600382,2.1108825,1.2007037,0.23172018,0.40557498,32.931976,0.21189049,2.1087878,3.2909324,5.595415,1.059798,5.6101837,1.0123538,0.0060711727,1.2252266,0.5289005,0.743043,8.652955,0.22143655,-1.1878394,-3.2821007,16.44257,0.30340192,568.8021,0.16297185,1412.4838,0.08660998,-38.49005,-1.7860515,1572.3093,0.058760867,1034.753,0.19754025,-45.461945,-1.4474889,2719.1606,0.06423461,803.68207,0.49711677,-52.39338,-1.1999395,-13.855397,-0.270203,24.16044,0.23252021,0.040783554,0.24906705,-0.019863818,-0.25987363,0.24123776,0.37858334,35.087765,0.13849823,0.85436076,7.2629914,4.8690624,1.0685849,6.747671,0.706644,-14.16676,23.051516,0.045483056,-0.01313295,0.18643136,1.884253,0.8130082,1.025,2.0427167,0.15714285,0.09866455,-20.434639
35.9267,0.010677707,35.709263,35.941006,36.231632,0.5223694,3.0809636,1.5999944,3.581737,1.9061396,1.4528908,0.3949906,0.71625286,1.662734,1.8427948,1.1265419,2.0578673,0.9043385,2.0203376,0.82666504,0.2267856,0.4651279,26.27199,0.118448034,-11.843819,-0.6021992,-8.91284,-1.303563,-14.881662,-0.5346185,0.0038888364,1.0675452,0.42404172,0.51814586,10.811755,0.1257018,5.539504,0.2187233,21.658407,0.13430801,867.0932,0.05966331,1301.2014,0.089229025,-37.64704,-2.1849391,1728.8108,0.035415046,1015.0821,0.0986117,-40.473106,-1.9926704,2954.2524,0.035490043,720.2144,0.32809526,-54.539646,-1.3492516,-1.5517793,-0.75239736,20.419548,0.099790156,0.042285517,0.29019168,-0.0052874507,-0.72437394,0.24374098,0.43531397,25.999027,0.059840918,-15.080382,-0.19879253,-14.30028,-0.29009816,-17.56733,-0.35323218,-12.275118,21.621979,0.0065077185,-0.0074301325,0.16335826,1.174743,0.147929,5.38,0.0,0.675,0.024999999,-19.34898
34.119915,0.2397488,29.871473,30.433123,49.410133,19.53866,126.850464,90.242134,-4.9421363,62.83287,0.9773458,0.41716814,0.60416627,0.85404587,1.3637433,0.75957704,2.470607,1.2623664,1.990919,0.96294713,0.3002717,0.41920698,28.32925,0.20844571,-4.716749,-1.0852977,0.26505446,17.441114,-0.37546146,-17.061674,0.013017552,1.0244153,0.9029443,0.581295,7.7165427,0.23514049,-1.1729752,-3.6737359,14.908378,0.3720339,561.3977,0.41485822,1338.4172,0.1442763,-69.43381,-1.2553489,1512.7179,0.19154093,1096.308,0.21810247,-66.26716,-1.2691281,2587.025,0.1124084,1124.0154,0.31922024,-76.797005,-1.0013226,-7.6616545,-0.7032904,22.939161,0.20619796,0.04321713,0.36920413,-0.0030630946,-2.6154826,0.33818397,0.36381108,30.85977,0.15305501,-5.9457355,-0.91229486,0.2780577,16.399126,-1.0951712,-5.81554,-8.738071,22.366362,0.039960884,0.0037529727,0.21715416,1.3468013,1.7123289,0.404,0.56386524,0.15799999,0.15171024,-21.688238
37.76963,0.15804374,30.671597,41.083252,43.02726,12.355663,103.50696,68.83489,34.80496,14.665607,0.9085178,0.53733057,0.43597877,0.8927637,1.2733356,0.8373568,6.1763563,5.489012,4.8662477,2.9536767,0.35979503,0.6518477,25.212748,0.2078427,-12.699527,-1.2115252,3.9490557,2.1793623,-5.5443487,-2.1175296,0.037309494,1.2727017,1.4032776,0.56082636,3.8627267,0.62077355,2.4549072,3.9587228,9.629575,1.7386115,647.15607,0.32762444,1343.0588,0.124641486,-150.97797,-0.55349654,1656.439,0.12374299,1176.2715,0.1811108,-135.1271,-0.65924186,2639.254,0.07057271,944.309,0.38283285,-135.9598,-0.6472638,-7.086751,-0.8854189,14.161808,0.48908365,0.027712602,0.6600221,-0.018274764,-0.9794429,0.45881632,0.565995,25.463444,0.23017415,-15.910775,-0.88135993,-0.05227144,-160.93668,-11.091227,-1.3967838,-6.305637,12.443117,0.012908967,-0.008199475,0.31391877,1.8735363,1.8957347,0.16875,0.16728997,0.33875,0.39406338,-23.922857
29.592703,0.043430917,28.712406,29.30774,30.415073,1.7026672,3.7523246,6.997054,6.9449873,4.9938655,0.9977253,0.26775908,0.8030853,1.0300134,1.1703116,0.36722624,1.2025447,1.1670129,1.34036,0.65229464,0.31060195,0.2918768,35.923218,0.11292335,-10.001979,-0.42907792,-2.9011927,-2.1965554,-9.337317,-0.8738806,0.009591468,0.8719893,1.0042387,0.4421051,5.7259583,0.36023343,5.91429,0.43015546,25.940979,0.15874971,568.36414,0.38315526,1556.9083,0.1494542,-20.114302,-2.8051531,1494.9792,0.1466195,1237.3518,0.19939154,-19.20488,-2.8442488,2621.237,0.11259962,1213.9166,0.20770416,-39.495174,-1.2236798,-2.9152265,-0.8801022,24.856243,0.093251266,0.031490486,0.39756873,0.0019708946,2.8519185,0.32355723,0.21800265,36.76356,0.067178845,-9.942316,-0.39223832,-3.400353,-1.594038,-10.604849,-0.6602735,-3.7366595,16.588419,0.021697424,0.013133264,0.18377374,1.4861996,0.21459228,4.2599998,0.0,0.185,0.095,-22.777042
30.983221,0.017114805,30.626572,30.839933,31.34282,0.71624756,3.5915923,1.3441124,1.944824,2.1868973,1.125781,0.45379004,0.523103,1.2084101,1.5381986,1.0150956,2.7904031,1.4741299,6.119513,5.3229203,0.2732641,0.4173598,24.959955,0.1815132,-14.859683,-0.78185445,1.5488435,2.3109841,-9.068343,-0.7553336,0.004514263,1.6569297,0.7191657,0.55053735,6.1865907,0.30705142,2.5593135,1.0935469,8.758271,0.37135577,756.2958,0.15355478,1485.7262,0.118183814,-58.04271,-1.5669196,1625.4841,0.047998212,1121.5631,0.07802341,-56.618065,-1.6160375,2809.2705,0.037057918,818.53345,0.33006054,-63.997997,-1.3573312,-0.42631936,-4.288984,11.256643,0.19889764,0.050168004,0.20966744,-0.002611455,-1.3650842,0.30708832,0.33332732,24.577185,0.14731975,-20.960855,-0.24364188,1.151338,2.6404042,-11.998342,-0.4157002,-9.906048,19.690315,0.04575707,-0.011175459,0.19387041,1.7621145,0.591716,1.1875,0.9778899,0.384,0.3207242,-23.572163
24.220625,0.23559394,20.881413,21.23301,32.385628,11.504215,136.52707,131.15288,103.40028,63.39816,1.1482937,0.4195766,1.0775548,1.2886295,1.4462767,0.36872184,3.7185163,1.7744129,3.0343533,3.2685668,0.28892142,0.68045753,35.985886,0.23179391,-25.77841,-0.36911952,-10.648365,-0.917057,-11.970685,-0.36469665,0.035588693,2.325126,1.4501255,1.3179885,2.1620352,2.047018,3.7748682,1.7759651,5.931418,0.568765,451.37076,0.24868682,1274.5099,0.09492332,-37.333675,-1.9604508,1326.0114,0.116423294,1114.832,0.0971797,-26.359852,-2.8826692,2314.2183,0.09893145,808.74365,0.21038301,-40.588257,-1.7200599,-1.2673922,-0.94899565,17.806261,0.10828053,0.012303525,0.71547353,-0.010647891,-0.5506459,0.33915266,0.51102966,39.365242,0.0766178,-29.679453,-0.097719364,-14.120474,-0.35467613,-12.358699,-0.29579204,-5.091643,13.941059,0.037761122,0.006219729,0.038245734,1.884253,0.13550135,6.19,0.0,0.58,0.089999996,-19.9346
38.043755,0.059265707,38.585815,38.772892,38.911934,0.32611847,41.643375,37.78312,31.274221,34.111473,1.8668488,0.35482517,0.9706416,2.1030276,2.3386736,1.368032,4.142787,5.226013,3.8396032,3.7936058,0.34243423,0.55767405,21.713514,0.21349071,-6.947736,-1.7138551,-21.27082,-0.6118739,-8.414575,-0.79519624,0.008659831,3.155399,0.58039033,0.7537521,11.41392,0.30160278,-3.9611413,-1.1832784,12.453064,0.49908978,781.4644,0.11816068,1331.2522,0.13600786,-34.492,-2.0433857,1684.2125,0.06169797,996.1103,0.18367378,-37.317333,-1.850223,2950.0264,0.05205112,637.91724,0.5463264,-47.62803,-1.3526261,-2.597832,-1.4148452,19.733673,0.1677767,0.06725864,0.15461718,-0.01860966,-0.40700588,0.3394317,0.5895147,22.231396,0.1687321,-10.535436,-0.7989032,-24.838692,-0.4139021,-8.625376,-0.67579293,-12.29581,20.231659,0.056510795,-0.025074773,0.35816434,0.43541366,1.1695907,0.70875,1.7055823,0.111111104,0.10343484,-15.478162
36.761425,0.06620294,36.836037,37.10273,37.44601,0.6099739,92.21341,129.30223,73.634155,76.260544,0.7504215,0.56430846,0.2869983,0.6633695,1.1175449,0.8305466,4.0520587,3.286952,1.6976045,0.90957916,0.18565474,0.662517,25.330193,0.25733107,0.48885942,15.54227,-3.079326,-2.6912827,-4.476336,-1.8479012,0.01252322,1.8206372,0.7586109,0.73382705,9.93601,0.37942603,10.611334,0.9273343,28.183632,0.30663115,709.1454,0.32373306,1508.7048,0.14711274,-96.46311,-0.9862265,1596.7479,0.10621285,1129.9362,0.19060378,-88.29237,-1.0199289,2787.7979,0.06986471,802.0901,0.2872877,-97.71805,-0.84327954,-11.503898,-0.3906429,27.486757,0.18689817,0.069669455,0.22738533,0.0005816024,14.464744,0.22005826,0.55255944,29.200949,0.16810152,-2.6740162,-1.6853168,-6.943731,-0.8344495,-8.690907,-0.77019876,-9.85945,20.178007,0.045336187,0.00030336974,0.13869983,0.9560229,1.3513514,0.43285713,0.9137632,0.25,0.14798649,-22.148731
33.610474,0.15829025,24.824692,36.18435,36.642742,11.81805,295.5616,362.56134,78.328354,98.73961,1.1457946,0.39134628,0.5848973,1.2748691,1.4227104,0.83781314,5.165088,5.8875628,3.3413672,2.8000574,0.3498383,0.65336597,25.00074,0.2572998,-5.7478037,-1.1402972,-13.112462,-0.7312512,-8.984884,-0.5736612,0.049950507,1.9487782,1.7383047,0.87013763,4.5782895,1.1948142,-0.25612378,-29.019407,17.371292,0.42238104,828.9975,0.09945263,1289.7227,0.09278454,-66.8148,-1.3378766,1671.5586,0.051467594,1058.2383,0.11005456,-69.72572,-1.2409302,2934.211,0.05721096,645.6132,0.38369742,-79.739136,-1.0023818,-3.0836623,-0.7073227,24.14313,0.19159116,0.042429224,0.22273698,0.00035849994,13.402888,0.37105992,0.5009146,27.716143,0.14889207,-7.576765,-0.61964625,-16.585083,-0.3985052,-9.713747,-0.39098313,-4.6073685,18.192804,0.030434877,-0.0007451692,0.31381932,2.108037,2.3872678,0.2738889,0.36264673,0.13058823,0.20512466,-20.76881
20.139751,0.30205873,13.488288,19.181517,25.524464,12.036176,295.66895,360.69833,116.02446,102.73305,0.7450086,0.56546104,0.18655767,0.8937431,1.0982839,0.91172624,4.583601,3.9092,3.5417366,3.4727092,0.24006571,0.54849195,30.104053,0.14692186,2.315397,4.2657843,-0.38374192,-26.28772,6.5614433,1.0564771,0.028901188,2.439379,1.1775728,1.041323,1.475111,2.3518064,20.680614,1.8749688,28.141087,0.2718935,649.7851,0.32664648,1586.8545,0.14256813,-121.92409,-0.7506398,1573.3352,0.12576708,1218.241,0.1515579,-122.58398,-0.736507,2690.0608,0.09514086,1171.7145,0.30700147,-128.77818,-0.6434715,-11.180094,-0.760033,27.432585,0.19818787,0.010613372,2.7021246,0.005301304,1.2463948,0.24100927,0.6417713,30.641552,0.11738983,2.6348708,4.3604097,0.65696865,18.530191,6.2321754,1.2520711,-9.71684,25.987411,0.013141573,0.007858575,0.2450066,1.0596027,3.6048064,0.10074074,0.08388377,0.15592591,0.30683884,-25.07492
31.172422,0.110603064,31.581034,32.019268,32.845577,1.2645435,31.621355,18.802536,-20.180698,18.989702,0.8692887,0.43236136,0.66703254,0.9775947,1.103049,0.4360165,2.3892303,1.3802706,1.7829645,1.2689449,0.17504528,0.56838876,33.544765,0.1325226,-7.3202405,-0.85908103,-3.276659,-1.5876057,-5.680953,-0.7257545,0.013444922,2.594839,0.6351593,0.67563236,8.307265,0.28270054,2.1102378,1.9410961,16.380537,0.34024364,591.41327,0.1356335,1406.7944,0.08403959,-43.501488,-1.7087337,1493.4563,0.04255962,1032.6747,0.071323805,-42.43728,-1.752266,2796.889,0.03867361,702.7269,0.6007936,-56.79026,-1.1917444,-6.0770807,-0.3873807,23.930035,0.12914051,0.003596277,3.5150192,-0.0016256621,-2.9214554,0.1969246,0.39598063,35.17487,0.06019595,-9.488593,-0.44574443,-5.1835575,-0.5630021,-6.7012877,-0.50463426,-13.335204,25.367712,-0.008017029,0.0013097057,0.08381569,1.225115,0.46296296,1.7533332,0.22291006,0.2875,0.24478306,-23.567795
34.283302,0.051739477,34.388428,34.608746,34.75011,0.3616829,4.0405035,0.0,1.2079647,4.2133737,0.9551786,0.42197058,0.34546113,1.1439357,1.2577888,0.91232765,1.6254293,0.8204669,1.8351669,1.7061689,0.19032866,0.41818932,26.50357,0.15235674,-5.1992507,-2.0751598,-8.364715,-0.90008074,0.26569924,23.60873,0.0058947336,2.4841354,0.6012852,0.5178822,9.333241,0.22411941,7.4133654,0.28289318,14.631244,0.28250548,548.838,0.2886899,1540.7664,0.1275773,-51.132908,-1.7140439,1462.0428,0.08558915,1267.7235,0.106788255,-53.479656,-1.5829226,2492.834,0.06716028,1056.3197,0.29813075,-59.991787,-1.3488045,-5.356425,-0.4701033,15.556837,0.18590441,0.04195977,0.26510954,-0.0005086265,-9.845104,0.21629535,0.3462561,27.283188,0.12578982,-10.807049,-0.45069858,-12.004454,-0.33668703,1.4575107,4.2199225,-14.503605,24.12925,0.018083258,-0.0140391085,0.11579289,1.0785825,0.310559,2.405,0.745,0.52666664,0.36745372,-24.249996
35.13437,0.021239236,34.853134,35.036446,35.27429,0.42115402,33.731495,33.50602,129.10593,197.47969,1.4263194,0.40203428,0.61456764,1.6851717,1.8237228,1.2091552,3.0160382,1.3351054,1.5217735,1.0032647,0.24327542,0.40126085,24.146824,0.2998305,-5.774416,-1.6102723,-17.2554,-0.48984182,-7.6182694,-0.7758689,0.004287842,0.8698175,0.47209808,0.63492155,10.346115,0.19631435,0.4295259,8.854154,15.792646,0.3271078,638.1649,0.21893686,1410.4562,0.097384915,-40.283676,-1.9189687,1559.9543,0.07818106,1192.4989,0.33206332,-41.072613,-1.8643998,2664.078,0.11162712,1173.6342,0.64124405,-54.30723,-1.2934026,-3.5355225,-0.79457,22.41399,0.13650675,0.05816098,0.16697879,0.0017916221,3.451145,0.26979724,0.3033058,27.081417,0.11879456,-9.330606,-0.6095497,-20.32805,-0.2419463,-8.727206,-0.49391124,-8.498117,17.349747,0.038550667,-0.010805038,0.1402111,1.1382114,0.6557377,1.2225,1.9793228,0.22399999,0.20828827,-18.457998
33.062798,0.005526641,32.91942,33.072292,33.204987,0.28556824,2.8028386,0.8841169,3.0513422,1.6306967,0.9547073,0.26797593,0.8533492,0.9974864,1.1369704,0.2836212,2.1586492,1.8986478,2.0733943,1.3954645,0.18977425,0.31756026,27.120338,0.123927325,-22.82473,-0.22781922,-1.9636817,-3.1414676,-1.7751765,-2.896799,0.006044846,0.8626898,0.6488518,0.48882806,8.476349,0.16119073,-6.404933,-0.43584707,0.65554446,8.700347,778.8751,0.1929026,1432.7063,0.1682045,-22.79467,-2.422207,1603.1007,0.11156559,1271.4412,0.15018006,-14.139628,-4.0157027,2728.543,0.117541306,861.2219,0.47731978,-28.420197,-1.8478513,5.1796374,0.41946268,19.781235,0.21345378,0.013636054,0.6157567,0.01913584,0.25313115,0.20215662,0.23742373,27.305119,0.10475035,-23.830124,-0.17313147,-3.1986198,-1.552715,-1.3268738,-3.3397667,-3.4635708,15.472221,0.018604154,0.013552882,0.08046246,2.189781,0.24630542,3.6999998,0.0,0.16499999,0.114999995,-24.596193
32.93296,0.09636998,33.25638,33.502186,34.312424,1.0560455,126.162384,60.132935,13.864716,23.566603,0.89953744,0.30947044,0.77160126,0.9097445,1.0950664,0.32346517,5.516279,8.191209,1.3421764,0.7047783,0.26124856,0.5001762,35.26149,0.18472572,-7.829186,-1.0291193,-11.448912,-0.9235144,-2.07876,-4.5220003,0.014690413,2.1998384,1.0350524,0.6928298,6.7437477,0.36392143,-6.3774157,-0.83078927,20.46643,0.31834954,527.1683,0.25969756,1491.4272,0.16587181,-27.34331,-2.3698206,1476.1921,0.07457197,1136.7034,0.2192951,-27.435762,-2.3440838,2598.3784,0.08359358,1154.0867,0.32663262,-46.204967,-1.2377964,-6.3583283,-0.73182446,27.290491,0.11809858,0.01793,0.8022592,-0.009570761,-0.8868509,0.27824187,0.46538734,37.060055,0.115682624,-9.132066,-0.8045592,-14.181606,-0.55105585,-0.97436637,-9.279602,-11.104666,20.451849,0.012066617,-0.009985367,0.15195881,0.9320906,0.8042895,1.0766666,2.2072885,0.12428571,0.096932545,-23.41112
27.022932,0.030458484,26.55319,26.928411,27.330505,0.77731514,12.641028,6.0518336,13.129035,9.470307,1.0683011,0.47378713,0.32959458,1.2272615,1.4061868,1.0765922,2.1334016,1.7514321,1.9593811,1.3136408,0.35974863,0.59712774,27.218706,0.16611363,2.7850635,1.6197703,-7.7084565,-1.1575959,4.169021,1.1345696,0.012396649,0.48698923,0.78304404,0.46950933,4.599359,0.25118226,1.6735865,2.11908,18.04506,0.19622754,436.21555,0.21240507,1278.0411,0.08033092,-49.730137,-1.6662729,1305.3489,0.10172282,1008.23303,0.10873415,-52.282703,-1.5458286,2353.692,0.064054295,707.357,0.11746911,-61.778263,-1.2245302,-7.1354594,-0.24885525,17.510881,0.14612608,0.026688902,0.37738788,-0.01620518,-0.37925565,0.44179183,0.33533907,28.93905,0.07067448,2.7526658,1.561873,-11.400551,-0.45316583,3.8714013,1.0780494,-10.059478,19.419687,0.015793342,0.005224749,0.094921924,1.0650887,0.23809525,3.225,3.195,0.6333333,0.23570226,-20.923424
35.278603,0.0077568926,35.05733,35.21229,35.479706,0.42237473,4.861793,2.1066875,4.372276,2.813676,0.93527347,0.5378025,0.30748305,1.0990134,1.2097483,0.9022652,3.455706,3.3332114,1.0753946,0.85553896,0.20572744,0.86426693,26.27235,0.22169518,1.8304799,2.9977071,-11.867351,-1.1192555,1.9367971,2.9506142,0.0072511854,0.79218954,0.63382715,0.5335072,10.164158,0.16046998,10.410125,0.3968461,28.311682,0.14594962,705.4815,0.18980601,1528.1815,0.11480998,-60.41059,-1.4646975,1542.5706,0.07011459,1060.8738,0.12142377,-59.905914,-1.4494587,2807.8462,0.047842525,783.96246,0.27614987,-77.21251,-0.98656166,-6.0668073,-0.35755166,26.693613,0.09659904,0.04581085,0.25166482,0.013823306,0.62697124,0.25932485,0.70585096,29.079031,0.07881448,0.79328,5.720096,-19.494848,-0.21665922,2.181421,2.39303,-8.649776,19.880592,0.0008348807,0.004858249,0.069075756,0.39946738,0.13440861,5.38,0.0,1.015,0.42499998,-21.372238
36.555946,0.028281098,36.523132,36.682503,36.84556,0.32242584,16.10733,9.266162,1.8016905,0.0,1.5515847,0.41371706,0.6416527,1.8585066,1.9954233,1.3537706,3.586592,5.059836,1.0952765,0.5443983,0.28455317,0.4683477,26.120508,0.1288842,-25.463867,-0.4115229,7.56238,0.71580124,-6.056517,-0.80554587,0.0054927245,2.0558946,0.457764,0.41962498,10.529052,0.13357289,-6.79785,-0.93033504,1.9209217,2.641642,506.159,0.19035481,1176.0613,0.11846314,-60.48003,-1.4121683,1448.8436,0.054540917,1013.0847,0.15678705,-52.937435,-1.6957779,2436.8562,0.050184753,951.03754,0.27671593,-62.185207,-1.3534249,-0.7964744,-2.0658226,13.385019,0.13999861,0.031021623,0.45566025,-0.0069039725,-0.81245124,0.32660362,0.3996944,26.946745,0.09541142,-31.413319,-0.09438789,6.266462,0.5263264,-6.019566,-0.45753416,-5.3933425,9.126334,0.01440928,-0.007971975,0.17301762,0.30706245,0.102880664,7.0899997,0.0,1.3,0.02,-18.666197
34.388603,0.017414505,34.17295,34.262302,34.351288,0.1783371,128.10106,90.04988,12.571083,11.591918,0.83115923,0.36255065,0.6316753,0.79123956,1.0366907,0.4050154,2.2065501,1.2886956,0.36768946,0.0,0.1690328,0.5962206,30.693716,0.16776669,1.0521663,7.074006,-5.3871765,-1.0510585,-18.758837,-0.41910228,0.009858615,1.2609293,0.7788167,0.5902013,8.978467,0.31495973,1.322186,2.5967956,23.047758,0.15605783,721.0087,0.16324252,1511.495,0.107869655,-14.876523,-2.8988988,1612.9114,0.07931468,1113.9436,0.12551734,-22.300816,-1.7942611,2843.591,0.06211684,709.1426,0.4381618,-34.213337,-1.0847565,-11.040865,-0.33045435,23.184628,0.1290068,0.068196654,0.15644257,-0.017706126,-0.38075265,0.17568834,0.57209235,31.62564,0.1029667,0.14014162,47.740467,-5.399689,-1.0584394,-19.895952,-0.3296,-11.359578,18.872126,0.062656544,-0.0076290877,0.06825471,0.22371365,0.45351475,2.085,2.0149999,0.099999994,0.02,-24.611595
30.373837,0.071038835,30.467165,30.73796,30.948786,0.4816208,332.05536,65.935776,6.4722557,5.3927765,1.0232583,0.33895352,0.660156,1.1548368,1.3138617,0.6537057,2.5177505,0.7608769,1.2325234,0.8799388,0.26836973,0.3439738,32.70194,0.177299,1.3377633,3.6304383,-4.6761565,-1.9527726,-16.005896,-0.7200716,0.0112601835,4.063515,0.5935947,0.8011664,9.03501,0.2562159,-3.5021274,-1.5646722,15.026833,0.38742593,461.31073,0.14375482,1261.1992,0.10592104,-46.717525,-1.6878831,1383.598,0.094735615,1168.6917,0.18061797,-51.20267,-1.4930986,2527.7114,0.043555696,827.36884,0.20180856,-61.09735,-1.1673379,-15.424508,-0.120853275,27.53728,0.14171858,0.027227936,0.46378595,-0.035870764,-0.17068698,0.2840422,0.2750334,35.099728,0.070391186,0.60828584,8.06155,-7.620783,-1.0126693,-20.900946,-0.2901669,-11.1840515,19.451294,0.0044255937,-0.003687417,0.21729627,1.0025063,0.50761425,1.55,1.16,0.26333332,0.27535832,-19.120996
24.366285,0.0093518095,24.154871,24.361994,24.57812,0.4232483,2.3793843,0.8673609,2.0654922,1.2460067,0.6330941,0.23939793,0.6117765,0.6593423,0.71749383,0.10571736,0.81361663,0.6017925,0.65380126,0.74162143,0.11667045,0.3077788,33.97929,0.12761375,-2.837101,-1.006419,1.3205473,3.8403509,8.276687,0.56458,0.008014129,1.1384643,0.55700386,0.52733797,6.8758397,0.10468897,-3.253004,-1.2280022,19.441843,0.23290473,816.95355,0.14968747,1465.646,0.12809384,-25.774237,-1.8591552,1608.1443,0.059268225,1108.0381,0.1848821,-24.985313,-1.9239072,2941.3103,0.07238309,706.9086,0.60136414,-40.85427,-1.071818,-8.195316,-0.2601267,26.848944,0.08111694,-0.010913788,-0.60701996,0.009301459,0.63270265,0.123414606,0.1970989,35.045082,0.037937738,-2.8071208,-1.019448,0.8791269,5.491881,9.063544,0.37484655,-6.375834,16.355377,0.025903279,0.011319907,0.02558109,1.1204482,0.09389672,9.9,0.0,0.72999996,0.0,-26.620817
29.611399,0.054166652,29.19371,29.344255,29.540041,0.34633064,258.95676,180.79776,77.34983,102.2415,1.281406,0.38471594,0.6157366,1.4731508,1.7197051,1.1039685,2.1726928,1.3918463,2.8960047,5.3828425,0.25833532,0.35253194,27.302616,0.22846794,-7.938664,-1.1011182,-1.9433736,-3.5770197,-14.7545805,-0.4866401,0.007908526,2.151547,0.5122625,0.74879265,8.18886,0.20982043,3.2566142,0.8777879,16.103283,0.33622283,513.94415,0.15301283,1421.9144,0.12283294,-49.279255,-1.7047344,1483.293,0.05192143,1176.5859,0.24892652,-48.75169,-1.7173079,2460.097,0.10225609,1477.1123,0.37181574,-59.521748,-1.3077025,-5.2967644,-0.6248073,19.430882,0.20491835,0.04920727,0.19920611,-0.009331601,-0.61280626,0.2799652,0.25315186,30.096922,0.116241515,-10.924298,-0.662814,-0.83150744,-6.852625,-17.154915,-0.3324684,-7.9529,17.86866,0.04713191,-0.013970181,0.19326194,1.4858841,0.4491018,1.6933333,2.261214,0.3825,0.18294466,-20.859125
34.156902,0.03093458,34.055477,34.178925,34.462894,0.4074173,115.502075,0.0,0.30149803,0.81974626,1.8525001,0.21284531,1.734108,1.9552468,2.091337,0.357229,2.8920436,2.1783535,1.6054834,1.2677442,0.38183755,0.36580962,37.30084,0.11378913,-30.955217,-0.2732895,-19.836683,-0.34237373,7.250974,0.7996811,0.0064415825,0.82327396,0.43945238,0.76789397,9.447993,0.2481809,0.013597779,105.33627,12.262589,0.39733967,700.8087,0.16319686,1528.9028,0.11173612,-6.9234757,-6.4606543,1585.9316,0.06379248,1156.8538,0.20724589,-3.421288,-13.243373,2668.9363,0.06846972,820.7764,0.29148975,-21.142681,-1.9588898,1.5649928,0.95019335,19.594587,0.080308616,0.059563834,0.17131199,-0.0021917825,-2.159745,0.3903169,0.33761874,37.872196,0.08039359,-32.65433,-0.14224386,-21.015728,-0.18783152,8.178572,0.54526424,-10.977236,24.426193,0.055240456,-0.005675179,0.24978812,0.9922823,0.33296338,2.8366666,3.940976,0.14666666,0.06599663,-16.25076
34.840897,0.0716417,34.337856,34.74661,35.240906,0.90304947,252.91652,149.19843,8.942363,0.119148806,1.0509623,0.52068776,0.44756347,1.0900984,1.6085057,1.1609423,8.322896,9.452694,3.2783558,2.285301,0.29184058,0.7130529,32.91419,0.14535344,1.4967852,5.731147,-8.173409,-1.2344651,-4.772526,-1.2991111,0.015448432,2.7252443,0.9158239,0.88941884,8.696798,0.41061163,5.8325996,1.3558629,28.786478,0.45606506,753.9586,0.26361787,1583.5753,0.13708928,-43.41529,-1.683376,1629.9796,0.11814193,1218.8345,0.20742524,-47.03022,-1.4702088,2836.317,0.08693449,939.05676,0.36048582,-58.575974,-1.0902601,-11.763908,-0.39806515,26.9695,0.21070291,0.061806414,0.2689831,-0.010339261,-1.0169762,0.325697,0.66815263,33.761425,0.10276054,0.5821683,14.88021,-10.793421,-0.78441125,-5.6305313,-1.06494,-14.935217,25.414902,0.036540028,-0.017371366,0.15514337,1.6722409,1.7064848,0.472,0.7608521,0.12,0.052440442,-19.436066
22.259857,0.0481001,21.51036,22.440674,23.153584,1.6432228,28.921244,8.528912,26.05248,13.222918,0.5723869,0.605022,0.21593675,0.54227513,0.94130147,0.7253647,4.4540434,1.4986166,4.356908,1.8031429,0.1974151,0.73057157,27.4244,0.22625731,-1.6767241,-1.957756,4.3354454,1.2525367,-11.8882475,-0.74066234,0.026968367,0.7207512,1.2616438,0.6860044,2.5446687,0.7520118,6.074382,0.84839654,19.820387,0.25259942,466.711,0.17359032,1134.5701,0.09267658,-117.98556,-0.7467425,1388.819,0.07850733,953.37506,0.07331438,-119.05845,-0.7305957,2649.654,0.04216903,794.94556,0.3074029,-125.06067,-0.6436411,-11.505978,-0.16857736,25.313974,0.115823604,-0.0062934808,-1.9552774,-0.017081603,-0.45900163,0.26542935,0.43624896,31.330389,0.13770148,-1.8220701,-1.6108818,1.6979783,2.8985956,-16.717266,-0.3598265,-9.588918,20.532204,-0.0039480263,-0.002587498,0.1507935,3.0508473,3.448276,0.117,0.073898576,0.13818182,0.10861258,-26.102888
25.84076,0.012425105,25.611338,25.820396,26.030478,0.41913986,6.0084357,4.830058,6.3202624,6.0920415,0.9319046,0.45010826,0.38757956,1.1285617,1.2913005,0.903721,1.9166651,1.0562094,2.6301985,2.5012672,0.19844356,0.44130522,29.419764,0.27535623,-6.1009097,-1.1392941,-1.8923817,-3.7811172,-2.5484145,-2.2683055,0.0066921376,1.248997,0.50098217,0.7392618,7.36031,0.13844205,4.136226,0.44765773,18.360542,0.1797798,620.5697,0.371567,1464.0457,0.13630176,-69.990715,-1.344537,1582.5781,0.17097762,1205.98,0.13945045,-69.302345,-1.315255,2582.6096,0.10350437,1079.846,0.20888776,-77.67381,-1.0975902,-5.852616,-0.45958614,22.375946,0.13179299,0.04557143,0.26456484,-0.013906962,-0.2933215,0.23847623,0.3009908,34.23289,0.13036944,-9.4377575,-0.579591,-5.267029,-1.0021092,-4.6537027,-0.9752091,-8.194436,18.704538,0.022207318,0.0005559898,0.118749306,1.3024602,0.43731782,1.53,2.0578792,0.55,0.45469767,-22.888214
31.174646,0.014178847,30.837276,31.036245,31.5539,0.7166233,2.8733132,1.7176809,2.629941,1.7035716,0.88079727,0.4520288,0.5504594,0.9685584,1.1444986,0.5940392,1.7894541,1.5696608,0.41505778,0.025467679,0.14649011,0.518978,30.933228,0.1657146,-0.80934244,-8.753994,-9.761085,-0.67783064,4.7738895,0.9145163,0.0059793987,0.7271212,0.50365794,0.79209024,9.487178,0.12345128,-1.1081532,-1.3171734,21.4433,0.13824044,792.33,0.15843973,1489.0498,0.15873772,-37.232742,-2.0275464,1631.9788,0.06827596,1049.4398,0.19535549,-39.223404,-1.8808012,2835.8796,0.056928907,664.4111,0.528583,-50.57432,-1.3565412,-7.494134,-0.23740712,21.641747,0.12540136,0.057596337,0.18536645,-0.011178928,-0.35272878,0.16542779,0.424792,33.021317,0.061760686,-3.5166988,-1.0545284,-12.335086,-0.26261604,4.584364,0.8044135,-13.355555,22.903154,0.0160734,-0.0044020545,0.060610525,0.29895365,0.15060242,5.48,0.0,0.565,0.235,-23.498682
30.01891,0.009628937,29.904024,29.98609,30.112904,0.20887947,3.2645998,4.3781614,1.0832108,0.9740191,2.044215,0.18774901,1.9614278,2.1351793,2.2569234,0.29549563,2.5428798,1.5954326,1.3031726,0.9746872,0.38979533,0.42099553,29.049147,0.18024851,-26.056574,-0.25519362,-11.125582,-0.5338898,0.90721077,5.500112,0.005813901,2.4773738,0.4991003,1.134186,8.663581,0.37851268,3.2438462,0.7794606,8.428133,0.49988365,556.35626,0.34236673,1510.9725,0.16756628,-15.467895,-3.3938231,1484.7969,0.08119354,1198.8977,0.19032763,-4.9407706,-11.033174,2575.078,0.092574395,1243.7241,0.40416884,-23.047426,-2.1527596,3.4707994,0.48374003,19.381739,0.09665633,0.045128495,0.21259125,0.0042580985,1.3186584,0.39042184,0.39787018,29.869043,0.14133315,-27.67213,-0.12170934,-12.501139,-0.2588012,1.529388,2.8256016,-4.1728616,14.325163,0.035515036,0.0009156468,0.39038485,0.58927524,0.059101656,15.69,0.0,0.59999996,0.34,-15.068135
26.238182,0.010902444,25.995552,26.217083,26.469837,0.47428513,5.5928426,2.247821,4.430051,2.4485133,0.9245091,0.17700335,0.8439695,0.91610384,1.0438071,0.19983763,2.6104329,2.3627598,1.9018599,1.4055401,0.28383505,0.27619776,35.899094,0.093891524,-6.92208,-0.46494588,-14.1119175,-0.4402671,-5.564177,-0.87348366,0.0057891663,0.70551145,0.9224767,0.5355005,4.7816806,0.41553438,1.9774873,1.0863543,19.562723,0.18753858,452.2066,0.25932842,1371.1621,0.10436093,-7.3886476,-4.3118744,1353.5842,0.11018304,1094.647,0.16068178,-4.016916,-8.045653,2427.838,0.07270405,1022.2335,0.20851362,-25.59713,-1.1245377,-3.1569228,-0.73084456,24.113865,0.11758835,0.0399533,0.2232368,-0.006701049,-0.82588667,0.2896859,0.24070679,36.10933,0.081256665,-7.092136,-0.42278072,-14.824273,-0.29649153,-5.726823,-0.8332032,-12.682086,26.432316,0.018777128,0.009810751,0.073193066,2.3677979,0.1584786,6.1299996,4.61,0.16,0.14,-23.985556
33.955563,0.0063877534,33.86975,33.97061,34.06956,0.19981003,1.0094969,0.6415297,1.5040033,1.1847404,1.8146142,0.20527431,1.8390188,1.8973976,1.9555868,0.11656797,4.2706323,5.053511,2.476896,2.4145935,0.2664512,0.30267158,32.059174,0.072661854,-33.565765,-0.19987759,-2.3640647,-1.7582539,0.44552344,8.7526865,0.0026568428,1.321087,0.4915747,0.6895862,10.801683,0.14794923,-10.052554,-0.19162646,-2.3622718,-2.6227393,469.90714,0.06563348,1128.6184,0.095136255,-21.165648,-1.8993936,1418.608,0.022868209,985.2425,0.108009435,-5.299361,-8.236322,2494.4058,0.028991539,932.0883,0.22449586,-20.504814,-1.9652324,0.45236298,1.354148,15.915523,0.13088246,0.018659988,0.5808877,-0.001645288,-2.526446,0.273702,0.26473624,32.14931,0.058809865,-35.077953,-0.046012335,-2.8590317,-1.2604752,0.41670665,9.169433,-7.7858768,21.063969,0.019882156,0.002467591,0.15681672,0.2797203,0.14084508,6.75,0.0,0.32999998,0.0,-17.144655
31.997469,0.012055477,31.779541,32.03644,32.276093,0.4965515,4.8106194,3.1224062,0.9497262,3.607788,1.4756324,0.23685062,1.3440135,1.488613,1.6499865,0.30597305,2.8362744,2.3435383,0.9617,0.64042467,0.31891692,0.3943087,37.41602,0.11683956,-18.81852,-0.3321617,-6.78818,-0.98591655,7.2890887,0.92534494,0.008383666,1.269072,0.61914456,0.49409094,8.912777,0.20477831,12.461531,0.23143166,24.454557,0.21301502,869.7161,0.052530617,1223.1309,0.088596955,-9.24833,-4.7692623,1752.2836,0.026308497,934.5221,0.1049237,-12.292371,-3.527437,2867.8726,0.028583013,700.5708,0.32898062,-27.301786,-1.4680308,-5.4456387,-0.4020533,22.220125,0.16194654,0.045511406,0.20317012,-0.013778279,-0.37830293,0.32294464,0.34727636,37.815304,0.09991173,-19.712212,-0.24604005,-7.6062155,-0.7305343,8.183937,0.6949925,-11.36527,22.432634,0.034534033,-0.011663792,0.25816002,0.8115419,0.09057971,10.469999,0.0,0.26999998,0.0,-18.586
36.218513,0.007740085,36.063293,36.230244,36.393597,0.3303032,3.5357683,4.1665697,2.479446,1.4330195,1.0516832,0.43580958,0.3811595,1.2902184,1.3754025,0.9942429,4.7580657,6.4625254,0.81733745,0.64075345,0.17949806,0.5035583,19.937004,0.31627646,-3.4860692,-3.3880825,-13.665194,-0.80832106,10.815401,0.68464416,0.004975278,0.8536186,0.49289143,0.36075866,10.760812,0.15475866,-10.791026,-0.12555979,9.812565,0.35338438,493.9601,0.2933348,1420.0941,0.1358946,-70.53366,-1.3182875,1525.11,0.055045985,1117.1412,0.21405962,-67.38572,-1.3723905,2558.0752,0.06283757,1308.2551,0.3268377,-75.500244,-1.1510011,-5.347328,-0.51598305,19.13682,0.107767805,0.042034257,0.2664313,-0.012379664,-0.53831965,0.20471513,0.3866145,23.004257,0.10121069,-10.883532,-0.49126795,-20.875246,-0.13976637,15.031169,0.20709129,-9.061998,17.963373,0.015649332,-0.006516205,0.13059516,0.5405406,0.18181819,3.6999998,0.0,0.885,0.155,-22.27494
35.69551,0.07807167,35.1755,35.365524,35.56362,0.38812256,156.37544,73.12665,21.866219,26.711098,0.8828381,0.35695475,0.70226526,0.8680914,1.120008,0.41774273,2.190428,1.9310158,1.1197256,0.55315155,0.27642834,0.60927075,30.482903,0.1448979,5.8273716,0.6307465,-9.289566,-0.85480905,-1.3878073,-5.69813,0.018812869,1.5495348,0.8443174,0.51773757,8.999535,0.2647298,12.140658,0.58020186,34.10003,0.18058863,793.9882,0.2543388,1570.9348,0.17460759,-37.887802,-1.8201387,1678.6172,0.13576666,1311.5759,0.25720254,-41.457104,-1.4773494,2839.2178,0.091986604,945.47565,0.3183998,-53.683475,-1.0541377,-12.991228,-0.17086294,29.684586,0.13537471,0.06265622,0.16455473,-0.0054813526,-1.8863215,0.2943415,0.5355082,31.632303,0.08955411,5.5784707,0.64962536,-11.808214,-0.37022313,-1.3455634,-5.9097104,-13.2903595,21.40213,0.037349224,-0.012813172,0.17082852,0.7496252,0.6042296,1.425,2.2454898,0.166,0.12768711,-21.403744
21.217611,0.075500965,19.65635,20.99289,22.457556,2.8012066,9.137653,1.2456268,5.2224803,11.764607,0.55811536,0.9146764,0.1678977,0.28305116,0.81162953,0.64373183,2.5752397,1.8028651,1.2998687,0.0,0.18628521,1.1720073,28.812204,0.23560052,-8.484611,-0.87615937,5.697008,0.88759756,-4.029307,-2.1031065,0.0125579685,0.48506317,1.0912296,0.49194154,2.6653273,0.39341766,4.931841,1.303698,11.491138,0.44713122,498.42398,0.10689468,1260.3718,0.092480384,-119.95507,-0.78588253,1406.2039,0.051005006,1156.1182,0.13455933,-122.27523,-0.749224,2523.8389,0.035256106,843.49585,0.3786184,-125.21332,-0.7043221,-8.51066,-0.25709888,18.010288,0.19980396,-0.0029652494,-5.343209,-0.017564373,-0.29554963,0.34777224,0.6766422,33.326553,0.054693285,-14.09343,-0.42534316,3.3850126,1.4388808,-10.223545,-0.6092111,-8.246005,19.145224,0.0066532367,0.010430532,0.076552145,0.42553192,0.86956525,0.47,0.19,0.43666667,0.34653842,-25.476006
33.415565,0.008014518,33.226143,33.45337,33.6109,0.384758,3.9066043,2.253101,4.8047314,6.5732193,0.23674878,0.49485484,0.1699429,0.22991051,0.29438677,0.124443874,0.5946765,0.31233454,0.1894121,0.0,0.027982727,1.3517983,22.17858,0.32834315,13.897636,0.36917612,3.690256,1.3138075,4.428137,0.9579478,0.007305736,0.5705871,0.40920728,0.3847967,11.431258,0.089608565,13.925947,0.546895,18.66616,0.2522562,965.05707,0.10920228,1289.414,0.17910218,-51.50479,-1.2785428,1743.6638,0.08205183,1318.6361,0.15946732,-55.89412,-1.1306053,2918.716,0.03493271,563.5779,0.42444634,-63.434513,-0.9433231,-17.100025,-0.18827525,32.12972,0.07536028,0.017390784,0.725726,0.014173857,0.38208324,0.032084033,1.2578648,24.964264,0.16721012,15.132601,0.30378464,3.700977,1.3767413,5.0775867,0.7982885,-5.7698746,13.804798,0.029050685,0.011586458,0.0085994825,0.2375297,0.24038462,3.48,0.0,0.325,0.265,-34.269855
36.872536,0.074742116,37.51551,37.625954,37.72105,0.2055397,175.08026,117.56058,6.110432,2.7886488,1.1607007,0.52306336,0.39311302,1.5310179,1.7121413,1.3190283,3.0608237,1.7288872,1.4332582,0.93204296,0.21624021,0.46613482,17.246895,0.21827132,6.0642567,0.7688759,-13.478475,-0.9079648,-6.881983,-1.1546564,0.01391675,2.0412943,0.5737461,0.71976376,10.049236,0.17577006,2.5065813,0.78684413,24.294044,0.20420545,800.8295,0.18855666,1472.1979,0.14385743,-85.251305,-1.1323065,1648.1221,0.08436356,1156.6373,0.23087531,-83.13303,-1.1156822,2824.5835,0.07917535,811.2265,0.42422214,-92.915985,-0.91550785,-7.9691887,-0.2512451,20.634785,0.12978552,0.06783597,0.13741201,-0.006965022,-0.88482577,0.27028015,0.2984337,17.180527,0.11390592,4.790479,0.85092103,-22.542082,-0.14670384,-10.609076,-0.6064823,-9.709713,17.426579,0.027879521,-0.01259054,0.13237986,0.7590133,0.1915709,3.21,0.0,0.98999995,0.07,-20.607319
30.15662,0.05888625,29.22927,29.760786,30.507603,1.2783318,107.37517,82.21123,10.170728,5.4557786,0.78631777,0.45594385,0.39604187,0.8084859,1.0771884,0.6811465,2.9848504,2.2003832,2.9201038,2.877612,0.24929269,0.4620861,23.878275,0.28174743,8.177834,0.80891865,-1.3410609,-4.9331465,4.0886846,1.6563344,0.039013386,1.3803937,1.6203084,0.6617724,5.9823675,0.39253053,5.894119,0.6977948,21.106934,0.27683926,828.31995,0.14897935,1283.5426,0.16372123,-82.81457,-1.0754642,1785.6575,0.10135791,1147.5703,0.19949816,-88.41052,-0.9492887,2876.9385,0.08707403,823.905,0.31687686,-94.2578,-0.84368545,-12.477026,-0.23214379,28.669754,0.11918641,0.007976655,1.8653398,-0.011666865,-0.5969336,0.3058668,0.31166837,27.48566,0.124215215,6.0035825,0.8879792,-3.0814433,-1.9467762,6.243814,0.97980845,-11.332339,19.10377,0.016810736,-0.014092868,0.15132196,2.2118742,0.7025761,0.89666665,1.7950642,0.43285713,0.38773018,-22.470894
23.389984,0.18344034,21.288324,21.80944,22.714645,1.426321,65.39689,42.277386,120.95408,100.81895,1.1024771,0.39277443,0.72143507,1.172464,1.4684591,0.74702406,3.7463498,1.7057014,3.7577755,2.5924432,0.33966574,0.5042317,21.5169,0.26320192,-17.04021,-0.6425166,-1.4170395,-4.2939987,-13.852445,-0.5739958,0.025185755,3.2587135,1.3334342,0.89883363,1.9270844,1.516736,-1.2581108,-4.1656594,5.6803417,0.89017534,488.97324,0.16570337,1237.801,0.13185225,-114.343285,-0.80867887,1384.16,0.08188598,1093.068,0.10964102,-111.67861,-0.84942216,2514.5605,0.040120587,829.91785,0.27201048,-117.311264,-0.7569338,-0.9466799,-3.2413576,15.252357,0.19483507,0.031866353,0.36761683,0.0029546346,2.827283,0.3553356,0.36924163,24.618412,0.08598165,-19.205751,-0.38204572,-3.5003374,-1.1786475,-17.52448,-0.26864383,-0.19510616,12.997613,0.034534913,0.0087935645,0.33223078,2.3391812,3.543307,0.11333333,0.11571036,0.15588234,0.16356538,-23.052885
34.182907,0.054255046,33.494026,33.654778,35.29568,1.8016548,22.41072,30.099522,26.328932,10.070711,0.9603494,0.4531773,0.5414304,1.0302173,1.2915596,0.75012916,3.2591221,2.1728146,1.2764477,0.8745967,0.35408255,0.4816665,27.588621,0.1887276,-0.89403737,-9.008826,-7.547466,-1.4426695,6.6971593,1.1068678,0.027576184,3.235482,1.1529336,0.40340573,5.8602047,0.5013693,6.3086224,0.7996149,24.049221,0.19556518,820.4611,0.2923074,1616.6638,0.18714213,-71.62462,-1.2692375,1681.5232,0.117581874,1313.0717,0.27888918,-68.95365,-1.2728298,2746.6436,0.10555236,1081.9346,0.3218387,-78.36847,-1.0375129,-8.180127,-0.51255125,22.799404,0.1800572,0.074162036,0.1584107,-0.012843914,-0.5627203,0.39598754,0.3955303,29.1249,0.14459576,-4.924149,-1.020205,-11.1308975,-0.90328795,8.221429,0.888088,-12.807296,22.60194,0.062115956,-0.014528042,0.27114844,1.5317287,1.7699115,0.375,0.7636262,0.17,0.17428425,-22.382711
31.939083,0.03880912,31.287281,31.83622,32.214996,0.9277153,89.24451,86.727745,-22.558228,30.946775,1.4009218,0.44068483,0.54940623,1.5248514,1.8607473,1.311341,10.714839,12.825164,9.876611,8.1965885,0.4847775,0.6414245,18.629,0.34465313,-4.3226805,-1.0878881,-11.965593,-0.7261678,-10.594237,-0.64685464,0.018787045,1.2826813,1.1191328,0.5146665,4.386624,0.704304,3.9169812,0.9596067,16.59182,0.23557156,645.3081,0.23752993,1420.3013,0.13448144,-59.347065,-1.5596449,1580.1387,0.07656256,1059.3682,0.18228279,-60.86235,-1.4855131,2828.4736,0.053073127,794.47754,0.56412065,-68.49704,-1.2472137,-5.314521,-0.3746921,16.261162,0.21767062,0.062479723,0.15735649,-0.014708351,-0.39377996,0.51778156,0.3629386,17.170408,0.20066534,-4.0783954,-0.9158069,-15.220622,-0.41674337,-12.857658,-0.36073005,-7.2983494,17.637487,0.04811645,-0.008350334,0.42893374,1.2793177,1.0799136,0.636,1.1773292,0.26999998,0.27676705,-19.940628
34.331963,0.021786967,34.22326,34.4272,34.58497,0.3617096,29.255604,19.858063,0.67431694,0.5404519,1.2212774,0.27865082,1.0579102,1.2508239,1.4230484,0.36513817,3.201966,3.1660252,1.3180572,1.0398146,0.2926127,0.52937126,37.345375,0.2234856,2.159426,3.681954,-2.7243936,-2.8443403,-14.295804,-0.5422087,0.0075653614,1.1295362,0.5427615,0.79776156,10.829624,0.19846413,7.6555376,0.3426314,32.3864,0.18498637,679.0711,0.35004777,1722.438,0.18321897,-21.085356,-2.3538349,1588.7495,0.16270807,1321.9878,0.2550317,-26.908833,-1.6397346,2811.5896,0.13310555,1107.2238,0.3925514,-40.564964,-0.99777174,-13.104239,-0.31905246,29.96471,0.1363986,0.07430519,0.13271756,-0.012108348,-0.6964112,0.3018607,0.50661,39.01973,0.12052786,1.2261322,5.7628255,-3.891167,-1.443357,-15.3102455,-0.4137254,-11.867905,19.955402,0.038778163,-0.0041940073,0.14644307,0.8583691,0.43290043,2.1566668,2.9300094,0.19999999,0.06,-17.36966
33.304604,0.012349776,33.002865,33.21106,33.536125,0.53326035,5.8976607,2.92072,4.153779,3.2360985,0.6957129,0.29750457,0.55543125,0.7612508,0.84843343,0.2930022,3.668326,4.0103445,1.2740868,1.9162147,0.20726314,0.36349255,21.811005,0.27932972,8.626735,1.0459031,12.37493,0.61484975,2.380139,2.735649,0.0104946215,1.0779693,0.9661048,0.42400864,6.795855,0.24099343,17.379433,0.231245,20.27672,0.10472901,501.39255,0.33464184,1562.1278,0.13086954,-46.173256,-1.6726133,1535.6664,0.07081886,1088.5222,0.17615749,-51.82216,-1.3646771,2578.2637,0.0645507,1150.9441,0.31560957,-56.657604,-1.2070642,-13.274974,-0.13389032,22.497797,0.07708221,-0.010257408,-1.304355,-0.010473761,-0.572524,0.21964131,0.29644603,24.065968,0.13225172,5.4610033,0.9254464,14.987682,0.3233939,2.4396453,2.4835286,-18.065014,27.555632,-0.006624029,-0.0065505644,0.1777047,0.91503274,0.2631579,3.085,0.285,0.45999998,0.30430248,-25.803871
32.557228,0.041619916,32.324936,32.585495,33.086655,0.76171875,205.46759,191.93823,4.7755294,4.6979713,0.44132438,0.34559494,0.29049626,0.46788844,0.55574936,0.2652531,1.1655635,0.5204598,0.48980543,0.6558111,0.16073859,0.37853673,19.625183,0.28610167,17.567678,0.36924496,-1.4631072,-4.8181458,1.1277033,5.4623275,0.020771978,0.89653486,1.0018723,0.426996,4.391338,0.4335485,6.4095073,0.52620184,22.654554,0.1978601,577.42615,0.18087393,1389.5991,0.13070382,-79.03214,-1.1182237,1581.9473,0.089257255,1245.084,0.24326411,-84.61625,-0.99260193,2645.7593,0.08551652,1131.2295,0.37590265,-91.20388,-0.8678291,-15.26881,-0.18071434,24.99423,0.13687316,-0.026407095,-0.48438808,-0.023892874,-0.2230824,0.15616418,0.2593981,22.110853,0.13785183,16.19736,0.3098943,-4.22393,-1.1765865,-0.52868193,-8.585912,-19.999723,29.240288,-0.028267216,-0.010734721,0.17899404,0.75853354,2.16285,0.28529412,0.4280615,0.18714285,0.3456966,-30.713606
38.266724,0.060026318,38.64623,38.72775,38.88226,0.23603058,24.882324,0.0,-0.02177474,0.0,2.0446677,0.3157926,0.9619043,2.3124168,2.4480636,1.4861593,1.7433767,1.3662543,0.71174455,0.2905087,0.2982361,0.3018842,21.368107,0.1746201,-22.025154,-0.6236865,-1.9154605,-3.7215097,-3.033754,-2.3153174,0.0040637553,2.0847976,0.44607925,0.5697506,10.568841,0.18822558,-3.600405,-0.7683024,5.4160757,0.6541442,568.2287,0.21851596,1377.4365,0.10682646,-41.51923,-1.9271023,1477.9987,0.07077312,1248.7549,0.14425738,-32.259266,-2.477648,2561.1108,0.054663092,1035.2496,0.22722022,-43.231953,-1.7251498,5.006758,0.62123466,14.323159,0.12218329,0.03436217,0.24528047,-0.00030084245,-21.40315,0.3008007,0.3112676,22.119886,0.16369918,-27.993416,-0.23973258,-4.747715,-0.8228907,-5.9080534,-0.5766242,-9.256985,17.889515,0.0147450855,-0.01223861,0.29207996,0.38314176,0.5141388,1.5725,2.631372,0.28,0.2487569,-16.263218
34.426197,0.08181482,33.56888,33.896606,34.59623,1.0273514,150.28964,140.2355,-8.315898,10.569359,1.4303246,0.30282384,1.3046567,1.5067668,1.6656028,0.36094606,5.225678,5.6569247,4.3255386,2.4610765,0.5608665,0.6565379,33.928776,0.120235205,-7.346499,-0.92627144,-1.6244348,-3.7628233,-19.889233,-0.3794643,0.008657428,1.0085387,0.7889967,0.55375725,8.963629,0.23863354,8.618773,0.5466559,26.248041,0.17696822,762.90466,0.16108972,1488.6923,0.18767332,-61.886395,-1.4406924,1627.7495,0.079478316,1122.3928,0.1735037,-67.059166,-1.2412916,2843.8137,0.041960802,666.17194,0.51302034,-75.52237,-1.0331808,-11.032393,-0.3370078,24.85232,0.13625996,0.05683996,0.23280369,-0.016461091,-0.6291442,0.5175093,0.56195176,35.435833,0.09062212,-5.780885,-1.0945238,-0.57021934,-8.23177,-21.915096,-0.27145198,-7.6511884,22.125906,0.05495154,-0.009398576,0.6639849,2.0864382,0.9009009,0.78166664,1.5872451,0.26285714,0.23057161,-17.148891
22.238949,0.030176075,21.838282,22.070477,22.440037,0.60175514,3.4018676,5.954381,13.203099,8.309002,0.84845793,0.49735674,0.3605679,0.85794497,1.2650149,0.90444696,4.4525366,2.6779144,2.8177376,1.7596284,0.21535346,0.5199917,26.593822,0.21974418,7.634274,0.71204865,-2.340563,-2.0606036,-15.244256,-0.83253545,0.008605081,1.2158052,0.7083719,0.70114523,5.249854,0.24085116,0.673807,4.4547915,20.25384,0.22392055,464.35233,0.2525391,1323.913,0.14187197,-73.98075,-1.2692873,1352.3945,0.11082868,1088.9672,0.15623507,-77.406685,-1.1824505,2395.9087,0.09577301,856.6727,0.37371552,-85.62878,-0.9965736,-12.189622,-0.17539194,23.228615,0.101861,0.020607492,0.53572553,-0.027378693,-0.32422242,0.2551938,0.35311887,30.372997,0.07628328,7.367742,0.7711894,-3.2308137,-1.5906973,-21.644833,-0.4923723,-10.598557,19.366375,0.016885128,-0.011472005,0.14667092,2.9007635,0.46153846,1.3833332,0.9703035,0.57,0.42467636,-22.179043
30.11347,0.064793244,29.355503,29.618992,30.039074,0.68357086,311.07486,511.31174,108.96762,155.06355,1.0335352,0.31341383,0.6633729,1.16228,1.2707022,0.60732937,2.4270573,1.6393574,1.9080606,2.470227,0.2939246,0.37110978,33.757416,0.26241302,-5.193176,-1.2676224,-8.480888,-1.0426885,2.0114233,5.036046,0.009040276,1.8137076,0.82678837,0.56789476,6.5890517,0.3446157,6.7873693,0.4440247,21.410444,0.2528686,609.5959,0.2353494,1516.9475,0.11460572,-42.28406,-1.8394369,1502.471,0.0939187,1230.5087,0.14806184,-45.376484,-1.6449591,2541.6836,0.07499765,889.2304,0.1962319,-54.582405,-1.2855282,-7.9110966,-0.22293274,19.175018,0.23535715,0.046844985,0.20356776,-0.012664771,-0.4803417,0.33074155,0.2583166,36.984642,0.16816646,-6.961561,-0.5566031,-11.36201,-0.59041184,4.3644586,2.1715648,-9.962578,17.416172,0.0380873,-0.017832141,0.1466962,2.1608644,0.7246377,1.1033334,2.311397,0.21857142,0.25323218,-21.917183
21.931358,0.04503007,21.413774,21.883926,22.188671,0.7748966,55.089363,91.82337,83.672935,154.82404,1.2765032,0.46032768,1.1975222,1.5185618,1.6347092,0.43718708,2.627793,1.7135,3.0732133,2.5297964,0.33702743,0.5341818,32.344276,0.26914373,-21.233335,-0.44183344,-3.1782687,-3.1963074,13.008899,0.4557214,0.0056763953,7.137016,0.67732346,0.50344,4.4254785,0.38455513,4.5676537,0.6180904,10.060651,0.36174682,500.07657,0.12465859,1230.2844,0.13202584,-44.780468,-1.729742,1425.5015,0.047228325,1078.7196,0.16347812,-37.2262,-2.1816614,2467.437,0.03448966,841.53217,0.28423032,-47.890995,-1.5862867,-0.15316135,-14.363999,13.326244,0.22422896,0.009147512,0.8687058,-0.0006347141,-9.006817,0.4092501,0.25398082,36.301266,0.070095636,-25.365732,-0.12110027,-7.377064,-0.62565124,14.683916,0.30018887,-3.9417346,14.942772,0.0143476715,0.024133386,0.057438802,1.6311167,0.25252527,3.1599998,2.6599998,0.51666665,0.3963444,-19.830145
32.877277,0.04988969,32.66849,32.995426,33.47383,0.8053398,119.18884,74.728905,39.939404,27.247334,1.0171634,0.4234179,0.6510694,1.0042254,1.3390093,0.6879399,5.5743084,3.0649264,2.6950436,1.9118819,0.3876996,0.4481423,31.47996,0.18939221,-12.588821,-0.71130323,6.8743224,0.87514013,-9.147501,-0.7816143,0.017294765,1.0244629,1.1649315,0.44027802,5.28428,0.43734792,1.0880905,2.8891528,17.737844,0.2865014,686.2726,0.2284304,1546.714,0.10476303,-113.19969,-0.8446989,1581.9153,0.067570455,1164.9044,0.19486816,-112.266335,-0.8459827,2712.0251,0.06639038,976.29376,0.4812752,-118.77495,-0.74079776,-4.8102145,-0.70095634,19.293316,0.18736735,0.022259297,0.5606771,-0.0097467825,-0.77213037,0.40056074,0.36424574,32.318623,0.10646166,-16.561064,-0.40133435,6.8321285,0.6743781,-11.593077,-0.3388901,-7.8280015,20.041613,0.016573709,-0.012080712,0.3768307,2.1601017,1.1508952,0.3866667,0.61253566,0.415,0.48058817,-23.095215
32.411568,0.06842674,32.62919,32.70744,32.874596,0.2454071,140.23094,0.0,-0.25913092,0.0,1.1487825,0.37491024,0.9065991,1.2290385,1.5086081,0.602009,2.2988417,1.3598043,0.7589286,0.30398512,0.14843263,0.4289457,29.873312,0.23944311,-3.1359434,-2.588544,-2.925555,-2.6305869,-9.266113,-0.8814631,0.003764205,1.9796982,0.33356386,0.8397561,11.014408,0.14954694,7.7943316,0.2771772,21.510557,0.21543542,637.2178,0.20196258,1500.0664,0.10903682,-36.783302,-1.9716593,1565.6364,0.08858082,1265.532,0.13349208,-40.937897,-1.7145487,2620.9778,0.08457904,1076.2404,0.21666735,-51.503574,-1.2707227,-10.245871,-0.16714717,20.92422,0.14120589,0.031208009,0.47377345,-0.012978533,-0.29273424,0.15795182,0.3945128,32.546265,0.13562477,-6.2017245,-0.7810689,-5.238252,-1.1419282,-11.684713,-0.531632,-13.259572,22.631386,-0.009993839,-0.009498022,0.101975955,0.91743124,0.5555555,1.4933332,2.0483544,0.21249999,0.07258616,-20.765913
36.429066,0.0073707914,36.246315,36.423267,36.61024,0.36392593,5.5355954,2.2939303,3.5694926,1.5665873,1.20631,0.16777262,1.1453514,1.2299129,1.3130257,0.1676743,2.1551,1.5795048,0.5248649,0.56626666,0.37087268,0.22784582,28.379805,0.089735426,-14.757916,-0.2753435,-1.1300331,-4.200407,-7.845967,-0.60574824,0.005241203,0.53825164,0.99062246,0.38685244,4.6897097,0.3812013,-2.7071557,-1.4915568,11.43219,0.315115,639.9455,0.239073,1404.714,0.10860162,-23.028088,-2.5357368,1552.9391,0.064978406,1135.9852,0.23086926,-18.975885,-3.1081834,2741.6182,0.0648931,1017.63104,0.5133604,-34.53103,-1.5598372,-1.8770756,-1.2063247,18.764755,0.13181706,0.027064076,0.40327546,-0.0012864869,-5.621513,0.3748673,0.20991091,28.638536,0.07890358,-15.737379,-0.17777401,-2.0862935,-1.8046789,-8.016784,-0.58809614,-7.8857684,18.17657,0.026940718,-0.0061369855,0.33737767,0.51387465,0.41322318,2.1725,2.1420128,0.17999999,0.16407315,-22.418976
30.72765,0.14762056,29.25343,32.76677,33.311325,4.0578957,43.84325,31.225866,10.977402,5.357613,1.2147037,0.39710483,0.61243016,1.3193883,1.6428306,1.0304005,4.720489,3.9865324,4.232694,5.485885,0.32786345,0.54005325,28.677567,0.2788328,-0.29870823,-34.55752,-8.481858,-1.2712226,-11.610604,-0.9151584,0.020235773,1.9142094,0.68474907,0.7742385,7.08351,0.49561214,0.44790035,9.423496,19.55943,0.27803805,745.8026,0.14078872,1261.7821,0.13067165,-36.61295,-2.1218834,1684.3989,0.05523089,947.4823,0.25394562,-44.4001,-1.6505884,2972.4695,0.070206106,608.40265,0.58278346,-54.653526,-1.2496098,-9.939104,-0.35556525,23.765661,0.15681449,0.03767123,0.33904013,-0.022560438,-0.3362844,0.34412023,0.43630975,31.27741,0.13871486,-2.3185709,-3.9618917,-10.502006,-0.9501779,-14.233581,-0.64563465,-9.244608,18.582098,0.020492865,-0.0104231285,0.26501635,2.014099,1.1133603,0.71999997,1.0733634,0.15636364,0.14131027,-19.457026
24.09373,0.014310949,23.820068,24.13035,24.366446,0.5463772,4.9061036,2.7151067,4.2030787,1.8528086,0.942143,0.4246528,0.7856463,1.0554413,1.2173259,0.4316796,2.7384892,1.9341199,1.763934,1.242296,0.21812414,0.53104854,28.282576,0.24266014,-11.511968,-0.5934726,12.1213875,0.49322134,-3.9983494,-1.8264834,0.006224468,0.6174076,0.8397383,0.55830395,5.7484965,0.16912962,4.0113025,0.6873748,13.392123,0.28150815,484.3084,0.14802758,1256.998,0.13231137,-53.33624,-1.3866922,1350.6318,0.076041184,1021.4664,0.109426335,-47.767967,-1.6036792,2494.3298,0.037525628,773.3469,0.26205146,-57.20511,-1.2562288,-5.467254,-0.3621702,18.401335,0.12690443,-0.011981483,-0.7291596,-0.0017624547,-3.4425054,0.25862262,0.30928668,30.956312,0.1082057,-13.286241,-0.3986485,11.923014,0.45106584,-4.679971,-1.460337,-5.6627936,13.542993,0.020715378,0.0062544416,0.052054286,1.4656144,0.11337869,7.04,0.0,0.875,0.015,-23.120956
25.038506,0.006237105,24.931269,25.043617,25.127804,0.19653511,3.2208855,2.2701201,3.3798864,2.857974,0.72665006,0.31827018,0.73385173,0.77196455,0.82750165,0.093649924,1.1089624,1.6260891,0.6595984,0.36273903,0.11893729,0.43446496,31.890226,0.15284705,15.057187,0.2736854,-1.3413507,-4.737501,-2.8261864,-1.6715665,0.0044853413,0.7450658,0.33107316,0.7542142,8.00554,0.07783896,9.950912,0.12521146,27.227337,0.11871739,474.94614,0.2056588,1416.8995,0.099415645,-19.20236,-2.890563,1378.5231,0.083127,1063.5625,0.14597155,-28.037073,-1.8838164,2629.6873,0.03936645,599.8011,0.3831053,-37.698597,-1.319524,-15.4771385,-0.19808829,25.323503,0.10777273,0.03218375,0.18653041,-0.0211269,-0.37801158,0.1298888,0.31423047,33.280487,0.054329842,15.866475,0.20532534,-2.6823542,-1.816149,-3.8320563,-0.898502,-10.995419,19.579493,0.034763403,0.01063032,0.012196222,0.42674255,0.14326647,6.37,0.0,0.29,0.08,-23.414394
33.486412,0.07146664,33.459,33.686085,33.87167,0.41267014,409.30127,247.75879,16.148298,22.320414,1.0190927,0.47847727,0.32693034,1.2194136,1.3785341,1.0516038,6.2112813,4.775918,0.7864058,0.52708936,0.15421921,0.6860789,28.23646,0.20600742,2.89529,1.9108171,-15.848656,-0.63974464,-5.0079017,-0.67102396,0.015408771,2.8496454,0.4946257,1.125794,10.368557,0.31219915,6.927925,0.26477566,24.76803,0.13411422,830.464,0.07614222,1294.1508,0.08116074,-53.68838,-1.6108677,1673.082,0.03835932,977.82135,0.13101882,-59.021835,-1.4084941,2972.7449,0.028146893,572.3063,0.39256844,-70.10365,-1.092772,-7.9309735,-0.3624341,24.252708,0.120940246,0.057622593,0.18069749,-0.010654007,-0.32635146,0.17139533,0.5836343,30.881563,0.102788575,0.5564816,6.728332,-20.867435,-0.27259755,-5.5274715,-0.5021422,-11.852104,21.389029,0.036014624,-0.013552641,0.108151615,0.69156295,0.6963788,1.0519999,1.9546396,0.30166665,0.34299743,-21.529854
26.095745,0.012233846,25.87051,26.021433,26.277643,0.4071331,4.3021393,2.5131829,2.4795136,3.171534,0.93799263,0.27210099,0.88857883,0.9964237,1.1118714,0.22329253,0.8271626,0.8378363,2.1392856,1.6396344,0.2890495,0.30454507,25.896194,0.12401959,10.932954,0.25897622,2.533204,1.5955653,-3.4465039,-1.8172535,0.00794376,1.4104012,0.74824536,0.48518303,6.2690773,0.14440037,3.9765222,0.3770057,23.774275,0.09223062,745.7909,0.2481696,1328.4615,0.14060959,-32.53385,-1.9676713,1786.1965,0.15996785,1062.878,0.24687615,-43.55331,-1.3521143,2823.8308,0.086510286,788.5065,0.33334357,-47.008564,-1.2238784,-12.193968,-0.13539743,22.116423,0.08420269,0.024836246,0.28493538,-0.020174427,-0.37430865,0.31058678,0.2045687,25.964205,0.10717667,11.250143,0.2257772,2.1428928,1.7369332,-4.219317,-1.3496317,-14.031445,23.817577,0.03551671,-0.009795573,0.14919893,1.1157601,0.14044943,6.23,0.0,0.42999998,0.04,-22.449226
30.993397,0.08577658,31.39842,31.672922,31.844563,0.4461422,500.13037,509.15833,19.413853,19.303211,1.7661026,0.32707185,1.5884333,1.8184074,2.0617397,0.47330642,3.8063962,1.7018597,3.217776,1.5283227,0.32325146,0.62673265,31.594797,0.14007133,-34.48106,-0.40139362,10.672602,0.5106588,-13.881254,-0.44413483,0.030534703,1.4928905,1.0375683,1.1742349,5.1187806,1.2045398,5.9033933,0.20357701,6.9380994,0.4388585,615.6811,0.27800125,1463.4963,0.14653577,-24.677624,-2.6529953,1494.2437,0.07346404,1113.7059,0.16511773,-20.821777,-3.1299355,2669.2676,0.050654132,820.7579,0.22440743,-29.768206,-2.0769835,1.5011357,1.8270001,11.46089,0.28327733,0.034403544,0.25853008,-0.00035847785,-15.003817,0.34087348,0.5531828,32.226696,0.11126999,-38.375946,-0.19050868,10.997194,0.495641,-15.0815,-0.3272347,-8.658649,19.64878,0.024411794,-0.00091617927,0.21881555,1.8372704,1.0666667,0.8125,0.5323239,0.19999999,0.17999999,-18.021194
35.818306,0.06437492,35.328876,35.55219,35.76189,0.43301392,1205.3405,0.0,-1.0248287,1.8672332,1.2393552,0.36660928,1.0446945,1.3996152,1.546748,0.5020535,4.407851,4.457464,5.5224257,4.6071877,0.25042725,0.4225426,31.96709,0.20987189,-11.458719,-0.798344,-11.621105,-0.87635916,-21.138315,-0.3609437,0.0051396633,1.3095772,0.68829775,0.6775596,10.3853655,0.19010764,-1.0759822,-3.0812697,20.245907,0.20102139,654.38135,0.21675608,1570.3114,0.11543869,-24.040056,-2.7557688,1508.574,0.08441817,1098.8165,0.13021328,-25.01982,-2.508649,2758.6917,0.050690964,684.02356,0.3613732,-41.469395,-1.3677523,-4.808686,-0.56187063,21.721756,0.14721313,0.048720144,0.28949958,-0.0020075266,-3.8043425,0.27294704,0.33960977,33.922333,0.117724426,-14.135436,-0.411255,-14.359716,-0.5041481,-22.700756,-0.27719605,-9.439926,16.106855,0.021682214,-0.005433785,0.09603177,2.4577575,0.7763975,1.1259999,2.1123881,0.138,0.09108238,-20.040192
37.498985,0.094698325,33.507347,39.103745,40.84837,7.3410225,6.9812584,2.9591205,62.49777,70.50672,0.76761633,0.42940426,0.39867756,0.9015369,1.0600303,0.66135275,3.1240819,1.7961501,1.9553559,0.9719226,0.21091944,0.6188935,19.288534,0.39694124,15.8222475,0.43990317,-20.920269,-0.47700304,-0.07189949,-102.085915,0.014516406,0.8838333,0.78323716,0.5141652,9.55764,0.24544285,8.362241,1.1222057,33.705864,0.18331704,465.1661,0.26563466,1424.5576,0.112404436,-110.61545,-0.8692317,1418.1357,0.07988152,1227.0571,0.41334534,-85.55501,-1.0241584,2597.4707,0.09588285,1302.927,0.40489456,-97.49653,-0.8045875,-13.9474945,-0.20267789,30.925476,0.11631214,0.043775335,0.30628887,-0.017376114,-0.39832658,0.26937076,0.4349091,23.589266,0.22172692,17.721067,0.373952,-26.089172,-0.19855368,-3.0957837,-1.9138503,-7.416223,18.626314,0.022447169,-0.000958192,0.11778198,1.7160686,1.4150944,0.42999998,0.55138206,0.22999999,0.24959968,-22.80411
28.28749,0.010555579,28.099615,28.282455,28.51519,0.41557503,6.1297426,3.0853896,4.719272,2.7884452,1.0742866,0.4625726,0.3879815,1.276319,1.4298573,1.0418757,1.7303915,1.2119081,0.95432466,1.028214,0.25653476,0.56742495,31.56448,0.36282277,-5.1597314,-0.89186674,-7.1081285,-1.595781,-13.240828,-0.69456273,0.0057966956,1.4524966,0.58044446,0.8620142,8.434247,0.22173786,0.2865526,12.407144,17.481295,0.24110982,530.9132,0.112451226,1263.2338,0.08866474,-50.422497,-1.6746616,1444.0145,0.03900236,1048.8253,0.07476883,-53.476948,-1.5462753,2625.479,0.0307206,718.35187,0.19531268,-65.77442,-1.1530137,-10.684243,-0.15585119,26.089489,0.1251966,0.032585524,0.2963289,-0.02102012,-0.27417508,0.320112,0.33230805,37.179825,0.09107991,-6.8318706,-0.41846496,-12.8897505,-0.37044683,-17.671984,-0.29435632,-5.485862,14.415259,0.0071353074,0.009994345,0.05969575,1.0362694,0.17421603,4.35,0.0,0.68,0.37,-19.408667
25.722097,0.022274021,25.314342,25.636745,25.975662,0.66131973,5.714096,2.9062054,6.2600994,3.043801,0.78219366,0.2606979,0.7477286,0.8125043,0.89048904,0.14276046,1.8825496,1.0491109,1.0042442,0.7273049,0.27867445,0.37171528,35.779392,0.15224317,13.170606,0.28219208,-5.184062,-1.8620255,-0.3575389,-20.092041,0.008272923,0.7289845,0.83271503,0.53823286,6.359773,0.1905296,-0.66446394,-3.7545676,24.202377,0.18989739,470.45575,0.13106242,1400.9167,0.10361264,-20.413664,-2.632116,1440.1051,0.09186743,1324.6809,0.23924594,-35.522892,-1.3823817,2447.0107,0.0815425,1230.6528,0.2619237,-45.710705,-1.0096877,-16.928656,-0.11416145,27.647356,0.09591589,0.026364313,0.27891156,-0.026782272,-0.22668017,0.29799557,0.28389487,37.203304,0.06479146,13.327792,0.27425268,-7.3374557,-0.9696978,0.016675858,441.78598,-16.01526,24.45671,0.034818888,0.0074920226,0.06373659,1.607717,0.32786885,2.79,0.0,0.24,0.0,-22.19621
25.944592,0.07682986,25.395573,25.615677,25.851067,0.45549393,8.693269,5.9248457,11.850184,2.3210144,0.63585806,0.31010056,0.5286424,0.616339,0.7659985,0.23735607,2.5837922,1.7341181,1.4707704,1.4798129,0.21849161,0.3957496,24.78922,0.2255112,11.358604,0.51207614,-6.5332847,-0.855558,2.567721,3.0497384,0.026116937,1.220214,1.0366253,0.52221805,3.4239135,0.6211554,10.0926485,0.40539378,25.30795,0.21281783,551.4914,0.25624573,1453.4908,0.11690601,-40.414528,-1.8125476,1493.6578,0.16355743,1251.007,0.20099202,-48.804626,-1.4036571,2518.4602,0.1137723,896.51056,0.21793632,-53.337208,-1.2471945,-14.31315,-0.1496569,21.347141,0.16956991,-0.003259772,-3.5299153,-0.024391025,-0.28201038,0.22448458,0.3686303,26.117882,0.11991855,12.164876,0.43762287,-6.891034,-0.73743653,2.0376961,3.589893,-13.234993,22.043823,-0.009117492,-0.0053363717,0.21343516,0.9718173,1.2695312,0.6361538,1.3997612,0.12142857,0.12551934,-26.798132
29.48495,0.047544505,28.752546,29.169025,29.65461,0.90206337,15.54969,8.318903,7.5537286,7.145615,1.068641,0.42716447,0.44497463,1.2746018,1.4197174,0.97474277,5.2337546,2.8347182,3.441273,3.088637,0.31853646,0.49548364,31.51223,0.17662357,0.6867706,10.532419,-5.858812,-2.0131075,3.1928058,2.9323404,0.010619649,1.168702,0.6652889,0.9330177,7.080219,0.2652045,1.8614526,2.5352986,26.320787,0.3052819,860.7868,0.2088191,1385.9646,0.11495285,-43.847042,-1.7684458,1726.5968,0.08097241,1157.8159,0.31929266,-45.99078,-1.6220647,2912.7222,0.08618733,876.98944,0.45151234,-58.27158,-1.1757241,-7.701841,-0.5709889,24.402935,0.0963432,0.06661379,0.19102597,-0.002408261,-4.7946453,0.3474662,0.4088897,33.29897,0.10035907,-1.0087063,-5.45425,-8.877491,-1.1101506,4.2852955,2.1644492,-12.405598,21.90995,0.055101447,-0.008245234,0.21052839,2.2695036,1.2857143,0.61444443,0.9364247,0.14333333,0.11095545,-20.69603
30.132778,0.18899134,23.38576,34.641144,35.34423,11.958471,232.1225,179.76514,75.72932,82.61329,1.4814295,0.35717154,1.2180318,1.669351,1.8582128,0.64018106,1.7784224,1.316532,1.1421425,0.3188572,0.38337842,0.3926259,35.06545,0.1292952,-22.622719,-0.40680334,-6.6940856,-1.1619792,-10.826708,-0.42361614,0.05500488,1.540472,2.1752713,0.8439267,0.7300975,7.806521,1.1641475,7.5737357,13.0907345,0.3310492,561.4456,0.14671049,1442.3679,0.121960655,-30.170559,-2.506339,1476.5881,0.04648063,1099.6796,0.14231682,-26.783318,-2.8748035,2643.032,0.03799823,763.2552,0.41224855,-41.171566,-1.7200397,-1.196391,-1.4285946,17.094099,0.20964593,0.021103358,0.5497278,-0.00070682267,-7.8144426,0.4273619,0.2763877,36.422356,0.07853992,-26.358793,-0.12906072,-9.489607,-0.4277327,-11.94659,-0.29954675,-10.336542,21.13659,0.010137485,-0.0044282004,0.17206453,0.8438819,0.28328612,2.9399998,2.7,0.37666667,0.26911375,-18.347435
26.17254,0.009314626,25.991098,26.120354,26.32492,0.33382225,3.474212,1.9659895,3.3580894,3.1774383,0.8937414,0.4164425,0.27384767,0.9999159,1.1282624,0.8544147,2.338915,2.1617084,0.38385618,0.06758252,0.16967733,0.4452319,35.710583,0.1818648,-18.69215,-0.46930465,4.217395,1.0622509,-8.771811,-0.3850365,0.0038232873,1.1543665,0.42380068,0.5335629,7.206294,0.17441647,0.78019404,2.7588139,14.941273,0.15977581,519.5051,0.34686878,1447.5087,0.12617514,-45.17527,-1.8852068,1427.0468,0.14064094,1160.0383,0.08386723,-45.258774,-1.8387568,2411.916,0.09428046,861.574,0.11646944,-54.176197,-1.4478414,-5.167265,-0.1982985,15.944786,0.14036992,0.057625588,0.10582477,-0.012544663,-0.18680447,0.19827606,0.28329864,38.946224,0.048634663,-23.126745,-0.12563598,4.8239236,0.9730783,-9.540544,-0.29701588,-10.011689,18.293146,0.07781184,-0.0051814476,0.07537583,0.3120125,0.15723272,4.93,0.0,0.7,0.47,-24.710318
19.758009,0.014163688,19.53264,19.739761,19.955305,0.42266464,8.508215,11.164077,5.4360547,3.2559037,0.9534606,0.35557783,0.5430151,1.0564722,1.1704029,0.62738776,3.9170065,3.1621957,2.9455996,2.2685874,0.38783073,0.43845075,24.391922,0.2161137,5.7491107,0.84790796,-9.588413,-0.79534703,21.254866,0.5381541,0.013817482,0.6074346,0.9502367,0.5617933,2.2809637,0.32644203,0.48897037,4.2438526,21.60766,0.24479015,525.9026,0.35397565,1364.1282,0.10706183,-72.73216,-1.2262359,1453.081,0.14272928,1091.9725,0.103770845,-71.85675,-1.2418195,2469.3628,0.119089395,952.3904,0.15941042,-79.437294,-1.0576293,-7.7092185,-0.28365442,16.887339,0.15682174,-0.01673568,-0.6347012,-0.0031156961,-1.9527518,0.45125878,0.17466137,26.910915,0.11766729,6.341079,0.7452738,-13.144187,-0.32249585,27.284447,0.15359919,-7.4522386,16.44717,0.01248724,-0.0018630719,0.26433045,2.4582105,0.6916996,0.96,1.201166,0.40625,0.5741502,-22.33618
25.99507,0.13739769,24.96376,25.179785,25.373688,0.40992737,210.12912,250.2625,34.997627,29.51218,1.0774422,0.34752762,0.93950623,1.1287371,1.330236,0.39072973,2.580432,1.6535548,1.6374019,0.74925524,0.30497354,0.4144398,24.856165,0.1814312,14.796236,0.3535848,-7.4419966,-0.8757817,-13.601963,-0.6597996,0.011020442,2.8305302,0.6802401,0.67123514,5.701529,0.5041469,1.0177671,5.5456605,19.00331,0.7905678,497.44562,0.24749775,1279.6136,0.13218619,-18.923416,-3.3502097,1476.1814,0.118270606,1097.9293,0.19313884,-30.429655,-1.9502414,2658.662,0.05214473,707.67303,0.4247597,-36.40487,-1.5719768,-16.630898,-0.18844034,24.588968,0.15758397,0.00948543,1.3857137,-0.034446552,-0.34661266,0.3281644,0.34662792,25.722338,0.105363846,14.3912115,0.30108836,-8.137176,-0.7554838,-15.787553,-0.43048736,-18.88892,28.990175,0.0027029307,-0.0072876606,0.16492605,0.969697,0.24390244,3.645,3.605,0.28666666,0.2859293,-19.637205
33.534256,0.0584322,32.604324,32.78367,33.452938,0.84861374,29.194595,7.8265996,27.126461,25.746738,0.76421136,0.60663575,0.405048,0.7022684,0.9906014,0.5855534,3.9095576,3.2450466,5.7703567,4.263013,0.30372456,0.8225487,36.16084,0.119078256,-2.100688,-4.2837696,1.4097373,6.378245,-10.035118,-0.92436373,0.01680431,0.96989566,1.1224008,0.700893,5.697543,0.46130145,6.6365113,0.6026882,29.170675,0.20519362,697.1993,0.26077974,1588.2919,0.113090046,-84.08911,-1.1660863,1574.399,0.09238127,1205.0969,0.13446847,-83.92941,-1.104196,2781.173,0.076581806,1093.8955,0.4401628,-93.892624,-0.90144485,-10.726811,-0.4754054,27.242493,0.16810095,0.023571365,0.465531,-0.013277516,-0.6800041,0.35218403,0.79151934,37.81178,0.07575073,-6.302176,-1.4794976,-3.460765,-1.9838836,-12.841124,-0.61883783,-15.908047,26.986217,0.0092017185,-0.0135639105,0.23595405,0.6779661,1.0344828,0.57666665,0.66914535,0.275,0.06873863,-23.24493
32.485607,0.040754274,31.773407,32.750572,33.41456,1.6411514,7.5058255,2.8956056,7.3774757,2.6905637,0.6288443,0.42960042,0.3975791,0.6534111,0.8782913,0.4807122,1.8237433,1.4300731,2.179856,1.3154106,0.10812065,0.58457816,34.444347,0.13811588,-9.648139,-0.69673353,8.66248,0.6220496,11.211829,0.54452556,0.007422277,2.3762913,0.5567111,0.91119194,10.453655,0.14968106,10.868981,0.33712548,15.143496,0.66775006,865.3701,0.18808948,1450.3555,0.23790805,-29.417507,-1.6490823,1629.0493,0.08365853,1162.5096,0.23829344,-26.986197,-1.811421,2830.2842,0.07572662,702.1073,0.41110986,-41.859146,-1.0706807,-9.239518,-0.47121736,27.908964,0.15063511,0.004879217,3.1919308,0.01192291,0.5262441,0.1161559,0.5184882,35.616344,0.07035193,-10.345988,-0.6396569,8.409661,0.6455055,11.740306,0.5125044,-9.303442,22.922352,-0.009245641,0.013705116,0.026745994,2.0671835,0.2617801,3.53,0.0,0.26999998,0.0,-25.774117
26.242651,0.010829459,26.071087,26.191763,26.32609,0.25500298,2.8629007,3.5171337,1.2650225,0.66287446,0.96239364,0.3329899,0.96873754,1.0688367,1.1555104,0.18677288,0.33195627,0.5156036,0.91437554,0.819033,0.18034041,0.36475238,39.768238,0.23813681,-16.598976,-0.63952523,-6.2795997,-0.97532934,-3.6115928,-0.8378264,0.004549897,1.617389,0.6912225,0.62040925,7.9514904,0.09395189,1.1269128,1.9037756,10.164836,0.33236614,451.26648,0.10137634,1360.6473,0.06716515,-31.988659,-2.1345627,1318.8413,0.04108039,1215.562,0.09437787,-32.30629,-2.1111465,2441.8088,0.029232046,927.0863,0.20010073,-43.270954,-1.4737617,-6.8902335,-0.21245965,18.191341,0.1707113,0.03645167,0.16259632,-0.023302399,-0.12922908,0.20224403,0.19010353,43.483677,0.062165875,-20.397806,-0.27265438,-7.145478,-0.8157061,-3.9607754,-0.6555292,-7.8706975,17.595896,0.02556669,-0.0012008082,0.054085348,0.27816412,0.14005603,6.12,0.0,0.49499997,0.355,-22.893272
31.146273,0.0671283,31.173447,31.348188,31.530779,0.35733223,493.85736,555.23517,11.157297,37.868183,1.3216457,0.33266792,1.055459,1.3912877,1.6660773,0.61061823,7.296003,11.597999,4.036076,4.3505926,0.3547263,0.4606115,34.663208,0.13026647,-12.18869,-0.77074575,-0.21545662,-33.159775,-15.329427,-0.34906664,0.01115687,3.4182386,0.70695895,0.6822151,7.7607775,0.31977433,5.604969,0.4429395,19.503529,0.26138052,723.7784,0.119264565,1440.9736,0.07811075,-33.357494,-2.1502683,1614.6526,0.06151353,1081.7657,0.23105942,-35.87077,-1.9670199,2832.3706,0.048953924,703.1307,0.51377034,-48.064106,-1.3580612,-5.349683,-0.6698235,20.119356,0.22039884,0.04154132,0.21342678,-0.0106001785,-0.608286,0.36146063,0.41867483,35.56,0.093200155,-14.502763,-0.49363574,-1.9663512,-2.8316672,-15.922402,-0.30221108,-12.242893,23.329334,0.02794126,-0.01389525,0.32228187,1.6528927,0.7386888,1.12875,1.9838939,0.205,0.19634153,-19.925035
29.534904,0.011862208,29.240746,29.5507,29.828587,0.58784103,4.465849,7.139404,2.926774,2.0546346,1.1856662,0.38407928,1.1399965,1.285807,1.4160116,0.27601504,1.6471375,1.3790506,0.863171,0.48013797,0.21784602,0.4660589,31.65872,0.26455745,-17.093918,-0.38280806,6.4533844,0.75519574,-10.271854,-0.67134446,0.004923854,1.590702,0.63063985,0.4356124,8.545487,0.0913155,2.8835912,1.1600772,15.032526,0.28156883,721.65704,0.15969859,1444.2382,0.11114876,-32.127224,-2.1546838,1579.2385,0.061270446,1107.4846,0.21111022,-30.927816,-2.2515414,2811.34,0.06557452,781.782,0.57756996,-43.464306,-1.4850705,-2.4459343,-0.7915165,17.136057,0.15337661,0.05322362,0.15711714,0.0019600953,2.9045918,0.25064215,0.27569437,34.822742,0.056284003,-19.435537,-0.16121854,5.5784354,0.7263829,-12.546267,-0.29674366,-3.6196122,13.15562,0.035680246,0.018287102,0.026227199,0.6585136,0.09460738,9.04,0.0,1.51,0.0,-21.700003
41.440563,0.011501948,41.228397,41.431614,41.72434,0.49594116,5.726251,5.411617,3.4945068,2.206777,0.7247682,0.7149634,0.11590925,0.79423666,1.1890987,1.0731895,1.534695,0.63033485,1.1177465,0.27278492,0.14553803,0.9215951,28.248735,0.20662351,-13.020067,-0.99742395,2.660724,5.3794265,-12.424083,-1.4480894,0.0065480643,0.7818397,0.5627023,0.61729074,12.233527,0.16973329,2.0934072,2.2938535,19.059328,0.2619604,694.8217,0.2532339,1517.9167,0.17169845,-85.19633,-1.1422681,1561.1366,0.08793132,1055.9059,0.22241741,-72.40211,-1.2693244,2803.116,0.058783535,700.3414,0.6186671,-82.19157,-1.0334414,-6.616204,-0.50211424,20.16953,0.22208612,0.011943001,1.2003709,0.0034185823,2.2075534,0.20539445,0.63813126,31.72983,0.069814585,-21.852793,-0.20111229,-6.6176424,-1.0725324,-24.455719,-0.30612117,-13.756173,24.888388,-0.023183959,0.016667068,0.03298404,0.6896552,0.23255816,2.83,0.0,0.71999997,0.45999998,-23.400154
25.62653,0.010035209,25.470945,25.630203,25.806107,0.3351612,4.9300857,2.4160886,4.2491174,2.3658025,1.4789019,0.14597577,1.3984375,1.4916987,1.6046453,0.20620775,2.3810446,1.5499647,2.207091,1.6663508,0.33266723,0.21444252,32.785748,0.09094506,-14.790705,-0.20714094,3.5437424,1.0631994,-31.889425,-0.18476647,0.0044628712,0.7270847,0.6014184,0.60059726,7.0080204,0.11765575,-0.39616135,-3.2417345,7.489603,0.4524919,419.04047,0.28680673,1338.8147,0.1780352,-4.0403585,-6.319491,1309.3546,0.13373445,949.4177,0.1539034,-0.9060008,-28.170336,2570.6465,0.048485685,517.35675,0.4105518,-12.124877,-2.002401,-4.123532,-0.32332084,16.064991,0.1602909,0.024694698,0.3194526,-0.021350907,-0.24113789,0.33745286,0.18020058,33.06284,0.05812123,-14.940266,-0.17754322,3.5257654,1.0666434,-32.461346,-0.12912521,-5.342459,14.633984,0.031411134,0.017019061,0.050279982,1.9704435,0.16583748,5.92,0.0,0.089999996,0.0,-19.113974
29.218336,0.058528062,28.8757,29.100967,29.273575,0.39787483,1.6415402,0.0,129.86111,8.730334,1.2472136,0.37336418,0.8544988,1.411632,1.5386128,0.68411404,2.7557104,3.3083327,2.1947582,1.8668641,0.23738493,0.4695795,24.193344,0.23334862,1.6263646,4.621666,6.1541123,1.0363935,-0.9421679,-6.3774786,0.0044473093,1.3713931,0.43369323,0.5815686,9.061262,0.14020047,6.4607625,0.5872727,19.458048,0.23532087,654.3464,0.22879341,1484.72,0.1346081,-46.209606,-1.6506094,1586.8348,0.086313106,1164.5359,0.20599085,-49.639893,-1.4961531,2654.2527,0.093299665,1023.87604,0.4020414,-57.351143,-1.2288055,-9.598454,-0.24528913,21.741663,0.15771991,0.028607203,0.40606764,-0.013176749,-0.5184871,0.263395,0.3587381,26.45284,0.092660695,-0.66506207,-6.9611726,6.6918697,0.9077351,-1.4448364,-3.4765553,-9.953556,17.747938,0.022552479,-0.008100734,0.13526376,0.54884744,0.33112586,2.4166667,3.3045557,0.435,0.19525623,-19.731205
35.56262,0.0053066784,35.396698,35.531693,35.733,0.3363037,2.4556503,1.6207416,2.014834,2.452291,1.3832035,0.39793226,0.5046048,1.6786528,1.7527188,1.248114,1.289062,0.74463505,0.82103294,0.5579632,0.25221866,0.41719946,25.44748,0.1560668,-6.631872,-0.94275045,-21.02853,-0.6895324,9.934172,0.8968552,0.0075158705,1.0918143,0.49778777,0.495253,10.259821,0.17624989,-0.40660283,-2.6610916,12.195675,0.19733432,553.14526,0.14254501,1327.5513,0.09094845,-54.806877,-1.5901302,1475.5637,0.041587137,1072.7228,0.076915786,-54.08847,-1.6172897,2605.5925,0.029520733,775.18085,0.18459785,-64.30126,-1.2660867,-2.8453915,-0.54287183,16.515753,0.1293275,0.04242834,0.23598395,0.0009916445,3.7387362,0.28174332,0.36645722,27.037474,0.08190394,-9.670856,-0.35906032,-29.566141,-0.09222506,14.769127,0.21511959,-8.2494755,17.43488,0.014595772,-0.009942243,0.1741833,0.525394,0.17667845,4.16,0.0,0.73499995,0.065,-19.368063
25.330631,0.09741388,24.57957,24.855146,25.062237,0.48266602,27.585875,7.56238,-9.211154,41.454414,1.300879,0.37286136,1.2300485,1.4215075,1.5557882,0.32573962,1.1270071,0.90077984,1.0421786,0.4840175,0.41401765,0.5984747,36.299625,0.17977405,-14.536965,-0.7872229,5.0785637,1.2314278,-0.7468854,-7.602495,0.020656375,1.1909715,0.7764211,0.7006429,4.5942802,0.72636265,-0.79290396,-6.0749626,13.102887,0.40069008,515.9478,0.20894213,1431.8599,0.13460326,-53.657974,-1.5554154,1418.5759,0.08894625,1182.0,0.18502037,-55.700966,-1.4667768,2522.2053,0.062133834,1029.5874,0.29324424,-64.196014,-1.195965,-5.9552064,-0.5840521,17.450354,0.21077834,0.03177443,0.30124182,-0.0044073956,-2.1626632,0.41363317,0.5079434,37.8048,0.11297388,-18.077322,-0.39276606,6.2019434,0.95239574,1.0905516,4.0744185,-11.1400795,21.050106,0.0393711,-0.016669573,0.42750934,0.3533569,1.1862397,0.62299997,0.7407435,0.19999999,0.12868567,-19.692047
33.10284,0.053459328,32.741398,33.033554,33.394817,0.6534195,183.46379,221.33629,-48.303425,76.76797,0.763757,0.5400222,0.28115416,0.7795983,1.2015715,0.9204173,2.257551,1.4405999,1.7792546,0.7020029,0.2401952,0.55570227,26.828405,0.21756062,-2.5353053,-3.6976542,-0.5521323,-18.047684,3.561487,1.7803919,0.013452045,1.0532237,0.8677231,0.52034855,5.9809694,0.37291723,0.7530452,6.238887,15.339017,0.28025243,693.5678,0.27883703,1454.1243,0.12981167,-88.1047,-1.0590699,1529.787,0.11161558,1238.4434,0.1797991,-84.68459,-1.1031423,2747.3608,0.048601277,811.1526,0.3558619,-94.773796,-0.89772254,-2.4106326,-1.4113169,21.80798,0.14511943,0.016445568,0.7105143,0.012490925,0.7328021,0.3211769,0.26739526,29.934998,0.10735828,-8.177242,-0.496024,-6.0571694,-1.0527387,5.6678467,1.0090592,-10.561198,20.789577,0.016235307,0.0033211573,0.1217558,2.0100503,0.8445946,0.70199996,1.3490204,0.38333333,0.24870779,-24.129442
30.421495,0.15981753,29.265545,30.059723,30.823635,1.5580902,113.6922,46.04945,33.449493,25.648256,0.71472466,0.41814852,0.4460037,0.72080255,0.89101756,0.44501385,1.8642068,1.2395273,1.4453044,1.1925129,0.22459334,0.5288782,31.928211,0.20704293,3.2428334,1.9366263,5.466621,1.4563329,-3.479097,-2.4465976,0.032315142,1.9216698,1.1322305,0.6324238,6.0003476,0.5777384,3.0978005,2.6681023,24.758944,0.2255066,747.9202,0.24262938,1448.7073,0.14184895,-59.989784,-1.3971337,1657.1256,0.099032514,1155.0076,0.22365843,-64.98917,-1.2153183,2816.506,0.0808327,859.88947,0.46997958,-72.186935,-1.0366966,-14.190699,-0.19706483,27.622087,0.13700579,0.05000597,0.3066341,-0.013611154,-0.90767366,0.2523349,0.45543438,34.075058,0.15041557,1.8309661,2.7403066,4.9082074,1.7139342,-4.7666364,-1.839405,-13.50858,23.686138,0.04761399,-0.0070791095,0.14587693,1.0881393,0.8762322,0.8375,1.3448955,0.3228571,0.25092483,-23.549212
30.763079,0.02426716,30.600136,30.813519,31.00123,0.40109444,124.618744,125.40417,190.20763,212.57169,0.73181707,0.4301114,0.52280086,0.7424523,0.9426309,0.41983002,3.08138,2.4707153,1.493692,1.7543225,0.11602729,0.63586175,31.324547,0.21778654,9.216155,0.84095377,-2.6214056,-2.2758563,-3.2477949,-2.6015508,0.008516149,5.7037272,0.38660234,1.0130202,10.318134,0.13552116,15.108117,0.19236898,29.266748,0.16970825,886.1437,0.1116732,1351.3771,0.14424995,-38.04818,-1.852558,1720.8384,0.08728154,1286.6287,0.19931701,-46.65962,-1.4261849,2902.2258,0.043663897,608.7254,0.4374445,-53.043533,-1.1956547,-14.099641,-0.30716306,27.738962,0.16721882,0.042418875,0.22975163,-0.009158438,-1.1711993,0.12890917,0.5771075,33.803066,0.113194056,8.44291,0.89640427,-4.219096,-1.0803707,-5.3735266,-1.3669488,-13.082382,25.796175,0.0041397167,0.00255137,0.053035412,0.69156295,0.5571031,1.5,2.4885538,0.275,0.25004998,-23.493176
34.02619,0.00777888,33.85637,34.048603,34.218834,0.3624649,2.4991024,3.0886998,3.6337607,2.1230583,0.78872913,0.4224525,0.6626723,0.78168344,0.9431641,0.28049183,6.6228156,8.683537,2.3993006,1.4731555,0.19200931,0.7236723,33.33409,0.16258715,-2.847808,-2.3639717,5.3444853,0.82960075,0.85655934,7.254659,0.00789975,0.7234232,0.6155951,0.42181614,10.292019,0.14922859,13.835536,0.13033253,26.537674,0.101378575,933.98755,0.07686179,1171.721,0.11485575,-44.184097,-1.6355298,1790.1654,0.06760446,1189.5609,0.16687799,-52.43023,-1.306421,2989.0122,0.03861601,708.60986,0.4390696,-62.99917,-1.0067953,-9.935755,-0.30738276,30.664822,0.12915467,0.01731025,0.62390107,0.013678457,0.39106235,0.19727817,0.70445395,35.27069,0.07343528,-3.6759987,-1.4916921,4.1264668,0.8011466,-0.126381,-45.714268,-10.787523,20.987347,0.0141423615,0.0073228586,0.17358135,0.7496252,0.3021148,2.715,2.645,0.38,0.18672617,-22.689997
34.62514,0.09603352,33.031975,33.417603,37.408356,4.376381,42.56981,22.032593,7.6104655,3.464027,0.841038,0.5256657,0.36278215,1.0157555,1.1644154,0.80163324,7.1125827,5.749914,2.3407435,3.3629456,0.21477266,0.8158288,29.066908,0.22386518,11.269256,0.64021754,-5.641947,-2.19128,-13.869255,-0.7284676,0.010386007,1.4592038,0.61977726,0.6258072,10.568045,0.18577033,9.100265,0.58070153,31.863213,0.18183225,853.52,0.09546333,1255.1769,0.12248081,-61.343872,-1.4017272,1789.4248,0.0767295,1015.72406,0.18191282,-71.50288,-1.1071336,3012.4324,0.050513625,676.3886,0.44633824,-80.086235,-0.92198783,-15.397584,-0.45752147,27.658823,0.24117763,0.04575969,0.2365081,-0.023299776,-0.22576547,0.22309603,0.6475607,31.236895,0.08528504,11.287585,0.6493466,-11.146714,-0.7503945,-17.485521,-0.426096,-15.168655,23.198835,0.031850986,-0.011786214,0.19765317,0.6051437,0.7621951,0.94,1.210537,0.348,0.33534458,-21.926847
32.161915,0.13797435,31.002151,31.26358,31.612986,0.6108341,63.731583,44.537956,21.828167,0.0,1.8986381,0.24091955,1.7425187,1.9642419,2.1186576,0.37613893,4.3058233,2.9659138,2.1006103,1.1126833,0.8918231,0.43414217,23.445057,0.12327177,-6.8159227,-0.9243525,-13.265336,-0.38264647,-4.6488094,-1.0030568,0.022014353,1.2622516,1.1834506,0.42501998,3.6447515,0.72753775,17.818443,0.25237373,24.61769,0.1872832,621.02625,0.1906533,1408.5808,0.10573211,-25.079996,-2.1384172,1541.934,0.05898814,1077.606,0.12916285,-18.154224,-2.9822192,2750.149,0.068605244,1137.3661,0.4512484,-37.754333,-1.260567,-2.3034873,-1.1610816,22.800243,0.08841175,0.03026172,0.3709029,0.006824959,0.9871558,0.9224539,0.38731724,23.91761,0.0837348,-6.7354817,-0.8522371,-13.687598,-0.30514663,-4.4994507,-0.97886795,-2.7335773,19.209877,0.03177956,0.007019337,0.5477838,1.2853471,1.0443864,0.865,0.8523643,0.13499999,0.055,-15.776838
31.601027,0.04049146,31.478697,31.647839,31.996164,0.5174675,36.97636,26.832952,0.81878626,0.9410617,0.70284414,0.48522934,0.17512214,0.83854026,0.9750111,0.79988897,0.72201926,0.32859218,0.6492231,0.82932353,0.10860169,0.5144754,29.51731,0.24886088,-9.074207,-0.8272963,-2.788475,-4.22608,5.527454,0.8975996,0.010070074,2.7317147,0.644812,0.5647828,9.069232,0.21656466,0.46915597,4.6477695,12.600334,0.4982516,638.9637,0.19936214,1491.0876,0.12693265,-54.88901,-1.4833897,1529.5323,0.07191536,1301.8939,0.21840228,-53.272457,-1.5376714,2593.9082,0.103629336,1105.2783,0.37932143,-65.812294,-1.141118,-4.638246,-0.7561749,24.492188,0.15059346,0.030571962,0.3175541,0.000950607,4.861672,0.1338281,0.26741728,33.176075,0.061527614,-12.075403,-0.45255762,-8.385228,-0.78554696,7.1887407,0.50867546,-9.359405,18.8557,0.034719698,0.01393986,0.025281461,1.0666667,0.089365505,8.55,0.0,2.62,0.0,-26.499447
35.4226,0.07195424,35.41791,35.844093,36.501045,1.0831337,116.61628,98.29078,51.503574,65.68152,0.75893277,0.36474258,0.5593014,0.80887675,0.974869,0.41556764,1.7048383,1.3722489,1.7752533,1.4846381,0.15844135,0.40006107,29.790876,0.1331933,-19.651033,-0.6326592,2.3721886,2.7901115,-7.32578,-1.0889359,0.015160421,2.3848112,0.8483982,0.54832584,6.536775,0.39646104,-2.198947,-1.2461227,9.779996,0.4911583,589.42664,0.30568975,1584.3823,0.12996879,-43.719788,-1.9278641,1541.6144,0.070897296,1256.715,0.18342826,-40.357666,-1.9820914,2522.449,0.09242198,1304.1434,0.37980643,-46.8499,-1.6392908,-4.2774353,-0.61604095,13.483645,0.30024683,0.047571115,0.23848888,-0.00794691,-0.76280904,0.17059256,0.32110727,30.355373,0.116980106,-24.15359,-0.2747079,1.5131263,4.280774,-8.317966,-0.8675395,-10.943908,19.982683,0.028203238,-0.01066153,0.115941614,1.5172414,0.5555556,1.425,2.3299086,0.282,0.22480212,-28.302622
35.99563,0.004409252,35.895744,35.98265,36.137947,0.24220276,3.7624447,2.315938,2.4362004,1.9661316,1.1363912,0.17354952,0.99746764,1.1615881,1.243115,0.24564731,2.8378055,2.0612059,-1.1508228,1.1398938,0.4021226,0.18965271,28.104025,0.09333374,-16.49766,-0.38129294,2.6608188,1.3991514,2.30405,1.7093197,0.012667371,0.84577966,1.3835163,0.39011672,3.4086587,0.49075004,-0.6292261,-4.9227777,9.666842,0.8913622,752.1178,0.18129557,1426.6819,0.11063689,-22.877996,-2.33123,1673.8042,0.06983153,1243.2616,0.16509694,-22.723764,-2.3445702,2670.4346,0.06463406,1093.7098,0.29643553,-32.467953,-1.555929,-3.169386,-1.0032605,16.000282,0.23328274,0.018944575,0.66617435,-0.0020262236,-3.2106972,0.4015587,0.17958371,28.34868,0.07276502,-17.585176,-0.31642422,2.1455057,1.4076059,2.6920607,1.3806936,-7.2342677,20.416756,0.0038530387,0.0012345887,0.38956875,0.5145798,1.2131716,0.74,1.0006855,0.07666666,0.10044345,-23.466244
0.0,0.0,0.0,0.0,0.0,0.0,0.0,0.0,0.0,0.0,0.370419,0.21699598,0.3020563,0.38543883,0.436776,0.1347197,1.4918747,0.7633434,1.5099987,1.3126682,0.10499081,0.29147553,30.4325,0.109169096,-11.078173,-0.3786961,2.0736053,2.973051,-13.919982,-0.54046786,0.0,0.0,0.0,0.0,0.0,0.0,0.0,0.0,0.0,0.0,0.0,0.0,0.0,0.0,-201.0,0.0,0.0,0.0,0.0,0.0,-201.0,0.0,0.0,0.0,0.0,0.0,-201.0,0.0,0.0,0.0,0.0,0.0,0.0,0.0,0.0,0.0,0.0,0.0,0.0,0.0,0.0,0.0,0.0,0.0,0.0,0.0,-6.4474425,18.862444,-0.0028107315,-0.0017911802,0.105208844,4.0914564,0.0,0.0,0.0,8.25,0.0,-36.73493
30.269316,0.12731272,31.443401,31.883596,32.14065,0.69725037,280.95212,150.39586,107.4503,125.70208,0.56725836,0.33299607,0.4456025,0.5407689,0.6462581,0.20065561,1.9746823,1.758266,1.8355294,1.6663359,0.2651628,0.40770993,28.276365,0.17486784,6.3245616,0.8776362,7.7982,0.72224766,0.9680696,6.7749367,0.042296503,1.9904537,1.352942,0.55453974,4.2963,0.4527509,8.538825,0.48329395,25.247938,0.18832548,784.1608,0.30990213,1397.5247,0.18100455,-145.74875,-0.5708721,1625.5216,0.10998843,1167.7195,0.20286672,-145.00949,-0.56804425,2811.7048,0.071794055,895.17,0.48904595,-148.88486,-0.5148182,-11.031841,-0.2685816,26.150354,0.15227579,0.012508026,0.9552124,0.0006916015,12.320016,0.30154943,0.44399455,27.508802,0.11151366,4.2562666,1.2031683,6.1387734,0.6940445,5.8668776,1.0424691,-14.295062,26.641214,0.0100622745,-0.0064499853,0.25285882,1.2678288,1.2820513,0.22749999,0.3362941,0.4722222,0.8177853,-27.218016
31.973768,0.011600246,31.754154,31.886492,32.06482,0.31066513,5.8693714,5.99083,2.55372,1.9783502,1.0148953,0.59068304,0.38913518,1.2917508,1.624389,1.2352538,1.3581138,0.6998409,-0.107841134,1.7092096,0.23052973,0.6268473,27.47292,0.40181014,-9.349642,-0.63119376,-6.7007985,-2.683676,-5.674737,-1.1809146,0.006847864,0.48265788,0.6012728,0.5318406,8.985142,0.15115564,4.0474734,0.4319548,21.150558,0.19990098,488.32864,0.11877148,1327.7301,0.08080356,-99.517876,-0.9826448,1420.0948,0.047079913,1117.6403,0.15045412,-96.10136,-1.0508516,2546.5405,0.063697025,1240.4396,0.32262555,-108.785286,-0.81602687,-2.6879835,-0.9858143,25.625923,0.13433552,0.040311523,0.189438,-0.006686481,-0.8732325,0.35063863,0.26532516,37.743828,0.07493479,-12.8303175,-0.4428165,-23.471684,-0.17638375,-5.5067873,-0.8034456,-4.4322557,11.240616,0.01978719,0.0060164058,0.099319294,0.59084195,0.1490313,3.47,0.0,3.22,0.0,-20.016077
30.040606,0.017149044,29.603216,30.088219,30.434088,0.8308716,8.32608,15.543668,1.943038,2.7462723,0.99370134,0.23879093,0.8900514,0.9661285,1.0695086,0.17945713,2.783734,2.475378,0.7529657,0.8334646,0.2605727,0.27486357,37.049488,0.08990503,-4.177173,-1.1389763,-0.67305505,-6.513783,-0.50754535,-7.3724546,0.008580476,0.71486,0.73015875,0.45965004,7.860425,0.15707298,-3.5793905,-0.52744955,12.484023,0.24313323,460.1463,0.14359096,1313.6846,0.09040981,-14.2440605,-2.338867,1353.4578,0.050254464,937.44714,0.08266428,-15.589514,-2.1257865,2666.6392,0.027607491,557.42834,0.3537855,-29.070084,-1.0562371,-7.6903076,-0.29306963,20.980518,0.12950693,0.04360686,0.19626784,-0.0009792837,-5.709811,0.26531163,0.24918194,37.51904,0.05318291,-3.9906754,-1.1567128,-0.91278553,-4.3913226,-0.6622051,-5.448981,-2.7798936,15.865134,0.038896315,0.020504594,0.121740215,0.5710207,0.14336918,6.745,6.6749997,0.21,0.0,-21.594248
29.789347,0.015165846,29.42387,29.788935,30.08564,0.66176987,0.90550196,1.2078524,0.9323888,0.7828731,1.1648006,0.19035679,1.103428,1.1920815,1.2680831,0.16465509,1.6931309,2.2880507,0.5278753,0.3852655,0.37008423,0.20891954,34.167145,0.08829736,-9.998039,-0.3079267,1.0421638,3.351456,-6.622156,-0.6407324,0.004221343,0.7929467,0.7705257,0.4402982,6.627675,0.17680447,2.1090157,1.359156,13.23824,0.184836,533.6153,0.10813097,1330.7876,0.10993133,-17.640503,-2.6496532,1522.2213,0.04027739,1145.309,0.1556573,-22.764019,-1.9959273,2627.5564,0.036966775,895.12225,0.40198487,-29.985613,-1.454446,-10.4212675,-0.13075255,19.491365,0.11764169,0.021385195,0.49858588,-0.021283241,-0.14560461,0.38060117,0.17052943,34.786755,0.043783814,-10.533771,-0.22329235,0.5553442,5.267438,-6.4741077,-0.6521705,-9.950901,18.922615,0.02731638,-0.008594011,0.22364344,0.43149948,0.10845987,8.639999,0.0,0.275,0.035,-21.260134
29.83539,0.0079843495,29.623085,29.794468,30.06082,0.4377346,3.2759852,1.7629527,2.4091709,1.8642112,1.4268767,0.21727774,1.2920034,1.4127597,1.5559478,0.2639444,1.7879497,1.2795564,1.2581846,1.5559481,0.3061049,0.43910512,34.917065,0.15213428,-26.16947,-0.23719649,-2.683654,-1.7811419,10.225515,0.53411484,0.0042007887,1.087209,0.44662082,0.67087746,8.022538,0.16078737,6.9507318,0.4272091,13.804875,0.3324557,684.1814,0.1975375,1581.0684,0.13628042,-15.2952385,-3.0176644,1535.8702,0.069545776,1350.0026,0.16034459,-8.633202,-5.511373,2607.6892,0.06427003,1178.9497,0.31338772,-24.881748,-1.7551228,2.279825,1.1782614,16.632107,0.103128485,0.032669168,0.3507504,0.011022725,0.46393034,0.30826184,0.39595613,35.680588,0.118857555,-27.216467,-0.16980316,-3.3670313,-1.1341015,10.972855,0.4157312,-4.67961,16.882221,0.014612183,0.005148959,0.2798308,0.19267823,0.06443299,14.61,0.0,0.44,0.17,-20.000895
23.245178,0.08855476,22.632355,22.890966,23.257215,0.62486076,7.1731257,4.636458,3.3993392,5.0571666,1.2017516,0.43517694,0.8796094,1.3865944,1.5584797,0.67887026,4.209383,2.9976838,2.736884,1.8296264,0.29751617,0.72285897,27.495857,0.15400136,2.4936237,1.5927079,-13.310116,-0.9790256,-16.218704,-0.41777363,0.0070099127,0.90144485,0.6874401,0.61394936,5.637644,0.17274155,1.6081972,2.716957,18.845186,0.23980458,448.13287,0.2750876,1295.5963,0.11190498,-42.306572,-1.8556293,1339.1036,0.13121401,1053.0693,0.13679148,-40.752625,-1.942408,2548.6985,0.067982815,887.86206,0.26765487,-56.64972,-1.2552297,-7.15466,-0.2882026,24.049313,0.10111568,0.027126692,0.2967749,-0.028123803,-0.2478064,0.32305318,0.40064836,28.5698,0.07306335,3.4323864,0.9460379,-18.466604,-0.3464006,-18.56974,-0.21468414,-8.236056,17.950584,0.03220595,-0.002228514,0.20386818,1.783591,0.47904196,1.6624999,2.7872422,0.405,0.2960152,-19.248684
31.668053,0.01186931,31.469566,31.643612,31.841427,0.3718605,4.5045004,2.8887432,3.1689782,3.1456046,1.4128209,0.3074545,1.3764234,1.5282549,1.6752551,0.2988317,8.185397,11.599631,2.4352994,1.6817726,0.17808935,0.57524884,23.019014,0.23074767,3.5445163,1.2789091,-15.166615,-0.45414197,4.2607036,1.2138478,0.002629013,0.85269713,0.31922254,0.5420118,10.55603,0.092724636,20.34597,0.14387693,19.42788,0.18360168,803.3174,0.15835641,1439.6265,0.1124172,-35.22631,-1.9983168,1653.4309,0.08302503,1176.0919,0.2040196,-38.73619,-1.7290753,2887.082,0.097021624,787.47394,0.32988134,-47.527725,-1.33361,-5.4433227,-0.29499105,19.864496,0.14313056,0.027967645,0.3027069,0.0033550973,1.0533199,0.18706883,0.48791632,24.950321,0.091352664,4.064854,1.0215698,-17.574875,-0.16249524,5.7364235,0.5756378,-4.5850863,13.643329,0.032582685,-0.0039527537,0.12836039,0.40883076,0.08210181,10.389999,0.0,0.88,0.16,-18.920322
24.325556,0.011058449,24.150036,24.309816,24.513401,0.36336517,7.0133266,3.943816,-1.1188842,4.2620296,0.6504394,0.40191147,0.32978433,0.7118807,0.8327552,0.5029709,2.3527653,1.3661836,1.9109446,1.5118829,0.12759565,0.5414694,35.933582,0.30096412,1.1947939,5.371702,-4.182808,-1.1992831,-1.7757148,-2.847628,0.007820048,0.9460603,0.6323547,0.71079034,7.0136747,0.1348586,5.2499814,0.579028,26.14093,0.20429642,448.82413,0.19827,1410.7374,0.078898914,-48.360363,-1.6001669,1316.4054,0.10334745,1144.1953,0.123371884,-49.738697,-1.5427343,2393.447,0.0740781,979.903,0.1838522,-64.551414,-1.071697,-9.544841,-0.27474687,26.83555,0.14560287,0.010111185,0.89802784,-0.016912563,-0.29816788,0.14544444,0.3895703,41.00307,0.09148462,-0.2352481,-25.950508,-5.7709904,-0.6186961,-2.1083243,-2.0562785,-8.976492,18.000246,0.035243087,-0.0058073155,0.06109852,1.8198363,0.27422306,2.8833334,4.014061,0.555,0.3573164,-25.51171
31.17598,0.017864645,30.980854,31.192245,31.442688,0.46183395,155.09113,0.0,0.6825712,0.6372558,1.1011118,0.3267028,1.039671,1.2037199,1.3408397,0.3011688,2.5035589,2.0436711,1.8087633,1.1888543,0.17376207,0.42704588,31.654604,0.22423683,-3.0663335,-2.4925146,-4.8162403,-1.1936502,-7.8011317,-0.8458363,0.006444463,1.8374008,0.4745595,1.0035323,10.0643215,0.18360707,5.142087,0.24419366,18.760897,0.23196019,590.83484,0.14556623,1433.3364,0.09136233,-41.51499,-1.7785071,1496.7339,0.05168024,1121.2427,0.14282714,-43.88096,-1.6573308,2745.0798,0.049689665,814.7001,0.42734316,-56.21209,-1.193226,-7.8422036,-0.2509337,24.153864,0.14363216,0.029825544,0.27082083,-0.011221425,-0.33039328,0.1797036,0.30581507,34.469097,0.07386293,-5.361313,-1.0736203,-6.285589,-0.73507625,-9.550092,-0.5309338,-9.768875,18.642605,0.014423388,-0.009726796,0.14964806,1.5530629,0.25996533,3.1499999,1.8672082,0.505,0.45345894,-20.939981
27.5445,0.30562904,25.058954,25.394526,25.613356,0.5544014,24.492735,0.0,0.3241645,0.0,0.82970744,0.8271375,0.097370125,0.6475436,1.5086544,1.4112842,5.880991,4.1693053,6.010295,7.9200583,0.4036037,1.0400567,25.54257,0.29853866,-15.719846,-0.64179295,-1.0829585,-11.748352,7.3700953,0.91969436,0.01791338,1.2476631,1.6966358,0.67031056,2.7558103,1.1224241,10.517005,0.43101344,16.186241,0.23652613,524.52747,0.18470076,1131.2917,0.1272827,-143.4005,-0.5870662,1460.4404,0.07142351,1004.5035,0.10776065,-137.16954,-0.6573841,2553.0334,0.04594045,863.92566,0.42639223,-141.97609,-0.5817441,-2.7300658,-0.9529631,18.593512,0.1577526,0.0019535767,6.2211905,0.0055141,1.544676,0.7342886,0.5087724,32.97317,0.08786667,-19.54616,-0.2914948,-11.50931,-0.3557598,12.910971,0.42458254,-2.792948,14.613646,0.017502658,0.015058858,0.25221303,1.9867551,1.5625,0.19714284,0.26879168,0.36875,0.46715727,-21.383242
31.639729,0.0842638,31.99694,32.27769,32.458073,0.46113205,281.49576,112.16103,32.69035,34.36358,0.7865446,0.5404231,0.2702901,0.9690955,1.1041592,0.8338691,2.620302,2.493439,2.3784447,2.144428,0.3075801,0.59832746,28.327705,0.23592064,-5.5157423,-1.4954382,0.47816107,11.334164,8.534527,0.741771,0.05847165,0.48700386,2.6012392,0.44302607,-0.08155701,-28.134125,8.719494,0.21364765,22.030066,0.16872449,835.21106,0.16596821,1481.9677,0.118749894,-145.10542,-0.57594335,1647.7625,0.08781378,1207.1569,0.11492359,-143.74522,-0.5879395,2784.4526,0.06400919,853.7435,0.2436624,-148.66348,-0.5196583,-3.3714325,-0.6371063,20.3295,0.15531415,0.019706022,0.51169115,0.0021625643,1.8519217,0.40983778,0.2908095,32.090107,0.04974617,-12.379648,-0.375318,-1.609878,-2.099648,5.3138943,0.7565594,-6.6945133,19.638517,0.009009299,0.0058923876,0.27289966,0.8385744,1.9067798,0.14555556,0.29533827,0.4557143,0.53331465,-24.711447
33.836124,0.018096985,33.416885,33.759644,34.132477,0.71559143,11.332204,13.917602,16.263079,27.645811,0.7429445,0.5073399,0.29733407,0.78055614,1.0257262,0.7283921,3.035234,1.9715508,2.8987706,3.026653,0.15469849,0.67177504,34.216507,0.2883216,-11.546875,-0.9615976,-4.34913,-2.8688593,-1.3083975,-4.9447017,0.0070194486,1.5178578,0.6293952,0.6672871,8.51004,0.264528,0.6082177,5.9897027,27.628841,0.19684544,866.97815,0.14428253,1393.2042,0.14640257,-63.855644,-1.4528333,1708.2048,0.068495095,1080.2837,0.15886347,-63.89134,-1.4281802,2874.104,0.063534655,849.151,0.29837966,-78.05022,-1.0480008,-5.1499667,-0.8654886,26.372,0.14053907,0.018585697,0.61985886,-0.0071244165,-1.2234765,0.18305822,0.5894884,39.798866,0.10070409,-16.95915,-0.4034389,-11.276284,-0.56209874,-4.0599027,-1.1400741,-9.861201,21.037214,-0.010224821,0.005495843,0.09444926,1.5018774,0.37783375,1.8166667,1.3307225,0.60499996,0.47108915,-25.182886
20.46711,0.0076002106,20.343328,20.443367,20.586351,0.24302292,2.7989705,2.0711026,2.4364228,1.5570073,0.59381676,0.33454522,0.5154532,0.59758395,0.7200891,0.20463586,1.7198452,1.0244547,1.5368783,1.1020415,0.10166618,0.48793414,42.06765,0.2727901,-3.783099,-0.8875583,-3.5746562,-2.0794044,6.875571,0.98358965,0.0035531605,0.55435926,0.33326024,0.6498871,5.767504,0.05479708,2.3115993,1.3694319,25.960627,0.1557147,703.0341,0.21543744,1509.8176,0.12407661,-30.062113,-1.8059533,1534.6854,0.10426351,1293.6443,0.16974062,-34.52142,-1.5315844,2726.3933,0.10988634,887.0688,0.37465063,-48.515026,-0.9983473,-11.404884,-0.17055595,32.52744,0.073814414,-0.024080694,-0.35152665,-0.0078072483,-0.7089018,0.11052075,0.38830382,45.56636,0.034477256,-4.1525197,-0.745826,-5.575114,-0.6874298,7.2668953,0.94376695,-2.150363,10.26504,0.019117923,0.023762554,0.015571788,1.8766757,0.08984726,10.099999,0.0,1.01,0.0,-25.183086
32.24965,0.09321092,32.895866,33.095726,33.309746,0.4138794,162.64957,154.4621,38.351322,67.86459,2.3390186,0.47375637,0.52000886,2.7671802,3.0296197,2.509611,2.30108,1.6966246,2.4175353,2.353053,0.5090127,0.82876676,26.374195,0.14907607,-11.733911,-0.89462924,-2.7261014,-2.2082386,-15.635824,-0.39587283,0.023476638,1.6392642,1.0065767,1.0152137,7.1032934,0.7368461,-2.391488,-1.6746079,9.757711,0.5273653,449.2482,0.24811302,1294.14,0.10242769,-40.343647,-1.9442959,1344.1344,0.11123573,1073.7513,0.08154037,-39.837738,-1.9414886,2419.9783,0.057115138,755.4128,0.19313523,-47.0709,-1.5690414,-6.090123,-0.32238168,14.768973,0.22395019,0.0516323,0.24452129,-0.02005125,-0.30126405,0.59620804,0.7042503,27.179813,0.118871614,-15.84857,-0.3628732,-2.7008276,-1.9827355,-17.056086,-0.29831234,-11.427891,21.219622,0.032284413,-0.01582374,0.14898668,0.4156276,0.50083476,1.6083332,2.2061915,0.5475,0.4800716,-12.443408
21.143475,0.010465022,20.984827,21.142824,21.273338,0.28851128,2.6127267,2.1655128,2.8168073,1.9274323,0.7206786,0.2441497,0.6268288,0.7356078,0.8574091,0.23058033,4.2620144,2.990832,3.7182522,3.2126682,0.17827678,0.55774295,31.020039,0.18714932,-2.6408424,-1.7890358,0.6892367,8.251288,-8.276865,-0.6429571,0.0077527855,1.0193832,1.0199426,0.81165785,4.06787,0.4410959,13.810142,0.31993988,22.368126,0.14450575,457.1249,0.09917325,1217.4958,0.08767479,-18.788008,-2.2393847,1332.7446,0.042452473,957.22595,0.10116304,-16.817833,-2.5387406,2526.8496,0.030818162,726.05396,0.19064054,-33.990147,-1.1374398,-6.554243,-0.47027695,22.904467,0.1342063,-0.002114248,-3.4974177,-0.0021400468,-2.9901161,0.18551505,0.5175295,32.095833,0.08655881,-2.81668,-1.6469793,-0.26220846,-13.605844,-8.570893,-0.5906639,-3.9521058,12.061161,0.023244264,0.014090882,0.0481277,3.6730947,0.1846722,5.125,0.405,0.26999998,0.24,-26.618462
33.248974,0.007249447,33.039566,33.239548,33.42695,0.3873825,5.163234,2.977492,14.005837,27.159166,0.58026135,0.23725477,0.5222189,0.6127636,0.6783521,0.15613323,1.3926249,0.79802614,0.43765122,0.42362282,0.20277199,0.28185308,32.721134,0.11268828,-10.541078,-0.56551665,-4.420319,-1.6366864,4.900038,1.0366793,0.02048829,0.7291018,1.4551731,0.39456683,3.1672573,0.6377456,0.36135694,10.444837,18.158716,0.2469804,708.0801,0.25431854,1510.873,0.13242166,-140.48657,-0.61781585,1567.8983,0.10048124,1269.8632,0.13731994,-138.7501,-0.6318003,2699.1062,0.0845448,1161.8083,0.23110579,-145.48917,-0.5379791,-3.639715,-0.7889246,22.24212,0.13381848,-0.012266377,-1.0287019,0.011507823,0.5553214,0.20011872,0.1606589,33.863728,0.09953904,-11.648939,-0.24220644,-5.9600368,-0.6776851,7.2829814,0.5752078,-4.466588,22.003416,-0.009997163,0.009654679,0.20494574,1.7758046,1.4508928,0.21153846,0.45818782,0.42428568,0.46117416,-30.091904
37.216064,0.018104972,36.58183,37.191315,37.755814,1.1739845,14.6674185,6.0655184,11.44847,9.62947,1.2301147,0.5916042,0.1488558,1.3651706,1.8481861,1.6993303,5.0324645,0.9906104,4.167479,2.204208,0.42512682,0.7184391,21.543015,0.23717175,-19.94429,-0.7103661,-16.695745,-1.0040624,-16.551529,-0.8738476,0.012153946,1.3865564,0.9063956,0.781901,7.5148206,0.5961493,-6.366823,-0.45948732,13.8474045,0.44588286,670.3169,0.2683633,1472.9359,0.14275028,-48.88042,-1.8771956,1607.2078,0.07992439,1215.069,0.36187145,-44.9045,-1.9374454,2796.538,0.09188681,1187.2297,0.5404208,-58.844353,-1.3489405,-2.283696,-1.0611267,24.375725,0.20654726,0.060908154,0.18987322,0.0030101624,1.7630199,0.5583476,0.41505572,22.506363,0.19838731,-26.855663,-0.29292092,-24.97629,-0.3440166,-23.593037,-0.35805443,-6.721411,19.100765,0.009892176,0.017062912,0.02901116,2.4169185,0.30674848,2.47,0.0,0.38,0.06,-18.441055
30.097723,0.06655685,29.727024,29.888542,30.115803,0.3887787,91.6124,0.0,5.690242,0.62290514,0.9982059,0.46895874,0.39464757,1.1437861,1.3910184,0.9963708,2.9971983,3.051592,1.717711,1.3426405,0.21249805,0.46355122,28.118023,0.20516634,-6.661842,-1.2281848,-0.9647687,-11.185284,-9.463169,-0.97764677,0.0057632397,1.2456381,0.6036404,0.9532388,8.04761,0.20833032,3.7422822,1.1278737,17.116016,0.32095033,508.2998,0.14834128,1250.7711,0.097334705,-59.770035,-1.4046054,1456.0725,0.07330045,1013.62244,0.11192439,-56.59635,-1.513473,2614.38,0.06133415,1192.2942,0.41929564,-70.11574,-1.1039262,-5.195208,-0.6997852,21.299004,0.14731464,0.020360548,0.52410865,-0.006139869,-0.8795322,0.23839946,0.3574857,30.80342,0.064987205,-9.502277,-0.70982957,-5.9862213,-1.17091,-12.536085,-0.34199458,-8.666469,17.87152,0.009177213,0.0012132708,0.14319451,1.0291595,1.2131716,0.5928571,1.2890939,0.24666665,0.26911375,-22.679657
24.851051,0.039467067,24.14701,24.584131,25.321571,1.1745605,7.0174365,3.621371,4.3055973,3.0073807,0.6048158,0.15263255,0.54267275,0.6036141,0.6677006,0.12502784,2.005892,1.1924648,1.583319,1.0481253,0.16812839,0.35186452,40.94531,0.09505596,-2.4984763,-1.9700556,0.13507023,39.602867,-18.893278,-0.42294052,0.007394556,1.4157476,0.83583504,0.705448,5.8924336,0.21779709,4.602624,1.3212303,23.953356,0.20396945,506.3727,0.26051515,1463.9855,0.12364875,-20.3496,-2.3114119,1360.0095,0.16863522,1191.6178,0.16439465,-23.387068,-1.9750848,2597.334,0.07445239,871.4205,0.31636506,-39.205112,-1.0684305,-9.451629,-0.3330453,25.788044,0.11931383,0.014185685,1.1837038,-0.024409357,-0.373077,0.15988271,0.2726156,41.492218,0.06031947,-2.4192307,-1.8571343,0.04667213,109.75046,-19.710213,-0.35537106,-7.101297,23.460445,0.009836328,-0.008531035,0.2962222,2.5227044,0.40567952,2.2925,2.065991,0.14999999,0.07648529,-27.59998
32.228596,0.15567988,24.279655,34.990307,35.470802,11.191147,187.1851,145.52654,148.62364,329.36,1.2386234,0.3246294,1.0346538,1.3846722,1.5240322,0.48937845,2.7446544,1.535498,1.2376996,1.1578603,0.29710957,0.43539456,31.700487,0.11793898,-9.3229685,-0.87915957,-7.6424017,-0.94839376,-14.259344,-0.5674728,0.028244192,2.3712528,0.86519164,1.0073396,7.1163487,0.56373066,-1.238222,-3.2432709,16.662182,0.34208444,801.3432,0.07369675,1237.3201,0.08596014,-37.483334,-2.1116874,1693.2991,0.033544082,953.85114,0.11731595,-43.316086,-1.7619565,2970.0527,0.032697707,572.00543,0.5761429,-53.62304,-1.3303105,-4.3682013,-0.6418622,21.152082,0.13253635,0.042344715,0.28287053,-0.009040753,-0.79899865,0.30725846,0.39226535,32.174473,0.0905061,-12.229688,-0.36620936,-9.92486,-0.40639228,-16.073402,-0.44787988,-13.064117,23.777594,0.035543174,-0.016269548,0.25929913,1.2393494,0.6998445,1.1422222,2.8853567,0.29625,0.29321226,-20.24718
35.471413,0.004745303,35.337936,35.461746,35.616634,0.27869797,2.9351056,1.2435898,2.2088327,1.1887159,1.1163394,0.39120576,0.71337986,1.2493157,1.3914713,0.6780914,7.2606225,10.079336,5.166309,4.968991,0.22194086,0.4195926,30.097773,0.2008897,-12.431486,-0.97256064,3.2999694,1.4348397,-9.457817,-0.93965936,0.007365172,0.91327953,0.6031972,0.7033038,10.507769,0.1488803,-1.819257,-1.2450479,11.990868,0.35507348,837.6951,0.08445764,1261.0652,0.08736759,-45.95535,-1.6669271,1689.0553,0.047102988,998.3265,0.12812114,-48.491146,-1.5546075,2886.191,0.023632199,558.3178,0.26326874,-56.991333,-1.2497829,-6.0215993,-0.61478937,21.36502,0.23691037,0.04004561,0.28757486,-0.0025639364,-1.7904832,0.2372546,0.3709968,32.496426,0.10583759,-16.699223,-0.46296614,2.6955357,1.6223692,-12.742222,-0.47003433,-9.558885,19.985697,0.024674425,-0.0028479856,0.16275235,0.554785,0.13966481,5.74,0.0,0.695,0.035,-21.434122
29.066315,0.17585933,20.663866,31.960577,32.51294,11.849073,182.52538,149.02751,34.449203,18.198112,1.0049052,0.23800552,0.8168603,1.0145599,1.1781641,0.3613038,4.8740964,1.4844865,3.0049565,1.7768606,0.28315803,0.40772212,40.229195,0.07486017,0.3602869,11.821944,-5.5243983,-0.92588675,-8.154564,-0.47108144,0.03435441,2.1753726,0.87266,0.86505795,7.236192,0.47189993,9.215541,0.78650826,31.655174,0.28733617,794.1975,0.13839759,1412.2618,0.14921099,-18.484766,-2.5545137,1677.7657,0.07657502,1122.335,0.21639106,-28.512611,-1.570001,2991.123,0.059560943,835.31604,0.39771536,-44.5016,-0.9116131,-12.81905,-0.22879304,32.314205,0.078123026,0.01594874,0.8837279,-0.014389422,-0.6886014,0.27700257,0.4111142,40.40172,0.05588921,0.11549238,36.15634,-5.793137,-0.8649978,-8.319436,-0.45519578,-13.613146,32.526962,0.014720115,-0.00835579,0.34137854,3.0927835,1.4583334,0.6257143,0.81739753,0.0625,0.017853571,-20.221832
34.445187,0.0053059855,34.29302,34.432663,34.59052,0.2975006,2.1349998,1.7043608,2.5485735,1.1939542,1.1355494,0.12953852,1.0410163,1.1240879,1.2339243,0.19290793,3.7748537,4.015516,1.4364508,1.3130172,0.4460373,0.20537718,30.844877,0.08889001,-11.699584,-0.2827998,4.9701624,0.8073016,-10.490022,-0.45567402,0.011886552,0.7195619,1.3242787,0.37527728,3.4511049,0.5731074,11.459509,0.31783018,21.19274,0.32717553,697.73,0.33260423,1533.0936,0.17141263,-32.669483,-2.0850983,1583.8445,0.15654849,1314.3541,0.22670986,-32.077145,-1.9050767,2670.1316,0.07987363,1013.6625,0.27969182,-42.71507,-1.3371831,-5.9199085,-0.36496913,20.332556,0.13865098,0.037756614,0.28606617,-0.0019411898,-3.6130395,0.44232965,0.19679762,31.434977,0.0623849,-11.611674,-0.28875855,4.236181,0.78848284,-10.858007,-0.4313845,-6.4635434,16.195885,0.03846483,-0.0055528088,0.47845623,1.1846002,1.2896825,0.6676923,1.3360112,0.094166666,0.13288204,-22.504112
27.767698,0.05594528,27.423126,27.589752,27.826769,0.40364265,71.02001,50.189095,227.36243,141.5281,1.0562564,0.28274602,1.0408348,1.132382,1.2565873,0.21575248,2.0523198,1.097049,0.91192603,1.0577551,0.24218574,0.31816232,33.237923,0.21087998,-5.7120776,-1.6368637,-8.77859,-0.79716027,1.6274279,3.712544,0.00560664,2.4673724,0.5033381,0.6730965,7.366786,0.26578903,-1.5248321,-3.3599849,13.717515,0.45916152,481.71902,0.19756082,1210.0521,0.09042679,-30.33613,-2.165475,1440.0729,0.0812865,1032.8513,0.13217646,-32.29089,-2.013538,2533.122,0.051293712,972.3854,0.31212294,-43.363686,-1.402261,-9.379086,-0.2758903,22.243126,0.20074847,0.029134404,0.37549353,-0.01355705,-0.29005456,0.25240967,0.27616978,35.28005,0.12856738,-8.148579,-0.9023256,-9.94401,-0.6177838,2.4156828,2.204745,-12.792312,22.734335,0.034847848,-0.015586915,0.18212105,0.86580086,0.5813954,1.48,2.4314706,0.174,0.13410443,-21.549208
35.27159,0.014731268,35.007664,35.25567,35.58172,0.5740547,0.7337586,5.0246444,0.9392289,0.5729313,1.815307,0.31352887,1.7864566,1.9908446,2.1341808,0.3477242,5.82371,4.424026,0.9558804,0.6312537,0.30930984,0.4330406,21.605124,0.12099957,-11.681892,-0.7425708,-24.541103,-0.46964213,-8.067138,-0.74617267,0.005720964,1.1016945,0.62719524,0.52470547,10.60483,0.1781088,1.5392478,1.2552382,15.944777,0.3366647,597.5829,0.24197878,1495.0837,0.108169295,-23.778389,-2.9897249,1552.8562,0.07833416,1274.0652,0.21199135,-24.878424,-2.8028104,2578.6243,0.11236018,1210.1484,0.278807,-38.432995,-1.676765,-2.5098782,-0.7807771,22.333889,0.1310012,0.06596747,0.1540468,-0.00076059124,-7.3477273,0.3281497,0.37595204,22.024954,0.087112464,-14.229175,-0.41605225,-28.507551,-0.20655127,-9.7407055,-0.3559568,-9.026782,15.686454,0.020399246,-0.011908488,0.20050476,0.23337224,0.117370896,7.35,0.0,0.57,0.089999996,-16.232943
33.71941,0.033563435,33.417675,33.80453,34.262894,0.84521866,65.12404,67.03367,11.479608,11.053584,0.93706214,0.59227747,0.21078828,1.0271513,1.4251586,1.2143704,2.834632,1.6323844,1.4654732,0.7423281,0.20418207,0.8170669,21.03484,0.38890743,7.6659236,1.1456499,-8.203125,-1.4851772,1.0321914,6.913524,0.047176078,0.7969075,1.9216108,0.49850634,4.162102,0.8750175,-3.0652535,-0.9141674,13.059989,0.269546,504.1134,0.2574221,1320.8943,0.12724453,-68.828545,-1.2705953,1394.9358,0.14157878,1059.6893,0.1927276,-68.72118,-1.2534696,2622.3674,0.050485257,684.5883,0.25610867,-77.460365,-1.0368737,-8.829417,-0.4583264,22.208843,0.11581715,0.032589924,0.44070014,-0.013245331,-0.67226493,0.26107645,0.59094363,25.806652,0.13365813,4.336609,1.7630275,-14.201572,-0.60238904,-1.7345716,-3.1740952,-9.805697,18.078756,0.003702542,0.0003501978,0.07317414,1.1220196,0.14124294,4.96,0.0,1.045,0.145,-21.612833
27.96805,0.010327228,27.81646,28.020199,28.193726,0.37726593,6.1605873,4.706145,0.26787108,3.2989273,0.69354326,0.4568913,0.35143036,0.78072876,1.0182309,0.66680056,1.5835044,1.0660719,0.5306373,0.0,0.24624142,0.48498335,28.48562,0.14351211,1.5961298,2.565566,5.5035043,1.1267853,-0.825562,-8.426789,0.01628238,0.6510775,0.7840664,0.44964823,7.190944,0.14681403,5.069815,0.6433681,9.853183,0.40026,791.9076,0.1919285,1384.193,0.1884476,-103.30304,-0.8923326,1667.6412,0.13409188,1427.0029,0.19996227,-109.21562,-0.7869424,2750.1758,0.05929768,717.7645,0.35117593,-111.08473,-0.7575453,-14.058,-0.17802037,27.1552,0.121175095,-0.0204536,-0.51762515,-0.011802122,-0.70851165,0.34399182,0.20792392,30.000343,0.09984738,3.8900812,0.70867527,2.2455277,2.014204,-2.7925522,-2.9165154,-10.176536,21.398422,0.0064680073,0.002490444,0.14370964,0.36630037,0.37313434,1.41,0.0,0.62,0.29,-21.424671
40.815292,0.010979557,40.419018,40.90515,41.266586,0.8475685,7.2634997,5.095376,5.5662413,5.0958195,1.0889604,0.5587427,0.3464118,1.3282115,1.6031332,1.2567214,3.4620974,3.5878668,2.6937287,1.9850962,0.18381909,0.57456845,18.9981,0.18779735,5.814796,1.4723234,-16.025427,-0.6639784,-6.9057293,-1.0846109,0.005984415,0.9898782,0.46374086,0.65417117,13.240167,0.12953684,6.1320066,0.65528977,22.98968,0.15344352,526.41534,0.32310906,1483.4465,0.093917996,-118.70369,-0.80523634,1494.6061,0.09396368,1070.2253,0.20044252,-77.76128,-1.1606373,2602.2747,0.07819755,1097.8895,0.3887796,-87.91026,-0.94228834,-10.546814,-0.2176375,25.275314,0.14720236,0.03938057,0.31343287,-0.016133133,-0.47943655,0.22453137,0.49276748,19.527609,0.12537889,1.6762971,3.7405522,-22.322493,-0.23771092,-9.304967,-0.7668141,-11.923096,20.772394,0.023994388,-0.016298618,0.1094704,1.3003901,0.2617801,2.47,2.0,0.8833333,0.5147383,-19.125534
31.62555,0.024466554,31.37308,31.526947,31.745913,0.37283325,1227.0254,0.0,-1.953825,1.4751168,1.6141412,0.17348054,1.5430397,1.6378905,1.7335281,0.19048846,4.2828093,5.338096,3.102504,2.8124492,0.28339285,0.38383862,40.469563,0.09776206,-24.599934,-0.2096935,-5.917542,-0.89497626,-8.599593,-0.547444,0.004036138,0.6551315,0.38024262,0.5879445,10.013628,0.11586739,2.1849077,1.190749,15.529199,0.23871452,465.7701,0.13873443,1304.5875,0.08990521,-1.7370023,-19.332062,1406.3282,0.04005249,1041.3116,0.06614872,-4.690353,-6.9183917,2369.1814,0.030932397,921.6902,0.20482685,-17.0093,-1.794058,-6.401546,-0.16475302,18.898094,0.11591549,0.06837789,0.1167429,-0.01974372,-0.18493894,0.2873636,0.3711723,40.87782,0.07467146,-25.215092,-0.15500943,-6.1993737,-0.8264633,-8.331359,-0.51279277,-9.366773,20.534271,0.049084958,-0.00615398,0.15730624,0.15612803,0.15686275,6.19,6.15,0.16499999,0.055,-17.598398
39.49947,0.037374105,39.486694,39.62452,39.74479,0.2580948,2.3983312,0.0,-3.8625977,0.0,1.362491,0.3004011,1.2219523,1.3988613,1.6238735,0.40192115,2.8456082,4.2583637,0.9332794,0.5156353,0.18019299,0.5646717,29.088556,0.11059949,-30.174286,-0.29685998,-8.7651415,-0.80321157,-9.71322,-0.50080895,0.0030642923,1.8656423,0.38429475,0.6640663,12.775135,0.13833897,-3.5336013,-0.7243247,10.993494,0.3951303,814.7545,0.14657858,1380.4686,0.11996001,-8.84649,-5.0150323,1713.0404,0.07516929,1153.9371,0.2102032,-11.098076,-3.7790713,2790.1875,0.071575776,835.46423,0.39111432,-21.859568,-1.8129922,1.5191427,1.8070663,17.687092,0.15142862,0.029002314,0.47584772,-0.004045009,-1.4293858,0.18759583,0.53021675,29.389633,0.09581407,-31.923016,-0.16419126,-10.020795,-0.45283806,-10.29814,-0.4031985,-10.775072,17.549397,0.00898429,0.011758995,0.05286508,0.5641749,0.2840909,3.34,3.32,0.103333324,0.04714045,-20.407827
32.77152,0.013118764,32.457832,32.779663,33.05651,0.5986786,6.6414657,4.703813,7.0371146,11.242707,1.4833164,0.3132707,1.1659485,1.5196567,1.8969196,0.7309711,2.8843796,2.1342463,2.9180243,2.7575285,0.39105198,0.5401119,34.96169,0.10164878,-16.02162,-0.4729603,-3.7147148,-1.4304894,-14.066047,-0.40043613,0.0063161156,0.7691872,0.8222039,0.7740698,7.317275,0.38709518,2.7364464,0.7438901,15.114625,0.30739874,606.2262,0.17952015,1441.6472,0.1221189,-14.13894,-3.1975186,1508.4414,0.052283466,1085.6492,0.22559305,-12.2924185,-3.7172737,2718.6162,0.06423086,807.1647,0.6189294,-27.425678,-1.5351626,-4.2814097,-0.5537922,18.59055,0.1823714,0.02888541,0.4593052,-0.0037878756,-1.423637,0.41180536,0.49354985,35.10683,0.07126623,-17.006891,-0.3903996,-4.3319235,-1.0332683,-14.650905,-0.35076195,-14.840522,25.14309,0.013721213,-1.5100642e-05,0.08383798,0.78740156,0.26666668,3.53,0.0,0.19999999,0.0,-18.433924
34.938892,0.02532552,34.457157,34.7021,35.28127,0.82411194,22.309982,41.931137,3.9760158,2.5517235,1.1129519,0.47464916,0.40548572,1.3768235,1.5083139,1.1028281,3.5517664,2.466092,2.0715373,2.7686386,0.2377191,0.5956513,24.581099,0.15258534,-6.9325686,-1.1468984,-3.1697454,-2.5891776,-0.19468154,-23.644846,0.00639753,1.7471366,0.58798367,0.99557406,9.269499,0.2720294,4.8845005,0.48225588,12.839026,0.27830997,615.217,0.15117319,1407.1755,0.13432744,-70.26363,-1.339244,1649.1897,0.0530711,1172.5226,0.35944164,-73.620285,-1.2412188,2667.447,0.09118458,1194.5006,0.59156567,-77.67928,-1.1400111,-7.1761293,-0.25579843,15.974802,0.15174256,0.05035082,0.19524209,-0.015628887,-0.29245323,0.27173758,0.54899186,24.247692,0.122535855,-11.93865,-0.24010107,-7.494089,-0.3622625,-1.1252428,-2.3794653,-11.226483,17.687187,0.033383798,-0.012819958,0.17589535,0.7345226,0.63291144,1.025,2.1580913,0.5316667,0.67425054,-22.257896
33.485474,0.09726277,33.7991,34.302643,34.59041,0.79130936,194.58702,144.7919,125.77817,146.70032,0.62938166,0.40226507,0.37789702,0.631646,0.8003323,0.42243528,2.7976117,2.368347,1.7635746,1.1886182,0.14544928,0.5705526,24.907429,0.2933182,9.734726,0.5780235,-11.036798,-0.83655614,-1.566338,-3.9612412,0.028216511,1.4400182,1.788451,0.843704,6.6577644,0.4680238,-2.5145614,-2.9536564,21.011133,0.29715073,582.12427,0.3102579,1517.816,0.13045722,-69.89417,-1.2841778,1465.0436,0.10656059,1219.1753,0.24203867,-73.4376,-1.1637769,2748.2402,0.061955467,846.47217,0.5455451,-81.636665,-0.97919595,-11.388459,-0.17457737,25.576162,0.16021092,0.03559571,0.34956282,-0.014568777,-0.46998,0.14847513,0.37895882,28.68252,0.11090608,8.564923,0.5337674,-15.891176,-0.26513922,-1.5862374,-3.5721622,-10.378709,19.89739,0.02493423,-0.009291691,0.141326,1.726122,0.92592597,0.72749996,1.211092,0.29444444,0.27920964,-26.910154
32.773834,0.0813376,33.19861,33.497746,33.649162,0.4505539,147.47594,99.964516,75.36898,120.50946,0.8632053,0.36674258,0.6660945,0.884283,1.0733014,0.40720695,2.169322,1.199657,1.9955761,1.5818865,0.2685067,0.51604205,38.352314,0.1813569,-5.487326,-1.3835938,-11.227669,-0.81813246,17.612024,0.47163484,0.03665257,1.6647798,0.91793615,0.56600446,5.503689,0.57413113,13.645842,0.44052786,31.849407,0.18924555,744.6051,0.34077662,1650.5702,0.17904723,-31.659533,-2.1177065,1617.1935,0.14501825,1197.2578,0.16596542,-30.21933,-2.039345,2798.4849,0.10620107,1147.0342,0.21661091,-48.651455,-1.1296703,-7.589891,-0.36853716,26.598528,0.17968854,0.027816612,0.4721085,0.0027748363,2.7402961,0.2905329,0.4431323,40.039913,0.086908005,-6.6246605,-0.99960446,-13.604715,-0.39635804,18.503664,0.4174266,-10.873083,20.118784,0.019799583,0.0024336404,0.11743972,1.5276145,0.47281325,1.8549999,2.982218,0.235,0.26462236,-22.842926
43.30608,0.06609132,42.38005,43.17161,44.69232,2.312271,279.80704,334.2334,19.659763,36.96856,0.87974524,0.6192801,0.2922161,0.72314733,1.4823567,1.1901406,3.762343,2.4411085,4.3574266,5.5086946,0.32606807,0.91084796,20.372923,0.23629324,3.8185003,1.8619624,-13.079933,-0.9497398,-12.547558,-0.79866564,0.026956087,1.6759366,0.95702755,0.49639842,8.647253,0.40692416,-2.8038142,-3.089627,18.3591,0.33935603,925.58765,0.08562362,1179.2434,0.22673239,-95.179726,-0.9767647,1738.0724,0.07457834,1143.1637,0.19337587,-100.01494,-0.871161,2961.5122,0.029949354,491.12363,0.4806532,-105.33015,-0.7829862,-6.660459,-0.43117467,25.196854,0.17930065,0.054802798,0.2184215,0.0058522536,1.2114522,0.4274524,0.5842574,21.172342,0.23071198,0.51211894,9.118316,-21.679806,-0.3166554,-18.932917,-0.30753914,-9.505633,20.181334,0.027373916,-0.004682388,0.20425475,1.5128593,1.5243902,0.357,0.6688206,0.25272727,0.42437312,-21.402952
24.309196,0.017909165,23.959007,24.279486,24.536865,0.577858,7.1808405,4.5617127,4.816598,5.1813083,1.8792549,0.16556469,1.7305552,1.9408439,2.0850556,0.3545004,5.9223337,4.6717153,5.1494546,3.6561143,0.7305633,0.40900713,37.37903,0.09271137,-30.193453,-0.17209597,1.2424548,3.9347272,-10.641194,-0.37505695,0.01794788,0.96393424,0.96806985,0.7003069,3.170497,1.0033962,9.657888,0.2742739,11.976563,0.44613168,438.6155,0.077806324,1059.5984,0.06696046,-26.17235,-2.1450698,1351.1045,0.03238089,944.82635,0.056461927,-18.437134,-3.1805954,2330.628,0.027000599,808.6002,0.12493612,-32.86503,-1.644023,-3.9225094,-0.3296375,19.234047,0.12023023,0.014747879,0.54275686,-0.0052192872,-0.72801715,0.71449196,0.37797615,37.87039,0.052827775,-30.86091,-0.13224803,1.0383071,4.408521,-10.754015,-0.35861146,-4.271649,18.404282,0.016259564,-0.0063655875,0.88984716,2.9261155,1.1013216,0.80466664,1.0840594,0.08333333,0.0860749,-15.686647
32.695885,0.07800284,32.69288,33.181328,33.686844,0.99396515,255.67032,81.48188,110.682,115.15231,1.2048725,0.31800053,1.0401719,1.2252122,1.4009042,0.36073232,2.1922603,1.0855296,2.176411,1.6126024,0.18309122,0.4526839,24.48077,0.16734165,-10.786138,-0.7207724,-9.493266,-0.63522583,-8.949112,-0.6598745,0.027173357,4.3053794,0.6646865,0.98388046,8.583159,0.4381475,3.625475,0.6765555,16.842262,0.37006387,796.4663,0.11212068,1376.9268,0.12618941,-23.912893,-2.5411308,1689.1808,0.06753961,1117.0541,0.21292658,-24.64795,-2.4500937,2856.6743,0.07342436,815.6263,0.47783285,-38.48635,-1.4457504,-0.9446105,-3.2932105,20.38103,0.15675092,0.039901838,0.27667043,0.00029443306,19.906591,0.1861679,0.43041396,25.196722,0.12526552,-12.258137,-0.55096346,-11.010354,-0.33017966,-9.543322,-0.564945,-8.063325,17.4373,0.034396157,-0.008215254,0.16583385,1.3493253,0.9063444,0.96999997,1.8234308,0.11,0.11090536,-22.553759
34.416504,0.068440944,33.58984,33.86994,34.481888,0.8920479,63.22528,12.624193,10.157229,30.75171,1.7213426,0.39338884,0.9070363,2.0657072,2.1811976,1.2741613,10.918193,6.0654864,2.01125,2.2340357,0.49127057,0.5756627,24.914488,0.2576363,-5.57781,-1.4304218,-19.800259,-0.6396424,5.1746755,1.3521787,0.051412195,0.5697568,1.7144064,0.27350417,3.4907856,0.79287136,-2.7428987,-1.8128401,16.479305,0.25214216,755.01184,0.14617702,1341.8119,0.09023531,-54.142624,-1.5920852,1678.1792,0.06505002,1059.0247,0.11029802,-61.29151,-1.3169158,2792.247,0.042762052,695.37585,0.27735886,-69.531586,-1.0909286,-5.8498645,-0.59371066,22.20434,0.16403623,0.049268093,0.2561533,-0.017866239,-0.5085672,0.49612623,0.50798225,27.574955,0.11343268,-7.620484,-0.876904,-23.79703,-0.45008036,5.329523,1.1685741,-6.0448523,16.86353,0.037229836,-0.0084433295,0.4981899,1.0230179,1.5584416,0.4633333,0.85816985,0.19,0.17458522,-15.466122
25.933975,0.2923411,23.043959,23.163681,23.602612,0.5586529,152.96164,77.13348,102.36969,54.10699,1.122475,0.49485493,0.8180884,1.2899128,1.4816849,0.6635965,2.4713392,0.8006271,2.1363177,1.4324938,0.15285192,0.74781877,38.287292,0.21059214,-16.116676,-0.7147085,-10.243194,-1.3450944,-9.976371,-0.726246,0.016615855,2.6775525,0.7996665,1.6000503,5.96027,0.4200893,0.12611173,66.1737,15.556267,0.37490374,461.61758,0.23200889,1329.3033,0.11941063,-39.596863,-2.030933,1446.0317,0.088558845,1007.9342,0.13317142,-32.78166,-2.4297292,2605.5203,0.067815594,1016.1094,0.29301125,-52.91063,-1.3256834,-4.09129,-0.59585685,28.60224,0.11429799,0.034215778,0.19267263,-0.008524438,-0.47181678,0.17996253,0.60449475,41.60193,0.09244566,-20.645943,-0.34342426,-16.47563,-0.28320163,-12.547694,-0.370544,-12.778068,23.479263,0.002283735,0.010073917,0.035362337,1.4537902,0.10438413,7.8199997,0.0,0.865,0.145,-19.23042
34.18633,0.0372162,33.76428,34.33967,34.898174,1.1338959,37.047184,40.012814,34.688976,37.38515,1.3717468,0.7050834,0.27304247,1.6149746,2.2819052,2.0088627,12.5460415,9.232498,10.499248,7.2985296,0.5233481,0.93843865,27.776999,0.18026967,-8.624656,-1.4731324,-9.467956,-1.1492674,-1.9493788,-3.6896155,0.019575112,1.3771523,1.0876611,1.0470235,6.201941,0.9262734,4.397751,0.6633766,16.131794,0.47054577,714.62836,0.22074452,1515.3075,0.11792469,-105.17012,-0.9270893,1541.8512,0.10280356,1367.2029,0.24579555,-102.497,-0.966234,2591.2231,0.139986,1012.2061,0.35928696,-111.69069,-0.80548316,2.7699869,0.63858384,21.784634,0.12418536,0.047428943,0.27140573,0.015646124,0.28210256,0.78823537,0.6264585,27.860485,0.12859952,-18.374891,-0.24570368,-17.11407,-0.23620003,-4.8337173,-1.1785252,-8.803212,23.069693,0.021092983,0.0029736771,0.28576052,2.5604553,1.4326648,0.32799998,0.6098164,0.31727272,0.63008064,-16.647028
25.12921,0.027704263,24.769281,25.079641,25.392025,0.6227436,181.91121,134.2561,150.52672,150.2123,0.9528105,0.40364128,0.6178179,1.0929984,1.2192421,0.6014242,2.9345562,1.7803265,2.2585902,1.4739873,0.26144353,0.47499758,34.225224,0.11272138,-11.606802,-0.5365102,3.4358826,2.0642698,0.35116732,16.143324,0.009926968,1.5065986,0.6666262,0.56046313,5.2094436,0.30170202,-4.9330354,-0.69072455,10.033073,0.4199817,445.64557,0.1599465,1274.7966,0.103214234,-37.455563,-1.917331,1350.0792,0.06657787,1008.3726,0.14365825,-35.339153,-2.0595624,2428.32,0.040805016,883.53906,0.18541537,-48.889305,-1.3662877,-3.6157396,-0.7352829,18.48681,0.19837078,0.022833614,0.3407963,-0.00014065912,-36.32357,0.30118257,0.3142637,35.47923,0.07146092,-13.630364,-0.31811622,1.4065245,3.7531836,0.5104742,11.285369,-11.0858,25.449663,0.023497177,0.010759386,0.064402215,1.8326693,0.32,2.6025,4.4441667,0.39999998,0.2089976,-23.249746
39.13731,0.072776735,39.70729,40.006046,40.13794,0.4306488,36.334343,5.448617,37.730976,26.659258,0.81214345,0.33663583,0.6915253,0.89392877,0.99407345,0.30254817,2.8165214,2.5033472,1.2875365,1.8714892,0.1813536,0.5048954,19.488045,0.17687269,9.33039,0.44690463,-7.900756,-1.1445554,3.798632,2.6174192,0.016276943,0.9522584,0.69422746,0.52558947,11.33885,0.19975536,-6.18876,-1.0977634,12.510894,0.49828255,1015.4916,0.11327476,1146.0663,0.19468045,-41.823277,-1.438374,1813.9977,0.08509743,1458.321,0.2858669,-45.97597,-1.266974,2926.291,0.04039027,694.8959,0.38990006,-56.084743,-0.9748691,-14.558616,-0.17076455,31.461061,0.1064616,0.032349024,0.53093106,0.009575158,1.6322137,0.19930674,0.42286527,20.33348,0.12957452,8.549567,0.40651244,-10.456302,-0.50708556,3.8492746,2.7034671,-10.632126,16.462791,0.00041794396,0.0027670532,0.06236212,1.1995637,0.21929824,3.985,3.355,0.555,0.435,-20.214863
29.760258,0.1270654,30.452436,30.720001,31.031458,0.57902145,40.05809,15.91326,11.180545,8.405086,0.654991,0.4765654,0.2440592,0.76386625,0.88028336,0.63622415,1.7491364,1.8541867,2.1702788,1.954516,0.18748912,0.66895694,30.3819,0.19588044,5.616421,0.8080351,-2.7287,-2.9896953,-12.162847,-0.7341229,0.014131996,1.2969469,0.6872931,0.476349,7.1247416,0.3093839,10.058273,0.43657887,27.12985,0.13266106,920.9174,0.13686173,1325.0553,0.12744053,-68.18465,-1.3398211,1741.7252,0.08999979,1292.9684,0.15492082,-76.622826,-1.102531,3032.1943,0.06707491,716.0971,0.5217871,-81.70291,-0.9906002,-7.4762945,-0.30592313,23.724495,0.099128924,0.038976762,0.23419386,-0.002142194,-3.842859,0.2267532,0.5191185,33.185616,0.10215197,5.4355316,0.7346155,-5.7860026,-1.1501571,-16.152113,-0.41535917,-10.32059,21.685453,0.027940897,-0.0023317253,0.10670711,0.311042,0.31347963,2.1699998,2.1499999,0.66333336,0.64587575,-25.541256
36.638737,0.0056608743,36.563812,36.653786,36.731533,0.1677208,3.279147,2.67444,-1.358588,1.623986,1.1721535,0.4437629,0.40027595,1.3615454,1.5467498,1.1464739,2.426277,3.5877476,0.76169896,0.4448381,0.1639947,0.5612018,25.993896,0.31193674,-1.4389122,-5.4787645,-17.70763,-0.8129388,2.5538762,1.8688024,0.0027860596,1.2935437,0.34686267,0.6845082,13.009254,0.10160151,-3.5618088,-0.42739585,16.026445,0.19241206,766.76184,0.09938227,1360.6721,0.07270188,-58.405582,-1.4933645,1608.9354,0.039749805,1058.818,0.08324716,-61.93332,-1.373206,2738.0432,0.023350937,704.4925,0.18589759,-73.40652,-1.0635673,-7.873602,-0.21287937,25.441198,0.10188825,0.052526955,0.16779712,-0.0053990525,-0.9813551,0.18470313,0.5477318,30.033722,0.12709396,-5.829453,-0.4418077,-26.09958,-0.18252623,3.7131302,0.87150735,-9.856581,18.357485,0.022629885,-0.007017146,0.11188241,0.472255,0.11876485,6.1099997,0.0,1.14,0.19,-19.168531
31.41104,0.00869522,31.226606,31.330221,31.611305,0.38469887,1.4552189,1.179698,1.3933232,0.7429636,1.11597,0.42506218,0.73979235,1.2128175,1.3301642,0.59037185,17.375658,12.094827,11.126537,11.500359,0.42913827,0.8586028,30.55266,0.12390454,-4.769774,-1.3243467,-1.6435958,-2.2312098,-8.608588,-0.490281,0.0063888626,1.0079998,0.9291476,0.44575256,6.651662,0.23842105,3.7894886,0.59107286,20.495935,0.116166964,814.7912,0.046388056,1184.8773,0.06344826,-59.723133,-1.5175029,1755.4137,0.020207299,824.4441,0.089390315,-65.32731,-1.3311536,2964.3225,0.02217798,537.90466,0.28161815,-73.06884,-1.1225454,-8.241723,-0.2504607,19.624472,0.09635631,0.05452287,0.16064422,-0.028870396,-0.16281879,0.36545956,0.42363545,31.75425,0.045233887,-6.428178,-0.58597493,-1.9282069,-1.0392969,-10.100947,-0.2683673,-10.77819,19.774736,0.052761555,-0.019398695,0.589689,1.0943912,0.41322315,1.6966667,1.4651811,0.525,0.26158172,-21.224068
36.474033,0.007696424,36.38933,36.499435,36.65295,0.26361847,4.032843,5.5385547,2.6682487,2.0986168,1.5404844,0.33203566,1.5238142,1.6779157,1.8491237,0.32530951,1.636069,1.1216563,0.42312023,0.0,0.28463843,0.7517443,30.871204,0.1775132,-16.025036,-0.587052,-10.254431,-0.8073781,-12.311147,-0.44166043,0.003583423,0.98750275,0.51693135,0.58769256,11.415282,0.13675275,0.42871448,4.2345366,22.329443,0.12438124,696.54626,0.15855889,1581.5193,0.08475378,-30.075703,-2.5524573,1585.8944,0.047752164,1045.0856,0.09403755,-30.934175,-2.416024,2790.144,0.0466885,806.45935,0.28116843,-47.24899,-1.4305718,-5.190536,-0.4062136,22.220778,0.07117041,0.052734002,0.21215867,-0.013542031,-0.44057226,0.30252758,0.72406405,32.89194,0.06901048,-19.924482,-0.08945234,-13.551153,-0.1524231,-14.224281,-0.20712736,-10.331601,20.026297,0.008758844,-0.0041289786,0.20044985,0.19880717,0.2008032,4.16,0.0,0.79999995,0.0,-17.836288
30.058657,0.13671517,30.923733,31.47192,32.051796,1.1280632,35.27004,24.2222,65.38467,128.3111,0.98201704,0.25765675,0.8144699,0.95824075,1.1419141,0.32744426,2.913643,4.42151,1.1530209,0.68983793,0.3566038,0.41892922,44.93888,0.10569186,-10.182811,-0.6343361,0.64064425,8.338827,7.7749853,0.90433925,0.021216828,1.9845253,0.931126,0.5639402,6.724364,0.43088037,0.28563157,17.286655,21.765774,0.38244823,650.73517,0.26931527,1538.7739,0.13640879,-18.647219,-2.1209114,1546.0472,0.10769454,1187.4283,0.19645996,-23.115582,-1.6586616,2706.649,0.08337611,962.5775,0.29496914,-37.71,-0.9367934,-10.719653,-0.32960826,28.624071,0.13960177,0.035687257,0.44533023,-0.010839669,-0.7276556,0.3549221,0.38923126,45.44895,0.06922075,-10.3040285,-0.6300665,0.5012624,10.587622,8.219731,0.7818523,-9.960885,24.04532,0.039857,-0.008960976,0.40730083,0.92653877,0.46480745,2.0414286,1.6052985,0.089999996,0.10267841,-20.66678
28.83526,0.019998228,28.803297,28.896002,28.994772,0.19147491,10.540702,7.470623,0.40185568,0.0,1.408184,0.35870942,1.3423239,1.537522,1.7073904,0.36506653,2.4375975,1.339779,1.2350322,0.7831148,0.18847692,0.566619,34.213577,0.11731053,-21.787317,-0.43965107,14.843721,0.2453631,-15.419288,-0.4324276,0.002989071,1.2559927,0.34694117,0.8516082,9.36631,0.13547273,-1.8664355,-0.70417905,6.6549287,0.5062189,453.73523,0.09485656,1230.6017,0.08615276,-24.626816,-2.5937269,1403.07,0.028997498,1009.6578,0.07577843,-27.05261,-2.330872,2432.1306,0.023286933,803.1642,0.21246451,-32.520317,-1.8797541,-6.4602785,-0.19660611,12.178854,0.1904391,0.056437608,0.14513017,-0.015751874,-0.15951145,0.2076371,0.48076862,34.996517,0.09070873,-25.06629,-0.16039345,15.335972,0.22120471,-17.67956,-0.15691347,-12.842755,21.32368,0.04851811,-0.0028129884,0.052939527,0.95759237,0.13774104,6.3999996,0.0,0.415,0.105,-20.281904
23.231533,0.22019629,21.02729,21.25709,21.519917,0.4926262,88.32526,21.932434,2.8637314,3.738909,0.71744335,0.43873397,0.31092054,0.8148176,0.98315275,0.6722322,3.274862,2.5386398,3.6744828,5.0145235,0.2505523,0.64117485,22.769653,0.29969564,6.5310225,1.0990083,-3.8206391,-2.5098054,0.21765974,34.974926,0.008654586,1.1890991,1.0739895,0.8890515,3.5515726,0.5294755,5.690033,0.85633,18.341196,0.33213198,492.68933,0.24315561,1253.513,0.10783692,-91.23016,-1.042656,1459.7991,0.10037944,1147.1194,0.15888397,-94.627716,-0.96052545,2448.9019,0.068271,949.80005,0.2854218,-98.36904,-0.8914502,-12.76735,-0.30312896,20.857796,0.16773775,0.011435992,1.21266,-0.026509823,-0.32434544,0.2855713,0.40327457,26.628893,0.14638464,4.4659696,1.6109672,-6.827507,-1.025416,0.0060861334,741.82434,-11.055503,18.353453,0.022870298,-0.015532022,0.2098159,3.4068139,1.6194332,0.33875,0.7017022,0.25875,0.222679,-24.99877
34.525604,0.0074711465,34.3387,34.490345,34.65959,0.32089233,3.9350426,2.166961,3.2017617,3.219904,1.1517656,0.35215852,0.9316924,1.2047232,1.477923,0.5462306,4.01627,3.673828,1.8755876,0.7131056,0.22012073,0.47237563,36.772358,0.17571428,-0.39781573,-15.94295,-4.538621,-1.293759,-19.295347,-0.49006903,0.0057425196,1.8778485,0.4862636,0.70232445,11.475974,0.14068963,1.0034584,2.0457983,28.081743,0.13508543,726.57385,0.15254766,1388.1067,0.10633354,-30.584213,-2.2667592,1634.1077,0.057953283,1039.8306,0.17777753,-40.873653,-1.5837672,2849.6208,0.0496431,652.2817,0.32092145,-53.91778,-1.1023654,-14.19839,-0.17984144,27.536966,0.08603698,0.05977898,0.18097278,-0.023391811,-0.26762137,0.23443934,0.4388718,39.09308,0.068404645,-1.9094297,-2.8112912,-6.1045947,-0.7072535,-21.701353,-0.34670672,-13.422724,22.854485,0.042420648,-0.01075991,0.143718,1.7322835,0.15873016,5.4,0.0,0.435,0.074999996,-18.663008
32.24711,0.037226398,31.553888,32.089596,33.004166,1.4502773,41.756294,30.72556,42.406036,77.38368,0.7303227,0.52593285,0.4153713,0.7393654,0.9319359,0.5165646,2.0257783,1.3059195,1.2738739,0.7909987,0.23564754,0.8838921,31.7377,0.2295573,-8.598951,-1.4218711,-7.5597873,-1.3525825,1.7550623,3.7616901,0.015937917,1.6890407,1.0123358,0.6296505,5.7565026,0.55067146,1.248895,3.7204583,20.346407,0.3369683,676.59564,0.3471676,1475.2261,0.11954955,-74.37647,-1.2591469,1594.3951,0.14331943,1258.8324,0.16454612,-72.33718,-1.2430001,2627.8242,0.12962379,1100.6202,0.28786463,-81.145935,-1.0321981,-5.7105103,-0.74709845,20.05506,0.18736775,0.05571036,0.25666824,-0.007974793,-1.224109,0.27593175,0.81648034,34.948174,0.12767997,-13.720123,-0.63502634,-11.779423,-0.43467844,1.4129158,4.5785236,-9.693098,19.617891,0.039354812,-0.006979468,0.16210406,0.811908,1.6348774,0.39249998,0.66940427,0.19749999,0.23728059,-25.184801
33.941216,0.0068355436,33.74546,33.930256,34.068348,0.32288742,3.4709466,2.2543004,1.9395983,1.4350121,1.0448767,0.33486518,0.97398746,1.0969356,1.204103,0.23011553,4.82436,7.822377,3.6581523,2.363398,0.16724047,0.49517006,35.66395,0.24168275,-8.445941,-0.7684085,-3.301504,-2.2943654,-7.2337117,-0.99394745,0.0036251622,0.47740388,0.4532804,0.4901101,11.136659,0.08387209,5.512676,0.23045582,24.276567,0.14327526,843.1083,0.07931152,1229.3322,0.1229326,-27.659761,-2.4199333,1754.9708,0.04246308,945.86285,0.16967376,-36.57189,-1.7339276,2951.329,0.036157466,637.44556,0.42701453,-46.675007,-1.274987,-8.512627,-0.27879256,23.942451,0.12945074,0.048602853,0.1884598,-0.0220267,-0.26657188,0.17546213,0.45853552,38.63716,0.06832677,-10.490305,-0.35839295,-5.102753,-1.1463258,-9.354475,-0.47616288,-7.326311,16.99352,0.031496096,-0.008123961,0.1145488,0.8010681,0.13440861,6.46,0.0,0.475,0.055,-21.521385
35.774704,0.029705277,35.540443,35.653778,35.8083,0.2678566,1.5654134,0.0,-17.10167,0.0,0.9891079,0.3255669,0.79366595,1.074422,1.2380438,0.44437784,1.8472836,1.0990559,1.4657264,1.0256532,0.12713264,0.37601745,21.254965,0.24172093,-8.205237,-0.6096353,-6.6807623,-0.7845247,-14.250162,-0.5892365,0.007160547,1.076807,0.59638846,0.82394284,10.533357,0.18508948,-5.762976,-0.24216197,12.948643,0.30442607,653.76434,0.19650565,1582.0177,0.10126244,-34.763393,-2.010601,1545.1914,0.06427554,1191.8197,0.14409165,-35.604313,-1.9213108,2700.1128,0.07111265,1009.90656,0.51223266,-45.90218,-1.3998628,-4.3750067,-0.4966694,18.672852,0.1958535,0.052812584,0.18103519,-0.000989011,-4.5297184,0.13624059,0.30639789,22.96336,0.13100666,-9.217962,-0.44291744,-7.646057,-0.5750349,-15.589853,-0.5036834,-4.462461,10.51859,0.023873288,-0.005311963,0.07780968,2.3703704,0.29895365,2.84,2.77,0.48499998,0.355,-24.747375
33.289253,0.13456401,32.10791,32.3447,34.056053,1.948143,751.4449,527.9039,24.393892,25.158472,1.0676818,0.36047086,0.7850806,1.0758663,1.2879523,0.5028717,4.7531543,2.939017,5.768607,4.4707227,0.3951831,0.5187139,28.651697,0.16224267,-3.6113758,-2.3067112,-5.41643,-1.5457407,12.651814,0.76133883,0.016547708,1.3769162,1.0309659,0.65336573,7.392889,0.34971964,0.24135989,27.039215,14.657741,0.38111648,528.0176,0.29083583,1463.387,0.13517693,-99.83786,-0.94128937,1452.629,0.10882161,1107.7229,0.12405766,-96.67582,-0.9556075,2538.2092,0.06952627,961.8303,0.29324058,-103.44722,-0.83297116,-7.801977,-0.4736733,21.461246,0.19443454,0.048426297,0.21881956,-0.0073205614,-0.801132,0.30980232,0.53773874,27.915695,0.14225964,-2.0743442,-2.5478864,-10.250529,-0.60533494,15.343909,0.55077314,-9.4500265,18.237143,0.05463209,-0.008788586,0.50323015,2.0519836,1.6528926,0.32166666,0.8048069,0.2625,0.31011087,-21.879784
20.810543,0.041336253,20.03126,20.755033,21.686321,1.6550617,21.828115,8.267388,14.045115,7.285547,0.3261716,0.65417594,0.12839825,0.24305153,0.52934396,0.40094572,2.043851,1.3236549,1.9459054,0.86809045,0.10163933,0.7982086,26.215311,0.25277826,9.614742,0.72683513,6.434347,1.6474824,6.382664,1.0574977,0.02185392,0.877151,0.9438774,0.5042896,5.07242,0.18473545,1.5061393,1.7235343,27.11976,0.14990555,749.34894,0.21749707,1305.5988,0.13563636,-110.92282,-0.8132158,1805.5165,0.16079442,1069.7494,0.29848894,-117.60586,-0.7096488,2964.535,0.11456612,1014.4958,0.22230458,-122.311386,-0.643735,-21.665865,-0.105634905,33.5531,0.07324385,-0.04926245,-0.224986,-0.02122229,-0.44845596,0.17121884,0.34007034,31.711618,0.08920185,15.869131,0.19588175,-0.21688753,-43.530487,10.371089,0.5023569,-10.706965,21.770094,-0.008863644,0.009394923,0.034645583,1.9184651,0.24271846,2.04,0.0,1.025,0.48499998,-26.242094
30.998293,0.010157234,30.739054,30.879639,31.309433,0.57037926,4.9933834,3.0593536,2.9198024,3.8302798,1.040971,0.41703087,0.81667465,0.96323556,1.2477688,0.4310941,3.152434,1.5586344,1.40437,0.9703502,0.2860105,0.4975968,30.315586,0.12960798,-2.8393192,-2.7698734,2.7759078,1.6406852,-6.258418,-0.56977826,0.009705582,0.55221474,0.80295956,0.4537376,6.9440045,0.2220641,8.255056,0.22893175,23.599644,0.19000408,809.7584,0.102399625,1300.8435,0.1259011,-28.315596,-2.2386944,1692.2142,0.05147102,1015.9437,0.13957112,-35.112804,-1.7331029,2860.3486,0.03624803,599.9864,0.28989014,-44.806236,-1.2807342,-9.174627,-0.28224573,22.16344,0.17651522,0.01954508,0.61428154,-0.0123869125,-0.28429472,0.3063617,0.45644704,31.543304,0.052295238,-4.1619306,-1.8054078,1.5953431,2.1244242,-6.6627417,-0.5167657,-12.3906,21.647875,0.0040627555,-0.0060741394,0.15072508,0.3478261,0.3508772,2.495,2.355,0.22,0.19442222,-21.79138
27.952341,0.07520717,28.044964,28.22265,28.488754,0.44379044,66.646454,0.0,-3.6197877,5.0328407,1.3540804,0.43825194,0.55229396,1.588889,1.8251057,1.2728117,5.1145167,5.6000977,2.348716,1.7922324,0.52345693,0.5815786,37.044468,0.21686469,-1.3437568,-3.8458934,-15.088683,-0.90402734,-9.717346,-0.7224051,0.008130694,1.2252142,0.94766057,0.54517937,6.798291,0.37244257,1.2215838,2.7201393,21.122078,0.24882242,486.45343,0.10281903,1288.7024,0.07912355,-66.42284,-1.3505442,1375.8859,0.04411719,1016.06067,0.087734394,-65.041176,-1.3890383,2595.2996,0.032767974,788.78284,0.2866589,-81.306915,-0.97850233,-6.992765,-0.3461677,27.232048,0.13082054,0.021028304,0.5563759,-0.02222581,-0.30734658,0.64157414,0.39373788,41.41862,0.08667462,-2.8948677,-1.5743742,-23.341503,-0.21532345,-10.218545,-0.69799757,-11.659142,22.66895,0.010369287,-0.013094674,0.27305704,0.89126563,0.53956836,1.2666667,1.4877352,0.42249998,0.37897062,-16.24458
30.008312,0.06929187,29.670982,29.83728,30.0477,0.37671852,1.3358154,0.0,213.62201,150.88597,1.4488769,0.5836504,0.32636535,1.8921915,2.1428754,1.8165101,4.0719852,2.7481804,2.9327102,1.8966018,0.26208013,0.7616878,30.537968,0.23685369,-6.1487074,-1.3840598,-3.405193,-2.0533557,-16.077406,-0.8031382,0.006767218,1.5146742,0.38848832,0.97739846,9.584649,0.17228584,-0.56942827,-2.9017594,16.936464,0.25389817,595.2344,0.17059068,1466.7994,0.11876233,-61.15353,-1.5309794,1522.3981,0.0603694,1078.5717,0.13124888,-65.076706,-1.3894736,2813.2153,0.068885595,848.6283,0.62802553,-73.73941,-1.148433,-8.340419,-0.24139164,20.922241,0.18202743,0.07218453,0.13335711,-0.019909767,-0.26293594,0.33104143,0.58134884,34.294956,0.11756113,-10.771184,-0.37450537,-5.5000443,-0.8552294,-23.300966,-0.29398012,-10.227968,20.05775,0.045833964,-0.0053088535,0.1161045,1.4678899,0.5555555,1.23,1.6829339,0.41,0.27037013,-16.624903
30.58135,0.04801,30.179316,30.494194,30.752,0.57268524,222.63866,226.76347,162.03041,135.83603,0.90481615,0.33784038,0.90456104,0.9863426,1.0463424,0.14178133,2.2363458,1.154997,2.7162893,3.6292489,0.19805181,0.5374352,32.91552,0.15897678,1.7836102,1.7602718,-5.948482,-1.6745316,10.426039,0.41625354,0.009514901,1.0744168,0.514264,0.69625366,9.101745,0.16383658,5.634946,0.9266282,25.020636,0.18603177,815.83527,0.23541546,1529.1469,0.146238,-28.215532,-1.9407463,1618.7946,0.12343653,1323.4829,0.17947015,-30.472767,-1.7382358,2835.824,0.08424975,939.05695,0.45428202,-45.50077,-1.0511793,-8.352022,-0.21771266,27.45137,0.09277489,0.047230903,0.18625148,0.01290257,0.46494427,0.21613142,0.44234303,34.177708,0.09992727,2.2081695,1.0826797,-8.326823,-0.81123424,11.086255,0.34364405,-10.469585,22.035496,0.02494412,0.016835209,0.025548216,0.27958995,0.7497657,1.1999999,3.0842705,0.113749996,0.1324705,-21.878178
31.399408,0.17566378,22.827358,34.708233,35.305237,12.477879,205.07628,189.66829,28.000296,17.080616,0.752291,0.5616681,0.19732253,0.886501,1.0822519,0.88492936,1.8577417,1.1218927,1.7510817,1.5064547,0.19545306,0.68075335,32.3806,0.22231257,-2.0991275,-2.5797937,3.6977365,2.1037552,-9.648981,-1.2398236,0.01951392,2.7710862,0.752194,0.48261204,8.233051,0.33731103,0.6058162,6.4182467,21.124928,0.24093796,717.8262,0.17045014,1461.4801,0.10712185,-68.93247,-1.3378932,1549.6094,0.047413316,969.55225,0.116981566,-71.16212,-1.2699096,2915.8582,0.02425617,452.14047,0.43099645,-81.4176,-1.0240364,-9.07797,-0.30316746,25.383738,0.16243127,0.02368572,0.41689077,-0.0034917474,-1.9795848,0.2622974,0.42720023,36.910618,0.08042981,-4.7844024,-0.63170344,-0.36102805,-13.175638,-17.289434,-0.29574618,-11.762063,23.24206,0.00045987146,0.009193572,0.06331481,1.0660981,0.21551725,3.11,0.0,0.75,0.17999999,-23.1545
34.248184,0.08175531,34.46773,34.93567,35.263714,0.79598236,72.377205,61.063133,14.348249,12.846357,0.90855056,0.49207383,0.37554812,0.8699849,1.23384,0.85829186,1.7158779,1.6508933,1.7992606,1.7606139,0.2266453,0.5609397,33.53959,0.1709945,4.5861473,1.1780806,-6.844302,-1.6468304,7.77083,0.88343644,0.013683246,2.3469477,0.7051752,0.65309006,9.829322,0.23694442,12.29035,0.3111574,32.06015,0.1702257,693.6305,0.36574635,1635.8724,0.16149291,-63.947388,-1.3570826,1563.39,0.13654944,1170.3668,0.23431867,-58.452698,-1.4030124,2839.689,0.08681571,1027.018,0.30787942,-76.42605,-0.9377537,-9.810122,-0.43567854,30.860394,0.14342785,0.024853984,0.588327,0.007597127,1.1469045,0.25056076,0.4912364,36.013905,0.09701679,4.5834584,1.2111336,-12.393706,-0.4826681,10.15982,0.5545185,-13.361325,24.185997,-0.0073951064,-0.0051369695,0.1569821,0.48270315,0.1615509,4.64,4.5899997,1.52,0.02,-19.490267
36.50833,0.027301813,36.507984,36.677822,36.826145,0.318161,82.1616,103.835785,16.228165,7.626451,0.73192984,0.38464084,0.3604676,0.7985163,0.97814536,0.61767775,2.7660663,2.7550826,1.921383,0.9070069,0.12166985,0.5042492,29.282532,0.26691258,2.5794995,3.326741,-4.2448735,-1.8268902,11.469883,0.71299475,0.008370995,2.664121,0.4450343,0.9338102,12.644351,0.19209419,-0.20955928,-20.111212,18.21417,0.19396512,988.88525,0.1265843,1060.422,0.1403192,-45.091705,-1.4345299,1943.3557,0.08383426,1256.3198,0.15464069,-53.427128,-1.1441458,3062.0,0.060547497,1054.2189,0.27365434,-64.49772,-0.87164825,-13.609075,-0.34229013,34.438534,0.15659449,0.028954616,0.39494413,0.011372916,0.8151753,0.12996922,0.46522638,31.913822,0.1333272,0.6663168,11.682635,-6.404369,-0.8726225,13.237122,0.5112677,-11.132964,19.468473,0.021012915,-0.003150507,0.07670869,2.6166098,0.80091536,1.0485713,2.3363183,0.15625,0.18900643,-19.816805
34.127605,0.060894255,34.34225,34.43902,34.575542,0.23329163,107.89983,75.02506,3.7929852,0.0,1.0129747,0.28947517,0.72767186,1.0675398,1.247585,0.5199132,3.1123443,2.6195107,3.4659433,3.8693027,0.536032,0.87773466,30.996786,0.1533513,-11.517909,-0.7107907,1.6326506,7.006765,-7.778912,-1.3249946,0.005239117,0.95936304,0.60668904,0.7018406,3.8729832,1.1333683,-3.1480668,-0.8474411,8.160624,0.45222133,675.5306,0.11451113,1324.5902,0.14838892,-106.219345,-0.9026581,1625.1666,0.06990466,1093.676,0.3368281,-107.48791,-0.88042253,2824.7483,0.078372516,755.2207,0.60585093,-113.165985,-0.7853096,-2.8597426,-1.0335214,20.671072,0.13574591,-0.029001892,-0.5924632,-0.004252843,-0.7739321,0.3193612,0.7132247,30.819508,0.06141204,-16.829124,-0.30125788,-5.6408143,-0.8785431,-14.41338,-0.4546256,-9.634728,24.564816,-0.03572033,-0.0029388147,0.73106635,1.3293943,2.9761906,0.147,0.19697972,0.17631578,0.1755056,-20.591246
36.065224,0.009191491,35.795074,36.050697,36.331432,0.5363579,5.327262,5.1883316,3.3196197,2.2806928,1.450745,0.24833733,1.3693558,1.4757718,1.6688422,0.2994864,2.753193,1.5648172,1.3992481,1.060366,0.33028582,0.3953431,36.908924,0.10398721,-19.356638,-0.29120296,-0.9851517,-3.6542523,-12.521247,-0.4176525,0.0052819373,0.47406015,0.66071594,0.4404499,10.213282,0.18383364,-2.613866,-0.8055181,17.67838,0.24521072,771.00604,0.17145471,1378.1858,0.14989378,-19.457493,-2.3785312,1636.118,0.0671494,1042.0492,0.23072712,-18.85807,-2.4353058,2878.5596,0.070017815,662.57947,0.4814547,-33.42108,-1.2660242,-4.3560452,-0.56768954,21.7666,0.116807744,0.03787036,0.36427206,-0.004655302,-1.3124268,0.34787783,0.3340871,37.562263,0.057288304,-20.581156,-0.14464687,-1.4319975,-2.2134323,-13.159274,-0.3276908,-10.498758,24.143888,0.013599404,0.006243024,0.07209942,1.2793177,0.21551725,4.35,0.0,0.26999998,0.0,-18.205187
21.66995,0.12910521,20.112862,20.89467,22.324196,2.2113342,209.17558,142.9666,11.089383,15.103765,1.0003282,0.4942071,0.44714433,1.1359123,1.4523222,1.005178,4.8809147,2.204749,2.9923062,2.0551915,0.22486866,0.4802843,21.968884,0.38913578,-1.8937893,-6.744059,-3.2682266,-3.312691,-6.211778,-1.2903256,0.014542766,2.93287,0.57486755,1.5764662,4.1069756,0.4466932,3.4823167,0.8681,12.991956,0.35540372,450.9567,0.3149777,1218.4674,0.101952784,-88.08806,-1.1545095,1364.5968,0.14948905,971.7775,0.09225493,-85.96927,-1.202636,2445.8735,0.08056852,801.6452,0.25179586,-94.46429,-1.0128793,-2.342133,-0.90080315,16.702147,0.19993633,0.037597645,0.20918068,-0.008558981,-0.56587225,0.2740612,0.3534573,28.382067,0.13020858,-10.666592,-0.72605187,-11.2458315,-0.52967393,-11.463486,-0.33168313,-7.4454627,15.242321,0.021072373,-0.004103796,0.1679169,3.9451115,0.6920416,0.78249997,1.2688651,0.512,0.13977124,-22.844242
29.055178,0.011421104,28.781418,29.07171,29.31247,0.53105164,4.9621887,2.5989864,7.9859805,13.98551,1.0640031,0.35156792,0.72252214,1.0232496,1.3479136,0.6253915,4.7652364,3.1478739,2.3052833,1.2490888,0.3374884,0.28556594,34.263412,0.12198641,-6.6839323,-1.4367273,7.173403,0.66513556,2.3274705,2.39901,0.019417088,1.2558173,1.3247312,0.92132026,5.0618377,0.5517468,0.9715535,3.567869,14.901014,0.44251323,494.25644,0.20040385,1346.4792,0.13576797,-40.654865,-1.6854696,1446.0095,0.05914501,1006.5877,0.13654655,-44.01437,-1.5177739,2640.5488,0.048215255,808.02246,0.28470847,-52.075214,-1.2188956,-9.702037,-0.3497338,21.101238,0.29076764,0.015182567,0.76415503,-0.013292567,-0.47604808,0.34565932,0.274044,34.55258,0.11580239,-7.4285927,-1.3059288,6.570237,0.72383434,1.8982726,3.0456114,-11.563825,22.176882,0.010260027,-0.009490589,0.30234605,2.4608502,1.3605443,0.60499996,0.902418,0.13,0.029664794,-21.450304
40.05442,0.028397214,39.78166,40.199764,40.517548,0.73588943,35.30035,45.553413,1.8014797,1.7009759,0.48472092,0.30659312,0.40328458,0.4825901,0.57027155,0.16698697,4.0596633,3.1452906,3.4295056,3.5303786,0.11636858,0.6648359,33.247982,0.17750932,-9.433206,-0.5758756,0.98999023,4.7874045,-11.046079,-0.7829774,0.0223524,0.5971146,1.4436831,0.42589712,6.0176644,0.5235011,7.1536403,0.5812979,26.628286,0.19352451,741.07263,0.245936,1572.0195,0.15291393,-39.990017,-1.6996846,1626.6757,0.080257975,1181.6583,0.21584967,-37.498764,-1.577239,2806.9595,0.094326966,1007.5668,0.47245866,-51.043335,-1.0636617,-10.513385,-0.32869545,27.405954,0.11018697,0.013288465,0.9150999,-0.01144293,-0.6147215,0.11244402,0.5160214,34.6599,0.052247748,-9.948491,-0.4816583,1.025925,4.5963936,-12.627406,-0.5244449,-6.0896792,19.033096,0.018314281,0.0028562832,0.15285192,0.84210527,1.0660981,0.812,1.0387183,0.13,0.098234415,-30.697598
28.614262,0.014704149,28.383398,28.586746,28.851067,0.46766853,11.786221,19.030901,13.200567,23.59534,1.1339684,0.43928948,0.48911867,1.4034686,1.4965872,1.0074685,4.7063947,4.1222463,2.75222,2.3559685,0.30829924,0.38513637,30.312561,0.2336342,-4.060334,-2.965172,-4.86719,-1.756648,-11.137884,-0.8464973,0.007610212,2.2853475,0.95627195,0.74155855,7.5888634,0.26300454,1.1539499,1.8456537,15.521749,0.32009798,461.07425,0.14226404,1285.5856,0.12517482,-72.05802,-1.3245417,1332.3241,0.071429335,1112.962,0.11409725,-73.39401,-1.2853687,2447.9211,0.040090114,803.02484,0.1676785,-81.43311,-1.085785,-8.403958,-0.27051824,20.746317,0.13117194,0.0403244,0.2131605,-0.018946443,-0.39929336,0.3729195,0.22438642,34.99072,0.07578721,-11.682416,-0.6296181,-10.353243,-0.4245153,-17.176348,-0.3033282,-12.528865,21.446575,0.016318394,-0.0126338005,0.19562891,0.5755396,0.43478262,1.4699999,2.0152586,0.60499996,0.36895123,-20.229477
32.839836,0.014568439,32.53808,32.810966,33.19922,0.66114044,18.538427,38.792503,8.56145,15.730303,0.72857594,0.4551791,0.29094654,0.8532765,0.9680679,0.67712134,3.18861,3.8255618,2.1417491,1.623842,0.15496883,0.44382647,22.47059,0.3364489,16.634783,0.36894,-3.143361,-2.7217872,-8.098983,-1.0518256,0.0074910433,1.0783261,0.57262546,0.5577575,9.922997,0.14747804,8.394432,0.4144879,26.668732,0.13403666,860.4426,0.15106797,1478.5198,0.18000901,-69.93306,-1.2387326,1618.5238,0.08860708,1259.0958,0.2531454,-73.3721,-1.1361513,2990.6182,0.049758505,538.5321,0.672878,-82.12141,-0.9435396,-12.799844,-0.17039716,25.732138,0.09275858,0.03901401,0.2735615,-0.0037846884,-1.864585,0.18375449,0.28297424,25.955927,0.13992932,17.802689,0.26435006,-7.0090365,-0.65487045,-11.550895,-0.5490368,-10.564924,18.866444,0.02056008,-0.005801129,0.091624014,1.5334064,0.66079295,1.0433333,2.2213933,0.3842857,0.30779666,-23.743881
31.085258,0.09995073,30.095808,30.380806,30.689747,0.5939388,152.48277,189.7165,191.23318,233.29012,0.94934815,0.31542373,0.69955784,0.9342845,1.170876,0.4713182,3.803911,2.7008226,3.5713758,2.1071994,0.39374152,0.6210735,24.3691,0.23676972,-1.8764346,-4.540314,-6.6143465,-1.0939045,3.5652027,2.5117416,0.021965785,1.3660461,1.3252043,0.5007919,3.4259667,0.6791166,0.20036434,41.248253,13.03453,0.73477644,499.45135,0.3238046,1358.7178,0.13999969,-77.32915,-1.1689558,1486.5209,0.101980135,1123.4644,0.14792678,-76.72884,-1.144235,2492.8845,0.0791601,1031.092,0.28539842,-82.02927,-1.0238438,-9.050135,-0.36205947,18.447155,0.2441385,0.05619758,0.2982602,-0.019361436,-0.45776132,0.37747642,0.57117903,25.497662,0.20356716,-3.3698478,-2.6147237,-8.247263,-0.8352798,4.207604,1.9193139,-9.740091,19.128317,0.058719177,-0.015793398,0.4272054,2.3732471,2.7114966,0.22799999,0.29165736,0.12541667,0.11127964,-22.918848
37.25692,0.008014074,37.065296,37.187492,37.349705,0.28440857,2.6721826,0.85557723,-0.582651,1.8877963,1.1695795,0.42362866,0.44890517,1.3773884,1.4660473,1.017142,3.144391,2.1767902,1.8207406,1.4976637,0.14864868,0.56949246,23.81815,0.23151931,-2.2697675,-2.8629897,-13.43729,-0.5579049,-24.539675,-0.48488364,0.0033706876,0.6211639,0.3983859,0.65878165,12.560403,0.11188209,-2.9592426,-0.74165744,18.279139,0.24010938,580.4936,0.25612167,1662.6187,0.11286049,-49.52036,-1.6612775,1449.5558,0.09763981,1364.6473,0.2939126,-47.87515,-1.6205133,2570.368,0.11823031,1347.2344,0.51895785,-59.64039,-1.1998433,-7.080449,-0.32141775,20.934328,0.14187168,0.07046303,0.1485226,-0.005644444,-1.0756199,0.16784094,0.48905906,26.1042,0.095504485,-3.933178,-1.0714403,-16.517187,-0.17270619,-29.618027,-0.22763783,-7.3771596,16.25927,0.039426625,-0.0059452057,0.07210983,0.25542784,0.38610038,2.0433333,2.840215,0.39249998,0.24118198,-20.186787
33.36553,0.07749548,30.921844,34.563507,34.853233,3.9313889,177.37784,267.46176,18.81216,8.520349,0.70961285,0.5789092,0.2906664,0.71839124,1.1869828,0.89631635,2.115646,0.8413843,1.8739873,1.7137752,0.21690106,0.5640207,20.528393,0.26336086,3.0918748,3.4142792,-0.45757368,-18.836815,11.964754,0.54991263,0.0135936355,1.1995648,1.0494654,0.45857644,6.6584425,0.3133905,3.0574827,2.018459,17.972597,0.48724446,769.5784,0.23561478,1516.6206,0.13268007,-115.39149,-0.80700475,1626.325,0.07898489,1182.0502,0.1721679,-113.27278,-0.82205033,2731.8652,0.05821109,951.02167,0.48130494,-118.372154,-0.739944,-6.3533754,-0.92460567,19.948433,0.2508875,0.043578804,0.29544798,-0.00086788676,-10.017197,0.27636853,0.3453602,23.594114,0.09830919,-2.0740201,-5.106422,-2.9216046,-2.3820405,12.363196,0.5141724,-8.711539,19.421335,0.0346291,-0.0003085197,0.1713979,1.0666667,1.3513514,0.32999998,0.50860596,0.32333332,0.300592,-26.178457
34.302277,0.056714807,34.56305,34.657627,34.800426,0.23737717,185.59229,112.005196,2.283452,0.41868207,0.9349113,0.42763478,0.46146655,1.1704816,1.2618052,0.8003386,2.569148,2.8662515,1.2181554,0.6617048,0.2018083,0.35715216,22.51181,0.3585653,-2.0318532,-5.6256037,-11.948292,-1.1365435,1.6741321,3.1795197,0.009007167,3.444133,0.61705613,0.58860517,9.076337,0.21799996,-2.4923978,-0.98104024,11.139392,0.747548,578.31836,0.19164963,1472.1154,0.09553754,-84.37186,-1.1164045,1483.0101,0.08510915,1417.7334,0.31772193,-80.26283,-1.210193,2478.0989,0.12775026,1357.4578,0.34230405,-91.960724,-0.9546839,-0.9878526,-3.1888447,22.775959,0.11364587,0.022507772,0.4948183,0.0071587246,0.87829584,0.23836789,0.27842516,27.861635,0.13252594,-9.67998,-0.72545767,-21.73416,-0.2901956,3.921515,0.9003744,-9.067975,15.315491,0.021059427,-0.014305241,0.14663737,1.1015912,0.36945814,1.6266667,2.2439003,0.79249996,0.81465864,-23.654083
34.14877,0.116758704,35.47722,35.71263,35.978867,0.50164795,85.90124,47.669704,156.52782,172.0214,0.89644176,0.30692396,0.7493823,0.90751284,1.1429911,0.39360875,3.2339368,1.9848958,2.2783191,1.4619449,0.19485658,0.3438725,30.878122,0.10050641,-15.766609,-0.44937545,-0.8284934,-5.782128,-8.9237585,-0.5470852,0.021668278,1.6924446,0.9617448,0.70795435,7.6614017,0.43304157,2.201631,2.3504417,17.469465,0.37278444,826.7332,0.17227097,1508.4639,0.12801602,-18.470787,-2.6110752,1598.0183,0.069814466,1124.2576,0.21635744,-13.6777725,-3.5512652,2855.8464,0.06356104,646.4236,0.47449547,-31.42224,-1.4081028,-2.3274686,-2.0091887,22.129412,0.1878539,0.048527703,0.255543,0.005417676,1.4966173,0.20407775,0.28993717,30.95095,0.08425111,-16.56152,-0.4077307,-1.3620902,-3.229146,-9.465933,-0.47977334,-8.914375,24.743517,0.026426308,0.005968572,0.09636019,1.772152,0.51282054,1.81,1.29,0.114999995,0.095,-24.378546
31.203766,0.048424162,29.826756,30.930206,32.94338,3.116623,34.637985,20.258114,18.682903,24.833681,1.4440858,0.30272135,1.3052815,1.5355593,1.7077624,0.40248084,3.7223337,7.101177,0.62679464,0.36585018,0.26589367,0.42244565,33.18909,0.12966792,-11.908384,-0.72225344,12.306877,0.51096356,-27.438934,-0.43436104,0.0031793613,0.88236696,0.5517446,0.6488788,9.556218,0.13811053,-4.8619623,-0.5953366,13.775862,0.28168586,551.856,0.24459437,1423.6094,0.10573781,-18.129023,-3.2919664,1561.988,0.06395611,984.6068,0.3020892,-24.166512,-2.3856926,2793.0264,0.07282871,997.1094,0.71371114,-32.43422,-1.6940874,-9.111485,-0.3393081,18.183308,0.2584146,0.06303181,0.15816379,-0.027376188,-0.33994767,0.28337795,0.36517558,34.169834,0.0623992,-14.136183,-0.37002808,12.540134,0.5123806,-30.855606,-0.19014382,-13.145794,17.578384,0.026668767,-0.015414906,0.1088944,0.31729245,0.106044546,8.51,8.46,0.89,0.21,-18.485678
33.707363,0.0092734005,33.564407,33.682507,33.780205,0.21579742,2.808129,1.904868,2.4404254,2.2619357,0.91108465,0.42800328,0.6208369,1.0126133,1.2341936,0.61335665,3.3141341,2.2770402,2.7325797,1.8547128,0.11412043,0.48985592,25.617706,0.20924056,-5.0568023,-1.6538392,-7.4615145,-0.98273456,-3.458462,-1.7693924,0.0057954052,1.3197272,0.5432992,0.47846866,10.717605,0.10282228,3.9661267,0.3727706,14.5409155,0.4039327,745.8472,0.13600637,1407.1108,0.11226105,-39.933384,-1.8813047,1626.623,0.070678055,1172.1478,0.32591167,-42.49645,-1.7249627,2779.2942,0.09314164,828.4326,0.52878004,-52.878387,-1.2986203,-4.592618,-0.40904906,21.504969,0.2160006,0.027540693,0.3772324,0.0010229097,3.2309425,0.12889208,0.34789756,27.511644,0.12808955,-8.292904,-0.5428309,-10.22285,-0.4367282,-5.313686,-0.9230803,-10.158992,20.377659,0.005850642,0.0031277807,0.04866668,2.3222063,0.29239768,2.8,1.91,0.39666668,0.29147136,-24.850622
33.597633,0.007374906,33.39162,33.55625,33.815826,0.42420578,5.9825826,3.3987057,4.2412972,2.0993624,0.94091403,0.49209797,0.31046197,1.0025676,1.3175294,1.0070674,4.1877522,1.7997296,3.5796309,1.6995728,0.25887334,0.5917309,30.3927,0.15495965,-11.579548,-0.9436532,-15.69071,-0.6823315,14.133106,0.52035254,0.017419664,0.9364038,0.8467187,0.6498162,6.3730736,0.41199014,1.1226633,2.1339018,12.1939335,0.49816796,628.8418,0.14090851,1436.5178,0.09695276,-54.90037,-1.5631177,1566.0413,0.054588765,1262.4788,0.31712782,-53.611546,-1.6104093,2565.035,0.07511231,1050.5387,0.45536536,-65.18677,-1.2217057,-2.415245,-1.5249053,19.933195,0.14962167,0.010487488,1.1208342,0.0004170539,20.664648,0.31209815,0.41743565,32.140583,0.08029957,-16.690193,-0.45172223,-21.370024,-0.22219053,17.309385,0.27606115,-11.101486,19.426277,0.011462822,-0.003450184,0.111878574,2.2397892,0.265252,2.79,2.09,0.63666666,0.4219268,-23.556837
31.128334,0.030478204,30.71685,30.90348,31.325405,0.60855484,19.499853,10.450267,45.079834,44.0468,0.940438,0.2787369,0.75231373,0.98530054,1.1090423,0.35672855,3.9458067,2.7125223,2.3743408,2.0341065,0.33945808,0.42725337,28.244806,0.14570786,5.3390956,1.1977663,-5.4904566,-1.3037242,1.8670093,2.5427957,0.013403867,1.269114,1.1341783,0.53053194,4.9481153,0.66611063,1.6331218,2.1047575,23.560896,0.2050419,654.32794,0.18425906,1547.4363,0.107845865,-29.538092,-2.1825683,1593.6829,0.07740859,1146.019,0.26143336,-36.6396,-1.6759344,2717.9265,0.08880705,903.96173,0.36905703,-47.385822,-1.2103387,-11.458709,-0.23598531,24.732859,0.12376757,0.06150979,0.1534597,-0.019987794,-0.26813135,0.3468981,0.42970684,29.205126,0.106145464,4.5645022,1.2546607,-7.063283,-0.81434923,2.356969,1.8887501,-14.666191,22.989725,0.06373069,-0.019093953,0.2991133,1.2924072,0.9787929,0.87833333,1.7898268,0.12,0.101653,-23.048101
35.56604,0.0718145,34.508854,34.770966,35.174324,0.6654701,2.9558418,0.0,4.3004494,31.337864,0.9609733,0.5200023,0.36264026,1.1680937,1.4092757,1.0466354,1.4294596,0.96489936,1.4397421,0.4265548,0.23583144,0.59777284,31.850286,0.14322904,-7.159623,-0.7418255,-11.147455,-1.0255871,-9.561058,-0.6856821,0.008262899,1.679273,0.7806567,0.76106006,8.823968,0.37537575,-4.161878,-1.2499881,18.582031,0.20884804,563.7965,0.28995776,1529.6932,0.19560477,-59.378002,-1.4821852,1492.1853,0.08133126,1155.2148,0.33614203,-57.2554,-1.4665761,2729.1914,0.086868964,954.13947,0.60512936,-68.53187,-1.1261687,-7.315778,-0.3662694,22.911968,0.13045391,0.04040081,0.3249668,-0.009500724,-0.84798497,0.2676474,0.5167639,32.28616,0.109201096,-7.96862,-0.5441004,-15.412297,-0.58400387,-10.972333,-0.54975206,-9.682902,23.742964,0.02861404,-0.006637321,0.13417025,0.6960557,1.6470588,0.4357143,0.8449321,0.175,0.16111588,-21.756418
22.788492,0.026018286,22.409273,22.856178,23.218636,0.8093624,6.0200787,5.227979,4.626536,5.3193965,0.9833346,0.2523712,0.97491556,1.0424734,1.1293745,0.15445894,1.8232464,1.2048458,1.7173971,1.4319012,0.3492128,0.38831958,33.676723,0.14698182,-3.8736389,-0.97185326,4.4392343,1.0539292,-2.6754022,-1.7062322,0.0066993856,0.90179265,0.88782525,0.52223474,4.1454825,0.29658586,-2.4205506,-1.7797972,12.173169,0.32352248,468.29596,0.2592704,1348.698,0.105702944,-38.611153,-1.8107244,1384.0441,0.14213207,1112.0734,0.14394422,-42.334824,-1.6127244,2441.011,0.082217164,891.7348,0.23297884,-49.973217,-1.2997818,-9.743735,-0.16890308,19.047731,0.14232574,0.0095697995,0.7809126,-0.018222056,-0.35554996,0.38087997,0.288283,35.181293,0.07682871,-3.9410176,-0.641432,4.323613,1.0219046,-2.3776243,-1.9301409,-7.261273,18.62229,0.011655737,0.0030554482,0.1957998,2.004008,0.6085193,1.37,1.6776371,0.25333333,0.30169886,-21.957506
30.131649,0.046902977,29.829144,29.975975,30.14787,0.3187256,0.8647124,0.0,2.8339422,0.0,1.1292118,0.40302843,0.94709307,1.2405406,1.3827572,0.43566412,2.6766007,1.471222,0.89343005,0.60940933,0.22464578,0.5997036,34.868637,0.1924517,-12.668372,-0.5380031,-12.247809,-0.8424648,3.910709,1.2650424,0.0061094216,1.1629785,0.5807972,0.5951472,8.4882145,0.20775542,5.599207,0.34418106,23.420853,0.21453753,747.29944,0.12349284,1485.2455,0.092785776,-33.224747,-2.1827455,1608.2402,0.057564385,1124.4863,0.18451013,-32.859444,-2.199166,2761.2036,0.05523146,865.2013,0.3436618,-51.26076,-1.2562369,-2.2915275,-0.85090965,22.408913,0.11999148,0.03591501,0.22469303,-0.0022296028,-1.418238,0.25584778,0.48931578,37.323933,0.08126617,-14.616985,-0.36286557,-16.468643,-0.21428914,5.1326385,0.711113,-7.3947496,16.574219,0.0119413445,0.0025674878,0.06580516,0.5326232,0.2680965,3.1299999,3.09,0.38333333,0.2572072,-21.343054
34.946728,0.019814113,34.635063,34.931137,35.344215,0.7091522,7.08959,3.6699948,19.449253,18.646915,1.0228235,0.41787404,0.45457485,1.1237854,1.4233627,0.9687879,3.1926205,2.2674012,1.7780297,1.4227499,0.27085596,0.47164,22.8556,0.24586113,7.1150513,0.78699183,-7.351897,-0.8177905,-4.8720703,-1.2545693,0.014781722,0.60050166,0.99886835,0.4523347,7.7005,0.23437984,0.7096511,7.1338587,23.045784,0.21635482,613.4691,0.2473786,1472.9307,0.12103887,-44.801216,-1.7113978,1530.1309,0.0640933,1068.1826,0.17326653,-51.153606,-1.4316883,2699.8584,0.046500515,747.8531,0.39817998,-61.957127,-1.0968878,-10.413759,-0.19370604,22.231157,0.11791741,0.05411869,0.23398298,-0.009783804,-0.7081319,0.31359196,0.29865056,24.57758,0.16292197,5.790237,0.7351022,-8.81757,-0.5188133,-5.3370004,-1.1739268,-10.471983,19.575384,0.027188681,-0.010746467,0.10356202,1.9667172,0.30487806,2.6299999,2.53,0.41666666,0.13767917,-21.357904
35.542137,0.039063495,34.6205,36.00099,36.32917,1.7086716,3.9729645,18.511934,298.93884,244.31715,1.6053152,0.67041934,0.33691892,2.0443602,2.7141154,2.3771966,4.393067,4.7526793,2.7436893,1.4881397,0.26326245,0.7949088,26.311455,0.2910627,-3.0358932,-3.528551,-11.988658,-1.5248328,-10.249759,-1.5340718,0.003411928,2.3949835,0.306359,1.139027,12.339173,0.16575634,-1.366284,-2.7697537,20.929176,0.21766795,558.14777,0.22470863,1504.5276,0.14200556,-75.1161,-1.3000754,1493.6747,0.09308812,1115.4846,0.13003126,-75.899826,-1.2651558,2839.9883,0.06202909,931.3049,0.6490037,-87.521805,-0.9933139,-7.992947,-0.5473522,26.459124,0.1729615,0.064440444,0.3629716,-0.012131516,-0.51511556,0.31117332,0.65140784,30.290806,0.0890429,-9.375077,-0.8351281,-24.309202,-0.43933746,-21.025469,-0.38152075,-11.705755,21.43943,-0.00026736126,0.0034865246,0.1929456,0.8805032,0.37974685,1.6433332,2.1625037,0.72499996,0.2642442,-13.327855
30.671661,0.021456787,30.195183,30.55072,31.014732,0.81954956,6.1442533,3.1232507,-0.30437398,3.9257772,0.5878616,0.6212032,0.23622128,0.5535957,0.98406565,0.74784434,1.4795442,1.0741549,0.95859355,0.31958702,0.13196632,0.5576637,25.182167,0.32138452,14.972031,0.35538518,7.2512746,0.7340178,-6.3109665,-2.2907457,0.004000756,0.7567567,0.40835884,0.9831968,10.293435,0.109179944,-3.1447842,-0.74138594,23.92079,0.15220639,709.35223,0.11609346,1301.4253,0.08505088,-103.12203,-0.95731056,1993.0889,0.08353291,996.9059,0.38017237,-113.481476,-0.77495134,2824.8828,0.06448586,1087.7223,0.27345654,-113.41961,-0.77567995,-22.005764,-0.08514505,25.259298,0.10622887,0.057235297,0.17476717,-0.046538386,-0.109527946,0.17906857,0.36037767,33.059036,0.068906665,18.324913,0.20837523,10.848698,0.42151904,-20.14676,-0.18717885,-11.697021,21.915674,-0.0018843389,0.0013988544,0.08723831,0.9708738,0.19607843,2.52,0.0,1.275,0.355,-22.333317
30.953648,0.10288415,31.449392,32.02568,32.35415,0.90475655,71.7431,50.025066,-45.50386,73.9605,0.46018627,0.64121974,0.13114086,0.537957,0.6732564,0.54211557,3.771906,4.8431683,2.2323656,1.7292882,0.11406527,0.7467117,33.05282,0.38110143,-6.179077,-1.2876961,7.8113394,1.2065064,5.374461,1.8473778,0.040712714,1.7583019,1.0890663,0.5301323,6.468562,0.42209294,2.14881,1.6064038,24.040726,0.20656495,510.96942,0.18120508,1454.7108,0.10081147,-87.42909,-1.0796379,1433.7247,0.050753284,1085.4639,0.13229334,-89.9537,-1.026446,2635.468,0.04720727,882.6186,0.28733602,-100.493835,-0.83146816,-9.7944565,-0.27913502,28.01501,0.17770262,0.014055551,0.96603113,-0.007906625,-0.7877509,0.16404416,0.4395094,42.80792,0.0677368,-9.2376995,-0.4409235,1.2918905,3.2437086,-0.49734458,-14.78673,-9.546842,20.499184,-0.020023601,0.020680677,0.047809176,1.4440433,0.36764705,1.5899999,0.0,0.55,0.01,-28.576967
31.242697,0.017458938,30.943726,31.086449,31.495483,0.5517578,3.2028115,1.8305198,4.781585,5.43277,1.2658923,0.45269266,0.48814952,1.4549656,1.6228702,1.1347207,2.5904627,2.248719,1.1546247,0.3237078,0.32984173,0.59930724,27.373795,0.13390075,-13.439725,-0.5798135,-12.0117855,-0.8691952,-3.8922398,-1.2520663,0.015026241,1.3538301,0.70936805,0.7654888,6.082595,0.77499187,4.41106,0.68697333,15.137859,0.3024927,652.32623,0.15564342,1359.746,0.09172047,-57.90947,-1.549528,1543.0122,0.048437275,1087.605,0.18038803,-52.776688,-1.7627488,2652.7283,0.0423745,742.84863,0.4082148,-68.00785,-1.2275118,2.9291189,0.5681891,20.313847,0.09594867,0.030403584,0.35365817,0.008695802,0.56953263,0.3859347,0.50109935,28.400082,0.07658601,-17.86359,-0.1839319,-17.531464,-0.16114803,-2.9148905,-1.6484942,-7.669637,17.042788,0.015236122,-0.0066835494,0.19613084,0.6980803,0.52816904,1.3399999,1.7548409,0.39749998,0.26461056,-19.894676
23.36515,0.0126747405,23.188791,23.36416,23.571861,0.38307,7.991516,6.2999544,4.7087774,4.175985,0.61972326,0.37695765,0.4539944,0.66131335,0.77197856,0.31798416,1.6530943,0.85472345,1.5922341,0.70260465,0.22984426,0.41926146,38.143333,0.16192271,0.9254789,5.1113415,5.427643,0.9045422,0.97549886,5.873355,0.018417362,1.1457019,0.7732927,0.5897284,5.216299,0.30601862,9.18513,0.22005296,26.269907,0.14163293,489.9811,0.21044716,1499.8293,0.099802695,-91.72242,-1.0121295,1397.297,0.116365,1334.709,0.1697486,-96.8662,-0.9105461,2371.5364,0.09825663,1058.4818,0.22109622,-103.195366,-0.80273616,-14.353503,-0.12271776,26.324926,0.12619692,0.0018646378,4.162774,-0.02286405,-0.2765144,0.23783208,0.2845899,41.081512,0.07248069,-0.1759041,-23.52167,3.6182325,0.8594535,2.8230217,1.738224,-14.117126,25.681026,0.0059036147,-0.014045879,0.22403142,1.7886178,1.4754099,0.37555557,0.5749031,0.253,0.29856488,-24.937584
26.615957,0.17332627,24.052874,24.349258,28.600506,4.547632,226.49927,268.30057,54.372665,39.54326,1.0239453,0.36540988,0.6983934,1.1497142,1.3285822,0.63018876,3.691258,4.6929946,2.4942276,1.6956648,0.23014152,0.4151145,22.986685,0.17291208,-7.3526235,-1.4736227,-8.46582,-0.86522067,-16.03061,-0.44198978,0.024215635,2.045498,1.173929,1.0243714,4.2479954,0.644564,0.8827624,5.8982925,13.327555,0.33441064,583.4834,0.41535124,1345.0012,0.13573883,-59.964226,-1.5238241,1539.763,0.17461544,1120.649,0.24159843,-56.340298,-1.5795176,2648.253,0.08387764,997.35394,0.41239148,-66.19844,-1.2523513,-4.6092563,-0.37336487,18.542707,0.14819306,0.03836049,0.3960082,-0.008030688,-0.57491255,0.24696918,0.2949605,24.16129,0.08924,-9.352384,-0.8726004,-11.120221,-0.4711836,-17.248045,-0.28704858,-8.007269,17.24029,0.04190283,-0.012566145,0.1921402,2.4072218,0.90725803,0.7811111,1.8995173,0.33499998,0.348102,-23.729513
33.005676,0.0040450217,32.891476,33.014038,33.105217,0.2137413,2.184187,1.1143198,1.7377788,1.0141191,1.045967,0.2788676,0.8834522,1.046741,1.2420839,0.35863173,1.6786991,1.573913,0.49320033,0.12739357,0.2837829,0.25350112,32.14686,0.10021859,-4.702557,-0.6726909,6.6047606,0.45421472,-9.593182,-0.40511736,0.007923012,0.85330033,0.89597607,0.51292366,7.91257,0.18030395,13.935691,0.14513488,24.556208,0.11896188,832.703,0.123305,1630.645,0.16473083,-28.303886,-2.0821886,1582.7852,0.05145048,1050.803,0.10291708,-29.286982,-1.970874,2863.0525,0.02746635,549.7821,0.3210742,-39.983326,-1.3541605,-10.421258,-0.1483642,23.115013,0.097249575,0.02090077,0.5340901,-0.0064690015,-0.59305453,0.29676065,0.21336766,32.987694,0.05325948,-5.064577,-0.58427274,6.654772,0.42133063,-10.10614,-0.35671926,-9.811361,19.765379,0.01356337,-0.005430118,0.17675915,0.5215124,0.1312336,6.83,0.0,0.38,0.12,-21.296112
34.271893,0.020929556,33.977875,34.123684,34.334938,0.3570633,5.8462806,7.547791,17.231234,7.6533456,1.215074,0.5521684,0.37621805,1.6140562,1.8141342,1.4379162,2.0695837,0.80366075,1.1806189,1.2461153,0.20499393,0.5832545,20.511469,0.31950465,-11.363173,-1.3218356,-3.5170314,-1.6660002,-4.233862,-1.3191596,0.007816628,1.6874118,0.4972916,0.6953119,8.888258,0.25168467,-1.2706769,-3.0698352,3.9566658,1.4709641,538.1813,0.18081042,1184.5656,0.12673415,-72.760704,-1.2533238,1492.0331,0.07816624,1040.602,0.15535043,-69.36055,-1.3422229,2638.4834,0.056988373,873.82965,0.26183408,-75.37804,-1.1766762,-1.9393337,-1.6231706,12.310416,0.32745913,0.04346171,0.27456385,-0.003910053,-1.3216263,0.26122615,0.4140687,24.03954,0.14050084,-20.422447,-0.42380077,-4.0863905,-1.1053897,-2.8938675,-1.4794213,-7.6268215,15.593198,0.030385913,-0.007211188,0.09542137,1.1435833,0.64102566,1.024,1.9281347,0.4283333,0.52122986,-21.423552
37.12321,0.08110567,37.694126,37.95832,38.17273,0.47860336,282.75583,158.4765,2.8028736,5.2818155,0.9104291,0.3067843,0.66016334,0.9449933,1.1078267,0.44766337,3.026815,2.866511,1.5143279,1.4620566,0.20896119,0.5226806,28.924568,0.2550063,11.357546,0.56138337,-20.321075,-0.6979922,-19.220657,-0.50348186,0.015556546,1.6638805,0.79396355,0.7032403,10.294346,0.27223513,1.3733025,1.8036834,34.648884,0.18777634,614.21716,0.30653933,1607.8789,0.122958474,-52.504684,-1.6408658,1540.442,0.16517349,1335.9374,0.18833373,-50.090923,-1.4190507,2765.2925,0.09875712,1199.8527,0.29157245,-64.288506,-0.9979269,-13.20956,-0.20166212,30.759226,0.16650902,0.06815184,0.14726484,-0.033478737,-0.2648003,0.21857756,0.52698535,31.820232,0.11991738,11.522636,0.55829847,-26.09318,-0.27470455,-22.97997,-0.21743992,-11.356166,18.389969,0.032515783,-0.022922114,0.16885634,1.5300547,0.32967034,2.47,3.4436123,0.405,0.28376925,-21.793163
32.515537,0.011251613,32.26873,32.4968,32.73633,0.46759796,8.298244,5.452374,6.541003,3.815503,0.71540946,0.22117399,0.60617924,0.7056215,0.8133134,0.20713419,3.323691,2.6817384,1.7283275,1.5969013,0.23204543,0.31209865,32.317036,0.118571006,-3.3870702,-1.4884537,1.2290047,4.8774214,-7.7511706,-0.62945145,0.012380684,0.9323487,1.3069791,0.64718753,3.8097417,0.7614577,-0.59468776,-4.675821,20.77417,0.4166433,483.61337,0.15247804,1320.8151,0.11899619,-44.488743,-1.7676276,1499.2776,0.06801602,1052.8313,0.12952553,-49.494793,-1.5233155,2570.821,0.08685609,1314.844,0.4181642,-60.81828,-1.1482416,-10.955829,-0.27432397,24.080053,0.13065435,0.012550286,1.1440395,-0.01767679,-0.44390738,0.22635396,0.30042288,32.78272,0.09776426,-3.1551862,-1.5399473,0.28906488,18.287788,-8.352937,-0.5230713,-10.135733,22.754913,0.012197389,-0.010139568,0.25643957,2.3021584,1.7391305,0.4425,0.58847433,0.12181818,0.11683851,-26.60833
35.088562,0.019949429,34.900795,35.064735,35.33005,0.42925644,3.209793,1.675045,22.371115,18.359264,1.727965,0.303998,1.445183,1.8433911,2.1629922,0.7178092,2.326738,1.4028571,1.3815831,0.91135156,0.47457948,0.41778722,33.087543,0.17161779,-22.124321,-0.34906745,1.4750832,3.100759,-11.994978,-0.46796346,0.010735075,0.7044315,1.0715574,0.59480584,6.0638576,0.682655,-1.0711828,-2.4634025,15.615236,0.2771204,842.257,0.14899695,1375.2881,0.11945721,-34.449493,-2.0276375,1713.3909,0.06853396,1130.4255,0.17276357,-35.60956,-1.9254049,2791.0369,0.06432658,846.7712,0.4110615,-47.190372,-1.3516266,-2.8699436,-0.90408343,19.236506,0.1505295,0.062446967,0.164732,-0.005690245,-1.5148758,0.5091099,0.3593043,34.869427,0.10143532,-24.135166,-0.2187088,0.57389957,6.5474567,-11.719612,-0.4051113,-7.69341,15.269777,0.0471045,-0.011109643,0.29191354,1.055807,0.30395138,2.79,2.6699998,0.31666666,0.25249863,-16.783045
32.178207,0.02531858,31.962982,32.155785,32.4713,0.50831604,39.64417,28.180746,9.996581,9.94572,0.77375436,0.3551266,0.4165548,0.8475387,0.9952132,0.5786584,1.6431814,1.3618433,1.4760237,1.1466739,0.14845426,0.49636412,23.91717,0.34741408,-0.48696652,-13.0081215,-7.434227,-0.83535075,-3.93045,-1.4989516,0.0044852444,1.292938,0.70459294,0.60438263,8.096425,0.26916945,3.2848804,1.1892936,18.412138,0.22481012,511.00168,0.22972357,1506.7178,0.12620303,-54.3616,-1.565495,1435.8676,0.07629307,1230.1301,0.25348896,-53.710213,-1.5724887,2433.3909,0.0996656,1488.8452,0.38126245,-66.31902,-1.164524,-5.5606623,-0.3478797,20.641039,0.14098181,0.03964442,0.26363787,-0.0061244313,-0.9383532,0.16764016,0.40168056,28.090916,0.12963805,-2.559735,-1.7683444,-9.60835,-0.4182428,-5.5464277,-0.75355,-5.72495,14.163823,0.021705352,-0.0021249468,0.09286477,1.7176999,0.3748126,1.99,3.8251638,0.5466667,0.5249338,-26.716524
36.993244,0.025871338,36.581974,36.807476,37.094246,0.5122719,175.2914,296.0524,13.456377,19.857447,0.8869023,0.434025,0.41754282,0.9632511,1.202822,0.78527915,3.2792675,2.4274476,2.003507,1.0048267,0.21374358,0.5081317,19.613445,0.34658387,5.997795,0.86113924,-10.77222,-1.0657569,-2.8426263,-2.4497457,0.008152154,0.5342946,0.7336819,0.42923903,9.556712,0.10683356,0.19245394,15.614302,19.89115,0.22880758,873.2095,0.09130077,1314.3523,0.13875003,-72.6528,-1.2374475,1687.5908,0.04816064,1059.8535,0.1330586,-74.99247,-1.1594564,2972.7156,0.047141124,624.8597,0.47454086,-86.16325,-0.9196264,-8.569487,-0.3049242,23.903362,0.12500365,0.039168693,0.29953367,0.0010305481,5.0959873,0.24753152,0.38124487,21.92003,0.1321894,4.45559,0.77897525,-17.733185,-0.2817563,-5.563383,-0.8249938,-7.7412906,16.391296,0.011026084,-0.0076731537,0.14611705,1.1764706,0.4301075,1.5575,1.5057619,0.59599996,0.42551616,-23.251898
32.427383,0.01213752,32.064594,32.388885,32.795177,0.7305832,2.8029497,1.5683337,2.8935328,3.2786665,1.2441926,0.4009064,0.5893984,1.4654468,1.5623237,0.9729253,0.925823,0.38659135,0.8441723,0.6327455,0.15501124,0.4574044,30.924358,0.3396169,-16.264837,-0.71991366,-8.483981,-0.62585133,-0.55246323,-8.512612,0.0036040691,1.2525561,0.42922255,0.6473302,11.144457,0.09259653,2.1477237,1.1939121,9.689114,0.36950475,541.60834,0.12118311,1245.5736,0.102479935,-47.067398,-1.6217183,1494.9518,0.04603365,1174.0674,0.21423884,-42.315533,-1.8543404,2562.2605,0.059849817,1122.1456,0.4649288,-54.101494,-1.3434169,-4.563953,-0.24147522,21.737627,0.18075083,0.03803808,0.20314784,0.0005750164,10.626242,0.17748204,0.24929568,35.869663,0.088485666,-21.663881,-0.20074153,-10.003017,-0.37793735,-0.03850475,-120.84061,-5.496829,12.79542,0.03146793,0.00043775118,0.068012975,0.68587106,0.13812155,5.7999997,0.0,0.705,0.345,-19.508549
30.498024,0.07300608,29.084415,31.20612,31.731598,2.6471825,188.07028,279.51602,132.4619,155.51984,0.6435657,0.51046115,0.34200442,0.5433653,0.95222044,0.610216,2.6589386,1.0619559,1.9544221,1.2798287,0.24684136,0.48904505,27.91441,0.20228869,9.464115,0.45698488,13.072677,0.40104887,-1.5217805,-3.8482034,0.020148704,0.7078694,1.0583758,0.54156804,5.945339,0.40627855,2.16038,3.1119144,18.54356,0.37732646,638.19855,0.25668344,1405.7156,0.15578777,-72.72111,-1.1802857,1723.4031,0.10066338,1063.6991,0.20625071,-82.02087,-0.9645401,2718.641,0.06534057,923.7899,0.29177073,-83.47933,-0.9372386,-16.818043,-0.18304309,24.469566,0.16392273,0.033202365,0.30389196,-0.025355736,-0.3153458,0.30540708,0.32721162,27.984526,0.16330305,9.357274,0.40674877,14.491841,0.286468,-0.37383258,-14.41236,-16.097494,24.18492,0.035336647,-0.022738615,0.13100234,1.7595309,1.7857144,0.37,0.5982196,0.17,0.17981471,-23.800814
32.896523,0.0212176,32.69095,32.82871,33.019768,0.32881927,300.47485,307.30075,17.668867,25.147743,1.374948,0.22258072,1.2486748,1.4316527,1.5616493,0.31297457,2.1042354,1.6631446,2.4355173,2.8890476,0.27951217,0.3064393,30.833616,0.110579394,-24.054026,-0.39275134,-1.073639,-3.9698272,-1.8716857,-2.3327153,0.0049098902,1.3366393,0.67377,0.51409864,8.028118,0.26821658,5.219446,0.4013925,10.2422085,0.3670208,734.26715,0.115887634,1392.7136,0.14192048,-11.652903,-3.8439155,1687.3772,0.059127793,1143.0374,0.22335646,-12.800012,-3.4675333,2765.5305,0.060357645,907.9969,0.43531466,-22.101166,-1.9125127,-1.0033666,-2.337327,14.225706,0.21630983,0.043476503,0.2229499,-0.00578951,-0.82225645,0.28190124,0.27934197,31.063416,0.09967977,-25.74086,-0.22916882,-1.3087838,-3.056473,-1.877756,-2.26016,-11.8544,20.349344,0.04091395,-0.019041615,0.247904,0.21586618,0.43336946,2.16875,5.231052,0.11875,0.061934948,-21.244608
28.12543,0.013662736,27.747797,28.064087,28.50841,0.7606125,4.7591743,1.0482693,2.1801739,0.49560955,1.5278589,0.43847966,0.7782155,1.7787623,2.0353518,1.2571362,7.2022123,8.527252,4.3119087,0.94036907,0.36005518,0.4626979,34.665283,0.1397103,-7.8451467,-1.0380564,-9.221558,-0.65241456,-8.951941,-0.6857051,0.004586789,0.56197524,0.46587744,0.9454987,8.640666,0.1268925,4.279237,0.32381514,18.794731,0.60347384,584.0762,0.16022813,1387.1172,0.08719003,-46.58,-1.745084,1484.6881,0.05562505,1053.6646,0.18804641,-44.748966,-1.8396379,2811.4458,0.059398707,789.971,0.67815775,-60.025963,-1.2371734,-3.4531085,-0.5932428,21.762829,0.14529279,0.026928157,0.3205236,-0.0025516802,-2.954549,0.3850804,0.22846195,36.697567,0.059682354,-10.641838,-0.6109135,-11.294281,-0.40295324,-11.611019,-0.29208922,-9.707455,23.129745,0.0073887426,-0.005464747,0.29864958,1.2779553,0.32467532,2.3999999,0.0,0.65999997,0.0,-16.640137
31.912783,0.00924559,31.782274,31.913628,32.083523,0.30124855,0.661734,2.2533805,2.8688903,4.4973435,1.3474092,0.4068053,1.0318227,1.4837567,1.6187456,0.5869229,5.480147,5.2495656,1.4158396,1.4147768,0.2277518,0.33315006,21.796215,0.14554279,7.921454,0.5703828,-11.240418,-0.6598421,0.7273296,5.402304,0.0039989487,0.57091105,0.5250256,0.39759284,9.305899,0.09537832,-0.23502496,-4.9904766,18.57972,0.16119929,622.65356,0.27073342,1450.6365,0.107625075,-43.621372,-1.7489684,1541.1259,0.1374798,1234.8721,0.20446885,-46.242096,-1.5814109,2637.9026,0.06386908,992.76917,0.33336672,-56.659046,-1.202439,-6.8708677,-0.20795378,19.75771,0.09372323,0.042409632,0.16619201,-0.011264295,-0.33596632,0.25426924,0.2160574,21.776478,0.07754647,7.7850256,0.57505643,-14.05794,-0.33827394,1.2882586,2.773344,-11.444227,19.980724,0.015897747,-0.012125538,0.113132365,0.40705565,0.13661203,5.97,0.0,0.65999997,0.17,-19.494938
33.27261,0.022498373,32.96552,33.13081,33.392345,0.42682648,141.0297,92.84934,120.17592,118.61066,0.5833624,0.4099664,0.42314607,0.58570427,0.7186357,0.2954896,3.2558424,5.1956487,0.94935733,0.3901514,0.09573846,0.9833458,32.692307,0.29254085,0.5836923,11.785787,-0.79820526,-5.5227814,-8.340642,-0.83102757,0.005568825,2.162242,0.42923802,0.85802287,11.082262,0.14297283,-1.1038208,-2.8903708,16.012615,0.20596907,761.9296,0.13491,1249.5507,0.090505555,-33.630726,-1.911742,1682.7906,0.07448702,1041.3276,0.1292031,-43.330177,-1.3752829,2840.966,0.034816865,583.0062,0.21830295,-53.11696,-1.0474919,-15.555578,-0.20863238,29.986029,0.118925974,0.032537438,0.34694284,-0.016276896,-0.25672767,0.10672269,0.928979,36.19688,0.0787313,-0.53555447,-12.330771,-0.9565292,-3.007273,-9.7180805,-0.5330826,-5.538798,13.124036,0.04642972,-0.0019846861,0.033984225,2.0477817,0.6968641,1.24,1.2099999,0.175,0.105,-26.138733
32.78418,0.00485514,32.654427,32.80545,32.903282,0.24885559,4.392236,4.367619,4.144596,3.4296286,0.80522376,0.5177685,0.16439952,0.9775235,1.1200907,0.9556912,1.8695992,1.9557447,1.0018698,0.36207604,0.13194165,0.6701279,34.1717,0.26678246,-14.856234,-0.40811318,6.883466,0.6353307,-11.011254,-0.57543755,0.012643964,1.4193108,0.7385122,0.7434298,9.164392,0.37992418,-2.6397083,-1.5191537,12.143883,0.35194767,702.0814,0.21131532,1528.6312,0.16790798,-49.624146,-1.5494947,1492.3647,0.04880511,1141.6597,0.23048246,-45.63256,-1.7055012,2829.6262,0.046067126,725.4665,0.5123301,-62.111588,-1.1201184,-4.4406886,-0.6182854,24.245125,0.1151851,0.020962708,0.4083658,0.007841306,0.4678592,0.16404419,0.44355544,38.507298,0.0683112,-16.844784,-0.27276918,6.1665745,0.6744476,-13.237854,-0.32376418,-3.8451085,14.746654,0.01571137,0.018717071,0.017768836,1.1320755,0.3846154,2.06,0.0,0.255,0.114999995,-23.240435
38.7291,0.010587609,38.394997,38.67136,38.89746,0.5024643,4.390145,2.9424717,1.5220385,1.6505272,1.6737674,0.30210832,1.6136279,1.7937199,1.9509056,0.33727765,4.7125244,3.3880174,1.8258685,0.7837038,0.2689482,0.49728152,33.599243,0.16873306,-27.453238,-0.27141377,-10.730857,-0.6034272,-22.949142,-0.28328565,0.0041592275,0.63477445,0.548164,0.34563318,12.583742,0.092091076,-6.2430015,-0.35060117,14.016623,0.37686628,698.27405,0.14807281,1538.5271,0.11714066,-21.503895,-2.7689378,1564.3187,0.07932871,1199.1981,0.2468441,-21.560993,-2.7016954,2809.853,0.10833148,881.28156,0.64847195,-37.40849,-1.4260576,-1.5647658,-1.1259426,21.07741,0.1580591,0.0628422,0.1606111,-0.00093199906,-4.4072256,0.28344548,0.43502736,34.967823,0.08058169,-29.332663,-0.15525638,-12.6058035,-0.26775572,-24.638382,-0.16235785,-5.2989683,15.58471,0.04862062,0.0046215574,0.13053872,0.88365245,0.14836796,6.08,0.0,0.315,0.125,-16.987043
23.170744,0.023940168,22.818836,23.077454,23.380043,0.5612068,8.33484,4.5629497,7.7283936,5.4452295,0.6836723,0.260768,0.6632721,0.7149226,0.7859424,0.12267029,1.5434241,1.1235996,1.3941716,1.1073189,0.24371971,0.28623044,32.93181,0.07907102,-3.7625449,-0.85915947,1.2150438,3.9680245,-11.915207,-0.4732713,0.0070797075,0.6048109,1.1094735,0.44203985,2.8136773,0.35118654,-3.0065348,-0.73569375,15.054886,0.20568831,513.6498,0.12870076,1361.4352,0.1557285,-36.040066,-1.8146814,1400.8251,0.04501216,1046.7129,0.13291873,-33.962048,-1.951315,2737.4155,0.033957813,660.19824,0.433904,-46.653137,-1.3119223,-7.0120945,-0.23385656,20.1154,0.12815955,-0.006719746,-1.5837145,-0.0020446891,-2.8808174,0.2643931,0.18209694,33.26609,0.060252722,-4.2281604,-0.71848965,-0.037745506,-97.56813,-13.275743,-0.34659517,-12.622542,24.567806,-0.00050603074,-0.0033802397,0.12171541,1.1577424,0.1457726,5.91,0.0,0.45999998,0.06,-27.273117
32.738735,0.04389044,32.761246,33.043137,33.36482,0.60357285,200.5669,141.01974,1.8270322,0.57738316,1.6672982,0.21894814,1.4444512,1.6778644,1.9325289,0.48807764,2.7230556,1.7138568,4.48422,5.3138924,0.57528275,0.34766164,31.493172,0.10924466,-13.597665,-0.40094915,-8.582716,-0.60720897,-9.797943,-0.4691559,0.013066742,2.1965687,0.9637194,0.552588,6.6567645,0.40591854,-2.200684,-1.5786654,16.833458,0.4895697,496.419,0.3239798,1497.5242,0.13570048,-22.294077,-2.8155887,1464.52,0.08679454,1191.4216,0.21692003,-21.976912,-2.7344484,2451.846,0.1033643,1357.4407,0.33724463,-35.71925,-1.5569216,-5.44394,-0.47192207,22.357212,0.13974014,0.0640009,0.16253924,-0.013195393,-0.5290908,0.55143034,0.28919953,31.62215,0.10284311,-13.889716,-0.39344695,-8.892122,-0.5702447,-9.3506975,-0.46605572,-7.187528,22.214191,0.05967582,-0.017920386,0.80203545,1.033295,0.69284064,1.28,2.1497285,0.14333333,0.14715827,-17.203661
34.357227,0.024269916,34.249184,34.456463,34.641502,0.39231873,149.57518,97.53034,0.82586604,0.0,1.3580313,0.47528234,0.41258565,1.5862141,1.8332652,1.4206796,6.89562,7.4885354,1.6542727,0.99426913,0.29358667,0.5684386,26.36903,0.22116907,-1.0536757,-5.703732,4.0594916,1.4844267,-10.492691,-0.6318788,0.012475861,0.8273691,0.60580695,0.6118085,9.877096,0.18826444,2.2222302,0.73217034,22.925922,0.16794755,544.32697,0.34442446,1546.9001,0.13099039,-59.418045,-1.5085028,1498.6282,0.074385546,1221.9271,0.25312495,-63.385773,-1.3296846,2512.346,0.10886668,1250.4037,0.36828947,-70.91908,-1.1238884,-9.620732,-0.21231063,20.722908,0.13023257,0.06992899,0.12625647,-0.015056635,-0.25439164,0.35435694,0.39993078,28.62367,0.06927815,-3.8867764,-0.8511138,1.8585774,1.9415942,-13.356005,-0.33008078,-10.818076,17.439442,0.039767306,-0.015375055,0.1414915,0.49423397,0.16611296,4.36,0.0,0.815,0.015,-17.72994
24.197224,0.036568012,23.884916,24.047632,24.27582,0.39090347,0.9791085,0.0,-0.7653428,0.0,1.3542552,0.27122438,1.1290846,1.3670038,1.6700937,0.54100907,5.002468,3.850418,2.9011202,1.4651892,0.53329736,0.36112118,37.869663,0.12548101,-3.0820553,-1.799606,-3.4747384,-1.6440527,-12.431424,-0.4847376,0.007346071,1.5907832,0.87261975,0.5977044,5.0954638,0.2513622,7.5408554,0.7620901,22.745152,0.33941478,481.03497,0.1839061,1365.8295,0.102650404,-16.852043,-2.4168348,1375.3031,0.093768425,1134.71,0.22535819,-19.322714,-2.073749,2550.5833,0.07140506,903.5392,0.27062026,-35.26552,-1.0386099,-9.111971,-0.26353085,25.110159,0.15656449,0.0083330665,1.3329082,-0.02007383,-0.3648463,0.5549955,0.31457153,38.623005,0.090807766,-3.4883487,-1.5370098,-3.8013322,-1.396177,-13.117655,-0.40634295,-10.611764,22.988474,0.047270667,-0.0024501765,0.16856848,2.5174828,0.14084508,6.7599998,0.0,0.32,0.0,-17.433619
33.527245,0.025191972,32.830585,33.523315,34.340378,1.5097923,19.455906,10.559151,9.198895,8.785657,1.1097039,0.29024944,1.0156718,1.1866592,1.3083485,0.2926767,1.4721001,0.73133576,0.8611492,0.6547771,0.21271802,0.42440864,31.593027,0.16111228,-0.56544346,-9.119877,-23.738436,-0.44871202,-0.03775181,-183.38522,0.008363526,1.6593769,0.59751636,0.6501552,9.690505,0.3682844,18.685287,0.3782832,31.252104,0.13202763,856.2179,0.13747503,1308.8586,0.12748201,-12.577757,-3.80868,1619.3304,0.059652314,1045.4125,0.19823135,-13.897574,-3.4164193,2998.728,0.037224382,585.6659,0.3994747,-36.957973,-1.1274227,-4.8196416,-0.6073294,29.480686,0.11074534,0.047620714,0.2805182,0.015601934,0.39612895,0.22386897,0.35882849,32.551285,0.091107525,-0.44205922,-11.110765,-26.198719,-0.17079669,-0.30387378,-22.870436,-6.326317,16.120983,0.0039217533,0.015228395,0.044949386,0.92506945,0.2788104,3.3533335,4.021064,0.20666665,0.22291006,-20.07884
34.195644,0.014637725,33.96913,34.137836,34.30006,0.3309288,147.52386,124.01022,14.877685,13.791673,1.2857685,0.50807285,0.419072,1.5833648,1.8120422,1.3929702,4.873136,8.038535,0.96159047,0.67777354,0.16664395,0.6214965,30.580359,0.3910909,-13.01471,-1.3495076,0.6448746,9.250575,-11.601021,-0.65826434,0.0025590584,1.5417229,0.32212123,0.82620364,11.886003,0.11963155,-2.7783492,-0.962705,6.8892484,0.44335824,630.43353,0.16197881,1440.5614,0.09529042,-70.10385,-1.2993342,1494.9365,0.055224665,1140.1879,0.13846397,-66.548195,-1.3922243,2865.1028,0.052051134,888.0902,0.79881954,-76.34128,-1.1240261,-1.1446751,-1.8199365,16.489494,0.14077006,0.038208727,0.3065126,0.0011884699,4.094447,0.18360308,0.64154935,38.251244,0.11024458,-24.594276,-0.25571504,-0.46484363,-9.560227,-15.383126,-0.3110718,-9.952154,17.877821,0.032487307,-0.010345136,0.13057296,0.8534851,0.42979944,1.56,2.1708217,0.5575,0.4149322,-18.770401
29.88157,0.02195086,29.771946,30.01505,30.173988,0.4020424,6.728145,6.3749223,-1.9869689,3.040909,1.564924,0.32560122,1.57472,1.7102634,1.836208,0.26148796,2.2976208,1.0772288,1.3999687,1.0335321,0.33133295,0.51669645,28.77066,0.17515934,-10.2301035,-0.47607747,-9.016811,-0.86867386,-17.54432,-0.39736158,0.0043251547,2.594681,0.5110949,0.7747866,9.376523,0.1437324,7.6875324,0.43675867,18.182293,0.23741956,617.72284,0.16605274,1400.6708,0.08536447,-20.756237,-3.0454328,1560.5015,0.07934101,1171.5135,0.1569961,-24.76778,-2.4959013,2681.2646,0.042291302,826.17975,0.43241072,-36.593094,-1.5744752,-9.486672,-0.29021356,22.404112,0.16251002,0.046078674,0.1774405,-0.023771409,-0.33944684,0.36209098,0.38156623,29.99592,0.11198665,-11.225984,-0.34106055,-10.779223,-0.58728033,-19.133429,-0.2692015,-8.573994,16.478996,0.029997623,-0.00071460253,0.03611254,1.3856813,0.23419204,3.79,0.0,0.45999998,0.0,-17.14741
33.99928,0.038814776,33.987583,34.150925,34.2656,0.27801514,171.26242,0.0,1.6738691,0.33460602,1.155045,0.38844854,0.5897644,1.2692446,1.5456293,0.95586485,3.74951,3.2570481,1.4292544,1.2884881,0.22214568,0.47400296,24.664068,0.18384697,-3.5546508,-2.2565675,-6.5589814,-1.2655246,-2.9019084,-2.2595563,0.008858245,4.931088,0.6023943,0.6253674,10.082311,0.18105772,-2.931102,-0.9993934,8.502698,0.7886909,742.22095,0.13129824,1358.8862,0.10473609,-54.72157,-1.4991164,1644.3741,0.059837658,1107.434,0.3152037,-54.82974,-1.4926003,2916.2722,0.07970289,812.1656,0.6555539,-64.53615,-1.1857444,-5.0948515,-0.54798204,20.091042,0.2527282,0.015175259,0.75429654,-0.0104152905,-0.40975818,0.23078275,0.408083,25.981827,0.11753759,-6.585108,-0.96274877,-9.108323,-0.77983814,-1.5751215,-3.872914,-10.465007,19.660297,0.019264534,-0.011811472,0.20019475,0.85679317,0.61576355,1.218,2.3021765,0.32,0.37532207,-21.364416
29.853207,0.16556588,21.250973,32.640915,32.80935,11.558376,213.51672,199.00351,38.834305,34.098377,0.78944886,0.49609226,0.29466715,0.85363716,1.1654799,0.8708128,2.88533,2.563578,2.8178184,2.498813,0.23594384,0.56526107,27.862333,0.19916034,-0.447356,-19.304169,-17.605831,-0.8255811,8.410567,0.639619,0.04468013,3.336177,1.1080693,0.76870847,4.572791,0.9010236,4.143792,0.627408,23.881477,0.13016693,812.8511,0.08583412,1340.8574,0.086504534,-90.42121,-1.0846181,1634.1294,0.039148405,1013.53577,0.08757895,-90.61794,-1.0807375,2828.0613,0.022862438,660.2185,0.284733,-102.1104,-0.8592907,-2.0019507,-1.6561279,23.412457,0.107337706,0.028376427,0.50050336,0.0011487355,7.6437554,0.27422643,0.37777555,30.980373,0.06571627,-4.9014034,-1.0045621,-26.361002,-0.14075087,8.569193,0.5475569,-8.581328,21.869162,0.022570416,0.004270361,0.19621521,1.7214398,1.7350159,0.30363634,0.4030852,0.275,0.55453134,-25.075695
29.727095,0.049465813,29.7225,30.064589,30.38804,0.6655407,23.751026,30.814308,-2.1319177,5.909117,0.9516687,0.3216437,0.6033888,1.0251555,1.2023503,0.5989615,2.9084582,2.2711067,1.9398563,0.9565374,0.30176795,0.3778752,32.892258,0.12636052,1.4274684,4.2368474,2.9553275,3.0838752,-26.59615,-0.6205154,0.011962617,1.1820921,0.9889579,0.5617104,6.497447,0.27775952,-1.7032185,-2.3436997,21.51998,0.26208788,519.70416,0.18920128,1421.495,0.10586135,-39.862812,-1.80285,1436.5647,0.09138498,1300.7761,0.22343284,-47.40708,-1.4431783,2591.428,0.09167479,1319.476,0.40683213,-60.37444,-1.034339,-12.479493,-0.23267032,23.30478,0.17456171,0.02133747,0.54059076,-0.027936514,-0.28757533,0.33007684,0.3040602,33.605717,0.10530987,3.2944093,1.4091514,1.8318319,5.048191,-32.531796,-0.33501875,-8.947627,21.680439,0.011457026,0.0034684103,0.17422862,1.8832392,0.57034224,1.4466667,1.1114354,0.28,0.16753109,-21.572657
30.831554,0.07731386,30.614304,31.250696,31.653608,1.0393047,103.42522,149.67894,48.615166,60.377247,0.558944,0.25656587,0.4416468,0.5763677,0.67457867,0.23293185,1.8681115,0.41875196,1.2475464,0.55202854,0.17063703,0.30978101,28.915754,0.20120522,-4.906825,-0.7683065,8.425009,0.43986824,7.555647,0.5548602,0.043366585,2.20188,0.9899333,0.35177112,6.101228,0.283075,5.207884,1.2389235,22.071693,0.22384831,658.6082,0.34489587,1575.1805,0.2168541,-93.91472,-0.95136243,1572.8678,0.14598255,1272.623,0.28040045,-91.37725,-0.9432513,2702.6267,0.09144085,1151.2968,0.40644315,-98.883354,-0.81033015,-11.084373,-0.17689998,27.335888,0.0982787,0.016599055,0.5995039,-0.0021186022,-3.4483995,0.19730414,0.17321274,32.7932,0.07652596,-2.7583263,-0.9105826,9.446908,0.40003103,8.427605,0.5082727,-4.8339195,17.12895,0.02202703,0.014099582,0.13327938,3.1948884,1.948052,0.29833335,0.38172483,0.22799999,0.1937421,-28.058111
26.432281,0.014477318,26.241665,26.382599,26.526876,0.28521156,2.104128,1.3478243,3.0295305,1.5769795,1.7712071,0.24693644,1.7616658,1.8672801,1.9689238,0.20725799,3.2019234,2.20354,0.28892347,0.0,0.665287,0.36562467,33.563465,0.107403666,-9.75628,-0.35426974,-10.311577,-0.673055,0.8044833,5.3922367,0.0044885613,0.8328643,0.8299599,0.4862149,5.765273,0.2193017,2.7254584,0.4642532,12.640352,0.16816957,464.6952,0.08722181,1230.141,0.08648751,-20.997795,-2.4386191,1304.8613,0.04765085,1080.5686,0.093592376,-17.189327,-3.0436068,2331.729,0.03818944,784.2079,0.17949441,-29.937998,-1.6264261,-2.8586252,-0.54195464,16.022928,0.12799376,0.018906578,0.32537782,-0.005818547,-1.0754726,0.711813,0.26759812,34.160004,0.06430113,-10.542538,-0.1852455,-11.8453,-0.27043837,1.2921741,3.090155,-11.9207,20.697367,0.023715397,0.00083964044,0.12626144,0.21413276,0.21645021,4.2599998,0.0,0.34,0.0,-16.063202
