F0semitoneFrom27.5Hz_sma3nz_amean,F0semitoneFrom27.5Hz_sma3nz_stddevNorm,F0semitoneFrom27.5Hz_sma3nz_percentile20.0,F0semitoneFrom27.5Hz_sma3nz_percentile50.0,F0semitoneFrom27.5Hz_sma3nz_percentile80.0,F0semitoneFrom27.5Hz_sma3nz_pctlrange0-2,F0semitoneFrom27.5Hz_sma3nz_meanRisingSlope,F0semitoneFrom27.5Hz_sma3nz_stddevRisingSlope,F0semitoneFrom27.5Hz_sma3nz_meanFallingSlope,F0semitoneFrom27.5Hz_sma3nz_stddevFallingSlope,loudness_sma3_amean,loudness_sma3_stddevNorm,loudness_sma3_percentile20.0,loudness_sma3_percentile50.0,loudness_sma3_percentile80.0,loudness_sma3_pctlrange0-2,loudness_sma3_meanRisingSlope,loudness_sma3_stddevRisingSlope,loudness_sma3_meanFallingSlope,loudness_sma3_stddevFallingSlope,spectralFlux_sma3_amean,spectralFlux_sma3_stddevNorm,mfcc1_sma3_amean,mfcc1_sma3_stddevNorm,mfcc2_sma3_amean,mfcc2_sma3_stddevNorm,mfcc3_sma3_amean,mfcc3_sma3_stddevNorm,mfcc4_sma3_amean,mfcc4_sma3_stddevNorm,jitterLocal_sma3nz_amean,jitterLocal_sma3nz_stddevNorm,shimmerLocaldB_sma3nz_amean,shimmerLocaldB_sma3nz_stddevNorm,HNRdBACF_sma3nz_amean,HNRdBACF_sma3nz_stddevNorm,logRelF0-H1-H2_sma3nz_amean,logRelF0-H1-H2_sma3nz_stddevNorm,logRelF0-H1-A3_sma3nz_amean,logRelF0-H1-A3_sma3nz_stddevNorm,F1frequency_sma3nz_amean,F1frequency_sma3nz_stddevNorm,F1bandwidth_sma3nz_amean,F1bandwidth_sma3nz_stddevNorm,F1amplitudeLogRelF0_sma3nz_amean,F1amplitudeLogRelF0_sma3nz_stddevNorm,F2frequency_sma3nz_amean,F2frequency_sma3nz_stddevNorm,F2bandwidth_sma3nz_amean,F2bandwidth_sma3nz_stddevNorm,F2amplitudeLogRelF0_sma3nz_amean,F2amplitudeLogRelF0_sma3nz_stddevNorm,F3frequency_sma3nz_amean,F3frequency_sma3nz_stddevNorm,F3bandwidth_sma3nz_amean,F3bandwidth_sma3nz_stddevNorm,F3amplitudeLogRelF0_sma3nz_amean,F3amplitudeLogRelF0_sma3nz_stddevNorm,alphaRatioV_sma3nz_amean,alphaRatioV_sma3nz_stddevNorm,hammarbergIndexV_sma3nz_amean,hammarbergIndexV_sma3nz_stddevNorm,slopeV0-500_sma3nz_amean,slopeV0-500_sma3nz_stddevNorm,slopeV500-1500_sma3nz_amean,slopeV500-1500_sma3nz_stddevNorm,spectralFluxV_sma3nz_amean,spectralFluxV_sma3nz_stddevNorm,mfcc1V_sma3nz_amean,mfcc1V_sma3nz_stddevNorm,mfcc2V_sma3nz_amean,mfcc2V_sma3nz_stddevNorm,mfcc3V_sma3nz_amean,mfcc3V_sma3nz_stddevNorm,mfcc4V_sma3nz_amean,mfcc4V_sma3nz_stddevNorm,alphaRatioUV_sma3nz_amean,hammarbergIndexUV_sma3nz_amean,slopeUV0-500_sma3nz_amean,slopeUV500-1500_sma3nz_amean,spectralFluxUV_sma3nz_amean,loudnessPeaksPerSec,VoicedSegmentsPerSec,MeanVoicedSegmentLengthSec,StddevVoicedSegmentLengthSec,MeanUnvoicedSegmentLength,StddevUnvoicedSegmentLength,equivalentSoundLevel_dBp
28.89891,0.07772593,26.93555,29.269775,30.603088,3.6675377,215.70213,353.623,61.641186,139.3313,0.46076322,0.68489367,0.14726403,0.4022458,0.71807027,0.57080626,4.1108155,2.4566371,3.024926,1.7594466,0.16432647,0.8591852,25.096508,0.5470969,3.1186202,3.0343065,17.509232,0.6903448,4.873086,2.03682,0.01852187,2.9797544,0.9279992,0.70675635,7.194339,0.3213998,8.590106,0.7843537,26.13216,0.34439227,634.58405,0.38388252,1341.2535,0.15338078,-111.5159,-0.8153156,1684.1932,0.17920756,1014.37054,0.2876268,-114.16502,-0.7509653,2711.9954,0.13222626,974.4256,0.2755898,-116.43353,-0.7161296,-15.661338,-0.39868596,23.790092,0.27171856,0.021461375,1.1121043,-0.015408317,-1.0524088,0.26490775,0.475928,34.553047,0.29745162,4.716663,2.1885157,18.460762,0.8266797,4.299239,2.7096694,-7.871059,16.349718,-0.0035758903,0.011323932,0.069447935,2.0618556,1.8832392,0.251,0.18398097,0.24714284,0.2335674,-25.43518
34.111904,0.04663158,32.88416,33.81646,35.04814,2.1639824,58.44886,67.88358,17.2746,13.417581,0.75945455,0.605705,0.40068632,0.58793944,1.0534557,0.6527694,9.404683,7.168221,6.542095,3.2515044,0.3483973,0.8723863,24.255972,0.5089245,6.048649,2.2331233,3.2488837,4.3177643,-4.700186,-2.8094044,0.015490721,0.9495366,0.86991614,0.7329381,8.050275,0.335054,10.970577,0.78403354,29.649933,0.33632594,617.89685,0.3218337,1457.2449,0.1790464,-132.54333,-0.67657745,1668.4246,0.15667897,1171.7527,0.24106124,-129.83723,-0.65611446,2738.0447,0.10167449,979.93604,0.33470282,-133.142,-0.6079633,-12.953635,-0.66816556,26.794064,0.30627826,0.033883195,0.4999925,-0.014800073,-1.0442078,0.57637936,0.6066866,32.579285,0.31993213,2.450615,5.928209,2.6589153,6.299259,-13.850583,-0.88912,-10.214683,18.727854,0.013170616,-0.0054742415,0.20679957,2.7586207,2.638889,0.13736843,0.089961514,0.21,0.1696172,-21.189768
26.917795,0.057792466,25.59953,26.80677,28.135847,2.5363178,23.333101,12.774052,21.25116,8.496486,0.4323619,0.6386139,0.15281355,0.38965127,0.6908265,0.5380129,8.267613,4.921537,5.418064,2.4981627,0.15606242,0.9602152,19.144825,0.7868731,12.109904,0.8809736,15.078301,0.86391264,-0.84700525,-18.291935,0.020949056,1.1732787,1.2831361,0.99994504,6.5796328,0.28399068,2.5181153,1.8497921,24.616943,0.27635124,612.37415,0.4138143,1310.9108,0.15629354,-121.32918,-0.73349535,1650.1394,0.20955722,1007.607,0.23172238,-126.05953,-0.6586718,2721.0916,0.11163275,975.6841,0.4627977,-128.15852,-0.6268878,-15.983895,-0.41052723,25.4412,0.2611682,0.021328796,0.9320727,-0.019800445,-0.91787034,0.22876172,0.5235695,29.663155,0.38458496,13.5617285,1.0270392,19.28219,0.8251261,-8.157492,-2.2721033,-7.909705,16.448952,0.0047760974,0.0031838943,0.1037576,4.2121687,2.3584907,0.172,0.124963984,0.216875,0.307667,-27.43665
32.6616,0.09900156,32.073936,33.405067,34.328648,2.2547112,97.27157,109.5428,38.709816,44.074512,0.63681567,0.55852145,0.3064974,0.5749316,0.98251957,0.6760222,10.22819,5.551303,5.9740605,3.9206543,0.2702864,0.7911673,27.585165,0.48730642,7.0481167,1.2528477,4.2606425,2.9384828,-5.7692513,-1.8825924,0.030591331,1.8809668,1.2741939,0.9127515,7.9364524,0.40592512,3.5875518,1.955595,30.931738,0.23190194,607.36176,0.29416198,1366.9172,0.121128544,-99.16929,-0.9516204,1687.5082,0.16128136,1039.2745,0.25943533,-107.16343,-0.79288846,2753.8098,0.10147674,967.24915,0.3314743,-111.43116,-0.72643363,-16.794647,-0.31088018,27.51476,0.26522025,0.037250124,0.44819936,-0.034623247,-0.41066194,0.36889648,0.59077734,36.563004,0.22773497,7.340535,1.2691172,0.31888652,40.501865,-9.64386,-1.2429681,-9.170698,16.306248,0.0076413895,-0.00827047,0.16691868,3.900156,2.992126,0.16473684,0.122404344,0.14842105,0.10673445,-22.641449
27.56217,0.093302794,24.931322,27.474953,29.494001,4.5626793,23.513626,8.377592,30.232397,11.237893,0.97443146,0.40822798,0.5468364,0.94700074,1.3721766,0.8253403,8.789668,4.9517994,7.9920964,4.2663875,0.46748847,0.5655204,19.368082,0.8079231,14.912311,0.7302183,-0.68612015,-21.554096,1.0009202,13.608348,0.01610841,0.91309905,1.1246772,0.7775138,5.2443066,0.41367802,4.1464043,1.8033104,26.258783,0.3432412,578.52783,0.36696845,1409.3041,0.13878658,-107.66951,-0.86569196,1613.7758,0.17467545,1103.8685,0.39711356,-112.03282,-0.7782618,2670.672,0.088802844,1015.43665,0.41826367,-114.966736,-0.728949,-13.045418,-0.55627537,24.214365,0.36555448,0.045059115,0.40068105,-0.027981343,-0.6034726,0.60566264,0.41019988,27.350855,0.45305988,12.069657,0.9545313,-3.7343268,-4.624907,-0.9299139,-16.226404,-9.858458,17.92741,0.03743948,-0.011478362,0.3513156,4.6728973,3.773585,0.117,0.09061456,0.128,0.094000004,-19.746683
34.69313,0.04490158,33.750275,34.44997,35.595657,1.8453827,68.163315,111.922455,16.507505,11.146547,0.73041224,0.49541444,0.39616516,0.61584085,1.0834678,0.6873027,6.7987976,5.7193356,4.2342877,2.499089,0.25000185,0.6535835,25.421474,0.3544228,2.115826,4.902896,4.4158344,2.6369379,-5.830756,-2.0461297,0.013159776,1.0671954,0.7527795,0.774952,9.456174,0.24704373,4.6755114,2.0421467,21.076689,0.3513665,638.3883,0.34125543,1389.1616,0.1510793,-114.52973,-0.81151694,1691.8783,0.14321096,1034.3158,0.35942352,-115.32251,-0.7629082,2760.0508,0.080684885,887.5691,0.43526524,-117.013535,-0.7364449,-14.3905525,-0.39152446,23.46225,0.28540865,0.037772425,0.47951308,-0.02351707,-0.4835348,0.32509127,0.5243295,30.003439,0.25747722,1.380245,9.367013,9.193691,1.5266924,-10.775897,-1.3292898,-9.455379,17.951162,0.01819435,-0.013621253,0.18418743,2.5491624,1.6812866,0.2721739,0.17751805,0.3026087,0.3196903,-22.784801
33.835567,0.028599031,33.348923,33.823723,34.538124,1.1892014,39.38148,45.728962,14.7484255,5.9857144,0.49391764,0.51365733,0.26482067,0.41544375,0.730364,0.46554336,5.955503,2.8732111,5.0286436,2.8304582,0.1548918,0.74569494,21.76479,0.63131124,3.925962,2.5945826,6.7377357,2.05389,1.8481783,7.1143723,0.011114646,1.0712309,0.911746,0.80083543,9.51062,0.28322375,2.0856142,3.615512,24.036224,0.31283307,640.6435,0.42085564,1380.5979,0.1882276,-84.32054,-1.0192283,1658.6323,0.17019269,1067.9144,0.21136573,-87.49233,-0.9159037,2750.6602,0.101859644,988.33594,0.31971642,-92.10683,-0.8305982,-15.181081,-0.4030021,27.09621,0.26649207,0.056156624,0.32451954,-0.012625731,-0.9617381,0.19528137,0.60259163,29.532701,0.31741285,5.526137,1.7351109,10.65113,1.3396993,-0.9428474,-15.655906,-2.9213805,10.472243,0.045145296,0.0069324533,0.086817354,4.5351477,3.211009,0.18928571,0.13263614,0.09466666,0.06878629,-26.329445
32.321224,0.06671415,31.439095,32.084732,33.712837,2.2737427,72.63676,60.472824,26.768108,22.633808,0.6004188,0.5419682,0.27508074,0.53029275,0.9159907,0.64090997,7.1866302,5.3659964,6.94128,4.991377,0.2432329,0.8468922,20.111849,0.66943175,10.257786,0.9455956,3.8942437,2.9830909,-0.732526,-13.336271,0.021569205,1.2561647,1.1684278,0.77365094,7.5798697,0.31841865,7.6331167,0.7215558,30.4437,0.2496949,679.7539,0.27569854,1463.4481,0.21030201,-138.27768,-0.61801153,1703.6693,0.14133884,1097.7109,0.29786095,-141.76982,-0.558694,2826.659,0.08599763,872.4035,0.36256337,-143.83452,-0.5300807,-15.358073,-0.40245408,24.969423,0.268026,0.03848218,0.37303114,-0.022754615,-0.62879884,0.4012276,0.5324106,29.99567,0.27993354,13.572614,0.50728,2.1157107,7.113587,-6.9202995,-1.5857108,-8.492129,13.889762,0.017291535,-0.003200375,0.16845249,3.9051604,2.6685393,0.11526316,0.108694084,0.227,0.27160817,-24.484886
36.623684,0.1218277,34.54491,35.703064,37.871872,3.3269615,81.96821,105.46904,58.25071,73.888664,0.9881263,0.5296804,0.43056732,0.93795055,1.5084329,1.0778656,9.799543,6.2963347,7.3587065,4.4345365,0.42342928,0.7909983,19.349499,0.75926405,11.578504,1.0705701,0.5716454,21.38115,-9.408517,-1.364067,0.015457435,1.7366406,0.7669619,0.85966593,9.273362,0.37093252,8.750562,1.2059577,27.473286,0.39134297,660.84937,0.2737598,1370.6128,0.16746214,-112.10523,-0.8280234,1763.4291,0.15570483,1075.1637,0.31517494,-110.262276,-0.7781169,2790.838,0.09614005,934.0575,0.32532418,-111.24024,-0.7608221,-14.9160795,-0.6850615,24.091604,0.45204896,0.059142232,0.38607407,-0.02834288,-0.6794255,0.59186053,0.5693151,25.165428,0.54874945,11.308192,1.271224,-0.12203803,-115.55749,-14.745524,-0.9547806,-8.422877,15.857287,0.023289597,-0.0143935615,0.2481572,3.4307497,2.0460358,0.24125,0.17247735,0.22625,0.27241683,-18.246777
27.125778,0.061017968,26.515327,27.342115,28.011423,1.4960957,135.26166,153.12442,2.1633174,47.51703,0.725169,0.5838699,0.33203277,0.6873644,0.9902811,0.6582483,6.811485,3.6190758,5.290997,2.1278505,0.2755776,0.6258164,28.144947,0.6188148,6.227447,1.6554173,12.529801,1.1610471,3.9694831,2.9917438,0.01848506,3.1600463,0.8496961,0.72799206,7.0093765,0.2824327,3.6973302,1.4970706,26.88719,0.32957062,594.9963,0.37748262,1410.6576,0.17623001,-97.38609,-0.9314949,1624.9756,0.16974412,1041.2844,0.22642274,-102.71367,-0.82712966,2679.8809,0.1271595,1042.6537,0.27245766,-106.769516,-0.7613492,-15.403008,-0.4348145,25.353565,0.26289478,0.02878214,0.6137343,-0.021015659,-0.703837,0.35982928,0.43939456,38.135406,0.26644817,4.929936,2.027457,11.990386,1.4586092,5.4808583,2.3040562,-8.373903,16.754255,0.019025844,-0.00093919307,0.17942992,3.1963472,2.9141104,0.17789474,0.13040742,0.1375,0.077257685,-21.450079
29.245928,0.08485074,27.243217,28.927584,31.73933,4.496113,51.08025,55.54345,40.092014,53.72529,0.8500523,0.50852096,0.4716497,0.739832,1.2315518,0.75990206,9.306081,4.8981533,6.347496,3.1267464,0.4378527,0.66595733,30.345032,0.36493027,6.476823,1.4446446,4.3952413,2.7767098,-5.7499013,-2.039525,0.016280267,0.9855073,1.0349908,0.8640907,6.8148756,0.3202925,1.0081505,6.7308683,26.03353,0.49249527,566.975,0.31196284,1359.4637,0.12112625,-117.18882,-0.78771883,1608.0508,0.1721837,1136.361,0.2685877,-122.166084,-0.7005029,2677.6628,0.10648521,974.11017,0.29695472,-126.04647,-0.643336,-15.918341,-0.46509382,27.574978,0.2665637,0.025009342,0.6446184,-0.027109792,-0.6488192,0.6007328,0.44050136,37.09176,0.20581642,8.324182,1.3294631,2.2516496,6.71016,-6.300898,-2.4640262,-11.590996,21.086649,0.013194908,-0.012654588,0.312626,2.8605485,2.2781775,0.18368421,0.09863332,0.23526315,0.1920079,-19.465628
35.98755,0.045416985,34.72362,36.39206,37.20735,2.4837303,101.77775,149.0158,19.708662,9.337502,0.6443376,0.48126626,0.35798958,0.58078086,0.93972445,0.5817349,6.537602,3.4552963,3.559596,1.754193,0.22535816,0.6341657,26.880728,0.35507488,-2.6885328,-3.5376806,4.6351657,2.3510947,-10.539939,-1.5311888,0.01502293,0.99925745,0.9741666,0.60705936,8.646232,0.35646966,3.406814,2.657596,23.20021,0.35790256,659.88794,0.3228825,1401.4958,0.1622667,-101.77192,-0.91978824,1692.3473,0.1670949,1209.3259,0.31246153,-100.23739,-0.8632018,2731.8914,0.08951685,902.5047,0.2910884,-103.06838,-0.813888,-14.235457,-0.41475344,24.930014,0.26003718,0.044245917,0.5177861,-0.019863386,-0.7395834,0.29060292,0.47431356,33.051014,0.19707166,-2.702838,-3.7682304,2.6509795,4.4413614,-18.583054,-0.881336,-6.421545,16.268427,0.012117933,0.0038717117,0.1472685,3.0729833,2.4484537,0.2168421,0.18932159,0.1625,0.12267335,-24.635323
34.3581,0.061561294,33.11329,34.18663,35.565598,2.4523087,97.03191,214.85915,26.228725,49.37767,1.190631,0.46364242,0.69807976,1.0460149,1.7911137,1.093034,10.085739,5.7922907,9.138809,7.185406,0.44170308,0.726535,11.35803,0.98994714,3.9759161,3.240192,1.6765635,8.483725,-1.2217284,-8.660768,0.013160973,1.0955938,0.73369884,0.8645973,7.6842303,0.39967102,4.325629,2.2689204,17.559607,0.5780781,543.3125,0.43623427,1311.71,0.15338609,-122.716385,-0.7705423,1622.7108,0.14838004,924.97546,0.29727367,-112.57444,-0.816177,2629.051,0.10247153,986.32196,0.3360728,-113.628624,-0.7984835,-9.139404,-0.6671899,17.063656,0.43989968,0.06295694,0.27513304,-0.02505727,-0.5220443,0.61104965,0.54925734,19.124712,0.4320301,-1.2474115,-11.10735,-1.2854375,-13.764134,-2.7476559,-4.542374,-3.730595,10.213434,0.029208299,-0.006720977,0.2959066,2.948403,1.8914474,0.23695652,0.18686043,0.26,0.30204853,-19.393864
24.36633,0.05530434,23.269302,24.18068,25.756845,2.487543,40.45321,39.281376,21.955967,8.063269,0.7558916,0.5099756,0.3922329,0.6797747,1.1137528,0.72151995,9.078006,5.705834,8.19542,5.301888,0.36120394,0.6471921,26.502546,0.47548112,10.9764,0.8808259,10.567449,0.95890033,-2.4272003,-5.388343,0.019771557,0.88493955,1.1075959,0.88687474,5.041503,0.3547278,-3.0992048,-1.1030675,23.890684,0.2689852,573.20776,0.4023068,1350.6274,0.13197549,-117.14261,-0.78803796,1608.9359,0.19495235,1113.8113,0.2730042,-122.40151,-0.6973785,2674.1228,0.11590282,1006.37006,0.33608022,-125.65335,-0.65031606,-17.041353,-0.35940862,27.504017,0.20669056,0.022158675,1.0297681,-0.024229303,-0.73084044,0.47987363,0.44981924,33.99646,0.23110667,10.126348,0.7427731,10.302733,1.2819935,-8.559057,-1.9051728,-12.294488,21.860231,-0.00016808581,-0.0061371834,0.2731054,3.7453182,2.1356783,0.19647057,0.12414135,0.23722221,0.3004035,-20.833605
29.920572,0.18510528,21.623867,33.19583,33.845005,12.221138,59.818527,72.29001,52.208324,35.333633,0.70103174,0.49429932,0.3876365,0.6341296,1.052115,0.6644784,10.262238,7.5119953,10.358517,8.441417,0.31503513,0.7051864,21.478277,0.76827574,11.110666,1.0351061,15.610709,0.9137114,-4.5847583,-2.5999813,0.031707868,1.3082811,1.2745861,0.7228635,6.5287156,0.50013393,8.798234,0.984962,26.5077,0.5346223,540.0337,0.3926681,1376.9711,0.123203084,-120.30087,-0.7651907,1612.6709,0.17458229,1036.6212,0.2792427,-124.481804,-0.67836124,2656.0652,0.103735626,943.5871,0.29210755,-126.011505,-0.65532935,-16.804083,-0.36991015,24.43539,0.31358176,0.034680616,0.4279375,-0.022643872,-0.6553198,0.40127236,0.5066255,32.966293,0.23656988,7.248886,1.3946065,17.625557,0.8465683,-8.809069,-1.2871395,-8.855921,15.613757,0.0068948623,-0.0076460675,0.25583774,5.046729,3.018868,0.13125,0.086737745,0.19133332,0.1435208,-22.52302
31.427254,0.07633836,29.37488,31.83606,33.255314,3.880434,37.26052,43.852325,23.420895,22.08115,0.5627765,0.47214937,0.2936272,0.55618614,0.79714394,0.50351673,6.934226,4.4551973,5.3538423,3.746128,0.19180854,0.7270891,19.041458,0.91741294,16.664255,0.66184336,4.172977,3.1921895,2.1814811,5.639985,0.021720726,0.9441495,1.0143294,0.86707145,7.8215327,0.4010499,2.9585235,2.1937695,28.543045,0.32889548,646.44135,0.31687737,1406.0249,0.14428282,-110.524155,-0.81555,1703.4662,0.16005751,1103.0358,0.29558295,-116.258385,-0.71001565,2808.2207,0.0902973,923.337,0.36628088,-119.437805,-0.6631881,-17.232182,-0.44459805,29.00425,0.33414188,0.037588738,0.46490595,-0.027584668,-0.53573436,0.2570019,0.5336702,29.844347,0.4436995,18.468431,0.58145976,3.4656622,4.699475,-2.3980305,-5.8542953,-7.045835,14.817451,0.020306904,-0.0018752121,0.1323308,4.5519204,2.722063,0.17,0.13795498,0.16799998,0.20616983,-25.424065
34.53638,0.040775076,33.553482,34.354786,35.64812,2.0946388,15.524148,8.100183,26.960075,26.17783,0.8083375,0.40220192,0.501932,0.75523084,1.111153,0.609221,5.9839735,2.8869922,5.6039205,3.1155715,0.4139238,0.63099086,24.54583,0.43966806,15.07835,0.7514382,5.8214602,1.9865767,-8.93107,-1.4429672,0.017585035,0.8823671,1.0742506,0.76618546,8.567384,0.33034334,15.885629,0.5722602,35.263355,0.20233187,682.27435,0.30554906,1422.8984,0.15049478,-102.38137,-0.90245205,1742.1274,0.12901776,1058.5964,0.30015022,-103.86132,-0.8076641,2887.169,0.086453915,893.8211,0.4018218,-107.66028,-0.74737334,-19.103888,-0.30957538,29.084276,0.23995835,0.07364164,0.18723541,-0.029833773,-0.39858267,0.47902796,0.55155635,29.634089,0.25197956,12.4229765,0.7420989,5.1139946,2.3200977,-14.40044,-0.84072757,-14.611982,21.892553,0.060860883,-0.021593332,0.34455124,3.1390135,3.3132532,0.15409091,0.12264726,0.12173913,0.114346996,-19.459291
33.924187,0.08432108,32.922825,34.124416,35.380066,2.457241,57.34147,57.353504,133.1721,238.00893,0.711662,0.5718307,0.38868392,0.55652034,1.0792248,0.6905409,7.8689413,4.1805453,6.3906126,4.435808,0.3364528,0.6688652,29.823565,0.33417907,5.0859003,2.1674573,9.654062,1.1648923,-8.302181,-1.5987358,0.018549943,1.0391828,1.1375383,0.72020763,7.7413125,0.32007235,8.025516,0.97971076,30.274565,0.2343775,602.447,0.33351392,1433.0762,0.11272497,-119.98711,-0.7772098,1668.8994,0.16379844,1092.5698,0.3100471,-120.072174,-0.71353686,2736.6646,0.090506375,1009.7372,0.3997176,-123.22583,-0.66753334,-15.692071,-0.3723862,26.073809,0.2619634,0.032453652,0.5669537,-0.02100589,-0.6569434,0.4562579,0.50949836,35.250008,0.19733964,0.95113236,12.41149,10.729701,1.2656559,-16.004745,-0.9266996,-13.269726,22.906479,0.009997098,-0.009598969,0.24420576,2.9900334,3.2293987,0.12724137,0.0943543,0.16714284,0.15282708,-21.645126
33.131523,0.04897488,32.021088,32.758472,34.07057,2.0494843,61.05648,100.95973,21.775318,20.564219,0.68661827,0.61378855,0.30249083,0.5727124,1.0966505,0.79415965,9.280169,5.4329205,9.484364,3.894415,0.27978852,0.80074906,20.643517,0.7428978,7.523879,1.8837233,10.22699,1.4137164,-4.783286,-3.4494786,0.01684039,1.1063468,1.1037984,0.99037087,7.9848566,0.34600654,6.7492733,1.2278491,23.577848,0.35374492,610.7103,0.32569253,1394.5931,0.15867001,-103.6828,-0.88834304,1674.3839,0.15955,997.6789,0.36472315,-106.18429,-0.80953825,2741.3484,0.08144134,933.82404,0.494034,-108.313835,-0.77292025,-12.57792,-0.56523997,21.74977,0.39949846,0.05020718,0.38370913,-0.023428615,-0.5778571,0.39310887,0.5282985,29.28502,0.41077983,2.980507,5.1439567,12.686538,1.3436455,-14.702518,-1.1099602,-7.86417,16.277617,0.015918259,-0.00044191603,0.15942891,4.900182,2.930403,0.169375,0.11556755,0.14235294,0.188509,-23.46488
33.520992,0.061599758,32.36831,33.43039,35.017967,2.6496582,87.22419,105.36472,37.71491,31.216618,0.90484655,0.5843987,0.43463576,0.74958277,1.3559731,0.92133737,15.5960865,8.239509,12.973123,9.467277,0.4644172,0.7908117,24.386667,0.51065505,3.5852745,3.020694,11.641714,1.319422,-15.134243,-1.2923527,0.016610416,0.90591687,1.2295331,0.8808341,7.092413,0.37139735,5.1169896,1.6047069,25.008278,0.37497747,565.7431,0.34358272,1385.7426,0.14228028,-113.16234,-0.8271435,1665.9688,0.15314442,1065.1257,0.36525354,-115.25787,-0.7451558,2717.2642,0.07656886,989.11804,0.4472392,-116.550026,-0.7255238,-13.422817,-0.43556637,21.756216,0.28613296,0.04021494,0.39264995,-0.025284344,-0.5648567,0.6738564,0.53557193,30.801664,0.2995233,0.23342837,49.977325,16.849129,1.0776585,-27.329033,-0.68946064,-9.385367,17.52339,0.014899773,-0.008991273,0.28496262,4.1733546,3.0744338,0.14368421,0.08323781,0.1605263,0.14950705,-19.782013
37.47764,0.09548184,37.17925,38.32701,38.970936,1.791687,46.296627,55.680946,26.92772,18.858452,0.9999742,0.58117634,0.4573418,0.82597065,1.5318341,1.0744923,13.080758,7.9982104,12.896223,6.45466,0.4437683,0.833907,18.655163,0.64108664,5.635507,2.4547415,-0.06543475,-182.19893,-11.561445,-1.3652166,0.019171704,1.2895288,1.1137265,0.97956806,9.545669,0.40527704,9.800471,0.76253974,25.675148,0.26208073,675.1996,0.3089478,1419.307,0.18729007,-124.88943,-0.7247007,1717.9818,0.14741142,1155.789,0.36838192,-118.41135,-0.72599196,2749.8677,0.09923182,965.90955,0.5322529,-120.39652,-0.69613755,-12.45165,-0.48087543,21.988352,0.36970237,0.06910514,0.27077314,-0.02544955,-0.51401424,0.6680517,0.57590955,24.325426,0.39241356,-0.10367962,-147.68983,-1.082955,-13.340035,-21.873837,-0.7578304,-8.635843,16.717415,0.033829648,-0.011978497,0.26156747,4.366812,2.785924,0.1536842,0.10453962,0.17549999,0.26770273,-18.869173
31.054243,0.07795053,29.305899,31.285849,32.63298,3.3270817,113.115105,117.92256,57.273174,66.36101,0.62096465,0.46564648,0.37343603,0.5774109,0.8459095,0.47247344,6.36856,3.4503038,5.470834,2.886885,0.2657448,0.646805,19.481913,0.54691046,17.031672,0.6331126,3.1098692,3.414299,3.025502,4.866331,0.01930319,2.1959465,1.4861587,0.6994938,5.7162256,0.5062691,-0.030233042,-208.51576,24.608473,0.49600348,612.2063,0.30459225,1393.793,0.165143,-93.5144,-0.9719076,1680.0039,0.13522322,1058.0017,0.27104506,-98.348175,-0.8475845,2726.7217,0.08852503,972.76,0.3081777,-100.99411,-0.8030679,-15.680891,-0.33304286,24.49794,0.24306414,0.060376897,0.25004852,-0.029368753,-0.57504094,0.30347306,0.5589423,24.749222,0.3151952,13.919603,0.7172333,1.6335976,7.0720077,-2.911087,-5.0741496,-12.298793,19.908298,0.04547547,-0.01102517,0.22309123,4.7706423,4.104478,0.12863636,0.08242326,0.1035,0.10243413,-25.141708
34.35044,0.05651602,32.969666,33.889374,35.789646,2.8199806,113.78006,182.46883,26.262405,29.953642,0.82930315,0.3883689,0.57725245,0.7959302,1.0951123,0.5178599,6.4316287,4.363887,5.3209696,3.1181757,0.33010718,0.5515454,26.824171,0.5183334,6.253736,1.9423224,1.4388231,10.340813,-8.851516,-1.4104326,0.01815402,1.53823,0.9919399,0.6531164,7.391007,0.4665838,5.9037848,1.346506,27.598797,0.29121625,624.07306,0.29930526,1428.6061,0.11196688,-84.030914,-1.0763254,1641.7526,0.15163478,1125.1464,0.2929753,-87.30459,-0.9544483,2760.6433,0.07910571,929.3037,0.38631523,-92.49027,-0.8560306,-14.316309,-0.49589595,25.47476,0.31648096,0.04103454,0.44592613,-0.022622893,-0.57118547,0.3742689,0.4745867,33.003197,0.30595034,4.65833,2.3103156,0.25742003,61.70746,-11.613478,-1.0410678,-9.098404,18.13084,0.026123965,-0.0074474737,0.26278454,3.8514442,3.1944444,0.1852174,0.16888046,0.102916665,0.047563914,-22.331545
29.8349,0.08588507,28.463242,29.73592,31.862896,3.3996544,148.77875,248.96432,38.849663,29.615044,0.837586,0.41948047,0.526397,0.7196443,1.1619071,0.6355101,6.9050035,4.3899975,6.209398,3.732449,0.3404952,0.6376874,15.874716,0.60826313,8.617574,0.8292239,6.953908,1.6493281,0.81982136,12.548474,0.028340874,1.7267346,1.1664034,0.5650487,5.9294853,0.43125337,3.445213,1.979005,23.534088,0.3561019,664.69556,0.39862654,1325.5165,0.15997148,-134.32144,-0.6529459,1708.8712,0.20081699,1055.2081,0.24791305,-133.63681,-0.6308619,2720.1287,0.11476363,982.73047,0.4114036,-135.98164,-0.5974657,-12.020099,-0.4886402,22.55214,0.27337843,0.032302164,0.59072983,-0.014714037,-1.0050325,0.48765752,0.409658,25.080439,0.237737,7.658975,1.2700067,3.5142386,3.964593,-1.7007749,-7.504773,-6.303456,14.84994,0.006255942,0.0044726743,0.25935206,2.73794,2.3622048,0.1461111,0.12229921,0.2431579,0.3432822,-22.594028
23.921125,0.0688171,22.850918,23.702007,25.44226,2.591343,51.88274,64.19736,21.96194,9.138188,0.74108475,0.40112948,0.4622686,0.68921405,0.97318727,0.5109187,7.1787114,4.4997067,5.26426,3.7875295,0.30803156,0.724737,18.911392,0.73081523,7.7316732,1.4072382,3.8495436,3.2602794,-2.7250705,-4.427787,0.017796962,0.8628733,0.8821895,0.87344563,4.200022,0.48468554,4.0729995,1.1394683,25.55701,0.23884097,573.7183,0.351955,1344.0564,0.14844015,-122.62719,-0.7466003,1637.6842,0.17953712,970.2488,0.20511544,-127.41226,-0.6719682,2655.1304,0.105157666,995.39246,0.27964243,-129.39568,-0.6422914,-15.192178,-0.32911617,23.625746,0.23721096,0.038677018,0.5321786,-0.02891115,-0.51996267,0.46064952,0.4762292,30.960274,0.25400165,8.44383,1.0691795,9.511981,1.4619911,-8.514276,-1.6531847,-5.822097,13.239157,0.038991705,-0.0049610506,0.21131183,4.3872924,2.8963416,0.12789473,0.12614022,0.187,0.22869413,-23.068779
32.97415,0.069792934,30.977892,32.990288,34.67265,3.6947575,42.456642,68.434845,66.98392,138.37178,0.6712689,0.6016349,0.27896276,0.60018355,1.0064976,0.7275349,6.9621563,6.670422,6.341911,2.9567602,0.31181568,0.8736635,26.678328,0.6069335,10.047785,1.2558099,1.6841903,7.6178,-10.582659,-1.1964387,0.015427618,1.0096365,0.9714748,1.0065447,8.575623,0.29177108,4.3104205,2.0176241,36.133564,0.25702274,655.881,0.27763748,1470.1025,0.15070508,-104.826836,-0.90363973,1701.6171,0.13227619,1142.9691,0.2773374,-110.03791,-0.77993363,2818.0793,0.09027334,976.9461,0.33657917,-115.01152,-0.70402026,-18.67349,-0.35745794,32.197254,0.27263832,0.07228639,0.21388242,-0.032874927,-0.45263234,0.45095772,0.61884475,36.584248,0.30923778,8.343084,1.5658059,0.47951815,31.93944,-16.533916,-0.8195313,-9.710069,17.447105,0.04755087,-0.013267556,0.17135246,3.2742157,2.335165,0.2082353,0.15986152,0.19882353,0.15200163,-20.866575
33.065464,0.06841033,32.748672,33.311646,34.008682,1.2600098,17.972929,7.5410132,1.1054295,13.712154,0.52154356,0.58428437,0.25331137,0.4297807,0.81838226,0.56507087,6.842377,4.43304,5.380881,2.9518797,0.21760659,0.5976613,14.343507,0.82591635,22.59266,0.43850794,7.4165087,1.3719718,6.340047,1.9685612,0.014356899,1.3837194,0.9433943,0.88435125,8.64757,0.2435145,7.472229,1.2371719,28.425867,0.26113904,531.7691,0.34949395,1367.2047,0.13971399,-130.06549,-0.6931858,1619.8671,0.15749602,1049.8928,0.29701248,-134.49008,-0.6121751,2678.4175,0.09284256,929.36475,0.32195628,-136.29068,-0.5865233,-18.087776,-0.30809847,25.608292,0.2335468,0.007628379,2.1555,-0.025660586,-0.5291236,0.29985923,0.41192338,24.578798,0.31384066,20.73605,0.49072444,4.7594657,2.658872,0.26843995,54.722115,-14.900713,22.905693,-0.024840765,-0.0018164292,0.17799217,3.529412,2.5,0.13947368,0.118476,0.22799999,0.28821173,-25.426523
30.366827,0.17379695,25.8986,27.8986,36.355545,10.456945,227.67273,382.51385,26.135437,14.13772,0.4906134,0.69331557,0.25215578,0.36448887,0.65286857,0.4007128,5.7188134,5.7149262,4.279323,2.8974125,0.19270426,0.96036094,20.76809,0.3284369,7.1238694,1.5386971,8.721253,0.932898,3.4221075,2.423274,0.022974411,0.6644445,1.277275,0.5622584,6.405958,0.42578167,5.1919546,2.0759377,22.252436,0.50204825,591.721,0.36121923,1375.3444,0.17366698,-151.36946,-0.53290105,1656.4514,0.11053133,1039.3494,0.24599499,-153.33746,-0.49113786,2692.3906,0.09432256,1066.7759,0.36847416,-154.29561,-0.4784892,-17.9084,-0.42952526,27.08087,0.33422777,0.038055472,0.48835444,-0.018936541,-0.66504586,0.3770095,0.6522653,25.748457,0.27751476,14.2049675,0.900713,13.734952,0.800062,6.093635,1.8731972,-9.625772,17.747175,0.039240662,-0.006076489,0.12428421,1.5698588,1.4240507,0.1822222,0.20148216,0.4977778,0.76288605,-25.657915
32.705574,0.06908662,31.589554,32.35526,33.421906,1.8323517,18.498003,11.43325,16.511478,6.7409353,0.8632728,0.4180484,0.46678734,0.86977035,1.2105767,0.7437893,8.447891,5.090566,7.2410254,4.7277007,0.33030382,0.6189487,21.801786,0.6216496,13.136041,0.7432532,1.281066,9.404084,-3.7335815,-3.343266,0.014076783,1.0336905,0.79213786,0.7509874,8.366675,0.29258958,7.553705,0.89733547,29.932745,0.25650412,630.9265,0.32484975,1391.0284,0.12928507,-97.013374,-0.9590126,1711.0057,0.1702483,1048.508,0.25291917,-100.122,-0.8498751,2813.2593,0.0813925,934.7887,0.33844984,-103.94356,-0.7851568,-15.484016,-0.39690807,25.98008,0.2912778,0.046461966,0.33610725,-0.02840361,-0.49818605,0.3964183,0.51502883,29.244938,0.30313003,13.660497,0.7674405,-0.4709284,-28.154158,-5.7039804,-2.3798633,-7.926123,15.577346,0.0208057,-0.010279474,0.25232363,4.9504952,2.5677605,0.20944445,0.20301813,0.16882353,0.12676436,-20.76554
30.5886,0.08297679,28.854225,31.061296,32.53202,3.6777954,51.293713,65.7072,15.494797,21.532475,0.68773365,0.42003855,0.44488305,0.5965979,0.9334532,0.48857015,4.843569,3.5077481,4.384052,3.0204518,0.25627387,0.6367282,17.115303,0.5451548,7.170204,0.85873646,14.249836,0.58503574,3.3846421,2.5830896,0.031709395,0.8344321,1.2808378,0.54815716,6.053567,0.30899066,3.4381733,1.7403138,25.3127,0.18982694,593.4001,0.33607247,1412.7017,0.15371217,-138.69653,-0.6273342,1638.3527,0.15525381,1079.9805,0.26220435,-140.95485,-0.57261753,2676.8977,0.08744119,953.5941,0.419206,-142.51694,-0.55055666,-15.026939,-0.27515918,23.530203,0.21956892,0.025884656,0.61280036,-0.022048194,-0.61319715,0.42221808,0.34538424,26.676088,0.25503418,10.974442,0.4894155,11.745195,0.9326428,-3.458145,-2.6952968,-7.001996,13.857643,0.00047864323,0.005037158,0.1723779,2.4757805,1.948052,0.16388889,0.12676044,0.31157893,0.33784553,-24.219416
27.966003,0.1423192,24.34515,27.805527,31.369223,7.0240726,248.75708,625.3629,53.740482,55.124454,0.77298176,0.7593186,0.19519229,0.6635532,1.2562785,1.0610862,10.427131,6.930093,6.9086304,4.9711065,0.37538525,1.0326887,23.575489,0.62233645,2.4543445,5.9713464,8.593332,1.882894,-4.8262486,-2.9494524,0.02209942,1.1572543,1.076189,0.67778647,4.967186,0.5899718,3.665802,1.3111887,26.2411,0.43587846,643.9726,0.29312715,1365.8954,0.15718521,-119.39635,-0.77664644,1726.6903,0.16493261,1132.442,0.32722804,-123.75977,-0.699983,2769.9338,0.092297696,1014.51385,0.39468223,-126.21036,-0.6619519,-12.972269,-0.77123165,25.148993,0.4044127,0.045535963,0.5095143,-0.024368871,-0.96966976,0.63441676,0.6091878,32.81884,0.3565659,4.8868504,3.502509,6.488505,3.0642858,-11.785943,-1.350688,-6.034346,15.936071,0.023000201,0.004327833,0.18608224,2.7245207,2.2312374,0.18045454,0.14442603,0.23652174,0.19439109,-20.255754
24.808662,0.07610676,23.164364,24.641937,26.674002,3.5096378,26.972801,9.949512,33.07965,33.24607,0.84707016,0.43814844,0.51313496,0.7829871,1.1849928,0.67185783,7.820822,5.3897166,7.2925434,3.782781,0.43806043,0.6597071,26.50092,0.48211637,10.072038,0.788877,1.8661716,6.1317954,-2.6219444,-4.278488,0.019348484,0.7778249,1.1150886,0.72469366,4.7159266,0.4040464,-0.6301968,-6.886766,28.54459,0.27665898,578.8219,0.38886082,1390.0166,0.12446185,-98.12377,-0.9584956,1599.5416,0.1641596,1066.7076,0.20092793,-104.27596,-0.8315598,2675.1885,0.13236393,1024.9012,0.24718794,-109.29574,-0.74964684,-16.38255,-0.3251843,27.10811,0.23546784,0.043837834,0.40692654,-0.026454583,-0.6414248,0.61572945,0.4597338,33.339687,0.28141525,12.418137,0.50317484,1.6264471,8.564789,-2.5031075,-4.749493,-10.120808,15.3913,0.04397389,-0.015854564,0.25061733,4.043546,3.2915363,0.14952381,0.10472077,0.12772727,0.11496766,-19.334553
31.20668,0.0321616,30.5467,31.152084,32.12068,1.5739822,47.054596,63.746548,14.294963,14.0194845,1.0834779,0.5627315,0.530639,0.8695943,1.7114159,1.1807768,10.470092,7.176558,9.041818,3.841678,0.44495398,0.67640287,26.65137,0.38105297,-2.4088743,-5.4259586,9.582198,1.3189104,-12.470991,-1.1205012,0.013027505,1.0564196,0.84881777,0.7487923,7.046792,0.38808206,5.015912,2.0651808,21.569115,0.3436412,635.6091,0.37094748,1461.7748,0.17126204,-88.446526,-1.0624979,1648.941,0.15839836,1096.1343,0.29350132,-86.64741,-1.0209324,2731.8684,0.08844078,998.21576,0.3613351,-90.65307,-0.9404777,-10.063514,-0.6489077,21.088644,0.3054524,0.046220154,0.37080845,-0.017492104,-0.9387665,0.5683753,0.5473687,31.309076,0.2045536,-7.0925627,-1.7289249,10.883785,1.3036896,-18.056711,-0.7553236,-8.6086445,17.549755,0.025615681,-0.0031533395,0.27089602,3.3794165,2.7863777,0.2061111,0.18788706,0.12526315,0.08197358,-19.286362
20.346529,0.087033235,18.66718,19.99764,22.462444,3.7952652,51.89876,72.19381,14.890471,5.6280785,0.44529656,0.65799993,0.1485904,0.413682,0.60715145,0.45856106,4.227515,2.9660988,3.6181068,2.320379,0.21691832,0.8548609,26.581884,0.55487823,17.41046,0.6095313,7.2182617,2.0793195,-3.4539075,-3.942666,0.015554733,0.7946061,1.1800481,0.7400901,3.2256207,0.61617,1.5500563,5.4582763,31.989468,0.24714726,546.13043,0.3378495,1381.7391,0.13250256,-123.91167,-0.73339486,1586.9701,0.18204077,1144.243,0.19777967,-130.18707,-0.639597,2723.5217,0.10435995,1086.8427,0.29916424,-135.04681,-0.5715321,-20.172016,-0.33355168,33.806282,0.19983277,0.009320345,2.8848863,-0.027926562,-0.762672,0.34785038,0.51761436,37.251503,0.28709662,19.644114,0.46048653,2.2738216,7.3118277,-10.258679,-1.4642476,-12.79024,21.930836,-0.0004435186,0.0025729549,0.13325164,2.425107,2.4425287,0.1535294,0.11580618,0.22222221,0.35796577,-24.215578
26.736256,0.054322448,25.340181,26.756987,27.890938,2.5507565,44.45066,22.02955,22.717983,14.551216,0.33940944,0.4205365,0.21358085,0.33911023,0.45900124,0.2454204,3.6147573,1.629824,3.0467403,1.3370076,0.14011912,0.4676191,9.480229,1.2708704,31.326675,0.32217586,6.811969,1.6845433,16.650356,0.6041472,0.025777625,0.67924845,1.090553,0.609154,5.1260443,0.28409535,14.628549,0.4733839,34.985294,0.22343294,676.5527,0.26466334,1467.5544,0.19001576,-138.4613,-0.5976163,1795.8026,0.12546723,1038.6089,0.35104057,-142.40546,-0.535336,2822.408,0.10611429,1009.61884,0.31882054,-142.64648,-0.5323269,-23.772871,-0.23876403,29.602112,0.22695121,-0.028011372,-0.7794052,-0.020266686,-0.7531044,0.18346943,0.29020587,18.250414,0.36888123,37.29758,0.19815922,6.2494173,2.4178128,20.244856,0.53173554,-14.641709,21.860388,-0.0330668,0.0010615467,0.12468697,4.585538,3.0249112,0.103529416,0.083097465,0.218125,0.14191629,-30.714386
34.22819,0.044971064,33.05893,33.86723,35.51886,2.4599304,81.71313,72.86791,25.559618,7.861301,0.4652056,0.5542718,0.21669623,0.4278849,0.7114932,0.49479696,6.344118,3.1596951,4.703114,2.6541622,0.19667107,0.7528673,26.403368,0.5277622,3.169666,3.1324966,12.755356,0.9608119,-4.342543,-2.7937157,0.022747736,1.1481308,1.0799823,0.78332114,8.604978,0.32640627,4.7087064,1.4190946,27.453333,0.33439237,726.0328,0.28900683,1362.9569,0.12424814,-109.3146,-0.8094148,1772.5371,0.14777137,1118.9922,0.27271122,-114.484634,-0.7083406,2853.0767,0.08747289,977.69055,0.323097,-117.76374,-0.6607897,-17.474186,-0.42788488,29.228165,0.30252916,0.039047524,0.4723753,-0.019982303,-0.80917716,0.2731386,0.47247115,35.50361,0.29457116,4.910858,2.304856,11.738005,1.16704,-10.203012,-1.2013953,-7.5066414,17.175293,0.01332216,0.005984262,0.1223493,4.3117747,3.1772575,0.14894737,0.1096835,0.15222222,0.15240864,-25.631851
35.609097,0.033089843,34.658722,35.52438,36.648247,1.9895248,78.64746,77.18497,20.34619,9.647652,0.5901495,0.48069692,0.3131881,0.53506,0.8524077,0.5392196,6.0925283,3.0230892,5.631573,3.0503871,0.20912553,0.72292984,16.270834,0.8115037,8.044412,1.2469183,2.917225,4.599834,-0.5111453,-23.370275,0.01893461,1.1463727,0.96472234,0.785294,8.5554905,0.316302,11.1507635,0.8218364,25.47301,0.2817223,662.9632,0.33302578,1405.1434,0.15087429,-106.063774,-0.8526335,1708.9612,0.1502865,1108.4436,0.27515694,-107.03115,-0.7865231,2763.1135,0.084596135,915.2717,0.33539757,-109.457695,-0.745656,-13.154912,-0.5759823,23.006145,0.36043796,0.05938521,0.34165728,-0.013114244,-0.9127425,0.28670254,0.5081285,24.199764,0.41152918,6.965667,1.4977906,0.83743227,18.796997,-6.0026054,-2.1105149,-5.57043,12.759393,0.023812596,0.0038081866,0.12523696,4.75382,3.4246578,0.1435,0.11266211,0.12190476,0.095599316,-26.131233
35.001457,0.060263854,34.134007,35.490284,36.760983,2.626976,25.571377,18.851389,16.408813,8.096335,0.8212928,0.4582676,0.4999419,0.72133785,1.1804856,0.6805437,7.113348,4.3503423,7.1760497,6.337806,0.3172817,0.69882196,20.048828,0.7293465,8.046292,1.5905977,3.4831202,4.2479897,-10.147342,-1.5577153,0.0129880905,1.0520861,0.88077396,0.8339236,9.397801,0.33640745,6.239561,1.5336564,27.343052,0.307897,635.66785,0.30970025,1476.2594,0.14249505,-99.88235,-0.9346333,1678.1864,0.14608127,1113.9175,0.2778204,-100.66375,-0.8510589,2773.3186,0.088982865,910.8788,0.41010886,-104.397316,-0.7859956,-14.083653,-0.5168604,25.796442,0.30281845,0.052512467,0.38570112,-0.019210128,-0.62506443,0.42201158,0.52033114,28.598904,0.36613414,5.755802,2.194301,3.448021,5.063925,-16.7772,-0.9710558,-6.222263,12.790537,0.024990886,-0.007246352,0.1901854,3.5313,2.588997,0.205625,0.16714397,0.15058823,0.16115285,-21.090061
29.495552,0.12870407,28.724867,30.154291,31.738562,3.0136948,185.03159,200.94498,43.062992,36.604477,0.3579341,0.44941357,0.21523091,0.32775912,0.49343663,0.27820572,4.3073964,2.4456162,2.7398617,1.9658839,0.1372398,0.62849474,24.397795,0.47901976,15.480012,0.57233244,7.3535028,1.2998029,1.775511,4.8841014,0.020659845,1.168948,1.0278962,0.6905554,6.644192,0.32515207,6.525409,1.1123291,34.550014,0.22592464,654.9106,0.27218336,1517.0364,0.14301501,-141.6373,-0.5926054,1716.3335,0.13784596,1226.1888,0.21056184,-145.31699,-0.52924484,2786.9104,0.083447985,1064.2302,0.30566275,-147.33792,-0.5024378,-19.656404,-0.33371213,30.74779,0.24109381,0.038686074,0.37539256,-0.026173187,-0.4339037,0.20124152,0.45010787,34.7161,0.17355593,15.353251,0.6325963,4.594891,2.3826547,-3.171576,-2.8620958,-13.633064,21.826845,0.022342551,-0.008955529,0.10846799,3.979461,2.8423774,0.10227273,0.08360795,0.23904762,0.20662607,-30.320568
31.796673,0.13828436,30.356531,31.573936,32.20364,1.8471088,112.71759,141.73781,45.25778,22.977375,0.9648641,0.5428607,0.49751836,0.801009,1.4388983,0.94137996,9.43402,5.7042375,8.917874,4.997047,0.4165402,0.6931286,23.782639,0.51626945,3.1524189,3.3071692,15.168706,0.89784646,-13.62616,-1.0294297,0.02430095,2.1905456,0.8928661,0.72085494,7.619451,0.35006496,5.8211923,0.93886155,25.661314,0.4660331,638.0833,0.31562132,1415.5022,0.1201022,-110.36691,-0.8492295,1713.0282,0.14656575,1087.9491,0.33858633,-114.83119,-0.754325,2764.8477,0.09787561,1009.237,0.49337754,-116.45049,-0.7284904,-14.207713,-0.3596644,23.131853,0.29203483,0.04120631,0.45260054,-0.02927115,-0.42017254,0.567448,0.5324856,31.79548,0.24549156,1.8025188,7.1467805,17.186424,0.92028594,-21.8674,-0.62424195,-8.346053,15.449901,0.0134123,-0.011878604,0.28500947,3.3462033,2.849741,0.15636364,0.09565779,0.20052631,0.17934012,-19.363325
25.83837,0.13125463,22.439379,25.53299,29.232302,6.792923,130.36046,112.377045,31.936665,13.126849,0.4985297,0.51836824,0.273495,0.44647324,0.7239997,0.4505047,5.3609486,2.6641586,3.9726994,2.3840032,0.29328844,0.77274746,30.690228,0.45091945,11.202462,0.9539163,17.116907,0.7850431,-0.6322069,-21.663319,0.03047167,1.4680792,1.169433,0.6438769,5.093064,0.4821104,2.7576098,2.4167683,33.760975,0.2328403,634.79364,0.3746767,1372.8971,0.16204901,-88.87238,-1.0108716,1751.1669,0.1531104,1098.9639,0.22798744,-99.18832,-0.8008398,2803.6262,0.097123615,1063.418,0.32009515,-101.54705,-0.7642437,-23.267189,-0.28108862,31.99229,0.24419378,0.028794348,1.2431297,-0.021619117,-1.1927602,0.36635852,0.5853161,36.151306,0.3435914,14.476449,0.51492816,19.47699,0.7537956,-1.2409866,-12.146229,-11.746189,20.737547,0.019730486,-0.0006999891,0.1914561,2.977233,3.0035336,0.18764706,0.16195604,0.11777777,0.091866784,-22.46297
33.394188,0.0505804,32.855713,33.572887,34.543087,1.6873741,19.803053,14.753133,26.523804,29.381899,0.9790512,0.53864694,0.44791234,0.8557279,1.5171553,1.069243,9.29048,6.105989,8.104235,5.2167006,0.42669082,0.68450737,24.10763,0.5283944,10.913204,1.2001758,2.5472512,4.493788,-11.762092,-1.354308,0.011913008,1.2443316,0.82814324,0.9447789,9.047549,0.29798174,2.7185686,2.359497,25.943699,0.30886286,589.8538,0.29420808,1332.0604,0.119623296,-91.85642,-1.022594,1649.141,0.17363553,1020.8499,0.23263377,-97.95069,-0.88038254,2741.514,0.09289423,862.34265,0.4011304,-101.31774,-0.8197985,-16.388834,-0.32079762,25.343649,0.27812445,0.050045934,0.31951216,-0.03589713,-0.39217305,0.55836153,0.47672623,31.12731,0.28129974,7.0457835,1.7561555,2.8600204,4.7149773,-18.333286,-0.9064224,-11.054413,18.05491,0.02198787,-0.016827201,0.25631008,3.3112583,2.5333333,0.21473683,0.12820084,0.15149999,0.16389857,-18.280205
34.709213,0.06613675,33.454327,34.85595,35.61591,2.161583,72.30354,115.38284,0.51387566,18.587229,0.5758027,0.4729915,0.34281856,0.5137968,0.8095845,0.46676594,5.6885834,2.896516,3.8488798,2.110606,0.20424016,0.5931376,24.24884,0.44195175,2.6382453,3.8276842,8.673084,1.2627475,-11.808267,-1.1406035,0.018826177,1.4810117,1.0977869,0.74114287,8.117845,0.32227913,6.063781,1.3070838,24.67809,0.32893166,621.1791,0.3099819,1432.4216,0.16955353,-117.05601,-0.7956298,1676.9724,0.14359578,1134.1879,0.29832754,-117.6511,-0.7315569,2722.6526,0.090569824,939.61346,0.36401325,-118.854065,-0.7140309,-15.129617,-0.36138102,23.241455,0.33915833,0.05924535,0.23362423,-0.025166616,-0.48663527,0.27405238,0.42870253,31.109415,0.25615853,-0.5740672,-18.457748,9.440087,1.306894,-20.859865,-0.55811936,-9.701639,18.01003,0.03974919,-0.0072622728,0.14909616,3.2357473,2.795031,0.15444444,0.12824552,0.1731579,0.12290572,-26.405363
35.120716,0.06568693,33.62489,34.706192,36.694824,3.0699348,74.345314,82.67415,33.937546,27.867126,0.7584601,0.65840137,0.31825674,0.5739266,1.2640998,0.9458431,9.742,5.1527815,5.3546233,2.404603,0.2825922,0.8134613,25.372108,0.49398062,1.8226638,7.3032827,6.5531783,2.0278378,-1.0752186,-15.305727,0.021053491,2.0285404,0.9424823,0.8406214,8.583795,0.3551282,4.84835,1.7883838,21.385967,0.36584044,635.80945,0.35675073,1439.554,0.16284248,-97.10846,-0.9409706,1613.202,0.16309938,1167.8799,0.35172072,-93.52276,-0.92599815,2715.0635,0.096655704,954.5941,0.4715351,-98.00751,-0.84320265,-11.9187155,-0.6295012,24.027225,0.327388,0.028463727,0.88078505,-0.009677922,-1.5684807,0.3896553,0.60568994,32.14716,0.2873536,-1.94898,-7.51822,5.9414663,2.4933012,-8.223367,-1.9533528,-8.873544,18.828592,-0.0009972404,0.007883619,0.13473545,2.6604068,2.5236595,0.2225,0.19658014,0.1525,0.11155156,-21.518288
30.993969,0.11351595,29.35403,30.7297,31.963375,2.6093445,156.83522,236.90865,16.68188,58.637028,0.681127,0.55113596,0.32320207,0.5718736,1.0305885,0.70738643,6.5135865,4.319909,5.828697,3.496221,0.24286203,0.7265159,18.391825,0.84322155,16.990591,0.7619024,1.3245583,11.752181,2.5340006,4.412363,0.013795766,0.9180756,0.9009154,0.75682837,7.0614853,0.39438844,1.4433384,2.4799337,26.388056,0.3415072,578.65576,0.2731966,1393.8386,0.19938442,-114.296936,-0.82217175,1633.8943,0.15272339,1034.1761,0.30962726,-119.176834,-0.72787046,2707.716,0.093897276,958.183,0.35628515,-122.76117,-0.67373323,-13.968488,-0.4776603,25.684977,0.36466417,0.0441262,0.4438375,-0.03053144,-0.5474599,0.36228898,0.4857466,28.91709,0.43443477,13.43106,0.9491954,-3.5912058,-5.14705,-1.3346981,-8.72778,-10.123767,16.718365,0.014150256,-0.013604139,0.1481056,3.7184596,2.4064171,0.1772222,0.17129588,0.22941177,0.22547913,-23.147068
34.24647,0.11822025,33.37021,35.116257,36.524296,3.154087,110.65003,131.79433,207.3897,501.72348,0.91696006,0.46312216,0.50178504,0.8674629,1.305801,0.804016,8.783675,6.770446,6.198267,3.3790321,0.38106015,0.65395,21.536001,0.60373265,14.316514,0.759896,3.539358,3.656974,-12.046936,-1.4448594,0.025432445,1.9535065,0.8161829,0.9873588,9.253798,0.3512287,3.6702523,1.8463637,27.49216,0.34069198,644.0272,0.27856228,1358.2896,0.14185664,-95.80511,-0.9750896,1756.3322,0.145781,1084.7239,0.36063817,-103.786385,-0.8129805,2810.5469,0.08265582,946.62067,0.39271778,-105.73507,-0.7812857,-18.280422,-0.36348403,26.442425,0.28092587,0.05499701,0.36197686,-0.036294986,-0.40248287,0.4799795,0.517731,28.395582,0.30603847,13.026174,0.9715699,5.0717154,3.0822682,-20.131214,-0.9069313,-10.572354,17.813213,0.0322044,-0.019304285,0.26566806,3.0495553,2.3017905,0.22999999,0.18226965,0.17421052,0.15839046,-19.353493
26.040571,0.109794065,23.649635,26.337505,28.241035,4.5914,198.25941,244.246,20.596836,7.2198343,0.5610852,0.64910364,0.27165365,0.41793844,0.8611908,0.58953714,5.1986475,3.1960971,3.7592323,2.1835861,0.24315979,0.75829613,30.259188,0.35925496,5.7800584,1.4320948,12.875699,1.0207655,1.0856903,11.6263895,0.015963094,1.0367519,0.89984953,0.8323647,6.1964784,0.433022,4.230579,1.8822967,29.289515,0.26718128,567.5589,0.33223397,1373.4819,0.17736605,-114.348335,-0.808271,1618.7198,0.15313086,1089.3804,0.24256054,-119.14372,-0.7213588,2692.5742,0.098045856,1030.9572,0.2771233,-122.90406,-0.6669622,-18.542736,-0.32284787,29.121063,0.21606171,0.017315658,1.4012771,-0.021462098,-0.85810685,0.36479315,0.52383727,38.637283,0.20742223,6.440973,1.5836548,14.1530285,1.1739588,-3.1142788,-5.0075107,-11.767954,22.398575,-0.005374432,0.0039038535,0.14157943,2.0707507,1.9064125,0.2309091,0.16705766,0.26130435,0.31237248,-21.915451
36.88991,0.05260358,35.465103,36.797417,38.416267,2.9511642,16.894493,6.7569633,42.28092,54.53928,0.91141945,0.53087103,0.488876,0.77882576,1.3845334,0.8956574,10.4349785,5.9015827,8.080924,4.1158786,0.43341178,0.67633474,26.318308,0.40655354,0.8391049,13.880018,3.6464305,4.024668,-12.326699,-1.0515496,0.016891943,1.4671345,0.8955415,0.84422576,9.4420805,0.2853341,12.541965,0.9194503,29.603254,0.32231736,651.6579,0.3650416,1414.6104,0.20189838,-106.94178,-0.8771583,1732.594,0.16774334,1066.87,0.3105206,-96.56331,-0.8877241,2813.585,0.09989949,1002.4565,0.4191708,-100.06867,-0.8257704,-13.351544,-0.47318792,25.941843,0.30090156,0.05144138,0.3932734,-0.023346197,-0.4943912,0.5739927,0.48111075,31.911493,0.21726139,-4.39354,-2.6547098,1.3014188,13.208014,-18.13354,-0.71752864,-11.070862,19.518074,0.017288527,-0.011381769,0.2593467,3.9697542,3.6259544,0.1463158,0.11535805,0.10842105,0.046933673,-19.041994
33.424927,0.073208705,31.95403,33.57865,35.42575,3.4717216,98.14101,106.40271,38.34122,57.780273,0.76386,0.5075689,0.40427026,0.7060892,1.0695024,0.66523206,6.9663935,5.270839,6.9883337,4.9650693,0.32875392,0.7888756,23.48076,0.63399476,6.801512,1.736299,8.937414,1.6063381,-5.8658957,-2.24434,0.019330325,2.1203537,0.9140093,0.78319186,8.388197,0.3381753,6.040441,1.2455609,27.076689,0.33813843,668.6743,0.29487327,1443.9913,0.15331262,-118.71613,-0.76763445,1712.3687,0.15040188,1178.227,0.33198157,-122.14577,-0.6861696,2787.0964,0.084626354,848.3188,0.3333056,-123.91564,-0.6592182,-14.524104,-0.48186025,25.403755,0.3571229,0.032187726,0.60984755,-0.021344697,-0.7363979,0.45583412,0.6448113,33.11248,0.30847827,5.5884323,2.320278,8.753507,1.9582872,-13.7605715,-0.91170347,-7.8665366,16.129816,0.010454162,0.0020144398,0.23054975,3.2851512,2.6455026,0.159,0.148859,0.19799998,0.13343911,-21.929756
22.40013,0.06370756,21.289568,21.914978,23.82338,2.5338116,35.297535,30.052069,17.192808,12.914751,0.913353,0.41455987,0.44657794,0.9897663,1.279298,0.83272004,7.7151275,4.937015,8.122884,5.9007916,0.37607095,0.5932344,21.318892,0.69988406,8.523949,1.2456373,0.3000771,38.75814,-2.402098,-5.1441245,0.013711136,0.7247438,0.742278,0.7085516,3.8627698,0.3912146,4.881456,0.860709,23.93402,0.25867203,617.43176,0.37589398,1306.112,0.17412502,-127.272804,-0.72827375,1662.7782,0.1942678,978.6788,0.26193464,-130.83073,-0.6655689,2704.3914,0.11374054,849.1089,0.40278044,-132.71703,-0.6379883,-13.124924,-0.4479363,23.360296,0.27770418,0.03518596,0.542875,-0.032223355,-0.61942196,0.5067732,0.37555262,31.279442,0.27999493,6.0987864,1.4853598,1.708215,8.536574,-7.935858,-2.0263538,-7.83061,14.765544,0.018868843,-0.012010397,0.30578884,4.671533,2.647059,0.12944445,0.15464912,0.21578947,0.29421288,-21.27448
27.517485,0.069681786,25.961943,27.127762,29.159897,3.1979542,101.18089,98.238174,13.257491,10.80106,0.97734416,0.5298783,0.49637374,0.8532794,1.4890047,0.99263096,12.1429,4.4660263,11.252146,5.916757,0.4783576,0.6247903,28.225058,0.47591624,-1.5669061,-6.1429176,11.074725,1.1187735,-1.7156979,-7.1193175,0.017752614,1.093606,1.1334599,0.8781372,5.842353,0.3789194,8.250372,0.99960923,23.870438,0.5613252,654.9379,0.39588827,1275.5446,0.16730833,-101.30424,-0.90750563,1669.7532,0.1934034,1074.9474,0.24650474,-103.86199,-0.84833866,2701.655,0.1274091,931.0032,0.30149555,-107.83912,-0.78260684,-10.80031,-0.6131584,22.958132,0.2868451,0.035603896,0.6354533,-0.013432796,-1.2626258,0.60984945,0.4960771,35.847042,0.2503477,-4.3554845,-2.6644833,12.140176,1.1243926,-3.5818636,-4.030994,-7.3397336,17.353703,0.01980921,-9.3446266e-05,0.34453064,4.3383946,2.8508773,0.17461538,0.15184078,0.15615384,0.15429932,-18.800253
33.82795,0.060372476,32.656437,33.80047,35.097717,2.4412804,31.410458,16.52235,32.05065,65.7367,1.0576293,0.63658136,0.29730004,1.0049225,1.7756355,1.4783354,11.834625,6.270093,10.532508,4.7226186,0.4589701,0.7765635,17.398638,0.7317048,10.297116,1.4898491,-2.5960677,-5.88833,-4.1923056,-3.4937377,0.017326575,1.2569035,0.94549227,0.87192905,7.6825137,0.37922302,6.1553407,1.6310159,23.171013,0.39080623,655.1483,0.3152691,1446.634,0.182782,-100.06494,-0.94329566,1685.8566,0.15113923,1072.9008,0.27806664,-100.889854,-0.8713634,2733.3372,0.0978222,1017.3428,0.46328855,-103.683975,-0.8211319,-10.480524,-0.6666301,21.06424,0.34575626,0.06398353,0.28927207,-0.019787066,-0.8189417,0.64244163,0.50149786,21.816141,0.49625522,7.003014,2.4074917,-4.9153004,-3.5686312,-6.732917,-2.6726377,-9.025499,16.647608,0.04693177,-0.010143817,0.24921538,3.2716928,3.0129125,0.1695238,0.1441387,0.14142857,0.17577815,-18.67578
33.92318,0.05048606,32.73514,34.07102,35.339695,2.6045532,81.199265,154.8421,17.309553,12.276721,0.8719912,0.46107745,0.49133977,0.76823777,1.2884218,0.79708195,9.691796,7.28524,5.959145,3.416369,0.31759745,0.6271621,26.899935,0.5372046,6.072551,1.7837393,2.32097,6.440835,-7.261334,-1.8044962,0.015348277,1.6791481,0.80220145,0.8749543,9.33365,0.25107488,4.9749956,1.3292617,27.811022,0.4008558,638.09753,0.29540232,1487.4954,0.1766602,-90.94491,-1.0269028,1604.2589,0.1448047,1153.5345,0.26625925,-93.521416,-0.92748725,2758.7095,0.08668416,857.16846,0.37503022,-99.676865,-0.81699467,-13.826857,-0.424776,26.890795,0.26417598,0.03433826,0.4397495,-0.021081883,-0.70421463,0.3862915,0.5638409,34.929684,0.2707497,3.315467,3.0814354,-3.1809163,-4.918746,-12.249734,-0.9886911,-8.971285,16.405989,0.0074679777,-0.0070744255,0.22612993,3.8647342,2.9268293,0.18944444,0.11988291,0.14058824,0.115934595,-20.778152
29.417643,0.06794196,27.519962,29.449848,31.068142,3.5481796,29.401646,18.324213,19.97227,28.03845,0.6724916,0.51039165,0.3582551,0.5783596,0.9585218,0.6002667,8.159697,4.997674,6.3838925,3.9907892,0.35136074,0.71646756,28.131472,0.4415078,1.6864278,6.2845154,11.390675,0.8292891,5.5135226,2.0034864,0.02011208,1.0522715,1.3203082,0.9484068,6.4635873,0.38864517,5.9830265,1.0524323,30.506327,0.23730767,586.7675,0.35657123,1419.954,0.13300243,-151.3358,-0.52875394,1672.0781,0.16793759,1114.963,0.27162912,-153.19023,-0.4860497,2721.865,0.102915026,1085.7936,0.29712063,-154.9622,-0.4621262,-15.794986,-0.4318475,26.408443,0.29477483,0.03037538,0.64174455,-0.019873753,-0.75269836,0.5291224,0.42642808,37.95779,0.20634568,3.1505375,3.3249404,13.128374,0.90717417,0.42577666,33.08606,-9.525472,20.279997,0.0040415307,0.0024660723,0.28920403,3.7711313,2.486911,0.097894736,0.0650165,0.2695,0.30619398,-23.005743
26.017843,0.057145815,24.858107,26.170053,27.32121,2.4631042,89.36241,112.632645,23.574333,10.418438,0.76287425,0.48916197,0.45319518,0.6404206,1.0776724,0.62447715,8.551993,4.5577497,6.205547,3.0635161,0.2819316,0.640214,23.232922,0.40585202,-3.4246638,-2.4437938,15.834264,0.427016,-3.387817,-3.7548304,0.02379767,1.2673146,1.1311059,0.4966068,4.5424886,0.50931954,-1.2971202,-2.9643025,18.359385,0.34518054,721.56805,0.37945306,1399.2537,0.32538843,-129.07527,-0.6842268,1693.8562,0.17564666,1133.165,0.21506923,-128.26315,-0.6687943,2713.9468,0.09263778,850.89716,0.33426037,-130.68556,-0.6335357,-10.079778,-0.4945941,20.411835,0.25873908,0.02880329,0.68199766,-0.009327665,-1.950547,0.41428947,0.45318046,31.437296,0.1806395,-5.4865017,-1.8482131,18.551426,0.3915127,-8.478645,-1.9776309,-5.99831,14.743491,0.0036959106,0.00686259,0.2007371,3.1936128,2.8225806,0.12928571,0.10813114,0.19066668,0.1412547,-24.17849
21.519705,0.04390595,20.770245,21.312454,22.175018,1.4047737,24.11491,24.38035,14.184207,9.456358,0.8189671,0.50984,0.4650178,0.7147207,1.2499914,0.7849736,8.897737,6.286933,6.279831,3.9998274,0.40619078,0.7957823,30.587133,0.5141411,-2.0208852,-5.0191975,10.17692,1.0364348,-8.76903,-1.0325608,0.01703702,0.9765496,1.2794449,0.9123922,3.6850715,0.5453888,-0.1254865,-17.113903,24.153101,0.24881993,540.43243,0.36889777,1387.3071,0.1290709,-130.6378,-0.6960219,1530.7329,0.1720224,1137.3828,0.24352558,-134.31949,-0.6379778,2577.982,0.11836631,971.68854,0.29427165,-137.9986,-0.5856092,-14.335739,-0.38828272,26.694416,0.1784347,0.020629708,0.67323077,-0.025029007,-0.70801544,0.58501965,0.50289506,44.94327,0.16911806,-5.356302,-1.6991918,10.364712,1.1777616,-8.498048,-1.3335514,-7.1301575,16.640821,0.013993693,-0.005790845,0.31083336,3.5889072,2.1381578,0.1576923,0.09504282,0.26857144,0.23120359,-20.313526
32.944122,0.09035413,31.464481,32.4346,34.38523,2.9207497,89.46725,110.189316,110.090904,149.30344,0.9838026,0.54317564,0.52214265,0.8423695,1.3899981,0.8678554,8.935067,3.6030567,8.504397,4.3098435,0.41724414,0.64059967,27.952276,0.3265496,0.24793223,48.317783,1.9603418,6.798928,-8.065274,-1.9213451,0.023301465,1.8973932,1.0025634,0.68204975,6.752066,0.42656013,5.6069794,1.5148072,23.327036,0.39598635,672.1783,0.3209373,1392.6711,0.15161523,-90.5178,-1.0482514,1702.5989,0.16539381,1130.0753,0.28843483,-90.81723,-0.9688841,2754.6643,0.094812505,911.7181,0.31389454,-94.28153,-0.9031797,-12.380288,-0.52088934,22.62268,0.27577403,0.03940225,0.4242613,-0.02264249,-0.7188846,0.52324384,0.52969635,30.858067,0.27425796,-2.6663902,-5.026494,-0.7830906,-18.181814,-15.032309,-1.0021154,-10.8024,19.581646,0.01731134,-0.0059649046,0.27924326,3.576983,3.2915363,0.16714284,0.15322384,0.11571428,0.11721252,-19.511106
33.95456,0.072010994,32.71578,33.734947,34.871857,2.1560783,21.990932,8.815859,43.866787,59.330612,0.834184,0.35299018,0.57024276,0.7426889,1.1060106,0.5357678,5.414083,3.1861393,3.9279382,2.2916431,0.37103683,0.4213552,28.483593,0.16991524,-5.2182364,-1.4861282,7.1189957,1.2667538,-11.0463085,-0.88120615,0.018525256,1.1427932,1.301029,0.5629319,5.477457,0.37230712,7.2166805,1.2641046,22.730137,0.4062167,679.5227,0.32228696,1439.4717,0.17172223,-122.85241,-0.7589935,1645.4261,0.15230483,1156.6261,0.22540864,-119.09472,-0.7545556,2715.844,0.08416293,970.102,0.36730975,-122.276855,-0.7060513,-10.4550085,-0.4243002,21.927526,0.29212043,0.0377005,0.3860877,-0.01368673,-0.9331046,0.46760574,0.27853355,31.261309,0.12676214,-8.495087,-1.1628737,5.522524,2.0990753,-16.461802,-0.6652863,-9.238422,20.317303,0.024876699,-0.0029958661,0.29803392,2.9834254,2.5555556,0.15913042,0.12552196,0.20291665,0.16511308,-23.794537
33.869236,0.09485461,31.646088,34.018734,36.21345,4.5673637,177.72847,385.14325,87.0981,156.0332,0.7791909,0.7333891,0.22899133,0.5696427,1.3912036,1.1622124,10.654953,7.812922,8.95545,4.725297,0.32393792,0.9485211,15.763563,0.8215502,12.309818,1.2046094,6.18213,2.5883632,-1.0845646,-15.471181,0.020339407,1.5491382,0.86970025,0.8962767,7.4960785,0.42870185,9.121277,1.2038367,21.598232,0.445147,676.133,0.33956286,1343.9777,0.17459154,-119.084366,-0.7728297,1779.5736,0.16181555,1063.4755,0.46153638,-119.72484,-0.72021383,2770.726,0.10062292,991.59436,0.36402297,-119.9352,-0.71598953,-11.381801,-0.76051867,20.39974,0.43923214,0.05909001,0.40052745,-0.019481234,-0.8683778,0.5367989,0.56534654,21.366009,0.5228825,7.371203,2.3091702,3.6474788,5.6921444,-10.741546,-1.688506,-9.92682,18.735237,0.01925207,-0.0024581838,0.15267612,3.0371206,2.3755655,0.18047619,0.14936297,0.2195238,0.3066327,-21.874437
31.96867,0.07058487,30.946497,31.67776,32.91439,1.9678936,241.54012,433.8304,31.702719,40.067295,0.70230174,0.5344677,0.32135308,0.6625492,1.0552083,0.73385525,12.132415,12.0961275,10.591919,10.712315,0.286467,0.9759876,18.720987,0.8180384,11.62589,0.89742976,6.502193,1.8948205,-2.15846,-5.458384,0.015602991,0.8506538,0.8628476,0.91641396,8.384788,0.2753427,5.6994176,0.9511351,24.098875,0.2984852,634.6335,0.320386,1365.8817,0.1395984,-129.83585,-0.68391955,1711.4244,0.1656147,1003.10046,0.26782772,-132.51814,-0.62845,2761.3528,0.096373126,959.54156,0.25238764,-134.73643,-0.5972486,-14.58157,-0.42972875,24.635412,0.29931468,0.030930618,0.66479826,-0.029557334,-0.4785221,0.38113916,0.47590685,30.070845,0.3552837,8.687179,1.2313571,11.727321,1.3078065,-7.504977,-1.9321856,-8.19619,15.484565,0.011890732,-0.010407251,0.23001833,3.6818852,1.9287834,0.19076923,0.12633663,0.285,0.32793182,-22.807823
36.111538,0.074957766,35.964355,36.55399,37.109398,1.1450424,525.47925,599.007,20.197048,32.31907,0.8110874,0.60486436,0.32909575,0.7020858,1.2406387,0.911543,9.373799,5.2141285,9.827311,6.106027,0.37400684,0.8070087,27.745975,0.5391681,1.3314339,11.505386,6.059731,2.3138065,-3.118674,-3.631177,0.017712887,0.92266256,1.0611268,0.7890777,9.161217,0.34021318,4.620314,2.005759,25.572208,0.4285719,575.4742,0.2711715,1380.144,0.11046582,-115.63482,-0.8012108,1662.2439,0.14586143,1000.5561,0.32470292,-113.57574,-0.7547672,2736.8396,0.0846113,946.8814,0.41372508,-116.44218,-0.7110944,-14.705775,-0.40035868,24.12971,0.39116663,0.04852633,0.42104834,-0.025932496,-0.45362884,0.5332118,0.5634007,36.60099,0.28308275,-2.9341693,-5.001279,3.931169,4.026129,-7.3960276,-1.6586784,-9.072532,17.226025,0.011316068,-0.00853611,0.22788504,2.9806259,2.7027028,0.17055555,0.1125696,0.1882353,0.2052899,-19.724632
33.425114,0.09834443,33.082115,34.007587,35.005688,1.9235725,100.14278,156.97803,58.08445,39.378254,0.63071007,0.4611026,0.3441084,0.5986324,0.8798159,0.5357075,8.535061,5.4555397,6.4771404,3.278929,0.25529394,0.59408754,25.28637,0.5402725,11.639445,1.21885,7.611727,1.6534426,-2.2102342,-5.317189,0.019632267,1.402438,1.0317123,0.721864,7.9864087,0.40749022,8.335527,0.80863446,30.137114,0.3076437,648.2116,0.29286122,1447.5021,0.15039213,-90.737274,-1.0133377,1732.0465,0.11439544,1097.8975,0.3414268,-96.07802,-0.869367,2776.9768,0.079138316,1015.1516,0.33089817,-99.41392,-0.81148446,-16.361095,-0.42025754,24.685905,0.35424876,0.05637967,0.25445056,-0.028685777,-0.41409665,0.31293482,0.49225432,31.999443,0.31088755,6.6145854,1.8165162,7.7158504,1.7327627,-7.4923563,-1.3020271,-12.824232,20.519434,0.03631222,-0.0133330915,0.17905778,4.7706423,3.5185184,0.15526316,0.14053912,0.10789473,0.056529354,-24.250732
29.971395,0.24036828,22.220945,32.75081,36.26962,14.048674,236.84962,347.27075,150.89764,99.36026,0.7771627,0.5383613,0.41286942,0.69374293,1.1010487,0.68817925,8.428623,5.853348,6.8076262,4.069943,0.37989208,0.74162036,26.06454,0.45892775,7.686719,1.2514786,2.0225513,5.280506,-9.745232,-1.478513,0.041423924,1.6798201,1.200291,0.7055892,5.0451794,0.7006683,4.379498,1.95428,26.724972,0.4891532,665.8836,0.2761272,1400.8071,0.16237196,-122.38299,-0.76801276,1712.5566,0.13651882,1095.7609,0.27989912,-123.33276,-0.7078147,2809.0159,0.08270815,976.3072,0.53290975,-125.98767,-0.6688916,-15.558683,-0.4435244,26.19269,0.29972228,0.05991769,0.2849962,-0.036450986,-0.44460088,0.5157548,0.5615496,32.418987,0.29619956,4.529072,2.2879725,0.06641292,165.90099,-18.589008,-0.8521485,-12.653062,20.83088,0.040177412,-0.022778753,0.28885525,2.95858,3.4523811,0.10965517,0.07658589,0.16535714,0.1629961,-21.25526
34.817684,0.061483026,33.654625,34.746475,36.029633,2.3750076,79.17558,128.66328,6.981134,10.974758,0.86162734,0.5199185,0.4650986,0.70963496,1.2791611,0.8140625,7.1457686,5.0345306,7.9778676,5.5607505,0.33370733,0.5924105,18.56219,0.57153475,10.347443,1.163455,3.7366269,3.776211,-8.492906,-1.693993,0.018660123,1.0332841,0.9613769,0.5652043,7.2639546,0.45014375,9.766028,0.9593184,24.800547,0.3772005,691.59796,0.3154297,1381.223,0.1507964,-111.114265,-0.84529954,1725.1418,0.113413975,1157.3444,0.3173412,-112.49752,-0.77585316,2761.7,0.08878384,935.19147,0.5171639,-113.590836,-0.75565356,-10.981783,-0.7244571,20.958385,0.39359772,0.059204694,0.2638254,-0.020896036,-0.6591951,0.43946403,0.42477706,19.906578,0.45053747,9.008027,1.5084053,0.44664392,38.053234,-16.046188,-0.8929282,-10.860317,18.08936,0.039312325,-0.013937117,0.23768263,2.893082,2.7848103,0.1640909,0.11060409,0.17409089,0.17918144,-22.415382
24.592348,0.06978938,23.431227,24.595436,26.125969,2.6947422,48.24871,65.18053,35.16609,48.39799,0.40341794,0.4293096,0.23661016,0.36839044,0.5697552,0.33314502,2.2868748,1.3858904,1.858929,0.816369,0.16362214,0.55496305,34.469208,0.26782852,6.917059,0.9558792,13.677844,0.70641017,-3.5966542,-3.2016368,0.016966825,1.458457,1.0772609,0.6636665,5.245371,0.33289894,2.4512258,4.4926414,28.401075,0.30258498,522.49817,0.2857652,1399.7709,0.12414312,-97.7966,-0.95531017,1556.1068,0.14294048,1238.424,0.24127613,-107.288826,-0.7856967,2633.629,0.08774424,1089.077,0.29387778,-111.618286,-0.71975595,-19.950928,-0.22014028,31.205736,0.19902337,0.022278558,0.96026003,-0.024389794,-0.6719902,0.20520204,0.32231167,41.109745,0.12656364,7.227114,1.0757122,13.049946,0.924136,-7.449692,-1.830121,-14.037903,25.219553,0.011300154,-0.0010416777,0.11774909,2.4858758,2.2727273,0.225,0.18906349,0.20421052,0.13685627,-27.96356
31.224142,0.06702657,30.301987,31.18956,32.47564,2.1736526,86.67984,101.73705,35.215683,28.956497,0.7114018,0.54341954,0.3943091,0.62416846,1.037739,0.64342993,7.750046,5.521425,6.2190757,3.5069604,0.2982655,0.72341514,24.243025,0.7024162,8.56385,1.5092312,12.221682,1.2455621,0.0791586,193.0081,0.016386515,1.0426687,0.9658453,0.8821439,7.9038186,0.33073145,3.9534142,1.3714479,26.048916,0.32818878,613.69824,0.33638182,1401.3773,0.14889786,-109.86904,-0.8311443,1674.8483,0.15813038,1036.6754,0.3015932,-114.16831,-0.744122,2766.6177,0.092207626,987.0323,0.30393356,-117.09085,-0.6987227,-15.570722,-0.46192273,26.654636,0.2896279,0.029620899,0.7424698,-0.021366592,-0.8210418,0.40275094,0.5688418,35.76813,0.3162741,4.931312,2.5907302,12.858067,1.4672688,-6.8950095,-2.2443602,-8.903814,17.053694,0.00022225239,9.837848e-05,0.20143956,3.5222054,2.4691358,0.18875,0.13265909,0.195,0.15325631,-22.069
27.719582,0.19211385,21.63176,29.643,31.294872,9.663113,111.83791,107.13322,75.86221,41.565063,0.63936514,0.60384417,0.28452507,0.5536587,0.99607253,0.7115475,7.0357456,4.0038643,5.926365,3.427299,0.32598642,0.7772179,27.393694,0.49741352,10.399077,1.2232734,13.585863,0.9093474,-4.239038,-2.8779728,0.06162658,1.6247666,1.2034156,0.70591646,4.896426,0.6972939,5.414839,1.0585176,33.351555,0.23554921,587.58514,0.32709914,1438.0592,0.11479245,-107.78711,-0.87713736,1697.8811,0.15322614,1207.9337,0.34189528,-116.1978,-0.72963774,2782.7947,0.10217889,1027.5244,0.36079317,-118.69924,-0.69201016,-19.304941,-0.36221567,29.288393,0.26703146,0.044173367,0.4532577,-0.025941998,-0.6001398,0.47264713,0.48974624,35.523964,0.30892825,13.212583,0.9529011,13.203126,1.139491,-10.262351,-1.2649753,-10.64066,19.54931,0.010913986,0.0017729058,0.19974929,3.0129125,2.7576199,0.16210525,0.1378626,0.17947368,0.239791,-21.442818
33.730972,0.16229415,31.461758,32.51777,34.01722,2.555462,57.13773,33.317448,53.749435,44.30055,0.80593514,0.4486539,0.4440633,0.82953715,1.1697203,0.725657,7.3719716,5.084234,4.877739,2.849504,0.30042782,0.71151114,25.277824,0.5493505,10.5803175,1.034605,4.658239,2.9662223,-7.420282,-1.793493,0.027739882,1.745302,1.0612944,0.71455956,7.6007137,0.45849076,1.280294,6.631568,22.974913,0.48647916,586.18726,0.29629523,1352.6276,0.1307417,-67.71459,-1.3030806,1671.2733,0.17337003,1025.5365,0.38641107,-75.41323,-1.0544431,2715.6978,0.118638605,964.27136,0.35903108,-77.46164,-0.9957603,-17.376915,-0.32423386,23.85712,0.27477762,0.050352592,0.35944054,-0.04083293,-0.38301006,0.3700863,0.5646728,30.33907,0.38472098,10.48817,1.1211475,4.5753384,3.4431858,-10.78872,-1.2237806,-9.41063,15.843136,0.023788685,-0.013377615,0.14321145,3.5661218,2.0958085,0.3257143,0.330102,0.16454546,0.15801977,-20.908255
33.97817,0.10991312,32.602207,34.654476,36.528946,3.9267387,250.1338,276.88873,62.65997,74.63672,0.94987226,0.43885297,0.500786,0.94160205,1.3654634,0.86467737,8.805887,4.9725246,7.1858587,5.553677,0.49621335,0.73417896,20.709963,0.76101947,11.917077,0.9335546,-0.82316285,-17.31049,-3.4857123,-3.4109228,0.031412803,1.3885708,1.2062805,0.676391,6.6201963,0.5137257,7.956462,1.0201352,28.35264,0.31999612,632.96906,0.28580126,1461.1843,0.23344173,-113.02309,-0.8174107,1674.175,0.13027345,1021.90027,0.28431186,-115.13788,-0.7412925,2814.8613,0.08333983,896.1073,0.50620216,-118.87072,-0.6847404,-15.752784,-0.4373822,27.547094,0.31660187,0.05994378,0.31083956,-0.02628283,-0.50732684,0.59964085,0.57588094,29.53294,0.35772315,10.769369,1.0152407,0.6292724,26.263659,-7.027033,-1.8230184,-8.82583,17.582203,0.04754341,-0.015110038,0.4106999,3.990878,2.886836,0.1564,0.14772625,0.1775,0.1325786,-19.041492
29.42238,0.20872416,29.428673,31.997644,32.63228,3.2036057,43.796192,56.028797,22.763262,9.875774,0.5113691,0.60474694,0.26799524,0.4329594,0.77486104,0.5068658,6.080027,3.758063,4.54547,2.0229082,0.21790408,0.6725096,27.630312,0.3932483,14.020262,0.814168,2.4965281,4.763483,2.0103095,7.1904106,0.012837214,1.0191768,0.9472084,0.6370109,6.0817733,0.55814594,6.0475764,2.310444,31.610783,0.21644701,608.7823,0.33357802,1462.3949,0.12735349,-123.594635,-0.7423941,1661.8304,0.15304117,1120.7902,0.21435122,-127.86032,-0.6669642,2763.498,0.10056231,1073.4581,0.21725956,-131.5046,-0.6148781,-16.258015,-0.39182228,28.618473,0.19745286,0.021401642,1.1948134,-0.024394043,-0.5845997,0.31126583,0.5000677,34.404667,0.18240368,8.154922,1.1844066,0.8061098,16.911991,-8.50898,-1.7354165,-15.30593,23.063744,-0.004786494,-0.009162429,0.16164523,3.11042,3.1347964,0.11649999,0.094513215,0.17333333,0.1537262,-25.64636
33.17004,0.061143864,32.03623,33.226387,33.75312,1.7168922,58.7331,120.025185,29.142242,18.778894,1.0039663,0.5629115,0.4823354,0.8335739,1.5998831,1.1175478,9.887357,6.166368,7.9163322,4.220928,0.3903305,0.70787954,30.425531,0.3527792,-6.3172035,-1.5750781,1.3133483,10.894365,-6.9616947,-1.5396764,0.015775766,1.162351,1.0804123,0.99578047,8.017744,0.35009795,2.6787186,3.9885151,21.510862,0.38430673,609.17706,0.35222822,1417.697,0.12847933,-88.6953,-1.061658,1607.6364,0.13457257,1119.3026,0.26022688,-89.87761,-0.9851862,2632.1482,0.09787517,967.9069,0.35938594,-94.60216,-0.89511895,-11.200258,-0.45195994,21.946362,0.25108388,0.059171,0.19579364,-0.022558028,-0.6193152,0.50103843,0.57231224,36.316673,0.21457799,-8.369491,-1.2718537,-1.9225892,-8.733706,-3.6239479,-3.189817,-9.339215,18.084124,0.051796425,-0.0121150315,0.23461576,3.052503,2.702703,0.20818181,0.17243277,0.14714286,0.118246816,-18.97687
32.501892,0.11870822,31.677301,33.15171,34.47122,2.7939167,174.54626,201.40001,63.94002,74.078125,0.55389607,0.58226484,0.23371357,0.52014405,0.85047185,0.6167583,5.8055506,3.6334658,3.8817616,1.7365885,0.22380845,0.9728598,19.558659,0.8573242,12.745574,0.94021153,6.18022,1.9215559,3.7289202,4.185133,0.030437019,2.190464,0.7690352,0.89365196,8.504593,0.40819293,9.2736225,0.9180368,34.84694,0.22355495,735.4117,0.2458633,1362.6952,0.16755554,-140.22192,-0.61893296,1861.803,0.131695,1038.1072,0.32645735,-143.52597,-0.55186635,2920.3293,0.07422778,944.55554,0.29606065,-145.1773,-0.5298018,-20.632864,-0.33028084,30.352564,0.26711017,0.059004087,0.21820256,-0.035561725,-0.45608184,0.38688588,0.62058514,35.62086,0.2583682,11.678556,0.86973244,4.64178,2.6369765,-10.679754,-1.4397157,-8.856617,16.635538,0.030398605,-0.0039485553,0.14619094,3.2115173,1.7817373,0.175,0.1114114,0.36499998,0.37143302,-23.145369
32.377487,0.12196123,31.34935,33.182648,34.51346,3.1641083,147.32727,146.41588,124.034294,128.1818,0.6000795,0.53431123,0.31961924,0.536797,0.93236715,0.6127479,9.767981,6.8788524,5.631032,2.628828,0.2473079,0.76308453,24.722864,0.5426702,4.2295017,2.3631217,10.265737,1.2216955,-0.17370154,-63.57323,0.031330325,1.9298872,1.2010775,0.81315553,7.335874,0.39312094,7.005382,1.0432718,25.469908,0.30899596,545.2144,0.38229355,1408.48,0.18619207,-118.626305,-0.78193736,1572.1636,0.17478475,1093.7523,0.31134474,-116.11524,-0.7470035,2666.9985,0.089393705,927.8687,0.47130135,-119.16548,-0.70089364,-13.03274,-0.540358,23.762188,0.30795684,0.034304276,0.5484694,-0.014290837,-1.036566,0.3565733,0.5540671,33.874104,0.27511245,1.9870001,5.262434,11.229703,1.3945276,-4.893114,-2.3370373,-8.078581,17.481783,0.011948347,0.007138747,0.15643303,3.460838,2.5735295,0.17142856,0.13124987,0.18333334,0.11492993,-24.56788
30.913652,0.12603688,28.072891,30.701363,32.118538,4.0456467,58.53081,39.32857,19.150003,35.82313,1.0276129,0.3936015,0.6452292,0.97265387,1.3752617,0.73003244,8.287442,4.8563685,7.4931693,4.2086043,0.42698738,0.51801115,17.930279,0.6995127,9.364111,1.0052547,4.6385345,2.4650447,-10.117541,-1.1701103,0.019582916,1.4610627,0.91536117,0.6667286,6.7611194,0.37460315,3.6226575,2.0685587,24.369276,0.27316186,629.79193,0.34317264,1354.2457,0.13183463,-113.18084,-0.83154047,1703.4585,0.15452708,1088.858,0.26968673,-114.120674,-0.7674351,2739.105,0.078523435,918.66345,0.4068158,-115.82922,-0.73887664,-12.853211,-0.37657243,22.145031,0.2996316,0.057142112,0.30140996,-0.0277331,-0.4392193,0.5628185,0.3564684,25.923092,0.35897315,7.184769,1.3741387,3.835254,3.6544232,-15.848575,-0.8474846,-7.798078,14.588885,0.035739806,-0.014305723,0.31095004,4.5525904,2.6898735,0.16588235,0.12811111,0.175,0.23683679,-20.418074
26.177126,0.14705689,24.24181,25.313606,26.526749,2.2849388,167.17822,153.52676,38.667953,51.76962,0.81640834,0.49679366,0.44104815,0.75692934,1.1418649,0.70081675,7.2663503,3.561181,7.3216205,3.5155647,0.37362325,0.59091324,24.998913,0.45743555,10.359619,0.9865964,1.127183,11.959431,-4.85542,-1.7823412,0.024885427,1.7524037,1.3067052,0.70098966,4.540449,0.5371212,2.2398787,2.493666,24.963306,0.48604736,621.69916,0.332788,1421.2673,0.12697297,-93.37168,-1.0087972,1670.2448,0.14797486,1090.3369,0.27534392,-99.48432,-0.87644184,2715.7332,0.09520799,1027.993,0.3819851,-103.20294,-0.81152415,-15.42446,-0.34827703,25.416569,0.25290284,0.052488122,0.2603359,-0.03103472,-0.44613078,0.4825896,0.4107495,30.454443,0.28720504,8.888888,1.1195099,3.4328983,4.4957385,-6.1434417,-1.5047166,-12.44727,20.413458,0.054053083,-0.018379752,0.2522349,3.7567086,3.2490976,0.15944444,0.12725618,0.12833333,0.10667969,-21.125689
26.956524,0.09504458,25.299974,26.67083,29.04597,3.7459965,164.94691,233.95451,41.786644,30.095415,0.6842451,0.47432992,0.43236345,0.5920562,0.92104733,0.48868388,7.1094904,3.4221075,5.574986,3.5085502,0.41161257,0.6864381,29.204586,0.4896582,13.386416,0.60465133,2.4497905,4.985148,0.62328607,18.63081,0.027917843,1.8487386,1.1961516,0.67605215,5.1026616,0.54737127,-0.0240308,-208.4098,34.128685,0.4093336,575.7866,0.32689202,1403.8987,0.12847395,-104.66671,-0.8914519,1626.6134,0.14085306,1074.0328,0.22246626,-111.40578,-0.7701512,2749.9678,0.1183082,1132.3958,0.3543643,-117.47112,-0.6788336,-20.052305,-0.27066502,30.76133,0.21711238,0.06066599,0.32592762,-0.028303057,-0.6367594,0.55767626,0.5051217,38.25338,0.2332537,12.385595,0.62431365,0.17318164,73.57048,-1.4565346,-8.652102,-13.663118,21.484032,0.036319934,-0.015280859,0.2779676,4.339964,3.649635,0.125,0.10805091,0.13526316,0.12852885,-19.658552
32.708862,0.065669514,31.679066,32.731033,33.771473,2.0924072,71.63267,150.9691,22.785105,10.585328,0.8955239,0.5571313,0.47208786,0.70759267,1.3909061,0.91881824,12.718889,8.377661,8.423777,6.184145,0.4041272,0.69234365,25.56108,0.4197557,3.4547024,2.8194468,3.4757504,4.2261214,-5.0246277,-2.3198836,0.014634765,1.1436939,0.9316012,0.5796688,7.199342,0.3405304,1.792262,4.532389,21.80508,0.40333784,594.52527,0.3710589,1373.9445,0.15498416,-117.958176,-0.77824605,1604.2737,0.18848227,1096.6238,0.3198883,-115.25193,-0.7733759,2647.855,0.10921124,983.3746,0.30342084,-119.13416,-0.7119101,-10.598431,-0.54243267,22.84839,0.2830312,0.020532118,0.8820171,-0.020886464,-0.67060643,0.5853363,0.5074209,31.796392,0.22774433,-0.4818137,-22.316984,-2.430693,-7.252627,-10.767649,-1.1435206,-10.109737,18.356758,0.0031940434,-0.0070294417,0.25468352,3.286385,2.843602,0.1511111,0.08887499,0.18055555,0.22232288,-20.649406
33.06511,0.039777353,32.146152,32.746765,34.05897,1.9128189,78.8036,66.81364,11.197108,21.044456,0.84070766,0.5444176,0.45206136,0.7218984,1.1923406,0.74027926,11.143955,6.3002906,10.158164,6.342328,0.45288536,0.6750549,25.64772,0.46366066,9.866767,1.2205704,3.345503,3.797591,-8.074797,-1.755691,0.023051122,1.2665141,1.2039362,0.67206895,6.407605,0.4739438,2.3926375,3.8551638,25.132675,0.5124056,618.68036,0.34459808,1397.3696,0.1771812,-93.74269,-0.99732286,1748.0751,0.16449864,971.01776,0.24414371,-97.97189,-0.8632713,2792.373,0.09508238,956.8929,0.28861216,-100.04898,-0.8281774,-16.140938,-0.3201714,24.308184,0.25755256,0.071760766,0.16981079,-0.035686735,-0.42092118,0.57376623,0.56679845,29.552702,0.2877934,5.6673493,1.9935814,4.2275095,3.497379,-14.568318,-0.9583934,-13.810161,21.78029,0.05522506,-0.026254078,0.3117679,4.615385,4.4444447,0.116000004,0.10413454,0.10294118,0.10686796,-20.080448
31.278776,0.11984345,30.755653,32.20348,33.157776,2.4021225,91.83582,134.54466,76.53175,105.15685,0.6686292,0.5037914,0.36852184,0.63501424,0.93447894,0.56595707,7.0055914,4.426096,5.783028,4.290814,0.2713516,0.8883865,13.985343,1.0322014,9.196872,1.1306965,8.2803755,1.4408159,-1.582705,-6.4793158,0.028761826,1.9374864,1.0154513,0.6898118,7.865876,0.3176959,7.3608027,0.88463026,24.785978,0.30945104,642.2267,0.27225098,1371.3047,0.15741614,-152.494,-0.52454513,1691.0634,0.14487386,997.19336,0.2975425,-155.24727,-0.47860578,2789.6233,0.06489947,870.0215,0.4333121,-156.31555,-0.46302295,-14.868059,-0.4482992,24.601843,0.32298642,0.034603484,0.4938282,-0.024157781,-0.6015947,0.38843346,0.42542133,27.950617,0.32839423,11.331402,0.94435143,10.651117,1.3009021,-8.170255,-1.4913572,-5.290237,12.804544,0.013119379,0.00028565878,0.23250046,3.096903,1.7068273,0.14235294,0.11316461,0.39944443,0.49125093,-24.251114
35.970314,0.03714296,34.918144,35.728962,37.14248,2.2243347,31.005583,33.484436,32.71552,33.283283,0.7864497,0.77349913,0.32851923,0.5307664,1.2776196,0.9491004,11.378093,5.2756963,8.721446,5.443537,0.35540047,1.1710322,22.352108,0.44856885,3.6633947,3.9888754,3.8373163,3.7061918,-12.82387,-1.4069923,0.01660011,1.2323312,1.0370383,0.90650004,8.80791,0.34596524,10.885389,0.8831966,25.249954,0.30808067,655.40515,0.3533245,1407.4927,0.18003322,-106.957115,-0.8992451,1708.5055,0.16243102,984.78125,0.32423636,-100.95743,-0.88802534,2809.3022,0.08847981,961.3415,0.43465894,-104.19184,-0.8296614,-11.856682,-0.52059186,23.056627,0.29091015,0.07632632,0.26574576,-0.018599441,-0.79590183,0.51871806,0.82276756,26.371128,0.3150538,-1.6680578,-8.594459,2.9614365,5.8707275,-21.276623,-0.9195269,-11.143497,19.296541,0.049234096,-0.011170669,0.17011054,3.3167498,2.3411372,0.21928571,0.121565044,0.17466667,0.1821672,-19.828321
32.012653,0.048116073,30.773726,31.854752,33.05213,2.2784061,35.7472,30.50868,26.99609,11.662397,0.842622,0.50440663,0.45091844,0.7080311,1.2194431,0.76852465,11.195937,7.4444118,9.764646,5.8151236,0.39494807,0.71377707,25.680353,0.47042772,-2.015092,-5.2967772,6.4673758,1.9352016,-4.191403,-2.7929635,0.016963633,0.94754606,1.091457,0.5967068,6.047697,0.39682865,1.7146428,4.332371,22.054695,0.3150371,561.9255,0.35752124,1442.7535,0.14621092,-118.26549,-0.77876216,1570.9685,0.15424769,1189.4446,0.3906206,-118.49846,-0.73923796,2619.6545,0.08043746,1018.5265,0.36077395,-122.20917,-0.68214995,-10.110063,-0.5080768,21.666151,0.28337362,0.028895034,0.5463105,-0.01777793,-0.63405794,0.5713808,0.48304468,33.349792,0.22797872,-7.4181128,-1.2576563,7.3657045,1.9039042,-11.731203,-1.0083097,-7.890169,17.693676,0.0052838144,-0.0025063343,0.26286805,4.373758,3.4136546,0.11882353,0.06977968,0.15294118,0.16969748,-22.163406
30.487507,0.22213006,23.209131,34.022213,36.051468,12.842337,315.84622,317.65387,119.61315,117.062225,0.8678595,0.45711535,0.53132373,0.7750916,1.2289224,0.69759864,8.8811865,7.308372,6.2612,4.8623977,0.41081104,0.7239437,23.306002,0.5600154,3.8705003,2.7034228,7.8232193,1.5636592,-6.761152,-1.6293057,0.056093495,1.5470195,1.167354,0.69077265,5.38281,0.6108972,4.908086,1.6994356,27.030422,0.27322736,702.5342,0.29765555,1391.0634,0.14638075,-146.08794,-0.57448924,1751.9845,0.14325486,1131.5316,0.36393493,-146.5799,-0.5392961,2821.1616,0.08224798,922.7484,0.2861563,-148.43329,-0.51373714,-15.966257,-0.36135745,27.147856,0.27592728,0.033379998,0.6558742,-0.028934276,-0.42272633,0.6206791,0.48155984,32.090412,0.2333532,4.8541164,1.9296621,7.786427,1.7999092,-12.5156145,-0.99400294,-8.986886,16.383133,0.011545971,-0.012880596,0.32335618,2.9204433,2.4291499,0.11333333,0.07531416,0.2775,0.27771762,-21.034832
26.716042,0.24617024,21.25146,24.827631,34.43451,13.18305,340.71634,481.99792,66.635826,89.49889,0.5748268,0.6688641,0.2683708,0.41278306,0.90563244,0.6372616,6.8402405,5.521241,3.9615576,2.2394469,0.29197234,1.0098116,20.875404,0.6131639,18.245617,0.54273534,1.1749614,11.002929,-3.504796,-4.073499,0.021885589,0.9407839,1.2583103,0.66174066,4.461181,0.6195906,4.031224,2.2532887,25.688917,0.30326885,588.33704,0.34336293,1347.7185,0.14503035,-100.42067,-0.9211373,1657.736,0.16748321,1077.0269,0.21638896,-105.82216,-0.7926817,2694.3677,0.09798054,935.9909,0.31489307,-108.13318,-0.7547616,-18.121866,-0.33737996,27.188221,0.22860557,0.033391207,0.8621239,-0.026215773,-0.8928887,0.3904245,0.8481737,26.824274,0.429856,17.620296,0.60973334,0.6712193,21.504662,-5.054246,-3.2462926,-12.248112,19.762484,0.029246682,-0.009137341,0.18252453,2.690583,3.336339,0.14999999,0.13412379,0.13657142,0.13347964,-21.725458
29.48639,0.053299457,28.224356,29.450357,30.857515,2.6331596,52.530163,74.87621,17.078663,6.1601133,0.7164708,0.6269196,0.28887698,0.6304961,1.1498212,0.86094415,9.752424,5.0621367,8.81085,4.620275,0.37909782,0.8716476,30.083853,0.47244927,11.257182,0.9501119,13.910965,0.96960366,-8.976217,-1.6641648,0.013151078,0.9943363,0.91871864,0.96142024,7.8524094,0.2666025,1.9221646,3.5442536,28.903843,0.25415012,523.06866,0.3326757,1320.3949,0.13088116,-95.78417,-0.97348034,1593.9828,0.1828702,1081.452,0.2634416,-104.22347,-0.80460703,2684.2197,0.09969649,857.457,0.3784323,-106.851814,-0.7603357,-19.549625,-0.3048234,28.607616,0.20885523,0.034513313,0.6604646,-0.032581866,-0.5011129,0.5219455,0.55010223,38.63416,0.26436073,11.997555,0.94346976,15.3566265,1.0516602,-14.810616,-1.0865548,-12.360225,21.167336,-0.008180444,-0.007000033,0.2088699,3.8647342,2.2727273,0.23357143,0.15323219,0.17333333,0.21287452,-18.892641
35.088383,0.1014902,34.932835,35.778355,36.69761,1.7647743,44.16148,44.986073,18.516502,26.207872,0.99986523,0.53758615,0.5312933,0.79288846,1.4777937,0.9465004,11.404139,6.8240657,8.861198,5.0269403,0.5351763,0.7039163,26.219097,0.44052166,3.2898912,3.7568357,1.5902854,8.781311,-13.229334,-0.8920527,0.024626285,2.0593574,1.0819167,0.70455986,8.162192,0.37272614,7.641161,1.2621322,27.583298,0.46931887,611.8904,0.341877,1411.2906,0.1419261,-109.93333,-0.8526849,1644.2607,0.1654076,1034.442,0.21622403,-106.09151,-0.8205115,2758.3792,0.07961018,877.46045,0.30678496,-110.36446,-0.75010735,-13.5411825,-0.4913083,25.332666,0.30325592,0.0630683,0.36290878,-0.019060846,-0.67030513,0.7285383,0.5173637,32.337875,0.27002034,-0.82656634,-15.645138,-1.4363648,-11.174069,-15.276343,-0.88405603,-10.37752,19.008865,0.040204056,-0.011086883,0.3441903,3.4951456,3.5294118,0.13611111,0.0656708,0.141875,0.13125446,-17.764618
31.252707,0.039119937,30.620714,31.40791,32.155354,1.5346394,71.593994,70.79266,9.138857,8.011083,0.59571946,0.49215543,0.32852873,0.53834414,0.8924263,0.5638976,5.9151406,2.260362,4.689278,3.694531,0.20800161,0.6326843,25.896103,0.38197455,-0.07383701,-103.331665,4.811597,1.9641986,1.3763593,8.262435,0.016689852,0.8783371,1.0515906,0.6656034,6.163689,0.34397978,-0.8598675,-5.325785,20.296349,0.31174913,560.0011,0.36142954,1376.8198,0.14406413,-108.4272,-0.85007465,1547.8246,0.15253846,1156.1115,0.2180626,-110.92373,-0.78569585,2611.9387,0.07703678,1000.8022,0.3586202,-114.61094,-0.7286981,-12.003466,-0.33950317,22.42974,0.26675573,0.026711613,0.7036445,-0.018364187,-0.742412,0.26812005,0.3894116,31.75383,0.28207192,-0.50110793,-16.52302,2.421642,4.540485,-1.3038824,-10.2951975,-8.576014,18.742262,0.0087935645,0.0022988964,0.1540148,3.1936128,3.2258065,0.14125,0.08499081,0.13941176,0.107619725,-26.577915
34.652184,0.09203066,33.860386,35.30656,36.66747,2.8070831,98.363434,77.2141,48.763496,75.002754,0.52902657,0.53945595,0.2791199,0.4765649,0.7613659,0.48224598,6.6931953,4.4233937,4.2580643,3.0180387,0.18708144,0.78084314,22.137665,0.5757975,3.4833162,3.5472527,5.634602,2.557644,1.1830055,11.534384,0.022340272,1.6483347,1.0076503,0.7607762,7.9087367,0.46502036,6.855804,1.1215019,24.5764,0.37807316,715.94604,0.32353026,1450.3434,0.17765872,-92.50795,-0.96640307,1718.4442,0.16010652,1229.1233,0.33837643,-93.37779,-0.8859754,2759.0242,0.091746844,994.74066,0.4123757,-97.06006,-0.82105905,-14.427527,-0.38484475,26.264786,0.26356328,0.05254453,0.3772502,-0.009712024,-1.3159564,0.25860417,0.54894495,28.585854,0.3903422,5.903517,1.9690568,2.301472,5.861693,-3.5714412,-3.9895976,-3.7897398,12.465833,0.024156447,0.009757515,0.079604685,3.5772357,2.4630544,0.23733333,0.17345381,0.14866666,0.19734459,-25.858675
24.550747,0.06806349,23.00991,24.746933,26.193562,3.183651,228.86043,210.20471,18.024345,10.992608,0.5386386,0.4916943,0.2693055,0.5160002,0.8080144,0.5387089,6.5140963,3.9592428,5.3688006,3.283912,0.18824872,0.7811661,14.030004,1.1339276,17.104734,0.59013546,3.4795222,3.1741831,3.3151503,3.289383,0.017935477,0.86830026,1.4386595,1.0239303,5.0064974,0.48636726,-2.5083656,-1.7423195,25.283241,0.28241983,556.17804,0.3177312,1335.8154,0.13270944,-131.75858,-0.67412287,1588.9614,0.16409728,1158.8163,0.33316183,-138.20845,-0.5809324,2671.321,0.08702598,914.26764,0.32807678,-140.28625,-0.55219847,-18.057673,-0.3584882,26.702112,0.28524354,0.027633876,0.55679053,-0.035092093,-0.5405969,0.28952655,0.42889786,29.167673,0.3259727,20.687353,0.40636018,2.1216035,6.001448,-0.31053057,-43.713177,-5.162294,12.312977,0.017410267,-0.0026941036,0.13409902,5.327245,2.3006134,0.146,0.109654,0.25125,0.279282,-25.658344
38.200367,0.05420044,36.61919,37.90807,39.988396,3.3692055,61.889114,103.980064,23.745995,12.606511,0.7411299,0.62991375,0.3291814,0.5705228,1.2119528,0.8827714,6.6645827,4.991881,4.545173,4.0291314,0.27700442,0.9210859,16.980955,0.7676028,7.205414,1.2920176,-2.7305984,-4.6800065,-6.0252137,-2.2407753,0.017217986,0.93553,0.7711501,0.74984694,9.567011,0.37047923,2.8915067,2.567118,25.386784,0.41886255,696.09326,0.26757306,1340.5569,0.1605709,-147.4466,-0.566226,1732.5674,0.14003493,1029.1721,0.31891754,-144.88681,-0.55242693,2841.6614,0.077017464,867.68475,0.35679093,-147.13449,-0.52080005,-14.404574,-0.54313725,25.709967,0.4176423,0.05063298,0.39627397,-0.028582504,-0.6129807,0.52587503,0.5093551,23.176582,0.53053176,8.654047,1.1389338,-9.654771,-1.7441254,-15.460539,-1.1049528,-6.3964953,13.914556,0.017767431,-0.010702033,0.16245037,1.7121117,1.3358779,0.22857143,0.17113864,0.4990476,0.63076603,-21.235237
36.12792,0.043978553,35.104927,36.122234,37.314598,2.209671,75.75006,112.84296,22.732647,12.522847,0.4824652,0.46283132,0.27598083,0.46306872,0.6659921,0.39001125,4.1807337,2.6755862,3.4474568,2.266626,0.21037202,0.4894425,14.277992,0.85419655,23.895035,0.44918102,7.7887936,1.5008453,13.065998,0.9254966,0.019811897,0.8168909,1.0355321,0.6681818,9.060544,0.21814094,6.3902626,1.2979082,22.58558,0.3739981,732.66394,0.27883676,1379.6821,0.13626137,-134.90096,-0.6221603,1816.3162,0.1284817,1086.8647,0.3453158,-134.43881,-0.58560926,2852.7737,0.08215558,927.5673,0.36711735,-136.01468,-0.5637015,-19.42743,-0.35684723,30.003023,0.25270608,-0.009876349,-1.9929976,-0.021271637,-0.5306883,0.27227336,0.36305413,24.033134,0.28595108,21.571594,0.53711385,6.2994757,2.299683,7.0434823,1.6758819,-16.274437,24.916697,-0.035683107,-0.004229356,0.17884977,3.4437087,2.6666667,0.1375,0.12875849,0.21649998,0.20261475,-25.730448
31.143005,0.1370543,28.84547,32.60592,33.71811,4.8726387,144.77011,133.43532,93.5479,113.78374,0.6671578,0.472927,0.34185493,0.62823343,0.9336335,0.5917786,8.675469,7.1426344,7.1772385,4.931339,0.2815856,0.736889,19.825829,0.71619046,14.879276,0.7724987,-1.2312034,-9.732538,-5.052037,-2.0141435,0.04903241,1.9938115,1.186454,0.91511416,6.8882747,0.47461167,5.4867697,1.0968063,31.219862,0.2773905,670.3196,0.24875884,1367.1715,0.12248199,-132.32527,-0.66848356,1731.0635,0.14305606,1102.9973,0.32916704,-137.6914,-0.5852571,2821.5583,0.08330321,891.3779,0.43753004,-139.76373,-0.5563066,-18.465202,-0.35811555,28.175604,0.2944769,0.047972135,0.28961295,-0.036436286,-0.41715455,0.3985866,0.54321665,31.356516,0.28067267,16.223173,0.6621856,-2.2226276,-6.263742,-7.647562,-1.4373605,-9.142512,16.349894,0.03031192,-0.01878184,0.21992464,4.550265,2.9787235,0.10928571,0.08357753,0.23833333,0.2455549,-23.560123
30.825,0.06731151,29.262592,30.562187,31.468052,2.2054596,92.73238,87.03738,38.78777,82.90199,0.9999928,0.44289657,0.54088205,0.98612595,1.4274136,0.88653153,11.011877,7.78484,7.287909,5.22665,0.4874425,0.6796183,21.15224,0.8270063,10.71114,1.198276,6.811511,2.1898224,-6.7372203,-2.2671728,0.023731623,0.89899933,1.2943627,0.80627024,6.2173877,0.4755911,2.577831,3.0523841,25.232733,0.33675086,612.1564,0.33211273,1346.4868,0.18227766,-97.35561,-0.943925,1684.5302,0.16161,1071.4044,0.2776717,-104.22452,-0.80035615,2711.9312,0.12645806,1012.8608,0.3096312,-106.50415,-0.7640378,-16.086924,-0.36953202,24.522795,0.26799732,0.03818941,0.60314816,-0.033684183,-0.5446031,0.6233264,0.522725,30.579432,0.3990352,10.142872,1.1733528,11.361836,1.4681187,-11.5752,-1.4576368,-6.2569947,12.761275,0.024842538,-0.0135101685,0.32726592,4.369748,2.881356,0.18058822,0.13453496,0.155,0.10925887,-18.118198
34.00675,0.065510504,32.99381,34.31285,35.48338,2.4895706,159.99388,315.0727,69.50006,102.80822,0.5706126,0.49075612,0.3268319,0.508717,0.85171086,0.524879,5.92378,4.516966,3.2276652,1.9153594,0.26589212,0.7295662,25.618214,0.5358923,14.950059,0.7433813,12.167088,1.1757334,-3.6137137,-4.2957625,0.021846274,1.2354461,1.1575994,0.7237546,8.354455,0.31724888,8.327806,1.0158424,32.430607,0.2582558,663.3027,0.2889409,1397.4939,0.14133245,-106.03693,-0.86493087,1745.4479,0.1143297,1068.5496,0.32097918,-112.528275,-0.7267617,2865.2896,0.08103732,777.43225,0.4384155,-114.60783,-0.6951722,-20.262447,-0.32774997,29.699574,0.24864946,0.059152193,0.27189618,-0.030188536,-0.51958793,0.36888134,0.5684661,33.746822,0.27054626,13.27204,0.7241987,11.289621,1.4843774,-11.031426,-1.3551779,-13.159804,20.163727,0.041729126,-0.010040279,0.16054682,3.471295,2.9609692,0.16363636,0.15203306,0.16095237,0.18915613,-22.838945
28.267672,0.110696964,26.336866,28.760256,30.698017,4.3611507,103.69687,122.93957,81.79231,222.92458,0.39041993,0.61871207,0.16819437,0.31748584,0.60363144,0.43543708,3.2534635,2.7149894,2.1861916,1.2016243,0.1820688,0.8816913,30.291977,0.29898176,9.9885,0.92494994,19.577194,0.53684163,2.8454826,4.79007,0.021445923,1.1367209,0.9209652,0.76196843,7.807382,0.2906155,4.634206,1.9992722,30.977266,0.30512768,662.5491,0.40638867,1394.2386,0.15563849,-113.32785,-0.7834612,1719.1127,0.1842213,1177.5548,0.24374306,-118.8085,-0.6832213,2830.337,0.10583845,1042.5453,0.26634753,-122.202644,-0.6355243,-23.185509,-0.24988927,34.05181,0.17369764,0.016413236,1.8656293,-0.011641284,-1.6642171,0.2519263,0.55530995,36.096043,0.19376141,16.235771,0.3915631,20.736473,0.59308034,0.4135111,41.40315,-12.893975,24.328514,0.0061465846,0.008735436,0.11598849,1.6329197,1.7693317,0.26777777,0.22263296,0.28692308,0.30183756,-23.383148
31.98925,0.30488846,25.229822,26.821486,41.157898,15.928076,219.49196,249.78004,160.45818,109.24784,1.1289728,0.5544151,0.42723745,1.1486908,1.6923897,1.2651522,15.42835,9.342032,18.022373,10.153016,0.5355924,0.8515059,15.5881,0.91182566,-0.79694444,-22.755184,2.9023895,4.58906,-6.6413245,-2.2578726,0.027814876,1.1484784,1.1516826,0.65876085,2.4880564,1.3603959,3.8879683,2.1514456,14.371844,0.5757145,745.10065,0.3453875,1188.1293,0.1938177,-119.40215,-0.78450465,1781.461,0.14689472,929.5596,0.29106575,-116.76471,-0.7730469,2732.282,0.101343356,868.9298,0.33601007,-117.154945,-0.7658196,-6.674263,-0.93420833,14.59525,0.4060596,0.036787592,0.70751405,-0.026297726,-0.68546236,0.6975367,0.5576259,20.334553,0.5309782,-7.9800744,-2.148359,5.3217106,2.964758,-11.719866,-1.4001306,-4.6806674,13.251985,0.012652777,-0.010961053,0.41650435,3.6834924,3.2967033,0.122499995,0.08491417,0.16,0.17368552,-18.999613
31.239697,0.15822355,24.930344,33.690964,34.83267,9.902325,682.8554,482.66373,56.198452,44.655674,0.8045711,0.45191884,0.4858984,0.7121567,1.1297132,0.6438148,7.9410925,5.0699825,6.213527,4.3272514,0.40626648,0.7528029,25.090921,0.46901417,2.8751357,3.5341206,9.327897,1.3283844,-7.753567,-1.7159986,0.031885665,1.5789331,1.1841321,0.61657536,4.959916,0.5537235,0.8462284,8.02034,25.704807,0.28938833,564.98773,0.31520414,1387.0176,0.11662144,-141.74046,-0.6201037,1612.5195,0.15646371,1033.9716,0.33391094,-142.18369,-0.58728373,2711.2043,0.08644384,1041.2637,0.53582007,-144.86029,-0.54936147,-13.62831,-0.36856303,24.846682,0.21813037,0.03793967,0.560044,-0.027144995,-0.5018859,0.60978025,0.34110484,34.925476,0.16913868,-2.7749324,-2.9551315,7.1170683,2.2387145,-19.944345,-0.61077076,-9.823602,17.671505,0.009052506,-0.010001523,0.31819502,2.979738,2.5179856,0.11285714,0.08536436,0.25181818,0.25308344,-21.801601
34.29883,0.05466161,33.755287,34.49405,35.335136,1.5798492,60.48402,67.56423,10.604701,17.92288,0.7550341,0.4343296,0.45877182,0.65372735,1.0795999,0.62082803,5.983141,3.4099846,5.2120757,2.0524654,0.39226454,0.6021031,32.139103,0.3498333,6.6451926,1.3304329,3.7856317,3.279248,-4.608954,-2.8768127,0.019608585,2.268005,1.0480294,0.6773128,8.737478,0.26722333,6.8571806,1.7667489,32.91409,0.26605982,625.7669,0.294503,1438.8694,0.15898451,-96.83155,-0.96474487,1658.71,0.14711234,1178.3784,0.2171406,-102.52532,-0.8151474,2745.7197,0.08610754,953.05,0.3025486,-106.37378,-0.7537161,-19.466707,-0.24684785,30.917936,0.24322826,0.040119145,0.5113439,-0.024207944,-0.5623688,0.4989689,0.46650267,38.22009,0.21667856,5.203855,1.5854888,1.2772847,10.81581,-10.452379,-1.314738,-13.255379,22.787779,0.020490559,-0.005760407,0.2690379,3.6395147,3.1468532,0.1661111,0.14044131,0.12421053,0.0981039,-20.132677
23.43507,0.04398238,22.613071,23.317516,23.960838,1.3477669,39.307697,26.116186,26.136673,12.290524,0.6067593,0.5783926,0.27798337,0.55298847,0.8800343,0.60205096,7.999466,4.7344966,6.443648,3.501027,0.30662802,0.8295936,18.206062,0.90277797,5.772144,2.2432482,5.7054663,2.8281975,2.187064,4.670948,0.03031109,0.57192063,1.8562597,0.51538193,1.5444596,1.0706838,1.4854636,1.7842586,20.935894,0.25386852,515.922,0.2420665,1407.0374,0.22555384,-170.52597,-0.37288028,1543.6896,0.13068858,1045.3014,0.24256063,-171.92496,-0.35437724,2607.5632,0.07957002,1031.3956,0.38823017,-173.1657,-0.33577493,-10.779306,-0.5726239,22.15571,0.3138518,0.0085636685,1.5227634,-0.014799893,-0.9973463,0.56540525,0.44292516,32.101067,0.31691343,2.9256158,4.7124987,6.240485,2.692442,1.3849808,9.907481,-5.329744,15.158819,0.012087133,0.004141103,0.26183093,4.4444447,2.6530612,0.049999997,0.02511512,0.3053846,0.22643103,-25.416767
32.68081,0.07691418,31.216614,33.339226,34.193314,2.9766998,42.273117,60.820686,21.082449,13.349625,0.85382545,0.6949682,0.30750126,0.6963474,1.3930845,1.0855832,12.606039,8.00516,10.715551,5.887186,0.3854695,0.87244403,25.78702,0.5342467,0.70217085,20.754784,10.577689,1.3380222,-6.709685,-2.2770774,0.014200936,1.0269997,1.1851777,0.8844847,8.203551,0.3426204,3.2650003,2.4863737,23.19511,0.28515226,577.9497,0.35598832,1404.9685,0.12266384,-93.15632,-0.99121755,1626.0676,0.15085974,1105.9918,0.34289292,-95.288345,-0.90187514,2676.5596,0.09043887,938.7168,0.36343336,-99.077095,-0.83278465,-12.483916,-0.5729686,22.64669,0.3279951,0.045154005,0.4879523,-0.017821534,-0.84826964,0.5096641,0.68706185,31.442373,0.34973675,-1.566712,-10.236402,10.866312,1.3860528,-10.829372,-1.581594,-8.891634,18.594135,0.014646427,0.0007220252,0.22532125,3.9872408,3.0546625,0.17894737,0.1301778,0.13388889,0.12028388,-19.908825
33.999744,0.052362245,32.700577,33.711884,35.42559,2.7250137,121.682045,179.77374,23.84725,14.977409,0.5723812,0.57115895,0.29859698,0.44948784,0.8789922,0.5803952,5.1833577,4.346122,4.9566903,3.6264474,0.25795123,0.85935223,29.445034,0.3979923,9.8097515,0.8609801,4.1277246,2.2898066,-7.382135,-1.3823525,0.015653195,0.9412046,1.0454029,0.7931663,8.688915,0.32606646,6.563606,1.2222117,35.781235,0.26376018,682.78973,0.23058432,1411.2543,0.14606501,-132.43498,-0.67949957,1775.3462,0.11575544,1104.9703,0.33357325,-136.78442,-0.59613776,2857.6575,0.07466404,946.82294,0.35273704,-139.13846,-0.5637109,-21.114286,-0.32707396,30.655943,0.30922762,0.05998627,0.25559938,-0.04087226,-0.37860048,0.41762674,0.63737124,38.01961,0.23182367,11.478646,0.70986485,1.9772587,6.1171503,-12.199345,-1.0651157,-12.659151,19.958952,0.036672015,-0.018413583,0.16554251,2.4307518,1.7573696,0.19935484,0.17937048,0.34903225,0.34759402,-22.048613
28.47331,0.097429655,26.485312,28.406567,30.219662,3.7343502,212.62431,338.36337,27.978678,20.35968,1.0397534,0.54953986,0.6037519,0.81355435,1.4206085,0.8168566,6.859119,4.7183304,5.5549655,5.139403,0.4318825,0.65935636,25.999355,0.3621564,-2.6709743,-3.3036146,7.187139,1.1191578,-9.34397,-1.3010391,0.016577253,1.101821,0.87025815,0.7350608,6.2597246,0.3922262,-3.36134,-1.5458138,19.058832,0.6206134,550.7285,0.3543438,1324.7435,0.14722794,-124.90218,-0.74301153,1542.0714,0.15852867,1070.237,0.22334366,-127.18256,-0.69430125,2651.0476,0.09775677,935.1496,0.42591447,-131.0759,-0.63765496,-12.621838,-0.5755711,23.307825,0.36378434,0.038708415,0.51447034,-0.023335285,-0.65669894,0.64063877,0.47913527,33.463814,0.238306,-0.79609144,-15.152362,9.388909,1.0552438,-11.752457,-1.3948694,-6.694985,16.446836,0.03015615,-0.005859889,0.29421538,1.502022,1.4484357,0.266,0.2217025,0.38846153,0.39587966,-18.687056
0.0,0.0,0.0,0.0,0.0,0.0,0.0,0.0,0.0,0.0,0.27366084,0.1343472,0.2629403,0.27628627,0.28925446,0.02631417,0.6774531,0.5944638,0.564675,0.44463095,0.1116951,0.23584865,36.794334,0.09239082,-2.6930766,-0.865402,6.434014,0.4247952,-0.45520443,-7.595512,0.0,0.0,0.0,0.0,0.0,0.0,0.0,0.0,0.0,0.0,0.0,0.0,0.0,0.0,-201.0,0.0,0.0,0.0,0.0,0.0,-201.0,0.0,0.0,0.0,0.0,0.0,-201.0,0.0,0.0,0.0,0.0,0.0,0.0,0.0,0.0,0.0,0.0,0.0,0.0,0.0,0.0,0.0,0.0,0.0,0.0,0.0,-12.632442,28.939417,-0.0026682538,0.0019739761,0.111845635,1.9184651,0.0,0.0,0.0,4.11,0.0,-36.957718
23.370222,0.084184945,22.220768,23.74735,25.090366,2.8695984,49.95221,60.677174,12.7860985,4.3882737,0.5054688,0.65435755,0.15310784,0.43924144,0.82525843,0.6721506,6.2169075,3.0093215,4.9077644,2.7379785,0.22100446,0.7773565,29.783243,0.45615736,5.319769,2.0487776,14.019499,0.815322,6.9700656,1.9740211,0.016082412,0.8550303,1.1049476,0.5823022,4.3731318,0.42906502,4.531462,1.9158673,28.643337,0.30652383,674.739,0.3652112,1422.4786,0.1729877,-106.37756,-0.85864717,1677.7253,0.16263182,1209.381,0.2696456,-110.06562,-0.78888357,2785.5095,0.117182024,1070.723,0.26010466,-115.617455,-0.7044691,-14.380382,-0.4837108,28.42374,0.24112502,0.0077613103,2.9623005,-0.004148338,-5.333277,0.3254648,0.45497987,37.253273,0.32183596,3.744341,3.5298772,12.454239,0.9839376,7.93391,2.1445222,-11.966499,22.66492,0.0020407238,0.010772105,0.119254716,2.9752069,2.1666667,0.22307691,0.15009661,0.20214285,0.32857218,-24.292383
34.209946,0.1012332,33.658493,34.783005,35.999268,2.3407745,71.503075,119.4279,50.373928,59.377674,0.7264446,0.46284938,0.38863248,0.6875732,1.0330405,0.64440805,8.17636,5.402213,7.095051,3.4871228,0.33986902,0.5651595,25.344637,0.46467948,11.35079,0.8190965,-1.2717823,-11.113364,-0.3966765,-27.53803,0.02033726,1.2411354,1.1450268,0.6972467,7.5114536,0.36106563,3.2132645,1.8259621,27.595396,0.29555798,743.466,0.22399557,1391.0057,0.14327991,-105.7207,-0.8667835,1762.6012,0.13056044,1161.9171,0.30004472,-110.32753,-0.76911324,2784.755,0.074796796,935.0534,0.40843505,-114.43936,-0.7047645,-14.446918,-0.46832183,26.010769,0.2987993,0.051435262,0.30541074,-0.028345166,-0.5042846,0.4338073,0.44672653,30.84184,0.2989044,7.910925,1.2500094,-6.999437,-2.2974312,-4.0554314,-2.9878805,-12.933569,21.03588,0.036619943,-0.015860444,0.2487849,3.9451115,3.4602077,0.136,0.11355176,0.1325,0.11317574,-23.073532
35.21896,0.032891944,34.026154,35.252365,35.998405,1.9722519,27.265535,8.475844,12.861276,7.3206778,0.5010613,0.46456918,0.30070743,0.48118377,0.6553483,0.35464087,5.5802493,3.59456,5.2221746,3.0528626,0.23160872,0.5318464,17.02189,0.6944932,21.183733,0.47615194,6.7525406,1.6746063,0.0041185245,2854.4573,0.020168524,1.0994904,1.0746648,0.7355411,8.041166,0.27724442,8.559856,0.9695084,29.83844,0.21788038,608.13916,0.23287092,1421.1168,0.13132535,-122.823944,-0.7303464,1686.2448,0.13479133,1169.6974,0.32175866,-128.10913,-0.63371265,2741.3604,0.09075416,956.80023,0.29529992,-129.99402,-0.60702586,-18.285557,-0.31905693,26.880785,0.30291274,0.0029486082,6.3304496,-0.024560636,-0.3691863,0.29116976,0.41333067,25.785448,0.32438314,19.355528,0.5487897,6.1715627,2.2269313,-7.4295554,-1.5741253,-15.441924,23.098312,-0.018009048,-0.007285155,0.20210542,4.6153846,3.1034484,0.125,0.106835805,0.16736841,0.17893963,-26.768625
33.335617,0.13075279,32.102917,33.54504,35.24243,3.139515,60.476902,90.56714,35.110065,27.177855,0.83668983,0.46089783,0.5289005,0.74252015,1.1271468,0.59824634,6.8404207,4.3265367,7.0852604,3.4108195,0.38826823,0.7758949,21.894947,0.68604785,10.098211,0.9817491,4.9276624,2.8943994,-1.753582,-6.015327,0.02727012,1.5199758,1.268914,0.65084183,6.8369,0.5247927,7.5021234,1.149716,29.298037,0.37052447,631.3172,0.35212517,1384.3485,0.15916704,-101.196495,-0.9176145,1697.775,0.14073981,1043.3165,0.2147086,-100.80236,-0.841288,2754.519,0.09844733,988.76154,0.24005276,-104.319954,-0.7822742,-16.106041,-0.41100484,26.536936,0.34432805,0.06415525,0.23413453,-0.024836892,-0.59499514,0.47142917,0.7474897,28.576963,0.34328267,9.474371,1.0706704,2.0023873,8.317826,-2.3826346,-4.7148147,-8.152179,15.727125,0.05223272,-0.011882141,0.29389492,3.195739,3.619303,0.1425926,0.099129274,0.11692307,0.10783782,-19.819082
34.51981,0.041037653,33.768116,34.494442,35.53787,1.7697525,74.06709,85.30665,14.499963,6.992195,0.21691787,0.47764722,0.1064232,0.21081084,0.31949887,0.21307567,2.6450179,1.2818134,2.0127318,1.0407532,0.058500525,0.8452155,18.093071,1.0052443,19.574003,0.5311053,8.854377,1.6237078,-2.532068,-4.6051254,0.018559443,0.9875712,0.9655224,1.047088,10.068622,0.2669366,14.117931,0.5672172,35.40652,0.26858786,635.4424,0.35643065,1423.2677,0.1359031,-100.07406,-0.8927596,1704.0411,0.15126322,1152.7219,0.2530427,-108.32138,-0.7294031,2826.9636,0.068838924,932.7759,0.3409454,-111.33703,-0.6823374,-21.72528,-0.35989222,33.35418,0.30025417,0.062425155,0.36140892,-0.010955388,-1.1777092,0.07519548,0.6612494,30.32852,0.3853334,23.35575,0.4250813,10.051224,1.6078635,-5.1917515,-2.5343003,-3.5076187,10.069872,0.035104964,0.008797431,0.038332094,5.604203,2.6501768,0.19999999,0.10171857,0.146875,0.09122217,-34.469967
34.010937,0.073610745,32.37697,33.98172,35.37104,2.994072,16.747313,4.4003615,5.410971,10.49897,0.95335346,0.6604574,0.3859496,0.70966554,1.651268,1.2653184,13.950802,10.988219,9.410966,6.156731,0.39250064,0.8203782,26.48773,0.47579455,0.69609493,19.480932,5.649379,2.5255713,-16.607666,-1.2198291,0.012204587,1.2476202,0.8354997,0.88115007,9.045562,0.29095748,6.866146,1.3182846,27.194576,0.3400314,679.9938,0.3167235,1425.301,0.19692837,-102.249886,-0.9598075,1714.9028,0.1493305,1096.2267,0.32463738,-104.330414,-0.8731052,2811.7085,0.102372885,930.4618,0.47214034,-107.69934,-0.81454587,-12.231814,-0.5242337,24.333042,0.31518355,0.04708142,0.40593827,-0.027058944,-0.5734213,0.58104473,0.5696792,32.324417,0.27910495,-4.684271,-2.9446683,4.8404956,3.7352312,-30.635157,-0.57173616,-10.888216,19.511526,0.0060963663,-0.011420128,0.19655186,2.8742516,2.0481927,0.24117647,0.14224595,0.21388888,0.19264646,-18.670717
32.719006,0.089364246,32.26677,33.337364,34.238743,1.9719734,125.24852,157.72836,112.47491,121.2853,0.5050838,0.3731636,0.32897583,0.4805142,0.6720419,0.34306607,3.5364301,2.0020335,3.7040212,2.1168528,0.18309818,0.48502585,20.499117,0.47393122,10.318397,0.8388748,6.12159,1.9690188,0.8980036,10.894428,0.033555016,2.710005,1.2267385,0.57884943,6.1714263,0.4176339,9.827816,0.6306359,28.45677,0.20244938,742.7801,0.31278414,1454.117,0.22633246,-138.9294,-0.6243839,1787.6915,0.14770815,1103.2242,0.27687153,-140.62772,-0.5797674,2796.1528,0.099386334,1075.032,0.48756573,-142.37862,-0.5556175,-13.361456,-0.33179778,24.021244,0.2378133,0.044447724,0.32086182,-0.01914773,-0.6611027,0.24910308,0.31961292,27.56257,0.2393163,6.539403,1.1353209,0.89303714,15.185972,-3.822824,-3.0521905,-11.120363,18.691315,0.021115316,-0.010041985,0.15342686,4.361874,2.777778,0.10823529,0.099364765,0.21833333,0.21543881,-29.329529
29.297432,0.0890648,27.70848,28.895714,30.310898,2.602417,80.37725,83.245865,16.513597,26.565533,0.62292844,0.69350123,0.28262845,0.4478493,1.0745705,0.7919421,10.052933,6.1982517,7.771,3.8092182,0.291975,0.9583254,26.121605,0.47933027,5.050996,1.9776305,7.637767,1.7640319,4.948799,2.6808681,0.030378338,1.3298289,1.3766868,0.7317646,5.8034763,0.40653616,-2.367822,-3.7851167,22.163538,0.3688361,586.119,0.40252033,1333.8331,0.20221958,-114.17667,-0.81769747,1642.5067,0.1812234,984.6667,0.32034278,-114.52661,-0.7725589,2666.6465,0.10301258,969.9569,0.32938966,-117.78002,-0.72132105,-13.316698,-0.4362324,23.384743,0.23141815,0.04066329,0.6067876,-0.014406921,-1.3870621,0.47336248,0.611215,33.75668,0.27538332,1.5899484,7.1790023,10.857326,1.4741879,1.4963293,10.591198,-10.066299,18.061283,0.019264512,-0.0013146618,0.1390865,3.2159266,2.6234567,0.16764705,0.16632816,0.1822222,0.21350397,-21.729464
31.71077,0.068144515,30.623133,31.650211,33.242172,2.6190395,33.1385,55.221523,30.696608,25.253523,0.81413966,0.48936453,0.38272986,0.83614975,1.1700805,0.78735065,6.7291875,4.56623,5.4726973,3.9246027,0.29197708,0.7178788,18.42267,0.91312623,20.039083,0.5567452,3.1377394,4.2210865,-3.8426,-2.5089695,0.011188448,1.0742123,0.6997621,1.0179344,8.870918,0.31721178,2.8210495,1.9526349,30.757872,0.2963945,598.4381,0.2650202,1438.5883,0.12698266,-108.35889,-0.860084,1688.0099,0.14548896,1118.65,0.30445734,-115.97768,-0.7266239,2807.5251,0.08310374,948.0187,0.43863723,-118.89102,-0.68235624,-18.315413,-0.4018768,25.866987,0.3285308,0.04410711,0.38386667,-0.033939462,-0.4480039,0.3678207,0.56276,27.114613,0.41672078,24.286646,0.36708972,2.2860053,7.249934,-5.5308414,-1.8543272,-7.357525,12.793146,0.020518634,-0.01513726,0.22198614,2.8459275,1.8737674,0.25105262,0.15255351,0.249,0.2226185,-20.27649
30.25201,0.13616523,27.70174,29.96922,33.297573,5.595833,69.83815,76.11414,63.47911,76.57479,0.8189728,0.753209,0.28755474,0.56930166,1.4199618,1.1324071,10.491304,4.9718084,6.64754,3.5866766,0.40475366,1.0052941,27.388815,0.47775066,11.131248,1.2443044,8.775198,1.5062113,-13.710819,-1.3220797,0.023641543,1.8219599,0.97709334,0.83190703,6.735645,0.4990526,0.99897057,7.1711636,25.667208,0.40205926,642.7743,0.28995684,1334.2637,0.16860233,-90.04794,-1.0603542,1755.2833,0.15967607,980.7206,0.33266777,-98.16955,-0.8882723,2851.4387,0.102096215,913.5391,0.37041426,-100.42703,-0.8469446,-18.271341,-0.36905956,25.959444,0.34048843,0.06306773,0.37312034,-0.046460886,-0.36058542,0.6072243,0.69247335,33.89375,0.29826388,7.4715796,2.0028114,8.394653,1.8341961,-22.464714,-0.82430834,-13.408319,19.670416,0.038963657,-0.022583267,0.1435797,2.4054985,1.9585255,0.28,0.25323784,0.19833334,0.18126866,-17.829239
18.685251,0.05302932,17.672722,18.67855,19.567963,1.8952408,35.221622,43.59526,10.704561,5.246891,0.42966124,0.6924944,0.15097442,0.37051693,0.6546447,0.50367033,6.826975,4.143464,5.140033,3.2703831,0.18914457,0.7834466,27.05166,0.6133836,2.7964294,4.2308335,10.942164,1.1794384,7.7899647,1.3398464,0.011864035,0.7582392,1.2929313,0.83035874,3.0026596,0.437978,5.023591,1.6378266,26.294277,0.242912,621.8092,0.31985635,1471.9314,0.16915293,-116.61294,-0.7792984,1569.0787,0.1459692,1193.1321,0.24830127,-120.8154,-0.7125998,2659.6174,0.10409382,933.99243,0.28742924,-125.01751,-0.6514087,-14.145294,-0.37708756,26.41633,0.22319813,-0.007162541,-2.6226184,-0.000490598,-30.959476,0.3033223,0.33865908,41.39299,0.22991021,-0.5142379,-23.808039,10.2996435,1.2721832,9.1536665,1.1863089,-7.3778634,16.174185,0.019001987,0.01945629,0.10321181,3.5906644,2.536232,0.16428572,0.14504749,0.19533332,0.21874997,-26.695799
34.314682,0.14108272,30.081327,35.472607,37.350475,7.269148,235.79668,291.01553,194.75322,260.64346,0.790024,0.213745,0.66146255,0.7457611,0.9126675,0.25120497,2.4340394,1.7705864,1.5197406,1.0722053,0.3456079,0.31050503,27.459007,0.17433406,-2.8221471,-1.7584815,8.322879,0.7300957,-7.009094,-1.1226107,0.034640513,1.6274325,1.2365649,0.45527363,5.609754,0.3983691,8.487971,1.4910407,25.851133,0.43890262,719.5728,0.34714848,1438.0697,0.1546083,-153.0422,-0.5253002,1683.898,0.16851518,1299.3407,0.23179787,-148.51747,-0.5372075,2749.0632,0.09405762,1084.1327,0.3723567,-150.85852,-0.5051283,-13.227394,-0.31192377,26.23652,0.22114152,0.035237312,0.49271575,-0.0076852096,-1.2116265,0.41783637,0.2845116,31.825954,0.10954373,-1.5851355,-3.8412895,7.4472136,1.09068,-11.762668,-0.8214293,-8.523652,20.49526,0.023300704,-0.0004925354,0.31696758,1.5483183,1.6059957,0.16933332,0.15605411,0.43266666,0.9082912,-24.412577
33.206524,0.09811178,31.047192,33.139023,35.519,4.4718094,128.73756,219.38516,28.749794,14.4686365,0.93500036,0.59670156,0.39582115,0.79282945,1.4830652,1.087244,9.606277,5.756657,11.012764,7.849592,0.43259454,0.8913441,18.950312,0.72517955,7.136043,1.7735751,1.7605242,8.224566,-9.813539,-1.4574391,0.016442018,1.0592868,0.9518449,0.8908128,7.6210213,0.40797,5.433731,1.449306,25.452728,0.35399485,635.87024,0.3335055,1360.2655,0.17318067,-113.76701,-0.81896996,1703.421,0.1700048,1007.21265,0.30335295,-113.00313,-0.77121806,2773.8118,0.100990556,925.28064,0.42312843,-115.34417,-0.7336203,-12.973869,-0.55679846,23.049501,0.3231671,0.06300523,0.2974946,-0.027171694,-0.6057922,0.6707114,0.57668,27.985687,0.3786368,5.2116733,2.8708045,3.8582914,4.671544,-15.635407,-1.1075972,-6.5615287,14.202766,0.044442646,-0.009990451,0.21227637,3.5602093,2.7368422,0.16615385,0.14480959,0.1925,0.18005207,-18.735146
35.21631,0.16099288,33.562225,36.67368,38.517326,4.955101,131.26434,133.1967,228.58311,326.055,0.62514037,0.6125065,0.27687028,0.49864268,1.0091194,0.73224914,7.2950997,4.727805,7.502045,6.211882,0.29761174,0.72669536,28.722511,0.37932837,-3.3464797,-3.5320683,12.246643,1.0982823,-0.8213979,-20.471138,0.015391775,1.3661507,1.0277536,0.72743565,6.7011404,0.4785782,5.1478486,1.8786592,24.529932,0.40089375,621.17865,0.3440638,1361.673,0.16303344,-122.17101,-0.7424951,1661.9814,0.15971728,1130.452,0.29720214,-116.60176,-0.7458666,2724.443,0.096047424,965.7219,0.39891177,-119.87795,-0.69484097,-13.28226,-0.45557472,24.396902,0.30879334,0.0075693373,3.8162243,-0.015936634,-0.9837994,0.3987156,0.52725846,35.56,0.24202539,-7.3865314,-1.8325031,7.004849,2.3824818,-13.027062,-1.1831061,-12.977886,23.605024,-0.033100918,0.00932515,0.21715365,3.1847134,3.4615386,0.121851854,0.07930425,0.1572,0.14376424,-23.696423
32.989597,0.07639813,32.18299,32.963997,33.82572,1.6427307,533.1632,1018.28033,64.93152,58.30558,0.800559,0.42355058,0.49530873,0.75840265,1.0753465,0.5800377,7.4409723,4.962737,7.440067,4.4145694,0.4106583,0.6423735,23.942368,0.61254406,13.716747,0.67414844,6.1983786,2.3554342,-3.3832138,-2.9392269,0.01822117,1.4170595,1.0621872,0.7916077,8.548114,0.33996174,11.19768,0.7561817,38.064785,0.22651584,637.017,0.3251431,1415.7925,0.15861225,-103.99866,-0.8905954,1735.7598,0.1270373,1063.7261,0.237191,-109.501045,-0.7607273,2845.1438,0.08647179,1032.7151,0.33322707,-113.59558,-0.6977603,-20.62268,-0.38202587,31.332426,0.3132081,0.062079936,0.26518947,-0.029995091,-0.47542012,0.5273478,0.5497882,31.997849,0.3046591,15.753102,0.58700025,3.1914487,5.662285,-3.6872122,-3.1671824,-9.320198,16.11624,0.045142237,-0.017877527,0.29200956,4.5380874,3.4313726,0.14047618,0.09544264,0.136,0.10692989,-19.023054
32.441673,0.044461478,31.658154,32.53944,33.3878,1.7296448,42.727333,39.646988,24.634617,27.767187,0.8802716,0.57360893,0.3116639,0.80567664,1.379281,1.0676172,10.642051,6.419979,11.8341675,5.998808,0.34488174,0.6932302,19.418177,0.653254,4.8895564,2.6072035,6.0916357,2.2451148,-11.785734,-1.2848072,0.014907372,1.198488,1.0253456,0.9585639,7.336104,0.35504904,4.123899,2.0564306,20.113136,0.36271945,595.55396,0.37091368,1414.8364,0.14378642,-114.2838,-0.813283,1662.2816,0.16919415,1054.4136,0.28584698,-114.86379,-0.76671755,2704.156,0.10031452,1046.0533,0.36626709,-116.503654,-0.7380252,-10.748888,-0.50335836,19.403784,0.29954475,0.06221248,0.25761676,-0.024861561,-0.51705146,0.5156176,0.39310107,26.642761,0.3471079,-1.3965935,-10.270749,11.017835,1.4062096,-22.267221,-0.70612663,-8.150244,15.98969,0.042720154,-0.010389836,0.20187202,4.0518637,3.1045752,0.13947368,0.10091548,0.16157894,0.22949056,-21.827194
34.729954,0.076478794,34.558784,35.202824,35.879177,1.3203926,13.049204,8.114101,36.560314,43.137955,0.9029696,0.45021555,0.5521923,0.849276,1.2216332,0.6694409,7.381792,4.33608,8.223789,5.5453353,0.3707755,0.5554103,28.146975,0.44795495,-2.0279932,-5.241155,6.891313,1.8889223,-12.748836,-0.8629249,0.016203798,1.0478683,0.95965505,0.7888556,8.720096,0.30908313,4.5884986,1.7433957,25.31368,0.36252487,637.49054,0.33278716,1444.3542,0.14094463,-102.07891,-0.91030043,1650.1908,0.15643486,1168.8408,0.28555036,-103.04951,-0.84135014,2716.354,0.10732483,998.02844,0.3894823,-107.64979,-0.7659747,-12.600533,-0.4859248,24.95462,0.33172885,0.05699771,0.23422979,-0.015243142,-0.72329694,0.44721115,0.4382425,34.50532,0.27427655,-4.014356,-2.951649,6.6632514,2.2975943,-16.170574,-0.73556685,-8.461523,16.705482,0.045535643,-0.005504602,0.28746042,3.9024389,2.7868853,0.18294117,0.12951332,0.15470588,0.11931755,-21.062595
35.452644,0.06169467,34.807312,35.814472,36.608944,1.8016319,24.646463,30.090733,30.508688,38.64463,0.5232231,0.5937861,0.22809902,0.46643993,0.7682253,0.5401263,7.1030188,4.1805024,5.704537,3.810881,0.21931091,0.76239306,25.130816,0.5605061,4.493227,2.709538,9.771139,1.1986417,-4.536338,-2.9932168,0.037897147,0.8382056,1.3166455,0.63668555,7.5554576,0.36773452,3.235263,2.9513228,26.742252,0.31855497,697.86896,0.32314354,1361.6261,0.13328724,-146.06868,-0.5532847,1791.115,0.19712634,1037.0109,0.37429887,-146.08818,-0.5221973,2894.6655,0.12226226,988.46387,0.32608455,-148.43044,-0.4898401,-15.5415,-0.3935994,27.58995,0.26648396,0.025131034,0.72407204,-0.016556857,-0.7434544,0.33157519,0.42212206,35.799137,0.27809116,1.5913144,7.0621448,10.39199,1.279892,-15.925466,-0.83158606,-10.353574,19.547846,0.0013536932,-3.657893e-06,0.1706299,3.8632987,2.6946108,0.107777774,0.08410017,0.25588235,0.31288144,-25.6668
36.36674,0.06298115,35.00596,36.41467,37.711998,2.7060394,27.965555,10.036174,53.04229,54.37238,0.76238143,0.56471485,0.3908392,0.6323312,1.1313167,0.74047744,9.3704605,6.2285256,9.474397,5.6396747,0.30605635,0.8555017,19.206041,0.57984096,5.949917,2.0586452,-3.2261467,-3.9663167,-4.158503,-2.6831472,0.015628252,1.0401555,0.97153705,0.7895415,8.499939,0.42938974,10.159467,1.0209652,23.343382,0.2784014,625.17035,0.34156013,1419.668,0.14576064,-118.663475,-0.7645867,1665.3225,0.14764556,1032.4252,0.29354146,-111.40403,-0.7841108,2725.6592,0.08729407,918.3992,0.40517035,-114.69031,-0.7321953,-11.458634,-0.5585587,21.941618,0.33368453,0.06827915,0.26570675,-0.016548008,-0.6525037,0.4540288,0.6138233,24.857769,0.39236444,1.891011,7.8829904,-2.7231035,-6.039558,-6.176266,-2.22689,-8.980923,17.409655,0.038577627,-0.0082814,0.16939215,3.4074075,2.690583,0.17222221,0.15349829,0.16947368,0.2132079,-22.41109
33.464073,0.07088415,31.662472,33.602905,34.930492,3.2680206,54.116474,72.39226,18.13798,14.383816,0.82833934,0.49217904,0.48540795,0.70808077,1.2003466,0.71493864,6.733479,3.3941686,5.6798434,3.0543456,0.35297397,0.63829756,23.841688,0.3812261,1.3964123,9.567802,-2.5576217,-5.513531,-11.519924,-1.3113704,0.017420596,1.019027,1.232415,0.6433613,5.719405,0.4275246,0.25529253,28.269,20.336119,0.47695002,639.5565,0.3559445,1403.1195,0.18812878,-108.10516,-0.8932251,1643.1362,0.17191705,1138.4788,0.2597325,-105.48111,-0.86437285,2711.6963,0.10290166,1008.4689,0.45690224,-108.821846,-0.80707735,-11.003756,-0.5329385,21.972427,0.32356712,0.054353833,0.27373326,-0.025514415,-0.59986925,0.46302572,0.519352,28.039968,0.26947993,-3.1695564,-3.9830744,-6.365072,-2.21695,-20.860521,-0.63442725,-9.812017,17.35581,0.036312163,-0.0089391945,0.24777436,3.4175334,2.5487256,0.18705882,0.14771852,0.17444444,0.1329671,-22.718845
30.688519,0.051211182,29.864422,30.730158,31.721325,1.8569031,33.85934,24.597136,21.743746,9.651366,0.94238883,0.5124347,0.5078948,0.8853888,1.3635002,0.8556054,12.830627,8.322818,11.233202,7.503679,0.54671884,0.8312127,27.773027,0.60472465,9.272742,1.2890784,10.671889,1.3719319,-3.565527,-4.2050877,0.019232664,1.5119637,0.9982434,0.9170735,7.8294353,0.30748326,1.2720696,5.440719,26.73148,0.26950464,584.4653,0.33983514,1349.1572,0.17751022,-90.4262,-1.0008736,1643.8683,0.16549502,1095.4427,0.2857103,-97.66214,-0.8377091,2699.9854,0.12393718,986.75745,0.20772631,-100.74726,-0.78563005,-18.457083,-0.37735087,26.627838,0.28925022,0.035755593,0.6421876,-0.03285889,-0.63221264,0.6371424,0.64543575,34.80798,0.35667232,10.135123,1.1865616,12.069431,1.306131,-8.330638,-1.910002,-9.567109,18.140343,0.0040978035,-0.0057073706,0.43501237,4.109589,3.1620553,0.175625,0.121190384,0.119375,0.07940944,-16.928288
29.84254,0.080159456,28.29483,29.647179,31.518349,3.2235184,93.85811,103.90695,69.452,134.16505,0.41845894,0.51266056,0.20577633,0.40597948,0.57909405,0.37331772,5.5153847,3.707458,4.128798,2.2037444,0.1536526,0.7157417,22.850992,0.70778304,9.803551,1.1608428,14.37738,0.7929503,3.5234127,2.5838501,0.025738088,2.0826244,1.1366249,1.1086107,7.601761,0.331456,9.294087,0.6298365,31.738894,0.24689297,575.77856,0.33729848,1440.4958,0.1824871,-115.37196,-0.77086395,1627.6116,0.14530133,1077.3281,0.30693847,-120.10053,-0.68029815,2749.2976,0.06509842,938.47266,0.45891884,-122.99808,-0.638215,-18.392721,-0.3920975,29.583899,0.30412024,0.032054298,0.56241286,-0.018292658,-0.7697328,0.207159,0.40378156,33.817974,0.34270775,12.73155,0.8240399,14.98588,0.8943656,0.24882738,39.60626,-7.404392,15.341753,0.020836093,0.0054694167,0.10935677,4.326123,3.1879194,0.1363158,0.07699695,0.14899999,0.11184364,-27.476652
32.968246,0.071666084,31.24592,32.194115,34.886642,3.6407223,92.97458,72.243576,13.612321,7.2429285,0.66382384,0.5693107,0.33763382,0.56909984,0.98041826,0.6427845,7.521383,6.3016396,4.830944,3.7159119,0.26564243,0.7128863,29.062546,0.44791722,10.183399,1.1836201,-0.2591937,-49.164726,0.6759468,17.810057,0.014455442,1.0788934,0.9828565,0.77407223,8.142765,0.31692618,5.0892572,1.4338087,31.691343,0.25087735,644.1382,0.2626576,1433.0587,0.13253433,-106.03256,-0.8818103,1715.3278,0.12751624,1064.8109,0.2636018,-111.67361,-0.77097535,2802.5056,0.08566825,1027.9138,0.29280043,-116.345535,-0.70078033,-17.842688,-0.3237977,27.525875,0.27673602,0.033914562,0.43574226,-0.029783087,-0.3735918,0.36617422,0.5394269,37.18821,0.21245015,7.5189466,1.4353375,-0.41335917,-34.149544,-1.8821006,-6.1121674,-13.382497,19.93334,0.01558719,-0.012840722,0.17092128,2.2977023,2.6104417,0.17999999,0.15281965,0.1892,0.12575912,-22.075766
24.34052,0.052876532,23.123154,24.279884,25.595568,2.472414,118.7807,122.203674,14.844511,9.554737,0.8015277,0.43160453,0.5115981,0.7286883,1.0270181,0.51541996,5.935957,3.3240302,4.706869,1.9273322,0.3126135,0.5792822,27.928162,0.50617075,7.385213,1.3010213,5.0445065,2.322481,-2.3037188,-4.811082,0.01687804,1.1146934,1.0074149,0.8072141,5.274597,0.34658638,1.8702683,2.217793,25.764639,0.22266549,475.0448,0.30430618,1399.307,0.16087313,-89.00475,-1.0481713,1437.3612,0.1395186,1114.4307,0.26800817,-95.88828,-0.91246957,2568.2378,0.07797318,978.5687,0.30822173,-102.67707,-0.79456514,-14.846376,-0.3179692,27.405224,0.1863864,0.02688335,0.5467262,-0.023285035,-0.59253806,0.38032407,0.50567615,35.373,0.2599914,8.494131,0.9714823,4.151175,3.3083444,-3.9199774,-3.2506323,-8.275529,16.814234,0.019618904,-0.00502163,0.22662103,2.95302,2.1621623,0.255,0.2070628,0.17588235,0.08492618,-21.218271
34.783493,0.04684157,33.86024,34.580643,35.67142,1.8111801,40.102177,61.85771,16.560778,20.334005,0.7770634,0.49862787,0.45994106,0.7028527,1.1342177,0.6742767,7.476932,5.516643,7.339984,6.2756476,0.30843812,0.71230376,23.54145,0.57977295,5.8468485,1.9691232,5.557371,2.8488958,-3.9385583,-3.248489,0.012980162,0.93480283,0.9518862,0.7008546,8.541774,0.26366013,7.553421,1.2302178,28.192389,0.35639462,626.138,0.32681772,1429.0431,0.14252093,-117.342865,-0.79898256,1662.6201,0.1711565,1111.4198,0.27320355,-115.99893,-0.7552494,2736.34,0.09700574,939.36664,0.371782,-119.43636,-0.7002749,-11.998495,-0.55206645,24.948847,0.36394417,0.03253161,0.55279887,-0.01846558,-0.9239191,0.40088448,0.5263749,32.264057,0.30671608,3.4418547,3.4853182,-2.6410854,-6.8478727,-10.9661,-1.2287558,-8.949783,17.158802,0.00095081754,-0.0010725167,0.23320723,3.4620507,2.546917,0.17263159,0.11946557,0.19894737,0.19333349,-22.200497
31.070042,0.061977785,30.129042,30.771769,31.562134,1.4330921,256.41306,470.17984,19.03726,13.489661,0.75062054,0.33274868,0.5407794,0.70178753,0.9572033,0.41642392,5.6681576,3.8977296,4.7365675,3.877333,0.33384162,0.47048718,27.41715,0.3958384,6.751317,1.3228929,5.0425587,2.3175743,-4.923924,-1.9389225,0.021509126,1.1781415,1.172025,0.57820237,6.456937,0.3431763,2.9909751,1.9341114,29.603611,0.17760074,598.21704,0.2497241,1459.0055,0.10873427,-117.170044,-0.79238814,1653.6697,0.117401294,1141.9353,0.29125956,-122.503784,-0.6945025,2715.155,0.069714926,1019.4076,0.4984217,-125.40204,-0.65282273,-16.870714,-0.24940449,26.315176,0.22405002,0.058011815,0.24862698,-0.02943853,-0.3629375,0.42683256,0.4150619,34.459,0.18860215,6.121508,1.0667905,7.9020624,1.5981364,-8.337933,-0.9116955,-11.890189,19.387691,0.047018252,-0.020053918,0.26223317,2.8231797,2.6946108,0.15166667,0.1043099,0.221875,0.24370112,-22.675
33.61721,0.11736343,33.929905,34.923374,35.63444,1.7045364,143.63231,124.13277,43.079494,58.974155,0.7194856,0.5354892,0.3541479,0.6100425,1.0992814,0.7451335,9.297625,5.106102,9.106792,4.0294323,0.24835038,0.69678646,18.670517,0.64859766,5.432159,2.057108,0.48889568,24.876816,-7.77894,-1.5970376,0.029341271,1.9325404,1.2870336,0.8299648,7.5948977,0.46270102,8.7439785,0.82743955,24.71809,0.2709347,581.0473,0.3701457,1400.0618,0.110704914,-117.712105,-0.78973776,1625.2395,0.15848325,1042.3445,0.26226136,-114.3679,-0.7680531,2685.9773,0.08919206,957.39514,0.3404997,-117.40823,-0.72175837,-11.762509,-0.40438375,21.75987,0.24217899,0.06796877,0.24222115,-0.016954662,-0.6330189,0.34531766,0.44243693,26.270782,0.29205447,3.2488072,3.2107992,2.4533978,5.8550987,-13.068563,-1.1196985,-6.716548,14.654391,0.046477437,-0.007091225,0.16576347,3.812825,2.7972028,0.1575,0.117446795,0.16882353,0.29255232,-23.983082
35.196236,0.081912905,34.3883,35.455765,36.967457,2.579155,162.50803,151.77304,73.29282,95.13762,0.5572457,0.7304325,0.2137565,0.42955866,0.87547064,0.66171414,6.714379,4.899545,4.9657125,2.9347982,0.20352176,0.9444766,24.492577,0.3814327,-4.0310264,-2.3223863,8.960887,1.1791809,-5.2052383,-2.545067,0.041948132,1.5920725,1.3332386,0.58951896,6.197946,0.6416219,5.6975594,1.3489323,23.778318,0.32227784,691.10425,0.29258597,1468.9105,0.1798648,-142.64648,-0.600781,1671.7001,0.1303082,1199.5194,0.27288672,-141.01161,-0.585981,2743.7212,0.087256044,986.9628,0.43857846,-143.01648,-0.55746657,-11.238457,-0.4886364,22.92661,0.32674643,0.04530341,0.42893547,-0.01360385,-1.021226,0.3705007,0.5228561,31.833288,0.27950263,-6.245152,-2.028711,7.2464075,2.0840833,-17.379879,-0.8222582,-6.987986,17.01901,0.015970744,0.008458037,0.12225572,2.0016012,1.8488747,0.16826086,0.14242166,0.3517391,0.34702027,-26.040655
34.567234,0.08172463,32.569996,34.861053,36.59,4.0200043,115.36014,161.0533,34.863777,32.0266,0.7659606,0.76960945,0.18379371,0.64725804,1.2653497,1.0815561,9.415365,4.999978,6.1240997,2.80963,0.38623977,0.9474466,29.364592,0.3201547,-1.6706952,-5.1178365,1.8225243,8.762478,-6.317418,-2.3082936,0.020020565,1.1343013,0.985448,0.6679752,7.5473824,0.40624583,5.928123,1.3977886,27.892704,0.3820943,610.662,0.37844598,1390.7795,0.17257538,-98.70905,-0.949451,1622.9999,0.14971335,1074.572,0.20563886,-98.1713,-0.8911616,2717.1667,0.12496341,1089.0414,0.35442764,-104.3609,-0.787566,-13.279215,-0.43222085,25.932688,0.2332533,0.06242361,0.3117078,-0.019082135,-0.8131221,0.57944614,0.59905756,33.95469,0.22651394,-1.4829236,-6.3369155,-0.6331042,-28.429588,-9.884892,-1.6644747,-8.226693,19.804768,0.024994727,0.0028422475,0.14640602,2.6578074,2.2271717,0.24249999,0.17311485,0.17714284,0.2241416,-19.173595
33.20358,0.03813004,32.233868,33.43642,34.2372,2.003334,35.542645,48.91076,17.293533,8.874334,1.1066309,0.6702145,0.46995053,0.8584771,1.6809078,1.2109573,16.380976,11.066423,14.383576,8.637033,0.4788025,0.824254,27.645542,0.40038297,-5.4869113,-2.3436654,10.632849,1.4189001,-12.929913,-1.2198812,0.010710039,1.0332037,0.87618095,0.81860214,7.618012,0.35558277,2.6417053,2.3783884,19.306623,0.4577271,592.5454,0.3849247,1456.0046,0.15803517,-103.67394,-0.90295917,1597.4774,0.15260851,1162.322,0.31259242,-100.507385,-0.886846,2635.0679,0.121887125,1069.9473,0.3982424,-104.159996,-0.8232563,-8.738846,-0.6566853,19.648308,0.34512597,0.046272993,0.335223,-0.016429342,-0.79252094,0.67643124,0.60552734,31.704933,0.27425846,-10.045933,-1.2890519,11.741097,1.5109291,-22.358402,-0.6498397,-8.5100975,18.636084,0.022312468,-0.0048579113,0.25939092,3.789127,3.1561463,0.15894736,0.10730649,0.1305,0.12338862,-18.448006
28.208643,0.06563116,27.027412,28.262863,29.324553,2.2971401,42.43068,69.090645,29.930796,22.362839,1.145039,0.37999344,0.758082,1.0387918,1.612513,0.854431,8.408557,4.3676243,8.100812,3.155104,0.5284625,0.51704246,29.167248,0.39866215,-4.343281,-2.3755484,10.818031,1.0888385,-8.003394,-1.6436228,0.01667991,1.0954291,0.88586587,0.88378745,6.133144,0.3746616,-0.6055455,-15.030818,21.123981,0.64381945,611.39557,0.38018104,1367.5631,0.15816766,-89.18767,-1.0510677,1648.0447,0.1766815,1052.201,0.28340507,-93.28438,-0.93230236,2686.6975,0.09823896,930.9225,0.3367354,-95.82383,-0.8842854,-12.532614,-0.48565128,21.16199,0.28370017,0.05187045,0.3387525,-0.019359982,-0.8229469,0.65056556,0.41370845,35.75241,0.22344118,-5.2440867,-2.0709825,14.045731,0.90997046,-11.011165,-1.2803082,-6.3617945,11.739825,0.03347232,-0.005287321,0.37215227,3.536346,3.1746032,0.1725,0.09940448,0.122499995,0.07553972,-18.051899
22.47205,0.08895542,21.171158,22.273615,23.731182,2.5600243,82.94685,122.21179,14.385956,6.726386,0.75567114,0.45833486,0.4066642,0.72753906,1.0326525,0.6259883,5.548621,3.6815615,4.07742,3.698192,0.3135003,0.59499913,26.805721,0.48019865,6.8718367,1.5918063,8.901589,1.4646603,-8.346313,-1.7735902,0.012948031,0.81801814,0.9507422,0.6143058,3.8181407,0.51357377,-0.00468894,-909.13464,21.814995,0.388399,573.5529,0.31353116,1363.0001,0.15273991,-103.33827,-0.9171448,1609.2592,0.16700354,1120.7343,0.2855881,-109.62978,-0.80666727,2716.7078,0.080036655,847.1206,0.48118678,-111.41013,-0.7771056,-15.282545,-0.40947863,23.38709,0.32177624,0.014362495,1.2808138,-0.028816985,-0.6105244,0.40404275,0.47144946,33.62667,0.22613564,6.7501245,1.6091169,11.236997,1.3698441,-16.327902,-0.96299475,-9.8752575,18.294357,-0.0008015004,-0.0070218616,0.22445141,2.2624433,2.090909,0.22869566,0.21285439,0.21958333,0.17398466,-22.746824
29.673717,0.1347672,27.707748,29.129078,31.012589,3.30484,66.37759,53.509064,85.04945,131.3774,0.69834095,0.6175184,0.28350607,0.5877979,1.1572435,0.87373745,7.255374,4.9351177,6.5858727,4.631493,0.27735138,0.88691634,19.81705,0.7840457,11.888099,0.9994291,2.0787144,4.962372,-2.0374155,-5.507075,0.025291402,1.8265622,1.0988348,0.84539485,5.8019943,0.5243736,0.731762,8.185415,26.374308,0.3613402,597.1583,0.3072149,1361.607,0.16262732,-123.41605,-0.7507184,1655.9221,0.16770431,1117.4808,0.27648902,-128.28554,-0.66439563,2720.079,0.093972914,978.6682,0.38601506,-130.8672,-0.6272408,-16.732733,-0.38114798,26.4769,0.30097842,0.0472415,0.42622402,-0.034288947,-0.4450163,0.44552988,0.5232972,32.85513,0.37317747,11.922671,1.2488452,1.7356286,7.449406,-6.515047,-2.1112485,-7.7392364,15.654033,0.020304559,-0.0058400417,0.16632423,3.0239832,2.2035677,0.17285715,0.19036664,0.26095238,0.21928246,-21.833609
24.153507,0.23454471,21.745127,22.707613,23.880257,2.13513,96.8611,101.04554,72.43595,94.74585,0.6134532,0.52879155,0.3321593,0.5188828,0.90107197,0.5689126,7.7531724,6.0612187,6.5720997,4.311987,0.255985,0.7442723,25.866573,0.41849402,6.734351,1.3153007,6.6157436,1.9331994,-8.966358,-1.1455647,0.016454956,0.8759262,1.2065428,0.7591936,3.9471474,0.552842,1.4330429,3.1260977,22.096895,0.46108988,627.04346,0.34024256,1329.0997,0.13165139,-137.44467,-0.64229757,1726.0984,0.17380987,1007.27454,0.3270246,-140.43987,-0.58202946,2768.9148,0.10495099,937.0048,0.3291205,-141.0993,-0.5726886,-17.05849,-0.44203478,24.041212,0.35871637,0.051722333,0.2947897,-0.03928405,-0.4727666,0.37026477,0.490691,32.915886,0.27465275,7.2412796,1.5205575,9.252224,1.6396779,-15.432044,-0.7224374,-11.393626,18.573065,0.038226377,-0.018927803,0.20394117,3.5479634,2.910053,0.10227273,0.10004235,0.21130434,0.23776688,-24.211756
32.32612,0.037851825,31.545868,32.501347,33.137333,1.591465,17.804928,17.79096,13.715306,4.3347974,0.92091787,0.24640134,0.7467332,0.8610854,1.0874474,0.34071422,5.4427934,2.9717035,3.915591,1.949553,0.44208345,0.2606373,26.46877,0.14980127,-3.8267918,-1.5487964,12.363745,0.6269853,-8.829328,-0.77342135,0.01768706,0.88256925,1.3387908,0.6098734,3.8715026,0.34428635,4.9754305,1.4781613,17.223816,0.8865549,665.73846,0.39918298,1452.4661,0.14678957,-145.98607,-0.5700737,1614.6107,0.15653126,1202.3955,0.17702869,-143.29788,-0.5722185,2625.9426,0.07498511,947.86804,0.2755597,-144.48312,-0.5561288,-9.186352,-0.32400656,18.234976,0.25808316,0.035279077,0.4543047,-0.011433243,-0.9292852,0.48568934,0.23408104,28.471294,0.1281699,-8.9755335,-0.7819073,11.369724,0.8866205,-14.480336,-0.5169695,-10.151188,20.08143,0.023068756,-0.0057526706,0.42716366,3.820225,2.9545455,0.09384615,0.04599974,0.22461538,0.16031772,-23.91006
35.71652,0.1524984,28.927309,38.267124,39.650146,10.722837,157.5658,115.29327,52.450188,48.07557,0.79737705,0.52280265,0.444282,0.6880103,1.2168224,0.7725404,8.327119,3.9265406,8.475251,5.4380636,0.41469714,0.71460444,23.243952,0.4928101,10.626513,1.1133229,0.095848285,162.4678,0.771136,17.822716,0.037175942,1.5725846,1.2631966,0.6147472,7.0394936,0.4710257,9.001211,1.0004028,27.903181,0.31091648,726.6822,0.2542198,1426.1127,0.22876798,-114.34892,-0.80233943,1756.8523,0.139757,1103.8372,0.2958055,-112.46681,-0.75664574,2839.45,0.07848224,933.4513,0.3578192,-115.69217,-0.70789635,-14.008189,-0.44649598,26.602392,0.31926817,0.06303693,0.26846904,-0.02628281,-0.62081015,0.5787615,0.49660435,27.84473,0.38248664,7.711796,1.5283183,-6.21891,-2.7117777,-6.929481,-1.9073874,-12.77884,22.05303,0.046651155,-0.009462234,0.26635367,4.0515656,3.5315983,0.12842105,0.09777864,0.14055555,0.12071417,-20.090504
29.110468,0.06158418,27.77789,29.459112,30.252163,2.4742737,31.613012,36.738605,10.154003,8.627558,0.6556689,0.61442804,0.31484866,0.49060965,1.0432898,0.7284411,7.2785563,5.1782126,5.6543,3.2532961,0.28258434,0.7845762,26.936602,0.45831043,11.320308,0.89351535,7.5170493,1.4038875,-2.0681343,-5.2504106,0.013618854,1.3932366,0.8889308,0.82467043,7.338141,0.34780082,-0.85481715,-6.051562,28.998072,0.28499332,571.4566,0.26941532,1403.4191,0.14008275,-119.32305,-0.788581,1704.0812,0.13536505,1022.1179,0.2764616,-125.66781,-0.68092924,2782.0752,0.08996258,990.7641,0.29311273,-128.20279,-0.643865,-18.485334,-0.4134726,26.08709,0.33338964,0.061872568,0.23640466,-0.036088217,-0.44968054,0.4526263,0.5153945,32.774086,0.34552434,14.339417,0.7801279,8.731403,1.5903838,-5.7304273,-2.3261619,-12.7974415,19.718061,0.04803522,-0.016460488,0.16202898,2.5791326,1.8867925,0.21312499,0.13255748,0.27882352,0.33132324,-20.92502
31.079935,0.06635203,29.641407,31.441797,32.512802,2.871395,27.00317,27.32093,17.642433,13.083054,0.40143278,0.657602,0.11694245,0.36326835,0.63563955,0.5186971,5.6167965,2.9298952,4.0009446,1.9614972,0.17058405,0.8663588,28.244608,0.43213975,10.1608925,0.96041286,14.518735,0.91341096,6.9095216,1.4389144,0.017556986,1.1315572,1.098117,0.74203473,8.054477,0.30784765,3.603713,1.8789849,30.101,0.22114967,560.47174,0.3221519,1358.3435,0.14120424,-111.09937,-0.8341643,1635.2592,0.14026347,1104.9298,0.27157518,-117.46848,-0.71614736,2678.9495,0.093968675,1034.1908,0.26248035,-120.97635,-0.6643973,-19.549793,-0.31683365,29.673006,0.22429536,0.040734533,0.4362542,-0.020415049,-0.7459827,0.27595305,0.50156265,37.27579,0.22981624,11.25785,0.8609191,11.044497,1.3455477,5.1499634,2.3959484,-13.176383,22.515598,0.0035407098,0.0076598735,0.07729287,3.2357473,2.3291926,0.19466667,0.17281461,0.21333334,0.2738288,-25.821688
30.21725,0.077997044,28.395721,29.97336,32.101448,3.7057266,23.239458,11.78708,23.839449,9.100752,0.7287527,0.5647706,0.43084788,0.592388,0.9885013,0.5576534,6.371452,4.0579967,5.7429867,4.3143463,0.30379266,0.68565565,24.849522,0.37306517,0.19777785,56.162117,7.3366604,1.5059053,-3.0592346,-3.136216,0.012510247,0.75903755,1.0010775,0.67778754,5.136904,0.40730143,0.10847846,63.451096,16.926914,0.61970747,587.4288,0.3365027,1411.5491,0.14813004,-140.07645,-0.62984097,1584.2643,0.14624889,1135.2174,0.28107125,-140.69518,-0.60501164,2662.468,0.08726889,927.0161,0.45356873,-142.6264,-0.57693565,-9.092854,-0.73167783,19.359175,0.3730433,0.026995765,0.56648064,-0.018885326,-0.6307982,0.47556478,0.4819384,30.74449,0.19663434,-4.7992024,-2.5278316,2.2798345,5.3804555,-8.678723,-1.3608202,-9.549473,18.4827,0.0010065992,-0.006142476,0.22479862,2.4464834,1.8442622,0.16277778,0.1192013,0.34,0.37310925,-24.37831
33.42169,0.06611504,31.984163,33.288666,35.245686,3.2615223,64.40712,82.22063,23.93467,14.426584,1.0403607,0.483645,0.51957005,0.9694171,1.4738125,0.9542424,11.715647,10.078799,11.544266,6.820419,0.43337864,0.6682913,18.247864,0.77353776,6.956382,1.6827368,6.286468,1.8977009,-14.311545,-1.0030408,0.014284493,1.0860996,0.8200727,0.9810941,7.9401817,0.3610143,4.0011697,1.9102044,22.05097,0.4447685,651.0397,0.31573662,1363.7017,0.15077733,-114.11115,-0.81101155,1711.1339,0.15175176,1050.0969,0.34209353,-116.49405,-0.74750155,2797.6965,0.106220186,1042.9236,0.4483255,-118.43613,-0.717316,-11.54438,-0.58163136,20.381592,0.41790757,0.04018459,0.45278373,-0.028392112,-0.52615315,0.5826112,0.491637,26.396357,0.36160743,3.519814,3.7452064,8.639964,1.6372411,-23.17517,-0.6243682,-6.8166804,12.886542,0.021817915,-0.01703349,0.30937183,4.3363996,2.3809524,0.18555555,0.12234841,0.20263158,0.16701218,-20.266338
35.282764,0.18736103,31.768452,33.592846,37.939198,6.170746,154.08606,194.08997,112.43418,159.1651,0.87502444,0.3879491,0.5682734,0.83709687,1.1116836,0.5434102,5.379627,3.565701,5.129758,3.1684167,0.38038492,0.5079709,25.49715,0.32809678,4.508098,2.540746,-0.62150156,-19.229403,-8.09163,-1.557831,0.039668147,1.4641827,1.2652495,0.540513,5.6896977,0.5985657,2.249907,4.9187694,22.606806,0.54606146,719.9274,0.26727748,1398.1276,0.17727561,-103.44418,-0.9193011,1740.8193,0.1375964,1175.4985,0.2841941,-105.81716,-0.8260949,2766.8125,0.09193489,979.47003,0.35811612,-107.55947,-0.79021114,-16.340458,-0.4443888,24.292973,0.3074292,0.0572066,0.28485006,-0.032419782,-0.45615128,0.43077648,0.43400842,28.96379,0.23228344,2.5104954,4.7153726,-4.011323,-3.2897036,-12.732705,-1.1544106,-11.898349,19.914524,0.046332605,-0.021433061,0.33247495,3.237858,3.2581453,0.14923076,0.2202782,0.14199999,0.123838596,-20.935972
33.06939,0.10829838,31.410633,33.445156,35.530865,4.1202316,232.46545,346.8585,102.43982,151.50072,0.50686276,0.48406708,0.29919302,0.4371287,0.7480608,0.4488678,4.719536,2.744987,4.245777,2.6708188,0.21529604,0.6106765,25.194422,0.3957501,13.763258,0.61681896,3.5384138,3.2171612,-6.956917,-1.8386575,0.02412129,1.6391989,1.1776825,0.70582265,7.2052817,0.43627265,10.990549,0.7268333,36.401554,0.25286186,694.09906,0.2451699,1417.004,0.13389802,-120.04076,-0.7553486,1781.5778,0.10688536,1027.2927,0.2360244,-124.27384,-0.6654891,2907.5022,0.07131145,930.1863,0.37194854,-127.42339,-0.62115157,-19.378952,-0.38909835,30.726841,0.29130802,0.06421565,0.2385105,-0.030359201,-0.44618014,0.28561535,0.44421646,30.35631,0.28969184,15.252647,0.5073273,2.9998076,4.5138774,-13.033792,-1.0222505,-13.464227,22.340824,0.047739152,-0.016656015,0.16500609,3.7037036,3.1767957,0.12652174,0.11641786,0.1673913,0.18937466,-25.12674
35.436882,0.056307957,33.931156,35.62372,36.948044,3.0168877,15.803346,5.3033,6.400988,66.58372,1.0340447,0.5501695,0.47883946,0.8701148,1.5469149,1.0680754,13.64161,8.736698,12.286696,7.6461096,0.44476637,0.6539028,20.622997,0.5085973,5.321896,3.3124578,1.7515671,7.5977287,-11.190983,-1.6262927,0.0144568775,1.0189056,0.94485134,0.79581594,7.5094132,0.38726375,4.5512285,1.8836851,19.490679,0.5338997,635.63165,0.34255633,1375.6353,0.17677629,-113.771835,-0.82614607,1685.3784,0.16145591,1076.3224,0.3162694,-108.55893,-0.8310377,2728.0156,0.100825235,1044.026,0.39282694,-110.69918,-0.79415953,-8.450349,-0.72040516,19.368189,0.40388018,0.052426793,0.33009103,-0.02310615,-0.716019,0.6300611,0.45264074,25.347681,0.3247614,-6.17914,-2.8635657,1.3118353,12.2981205,-22.696083,-0.8351103,-11.348074,19.793285,0.023045128,-0.016751347,0.27438927,3.7766833,2.8145695,0.16411763,0.14856406,0.1611111,0.20261867,-20.355892
31.880405,0.08113364,30.059137,31.94404,33.179913,3.1207752,148.70503,179.6348,15.217478,9.439222,0.7344632,0.60707337,0.31705636,0.6266425,1.1444602,0.82740384,9.604692,6.078315,7.714401,3.9376004,0.3323001,0.80158335,25.579815,0.53704244,6.911558,1.9119744,2.1902926,6.5403113,-0.55528104,-25.03979,0.020350968,1.4596066,1.001065,0.7087499,7.2714076,0.39293352,2.5949101,1.9712815,26.908625,0.35433292,603.2825,0.3058517,1482.67,0.13969924,-114.35199,-0.81332237,1645.9921,0.15447427,1209.6808,0.3512829,-116.35327,-0.7521148,2697.2852,0.09519745,1011.2981,0.3460143,-119.883026,-0.6969797,-12.592709,-0.616535,24.94638,0.34564468,0.040550478,0.4846702,-0.022686975,-0.74323225,0.49994242,0.5459296,33.829296,0.28600264,3.052489,4.851969,-3.5641446,-4.3843465,-3.0911891,-5.335351,-10.692493,19.394258,0.0022816337,-0.004821085,0.19769707,3.7147102,3.1437128,0.1352381,0.079679064,0.16190475,0.16913277,-22.023392
32.538776,0.032608278,31.898853,32.54071,33.25107,1.3522148,96.002075,151.43925,8.724338,7.933707,0.6526414,0.543941,0.31909654,0.5745415,0.9269729,0.6078764,8.117538,4.8267913,7.7369347,4.9668975,0.27616036,0.74606824,25.48689,0.50529796,10.085378,1.1726295,5.3295255,2.1861804,0.94537675,10.8042965,0.01456651,1.8258824,0.98299724,0.7636726,8.144811,0.2669307,1.1549195,5.6350045,24.07864,0.2602864,580.28613,0.335155,1391.8862,0.13764775,-128.03244,-0.69777685,1620.4108,0.15182948,1038.761,0.2798771,-130.01013,-0.65168357,2721.1716,0.10457748,993.30035,0.356573,-133.46957,-0.6022759,-12.940141,-0.39922628,24.171087,0.23251906,0.04459205,0.38064775,-0.022310736,-0.57446665,0.40213105,0.5971041,33.942326,0.28463152,3.5699284,3.00571,1.9460616,7.0378585,-1.8982483,-6.2429657,-12.821516,20.620844,0.028523238,-0.013413971,0.20151985,3.5906644,3.0797102,0.115294114,0.07701167,0.19937499,0.23407981,-23.71828
26.289835,0.11106446,24.58774,25.45576,27.836508,3.2487679,103.22119,126.861496,38.861004,26.506912,0.7406131,0.7088669,0.21866089,0.63225275,1.3274447,1.1087837,12.1556225,9.169902,10.503331,6.251614,0.31328458,0.9534344,16.489693,1.022732,13.229595,0.77173364,8.436622,1.5677383,-2.6128938,-5.480877,0.018139862,1.1028615,1.0312194,0.94081366,4.938414,0.5140931,-1.6546825,-3.4253216,20.172838,0.37583318,614.3568,0.38668314,1242.1862,0.17332792,-127.94593,-0.7129342,1691.4825,0.19409913,912.56256,0.46062452,-132.3365,-0.6401886,2705.829,0.107390754,815.0201,0.29421547,-133.33809,-0.62602586,-14.313354,-0.4770177,22.29319,0.3007444,0.039415978,0.5092659,-0.029166026,-0.7754305,0.56141716,0.5297329,29.478262,0.4107751,9.922751,1.3242108,14.442199,1.1810015,-10.472941,-1.7933007,-7.51293,15.202031,0.027889792,-0.0034467042,0.16681011,3.96376,2.2779045,0.1555,0.15350814,0.2625,0.30266938,-20.824284
33.40954,0.0759505,31.864182,33.04083,35.386463,3.5222816,70.61835,83.81946,50.868187,57.62409,0.93322045,0.68396527,0.30957732,0.7880509,1.6112583,1.3016809,12.54496,7.9419327,8.037683,4.6192117,0.42515486,0.81053436,20.157322,0.69804513,9.088834,1.7374301,2.032195,7.323599,-11.379223,-1.6510504,0.016859736,1.2106217,0.8919035,0.8370902,7.3065405,0.40951252,2.9163153,2.169301,24.298777,0.45610446,648.7934,0.31798318,1392.1095,0.18581693,-98.89173,-0.9516326,1697.4678,0.1484962,1150.5254,0.33127996,-103.47611,-0.84287035,2761.2703,0.10427233,969.3666,0.42374843,-106.43348,-0.79281765,-12.8240595,-0.72125036,23.29119,0.43945357,0.06313709,0.28670704,-0.027461626,-0.7062838,0.5998485,0.5410663,26.103598,0.41363797,5.034494,3.2585382,1.9102982,9.021858,-20.617645,-0.9148425,-8.221852,17.152802,0.038169537,-0.009264615,0.22960009,3.3444815,2.690583,0.18916665,0.17293824,0.16913043,0.12426875,-19.555935
30.39914,0.065943465,28.92994,30.167534,32.071365,3.141426,42.61831,85.44809,21.696455,26.147997,0.93270165,0.6716831,0.3664474,0.7441916,1.5322659,1.1658185,9.611348,6.6722283,7.4376264,3.647243,0.37319973,0.8747488,29.22955,0.43163493,8.701266,1.8013636,7.5761037,1.9925292,-10.192947,-1.5416262,0.011741544,1.331269,0.77861494,0.85166,8.021083,0.3191651,-0.9302179,-6.424359,25.180824,0.42190194,574.56146,0.3049697,1371.0066,0.13550228,-64.94309,-1.3704518,1678.8186,0.13785146,1073.6195,0.43447366,-75.371376,-1.0807306,2730.2864,0.092701964,1019.10236,0.38630956,-78.80343,-1.0037632,-16.785799,-0.4394263,25.346771,0.38747308,0.06337573,0.29469782,-0.038224187,-0.38298807,0.47651953,0.6919626,33.39465,0.30451125,7.296203,2.3988194,10.256294,1.602082,-13.373656,-1.2614172,-12.771156,19.747587,0.047138277,-0.01972089,0.15014961,2.474691,2.036199,0.32833332,0.28351465,0.14166667,0.14111657,-17.372326
33.662807,0.05029051,32.509777,33.62824,34.774788,2.2650108,14.906858,4.5639715,22.725988,46.040985,0.6453685,0.51176715,0.34370628,0.54603404,0.9711912,0.6274849,5.932234,3.303891,4.7228794,2.8759968,0.21488929,0.6946144,24.277637,0.4231403,-0.44758075,-16.739939,1.030259,15.073271,-7.115306,-1.5417925,0.014229979,1.0542624,0.94484955,0.7363862,7.8615875,0.3597702,0.5497021,16.63254,24.843058,0.27168232,648.40784,0.319769,1406.6155,0.11975422,-112.34795,-0.83216035,1656.3965,0.16100253,1157.7592,0.18681169,-113.1294,-0.7790271,2724.805,0.08891639,1027.8486,0.27163693,-118.2104,-0.69882953,-11.650334,-0.44732535,26.154158,0.28593457,0.03827862,0.4023475,-0.024540478,-0.6438743,0.31630677,0.43109545,31.742058,0.2754018,-0.6642189,-12.155587,-7.1109757,-2.5253246,-13.920738,-0.8201699,-7.6078777,14.541783,0.023864143,-0.00202466,0.12461502,2.968961,2.853261,0.15619047,0.140999,0.17333333,0.20223355,-24.474922
35.250423,0.11510212,34.964684,36.18924,37.53065,2.5659676,37.163464,24.77614,64.02912,74.39122,0.72102875,0.48898536,0.37516916,0.65461284,1.064185,0.68901587,5.9670334,4.3209453,5.0611796,2.8636832,0.29929623,0.7635824,29.79833,0.3770517,10.092733,0.99759924,4.869388,2.7643087,-12.444201,-1.1129823,0.015862871,1.4283549,0.8225161,0.9527062,9.897107,0.32684362,7.4804435,1.1572331,33.66883,0.2646361,669.1413,0.2682681,1385.1144,0.14359488,-81.18769,-1.1322076,1765.9224,0.13459097,1060.7422,0.2586369,-88.15271,-0.917104,2845.8557,0.083590396,944.92865,0.27136377,-92.129364,-0.84401166,-20.298931,-0.3818827,29.176952,0.2780338,0.06391633,0.3129847,-0.03564443,-0.39657187,0.34604853,0.6914506,34.867622,0.20149738,7.988537,1.3742204,2.065539,7.328394,-16.389688,-0.8695238,-14.305054,20.629368,0.03739488,-0.021428008,0.2250558,2.7308192,2.6178012,0.2345,0.16332407,0.120952375,0.090443596,-20.458805
33.915333,0.06502247,32.658607,33.85289,35.49093,2.8323212,80.31308,110.65039,95.268776,134.02556,0.6287468,0.65496385,0.28355455,0.46304974,1.0283413,0.74478674,9.067049,6.1313844,6.7084413,4.6813474,0.34436032,0.88410014,27.184986,0.4104302,10.284167,1.097869,3.1210287,4.0925264,-1.2963871,-8.2125845,0.027674185,1.879144,1.2570522,0.62884396,7.666898,0.37053943,9.286803,0.8676073,31.87691,0.25821587,593.423,0.31243533,1430.273,0.13936763,-141.79167,-0.61548096,1699.0306,0.13243797,1024.1101,0.25365323,-141.02641,-0.5811517,2764.2207,0.10139291,1048.5349,0.3123976,-142.86218,-0.5556952,-16.949503,-0.28509298,27.471886,0.25851527,0.06526575,0.26299825,-0.034107678,-0.3526341,0.6249566,0.4938646,34.73579,0.21792959,5.348793,2.0994194,-0.04057673,-429.5002,-6.7135453,-1.9725426,-14.922991,22.947104,0.03465977,-0.01700752,0.2084265,2.5579538,2.0866773,0.14846154,0.13475597,0.2988889,0.31641904,-21.851463
35.820824,0.061280943,35.06973,35.637794,36.9675,1.8977699,43.982204,74.316124,31.880075,35.52443,0.8296577,0.5082134,0.4901445,0.7376817,1.1117772,0.6216327,7.0848627,4.358648,6.268695,4.4312396,0.32246888,0.6421969,25.557978,0.42779604,0.1209702,114.42572,6.7258162,1.6622295,-9.577287,-1.2535343,0.029077029,1.6080136,1.1638546,0.7473844,7.391533,0.45143816,2.8877823,2.2060516,20.001009,0.41173327,603.7173,0.31642458,1397.6265,0.13083123,-113.72639,-0.815876,1653.8154,0.14973165,1080.7036,0.24274781,-112.7792,-0.77553827,2674.339,0.07182202,969.05554,0.35602835,-115.1817,-0.7365943,-11.602266,-0.56391495,21.299688,0.3263091,0.0517947,0.31778648,-0.019398544,-0.6749845,0.43018794,0.54253393,33.419067,0.21398367,-7.7831473,-1.9305,6.379558,2.111228,-12.643006,-0.98994964,-10.4658985,18.292826,0.03937927,-0.008666404,0.22635736,3.2,2.8428094,0.15941176,0.11253603,0.1622222,0.13770159,-22.213188
33.772026,0.043919638,32.884624,33.581234,34.98422,2.099594,69.75279,89.511055,19.089054,8.525116,0.5036232,0.42064708,0.32936552,0.43953493,0.66618705,0.33682153,5.492303,2.5793378,4.315852,2.706389,0.15829675,0.66232723,11.480893,1.0781034,14.328714,0.6375632,5.780854,2.469249,3.1816597,4.111458,0.01654232,0.9954046,1.1490701,0.8399609,8.104505,0.32082605,5.1938148,1.8310928,22.534367,0.25091353,623.89453,0.35561588,1352.7996,0.13926527,-93.61722,-0.9710165,1713.274,0.1348455,979.4517,0.27445847,-99.22179,-0.8309671,2721.927,0.09785314,1090.9691,0.42330256,-100.29846,-0.80957264,-14.651301,-0.36608127,22.04515,0.29195246,0.065933585,0.24294458,-0.025791945,-0.60484713,0.20937963,0.48601833,19.408361,0.45820966,14.663288,0.66290474,4.8957376,3.2972424,-1.9030368,-7.2205224,-4.3890295,8.349033,0.05849916,-0.005128711,0.09415082,4.9627795,3.517588,0.15285714,0.11504214,0.103333324,0.071523115,-28.10307
33.09504,0.07824372,31.224327,33.553555,35.139603,3.9152756,88.144264,72.35696,37.658676,35.285076,0.94387496,0.4655797,0.5793619,0.878205,1.3042955,0.7249336,11.426152,7.198681,8.969101,6.526586,0.5325725,0.7847886,26.03386,0.5407892,9.347042,1.1714909,-3.1764276,-4.2982445,-3.9359708,-3.091139,0.02575503,1.6598397,1.0809091,0.79486495,7.2848144,0.43758455,4.6673865,1.9518708,30.915068,0.29086268,654.0578,0.28392696,1456.149,0.1160947,-94.57794,-0.98542327,1724.1681,0.12573928,1085.308,0.24601777,-98.48722,-0.86136585,2801.6992,0.10227276,1052.0237,0.25273603,-103.01941,-0.78527504,-16.68542,-0.41329357,25.933475,0.34328634,0.069015875,0.2357066,-0.031834498,-0.48369145,0.63939345,0.68357253,32.1025,0.31385437,8.087242,1.3238708,-3.1451216,-4.8674974,-5.7343287,-2.3801942,-10.680976,18.609512,0.05942378,-0.01830876,0.3982576,3.3773863,2.95858,0.182,0.11677328,0.12904762,0.15127726,-19.08946
25.042421,0.076785,23.578024,24.731281,26.512325,2.9343014,34.503353,24.160868,18.97107,11.437301,0.7478439,0.42346424,0.42908272,0.70489794,1.0602111,0.6311283,7.0460434,4.838742,6.4324546,3.764065,0.33316082,0.7134504,19.517128,0.72159284,10.483342,0.98313624,5.7565804,1.9582003,-10.791796,-1.0308225,0.024684284,1.134978,0.96475047,0.8598399,4.201298,0.52796817,1.4742653,2.609749,27.604998,0.24959846,592.62067,0.31612027,1351.2635,0.12484921,-134.82672,-0.65370786,1617.207,0.17138143,1082.2361,0.28163627,-138.97037,-0.5875771,2696.7156,0.10886651,902.86444,0.2911609,-141.17728,-0.5570317,-16.167858,-0.43598875,24.02708,0.3103022,0.03343741,0.50923395,-0.03636744,-0.46110573,0.5171836,0.41849378,30.891079,0.316071,11.8108225,0.7944628,7.085483,1.997231,-17.05238,-0.7918805,-7.2987323,12.563374,0.013918712,-0.012998697,0.2420787,4.524181,2.8301888,0.11,0.064291,0.21105263,0.23467545,-22.877201
32.812485,0.083230354,31.73083,32.9294,34.513374,2.782545,61.82884,93.798615,22.214949,20.576845,1.0156624,0.6176553,0.43550777,0.83866024,1.6569438,1.221436,12.075927,6.6483126,10.196851,4.4673643,0.4657078,0.72568244,31.28616,0.40510666,-0.9005687,-12.931417,7.295845,2.0751855,-6.9013534,-1.5547817,0.015825583,2.71997,1.0097771,1.078654,8.816488,0.33337963,6.599559,1.4054408,25.512056,0.4662384,559.8676,0.38687545,1422.5519,0.13165075,-94.51713,-0.9948163,1599.1161,0.14727718,1067.7031,0.2850006,-95.14942,-0.91720617,2638.1272,0.10092861,950.43164,0.28779948,-99.584885,-0.8384636,-12.661619,-0.40071142,23.555824,0.25839707,0.056637295,0.3237125,-0.019319735,-0.66313124,0.57728416,0.6019274,35.212444,0.26962388,-4.0123334,-3.103682,7.038204,2.5216753,-9.754224,-1.1923586,-11.566492,21.422668,0.024820188,-0.010132674,0.32584962,3.6750484,2.9296875,0.18533333,0.086553775,0.136,0.12611106,-17.508928
34.521683,0.046790984,33.39899,34.287323,35.83502,2.4360275,103.71442,196.41197,4.8395343,9.515012,0.8363453,0.5374204,0.41311675,0.6812356,1.2863938,0.873277,8.711179,5.493324,10.167207,6.01034,0.33325666,0.6899195,20.038977,0.5756795,10.286362,1.1512295,4.508323,2.6705334,-4.8236046,-2.1439044,0.017047914,1.1341964,0.93052524,0.8482714,8.936361,0.30301023,7.720348,1.019634,25.37591,0.30076703,555.345,0.32820582,1355.7845,0.11554047,-119.81008,-0.7764453,1648.4268,0.13895907,1066.4634,0.38912874,-120.55033,-0.7081985,2637.21,0.08460146,1071.8915,0.44959074,-122.0515,-0.6844883,-13.52358,-0.41403955,21.554195,0.32276133,0.04776362,0.3971695,-0.02714813,-0.36846095,0.4727082,0.48250026,25.841303,0.38831815,6.4975677,1.916598,5.3109794,2.8822527,-9.2228,-1.3040323,-10.427549,17.06479,0.015687106,-0.014828825,0.22433303,4.0518637,2.9411764,0.14166667,0.10302374,0.1772222,0.20027217,-21.159323
26.90619,0.16216052,24.380758,25.874481,28.50436,4.123602,138.15062,215.09718,45.45599,29.632679,0.6821867,0.5336149,0.36799905,0.59594774,0.9996278,0.63162875,7.6608396,4.526382,5.7680383,3.034958,0.36879182,0.7410896,28.72945,0.47957066,9.660396,1.0639219,8.383865,1.710501,-2.7423759,-4.320149,0.023255363,1.0035031,1.2591081,0.66163516,4.581029,0.5435485,-1.7144355,-3.5823393,26.08549,0.34461942,564.704,0.34788635,1354.4165,0.12745027,-101.57468,-0.91334975,1652.814,0.13625477,1050.1664,0.25278655,-109.06484,-0.76395965,2698.3071,0.10639564,1079.2019,0.40465936,-111.69005,-0.724979,-19.184782,-0.33802012,28.260185,0.2745843,0.052832663,0.30646425,-0.027317373,-0.5917753,0.4940198,0.585911,36.08604,0.28352532,8.117831,1.3254907,11.438286,1.407878,-4.16336,-3.2855544,-12.99411,21.348549,0.05471591,-0.013923498,0.24223776,3.3738194,3.9402175,0.12,0.102989785,0.11678571,0.060477477,-20.338749
35.95657,0.05026111,35.035694,36.136017,37.144024,2.1083298,31.38402,31.607424,13.955585,19.282595,1.39997,0.3793401,0.9131225,1.2653648,1.9075801,0.99445766,11.0964575,7.5759234,13.486565,6.192182,0.66164505,0.5233682,16.97427,0.46416742,-1.8396729,-5.320286,-7.742324,-1.7420738,-15.512314,-0.7218446,0.014246243,1.151249,1.1729943,0.7968607,7.03089,0.41164157,5.292552,1.9754966,19.756685,0.44151694,733.102,0.3641678,1442.2657,0.2200371,-117.40039,-0.79953736,1737.5029,0.15991992,1068.3018,0.312257,-106.68752,-0.84678996,2772.7883,0.10449007,1005.9548,0.32363853,-108.079575,-0.8232298,-8.512463,-0.6130866,18.514103,0.346523,0.084801346,0.17862771,-0.023799293,-0.38032392,0.8552767,0.40362728,18.553392,0.42910662,-4.7572594,-2.2605731,-6.31293,-2.6071422,-20.32117,-0.61651266,-6.998688,17.040081,0.069297135,-0.016572682,0.4782338,3.9861352,2.972028,0.15705882,0.12768364,0.14999999,0.12827921,-18.252481
35.25266,0.075941995,33.54734,35.36777,36.968876,3.4215355,60.254368,105.99663,66.68535,78.1485,0.98366666,0.63150674,0.34630114,0.8432757,1.6287158,1.2824147,13.8631315,11.923163,12.655378,13.6177225,0.455837,0.92330873,17.58001,0.90406096,3.6935678,5.013186,3.4963527,3.9365797,-6.0893006,-3.1854668,0.020357735,2.0729706,0.79980385,0.9517468,8.337535,0.42033,6.171795,1.4209324,20.281132,0.5368636,672.782,0.3192803,1318.7671,0.1599615,-117.07173,-0.78960824,1749.0359,0.13444088,1032.2483,0.3348194,-116.54033,-0.748477,2780.1692,0.09070244,963.9131,0.4879677,-118.08585,-0.7233936,-11.081361,-0.78466433,20.831022,0.45320377,0.057571977,0.4389798,-0.023329766,-0.7097978,0.654296,0.5318143,26.116262,0.45157766,-3.1416957,-5.9220324,4.339856,3.6892428,-15.792179,-1.3211675,-6.140326,13.931188,0.020291295,-0.0075072246,0.29036346,3.523694,2.811736,0.15391304,0.09430473,0.17375,0.18515337,-18.79962
31.454494,0.051337954,30.4337,31.34963,32.672817,2.2391167,30.447746,36.760624,13.403057,11.96662,0.7234629,0.57509667,0.32631344,0.6338625,1.1444412,0.8181278,9.949874,7.6898556,7.721626,5.1126566,0.25699663,0.82284015,19.418188,0.7208448,6.6357675,2.1693282,4.6664953,2.7365582,-5.260775,-2.5965743,0.015477201,0.8962369,0.8789659,0.79162097,6.98974,0.4147594,5.717445,1.5868465,21.52311,0.4329299,609.7024,0.3244559,1315.9846,0.14155433,-100.09939,-0.9276589,1701.1866,0.16501985,1007.9035,0.357306,-102.58308,-0.8526912,2716.499,0.09282786,995.6734,0.3883873,-104.37078,-0.81975394,-11.918138,-0.5948558,21.287907,0.36636585,0.055086754,0.31508288,-0.023209255,-0.66913646,0.38305655,0.5378296,28.370718,0.34780335,4.308807,3.846271,8.770756,1.5948089,-9.129536,-1.7869307,-5.2758245,11.931067,0.03496022,-0.0060772216,0.11335709,3.5961273,2.2284124,0.233125,0.16563207,0.1835294,0.21463898,-23.575472
24.503788,0.19287956,22.029177,23.522318,25.624037,3.59486,247.70085,366.7538,37.14666,65.22103,0.49888885,0.7045348,0.13715233,0.42728063,0.78743863,0.6502863,9.585471,5.967515,5.3169403,2.9097662,0.21621805,0.8829997,26.445654,0.44046798,5.1907306,2.00376,17.283468,0.7589724,3.2066436,4.0992894,0.03522478,1.2144394,1.431827,0.7123555,3.536036,0.6791817,0.97614306,15.209892,18.506338,0.75285673,608.4454,0.4458327,1292.8005,0.1484799,-98.67045,-0.90058506,1639.7385,0.19248344,1003.2341,0.26645106,-103.5807,-0.8043619,2613.445,0.11875377,958.5197,0.34179962,-105.57249,-0.77290916,-14.408003,-0.31122753,23.180874,0.2484035,0.020941723,0.771728,-0.011578312,-1.509923,0.3044655,0.65287656,32.158905,0.27477348,2.5389726,3.987799,18.608826,0.78340846,2.2684882,6.392284,-12.1390915,21.911388,0.024067288,0.004010269,0.11822654,2.85205,3.9639642,0.12681818,0.11837483,0.10545455,0.07221981,-25.33242
33.948765,0.073794894,32.126396,33.687366,35.981564,3.8551674,81.70694,104.457985,30.147034,17.945625,0.96395135,0.56458616,0.3904572,0.88729626,1.4274293,1.036972,11.733784,8.385125,10.787127,7.1534696,0.43521023,0.75381315,17.90405,0.8725398,8.253998,1.7318283,5.5355663,2.4582915,-11.510458,-1.5337045,0.013773765,0.9265222,0.93723804,0.7088911,7.9901013,0.4113746,5.282583,1.7408448,22.979507,0.36074674,663.4703,0.30616358,1409.6757,0.17421597,-125.62084,-0.72477543,1754.1844,0.1507383,1033.5571,0.33031368,-124.68022,-0.6866448,2793.6396,0.09955774,991.44635,0.3719091,-126.004295,-0.66651934,-12.212927,-0.56169033,21.928988,0.39636192,0.061391834,0.34162864,-0.027398173,-0.5474012,0.62517554,0.51826525,27.175962,0.40953666,0.44864288,31.956003,9.680014,1.6627065,-23.862175,-0.7659031,-7.88454,16.121267,0.04112679,-0.011408921,0.30155244,4.229195,2.747253,0.1425,0.11609802,0.19142856,0.18048309,-19.88802
33.186443,0.07756994,30.870832,32.99565,35.868263,4.997431,38.88969,34.98641,53.585464,111.39127,0.9734461,0.52080137,0.4455987,0.8703067,1.4667027,1.021104,11.194568,8.040326,9.4793625,6.395068,0.43421012,0.72707385,21.224773,0.6435199,9.747233,1.7003251,-1.3845787,-9.232318,-6.1901336,-2.405158,0.013854617,1.3118812,0.74351716,0.9418756,8.362322,0.3438178,3.5114715,2.3376057,23.97528,0.4398854,609.6788,0.28473517,1416.9451,0.15019919,-107.79325,-0.8889618,1717.7769,0.14999226,1132.7328,0.3094544,-110.938614,-0.7935518,2704.0872,0.089364775,995.28394,0.36793634,-112.643715,-0.7645615,-14.375352,-0.5716962,22.707973,0.3757384,0.056768768,0.31232345,-0.03297652,-0.5149001,0.60501814,0.50653714,28.167395,0.3817523,5.2069325,3.9581118,-3.1098466,-5.1573853,-9.729766,-1.8874025,-10.465442,17.528582,0.029325677,-0.020565271,0.27175272,3.7158473,2.4175825,0.1940909,0.13914214,0.19043477,0.23073561,-19.166645
35.157265,0.08497884,34.446266,35.65179,36.783897,2.3376312,146.26746,162.82542,9.57858,15.325407,0.8554235,0.63247174,0.39874092,0.65541387,1.3710732,0.97233236,9.870526,7.3089647,6.259701,3.404812,0.34510428,0.7185726,31.023739,0.41635475,-2.9861789,-5.366341,9.063459,1.6439978,-10.804113,-1.305651,0.017929444,1.8440111,0.802969,0.87379813,9.480902,0.30930197,2.356896,4.124305,23.950623,0.34576184,580.22534,0.33730787,1383.6049,0.14587699,-112.6503,-0.8323133,1614.5138,0.16783133,1145.9075,0.32441163,-109.7716,-0.81242007,2683.038,0.09860048,1055.692,0.3915299,-114.119774,-0.7416961,-12.813261,-0.54775786,24.898256,0.27464944,0.044670265,0.42867053,-0.018271111,-0.6699166,0.4661899,0.544385,39.40736,0.19931264,-10.509468,-1.4942298,8.073302,2.1681921,-18.572397,-0.69766766,-10.579313,20.305494,0.016066726,-0.00609204,0.2317289,2.5608194,2.4484537,0.19105263,0.15120202,0.187,0.17059015,-19.899351
21.998398,0.03742263,21.427362,21.831423,22.489428,1.0620651,57.277187,56.718975,16.317636,15.453319,0.3616299,0.48592725,0.18921754,0.33688998,0.5422778,0.35306028,3.960799,2.5903177,3.246042,2.1950808,0.15134054,0.7732973,24.37276,0.47504956,12.773851,0.78030074,13.980136,0.6767994,6.787942,1.3661284,0.020409638,0.8439283,1.1827935,0.57952654,3.496533,0.4962777,-9.218061,-1.0555712,21.352901,0.46223614,560.0832,0.3345849,1411.7349,0.13728753,-148.7764,-0.55024755,1637.2047,0.13719285,1153.7512,0.26721463,-153.42744,-0.48220032,2704.978,0.09534339,1026.9437,0.31005988,-154.5163,-0.46740606,-20.590546,-0.2380729,28.584435,0.19443583,0.019393189,0.8651268,-0.019714488,-0.94221926,0.2748699,0.45032987,33.201157,0.23180352,17.095749,0.35219267,14.186629,0.77544016,8.037176,1.6057514,-12.335948,19.531075,0.029390933,-0.00017749594,0.10557534,3.3540373,1.75,0.14785714,0.10352215,0.376,0.40701842,-29.290539
32.260265,0.06344111,30.795328,32.093773,33.796993,3.001665,25.156614,13.608907,21.56622,20.233036,0.6082161,0.56227386,0.25941026,0.6154202,0.85833436,0.5989241,7.2511606,3.6508799,4.987285,2.1135767,0.26751268,0.70848423,24.569073,0.5660504,12.897385,0.8419945,2.6084616,6.779924,-0.12981394,-89.35134,0.018473165,0.92196876,1.0873315,0.76813436,7.398537,0.4038826,5.8142753,1.4158553,31.55799,0.28505084,566.3277,0.33741543,1397.3307,0.14572655,-96.222916,-0.967736,1586.381,0.14420033,1124.9583,0.22550093,-102.118835,-0.82977045,2695.4614,0.08070328,931.954,0.3228227,-107.352356,-0.7451621,-16.451382,-0.4926189,29.087029,0.32919157,0.046931237,0.39651543,-0.019461049,-0.7704659,0.37014505,0.42991334,31.895544,0.3272329,14.184723,0.7282367,-2.458556,-7.563701,-2.598956,-4.610505,-9.445029,18.399124,0.017225655,0.0017917568,0.14483105,3.5778177,2.8880866,0.18124999,0.14852925,0.14375,0.15952566,-23.260616
34.020412,0.11650155,32.05069,33.609974,34.926212,2.8755226,48.830776,59.519676,13.543342,24.155071,0.82992923,0.53438926,0.4075516,0.704689,1.272652,0.86510044,10.813673,6.860368,9.136294,6.784998,0.31322116,0.80033815,15.310308,0.77458894,10.236696,1.0429476,0.54160386,21.942839,-2.9965532,-3.6617675,0.018425375,0.8821344,0.9339466,0.92860985,7.55682,0.4414847,8.189134,1.0312597,23.696512,0.37114552,643.4108,0.3284837,1363.1705,0.15953502,-127.39161,-0.7030062,1683.5339,0.16138573,1059.055,0.31249836,-127.02246,-0.6658952,2741.1448,0.09772936,1003.06354,0.47012043,-129.12785,-0.63327074,-11.667939,-0.5691927,21.38335,0.32835966,0.0494262,0.33437338,-0.019707648,-0.6865017,0.47979143,0.5350636,22.591242,0.4233917,10.406818,1.0629338,0.6866432,20.786085,-7.1922216,-1.8228619,-7.344691,13.83046,0.027195383,-0.008809506,0.20123647,3.3462033,2.7202072,0.14095238,0.09874955,0.20571429,0.23911685,-21.977234
27.376776,0.08816333,25.709103,27.536428,29.563293,3.8541908,91.37277,101.47561,11.838649,18.815334,0.66186905,0.38190088,0.427822,0.6243127,0.8680004,0.4401784,4.723011,2.1346726,3.6439981,2.017035,0.25233084,0.6960542,15.602889,0.8504975,8.8015175,0.88598084,17.740376,0.5998325,-3.2999794,-3.6994107,0.025389332,1.459605,0.98416114,0.7873104,6.3328724,0.35180852,4.314938,1.7262833,26.955927,0.23732933,589.54126,0.3468767,1366.0116,0.12892407,-115.85868,-0.7843239,1659.9589,0.17523558,1053.6339,0.20660634,-121.33927,-0.686326,2684.5862,0.097287565,967.1168,0.23375705,-123.140465,-0.65986603,-18.01501,-0.29378393,25.991241,0.24009067,0.026041383,0.92998767,-0.024691246,-0.8674248,0.35918474,0.45419306,26.82512,0.31369776,14.853174,0.3420501,17.119991,0.75497425,-8.065252,-1.809815,-3.7905095,10.402373,-3.386804e-05,0.006575048,0.16786739,2.7164686,2.5684934,0.16666666,0.14599848,0.189375,0.18070932,-23.439651
26.195673,0.10308494,23.83536,26.323631,28.54865,4.713291,23.395443,11.17302,20.692202,9.393868,0.5719613,0.53225625,0.27898225,0.53776115,0.81365925,0.534677,4.52048,2.3094988,3.5687497,3.6629574,0.24802765,0.7941943,29.637547,0.36595803,6.2773013,1.2661332,15.683198,0.72442335,2.2022116,5.350827,0.020475643,1.0368087,1.1318425,0.7068369,5.7881403,0.3888147,2.003702,3.97677,29.362974,0.33563057,593.71277,0.36840478,1403.5111,0.13269193,-83.096375,-1.0704471,1618.9794,0.17413293,1111.5458,0.28678864,-90.14065,-0.91238296,2710.6235,0.120970614,936.3735,0.25630608,-94.534004,-0.8333909,-17.975134,-0.3378915,26.778004,0.22720702,0.03152587,0.8239607,-0.013117671,-1.2772096,0.30713087,0.628765,35.32702,0.21286581,9.396256,0.759504,16.249931,0.67769927,1.1032304,11.110281,-9.352372,16.702232,0.011378842,0.002120094,0.15740645,2.177294,2.664577,0.22352941,0.15423211,0.12388889,0.13338077,-22.946177
32.566986,0.072131835,31.889267,32.963108,33.827244,1.9379768,105.82497,136.71692,38.90026,78.26737,0.57996154,0.46459046,0.3231678,0.5456408,0.815824,0.49265617,5.4760823,4.263699,5.008286,3.5918298,0.21809149,0.53351176,21.749435,0.5590468,6.8691025,1.5321698,10.490845,1.0705056,5.424417,1.9990625,0.01627511,1.0335462,1.0179883,0.6085662,7.687422,0.30055448,14.13241,0.61212504,28.755894,0.28476846,665.69434,0.3628868,1456.7181,0.19178137,-130.46242,-0.677195,1663.9646,0.15054724,1170.6744,0.21644235,-129.83046,-0.6459984,2714.4949,0.10182739,1027.9067,0.31644347,-132.75174,-0.6049636,-13.644041,-0.53444576,25.447193,0.32008606,0.023991982,0.5699919,-0.0072299857,-1.5406775,0.30124706,0.35104504,30.486189,0.26422274,3.7219968,3.0596025,10.269613,1.3136629,1.24677,8.633336,-9.822546,17.85283,0.0013759161,-0.0006167224,0.16677992,4.031008,2.9687502,0.12210526,0.07409659,0.1936842,0.18587518,-26.355011
32.302494,0.11738539,30.618935,32.101624,33.26037,2.6414337,237.53993,170.21043,115.02494,128.4748,0.64169675,0.42070472,0.38035765,0.60783243,0.8727351,0.49237743,7.5499387,5.895092,5.941276,4.5838194,0.32560882,0.66988593,25.932499,0.46959507,15.0334215,0.6164169,8.977566,1.2127709,-1.514304,-7.158822,0.027489027,1.2566166,1.1905353,0.6874735,6.9714417,0.42470834,5.12732,1.6809753,31.954939,0.27456018,598.3857,0.3359943,1436.7256,0.14092907,-90.733116,-0.9921177,1700.1833,0.13480754,1150.6741,0.31906474,-98.60435,-0.8124024,2753.4238,0.08741777,1014.8654,0.27799362,-101.86202,-0.75907,-20.05781,-0.30275112,30.142231,0.25154537,0.06347293,0.2610232,-0.02609134,-0.5049321,0.38305724,0.5819576,31.327057,0.2839726,14.845674,0.65959156,8.70125,1.347608,-3.6533983,-2.9264882,-14.7183695,22.743162,0.058596767,-0.010916282,0.25097752,3.7786775,3.9455783,0.13862069,0.12843148,0.10461538,0.08125131,-22.182892
31.197468,0.11468608,29.024502,29.924006,32.69178,3.6672783,92.13437,130.12177,23.760098,13.670295,0.58940625,0.5013331,0.32018307,0.5555706,0.8415151,0.521332,6.6202164,4.42784,5.143942,3.7427404,0.23875612,0.6686532,25.309694,0.46349233,10.083144,1.1080486,6.866867,1.9702357,-5.8503923,-2.1073372,0.026989743,2.7300441,1.2126275,0.69729394,6.4337773,0.4695093,4.5588665,1.809104,32.09452,0.28440133,639.8703,0.31245497,1447.6172,0.14557804,-84.81056,-1.0882591,1713.2637,0.11872622,1086.0312,0.32610452,-92.04244,-0.9135995,2821.9836,0.085497275,995.2475,0.44865927,-96.48825,-0.8353467,-17.85213,-0.37311438,27.443766,0.28316107,0.062222145,0.2944931,-0.022181487,-0.6255258,0.30307117,0.54486895,30.972298,0.29820892,10.993979,1.0490589,10.286343,1.360694,-9.623257,-1.3943074,-9.057762,17.11877,0.042155907,-0.0049654944,0.14156707,4.293381,2.8880866,0.19812499,0.17479339,0.14357142,0.120511234,-23.752747
27.385618,0.07310138,26.020426,27.36745,28.947216,2.9267902,185.21266,331.2251,19.264595,10.104798,0.5262582,0.49352878,0.27402672,0.5056377,0.75650847,0.48248175,4.9697027,2.2927406,4.5743146,2.5921226,0.22752194,0.74557155,26.645536,0.44919178,1.3138258,6.2653575,16.03794,0.7790943,-2.1055784,-5.769317,0.016852247,0.8261318,1.1336415,0.779842,6.074853,0.35952175,4.5882463,1.3275486,29.159763,0.25865212,698.01965,0.35331026,1381.21,0.14001757,-117.8223,-0.7778104,1765.9023,0.15251166,1129.466,0.22587106,-122.25197,-0.6906539,2743.0845,0.10286775,1011.8373,0.36676762,-123.356445,-0.6749904,-17.161047,-0.30262503,25.355448,0.25772163,0.029643225,0.82603973,-0.015774949,-1.116502,0.3347632,0.47369418,35.18971,0.22117096,4.2390523,1.8231189,22.106934,0.5522438,-2.4351466,-6.456365,-7.533876,16.43006,0.012860195,0.002817113,0.14537644,3.6036038,2.3636363,0.1776923,0.13514403,0.20857143,0.1470596,-24.461992
34.58049,0.0693523,33.633266,34.633022,35.429974,1.7967072,95.96971,121.8602,77.85484,70.532715,0.9458201,0.40444964,0.6032245,0.8812478,1.2699763,0.66675174,9.907352,6.173672,6.716464,4.604705,0.4011145,0.6576683,15.369827,0.68231225,9.534255,1.0578227,0.16380458,79.58804,-9.824014,-1.3563185,0.023233058,1.8698195,1.275625,0.65494066,6.116343,0.44826734,12.24559,0.75860447,24.239328,0.48432404,733.46124,0.30292836,1456.0415,0.21071354,-118.533714,-0.78920025,1725.3632,0.115845315,1129.091,0.26297498,-116.42034,-0.74971014,2765.3152,0.08989638,856.4618,0.4407714,-116.69242,-0.74406564,-10.63474,-0.6127091,20.243174,0.35388878,0.06575946,0.2398965,-0.019014552,-0.7180955,0.47241715,0.4302914,15.989186,0.5341144,9.987979,0.9584298,-0.30820295,-53.661575,-17.975548,-0.75143325,-8.551463,17.038744,0.0471245,-0.012287807,0.3452578,3.5541196,3.257329,0.1305,0.072213225,0.1565,0.15554017,-21.747961
34.606125,0.040087663,33.814854,34.827114,35.73161,1.9167557,23.220928,31.123808,25.750048,37.62186,0.478149,0.77324134,0.11428044,0.4034996,0.82665426,0.7123738,6.676006,4.584608,4.9826846,3.7136052,0.13940394,0.96290356,24.245935,0.601858,2.5588496,4.6257167,13.077273,1.0563538,-4.543855,-3.0481172,0.010974204,1.1466799,0.81271964,1.2454233,10.430627,0.26401076,4.2485747,1.8346823,24.611513,0.5142583,712.8135,0.30936798,1412.3433,0.19421756,-107.401276,-0.8567048,1746.3894,0.15346994,1146.4513,0.30184153,-109.62327,-0.788747,2845.029,0.09085147,991.19666,0.42945024,-113.61957,-0.72583896,-14.40875,-0.581817,26.808468,0.38276318,0.052532,0.3817047,-0.010573739,-1.5564688,0.20815043,0.6041071,32.944603,0.3755941,2.79805,5.422174,8.6341505,1.8874751,-10.843018,-1.3889624,-7.4142375,16.341782,0.021174135,0.014360453,0.06695735,2.250225,1.7179024,0.2905263,0.21032491,0.27157894,0.2701513,-25.161007
32.32341,0.086816266,30.266857,31.928116,34.146744,3.8798866,219.83551,285.85675,32.204636,18.476591,0.896139,0.8601498,0.26468003,0.5739015,1.554397,1.289717,17.446928,10.028095,12.486825,6.1475883,0.49206096,1.1532544,20.271866,0.70074445,6.2427473,2.0957935,-0.046203975,-281.99817,-15.940825,-1.026921,0.021775257,1.7737092,1.1142642,1.0521417,6.407582,0.45449364,2.1647117,4.2583437,24.229912,0.37824574,676.18225,0.28926322,1395.6139,0.20832051,-120.18005,-0.7817571,1739.1686,0.15175895,1032.6018,0.27070105,-122.558556,-0.71477073,2813.5222,0.08905914,971.99725,0.4909348,-124.54613,-0.683919,-13.010956,-0.59360695,22.93951,0.32037503,0.07669111,0.23054406,-0.035094008,-0.5671329,0.88720703,0.7153159,29.065475,0.33267567,-0.054350704,-261.91486,-0.015585208,-886.40326,-26.047977,-0.70015883,-8.475863,16.910564,0.05492371,-0.015587429,0.21364866,3.6048064,3.0913978,0.12565216,0.09964399,0.18454546,0.16428156,-17.661983
31.753187,0.087324515,29.79597,31.136463,33.381947,3.5859756,24.765034,17.331099,38.65712,41.287075,0.8306481,0.66244364,0.3864491,0.5631216,1.436298,1.0498489,12.62396,9.811271,7.57053,6.3799376,0.33624464,0.72931397,29.0596,0.4065915,0.8370155,16.669153,7.861299,1.8053596,-7.2172065,-2.055995,0.014790364,1.8882804,0.84309554,0.89974517,7.6937003,0.3236385,3.7590358,1.8500268,24.710407,0.43533114,573.29376,0.3958858,1420.2449,0.1440745,-119.00153,-0.79638016,1586.4498,0.16739598,1074.0433,0.2653515,-117.884384,-0.7682535,2699.4355,0.08881395,933.0884,0.3282357,-121.59599,-0.7100334,-11.957592,-0.53424364,23.688011,0.33438188,0.03687676,0.45793474,-0.0189971,-0.6890363,0.51104766,0.47032788,36.56373,0.23603237,-5.801691,-2.4199255,9.295724,1.7868875,-18.587595,-0.6580626,-11.249297,20.659416,0.0026996422,-0.0049760845,0.20121957,2.3054755,1.9305019,0.219,0.1492615,0.26523808,0.2793465,-20.262062
34.70551,0.24890096,23.886986,36.064854,39.66316,15.776173,376.3496,396.13138,160.4461,117.31572,0.52407986,0.49076834,0.2496914,0.51509356,0.7495449,0.49985352,5.153999,3.376596,4.2374296,3.0727425,0.23807047,0.70282674,27.21942,0.5005453,5.1343994,2.102198,6.8240967,1.7368329,-5.604361,-1.917606,0.043501887,1.7907766,1.2703747,0.6242553,7.1025615,0.56832767,9.524471,0.9640913,28.694733,0.37694,656.8926,0.39117324,1453.6909,0.18041149,-149.13255,-0.53478426,1687.7595,0.1974388,1127.7257,0.25304368,-140.88126,-0.56103164,2834.2146,0.11500176,1084.8243,0.35385764,-144.09735,-0.5186863,-17.550192,-0.40554535,31.203766,0.2380394,0.03911212,0.51457214,-0.016878046,-0.69376034,0.3209645,0.53859323,35.27583,0.20382173,4.5724607,2.0700576,6.1317334,1.9189886,-11.9843,-0.774823,-10.924791,21.846325,0.010682436,-0.0032845612,0.19802518,3.4870644,3.2805429,0.0924138,0.0909966,0.21269229,0.19472975,-25.659212
34.39636,0.11949281,33.207466,35.389893,36.837887,3.6304207,231.49315,329.97897,279.76566,432.5599,0.70574665,0.5202356,0.3782411,0.5878978,0.9943976,0.61615646,9.816431,7.030442,4.7479105,2.4659479,0.30737618,0.6522664,21.211308,0.5303773,10.72724,1.1263424,9.029363,0.9832182,-2.1506193,-6.7952895,0.030903311,1.3054514,1.0688621,0.7120301,7.1761947,0.4382706,7.920174,0.78747785,28.295734,0.291416,663.7276,0.33229697,1465.461,0.18040624,-133.69101,-0.66311824,1690.7303,0.11773064,1175.511,0.2749788,-131.27168,-0.6367042,2734.493,0.09177379,985.41406,0.3713719,-133.6361,-0.603526,-15.631067,-0.45249876,24.87555,0.28120923,0.05618008,0.31831035,-0.025648672,-0.53221357,0.42613873,0.4779737,28.868359,0.26645166,5.740961,2.1079347,8.833882,1.0810597,-13.069513,-1.139472,-11.925751,20.121853,0.03223882,-0.01043217,0.23657858,3.1823745,2.586207,0.1395238,0.10908608,0.21636364,0.16682994,-24.134127
29.43661,0.04810881,28.056875,29.777332,30.686636,2.6297607,144.0196,126.98405,26.34097,11.4398365,0.9273156,0.54503536,0.38581505,0.89992,1.4319,1.046085,11.456059,5.94527,11.869187,6.4903827,0.38431227,0.6805938,21.426876,0.7502003,6.726966,1.826929,4.9888725,2.0757923,-1.3772858,-9.227092,0.016525954,1.0772855,0.9042119,0.8430824,6.5570145,0.40730155,2.2337239,2.6370814,24.130337,0.25045153,695.8075,0.34037563,1301.2129,0.14959182,-106.45696,-0.883605,1755.0083,0.17768805,1028.7324,0.39807802,-106.64646,-0.8286506,2761.7773,0.10883822,900.34534,0.39298537,-108.79476,-0.7934252,-13.140475,-0.43076155,21.607035,0.23313136,0.05286213,0.38507584,-0.02524743,-0.7765736,0.51731235,0.44060573,30.661785,0.3643225,3.7483165,3.6164281,6.325859,2.0285835,-6.3817816,-2.3157282,-6.2887473,14.044226,0.016194955,-0.0022272756,0.25319004,4.537522,2.640845,0.18333334,0.17024165,0.16375,0.1438695,-20.031647
34.550663,0.09169333,34.034313,35.033478,36.53912,2.5048065,232.12584,380.74307,120.658226,208.15573,0.83560765,0.55782056,0.3772099,0.7186575,1.2494477,0.8722378,9.63352,5.6661315,8.593412,4.066857,0.30904728,0.6505518,20.16624,0.6153633,9.832042,1.6052588,4.163072,3.549089,-10.753493,-1.456918,0.020378383,2.1615465,0.9234323,0.8070675,8.327188,0.3479301,6.310354,1.320737,22.953672,0.38773915,579.4044,0.3079207,1438.8383,0.1471455,-102.18973,-0.9224737,1669.1172,0.14956038,1011.3465,0.33270755,-101.02198,-0.8645195,2714.865,0.09887681,1027.4296,0.48251906,-103.00558,-0.82899636,-11.597455,-0.48969725,20.28411,0.3618548,0.054748755,0.29638463,-0.02286841,-0.4918046,0.39501268,0.47572207,24.697329,0.38585585,4.3473268,3.9305165,3.8012094,4.5415525,-17.760689,-0.9630116,-10.388991,17.916557,0.02444743,-0.013683639,0.21367142,4.1749506,3.0120482,0.17,0.116847485,0.14066666,0.12046945,-22.499567
26.12777,0.05129482,25.058674,25.966028,27.261963,2.203289,25.205479,26.565096,52.85008,117.656586,0.5380461,0.73524106,0.099962085,0.49386373,0.84134287,0.7413808,8.835427,5.072447,6.1112947,3.9145138,0.21381399,0.923126,22.608288,0.6705664,3.632654,3.180867,16.586086,0.83621395,-13.164254,-1.0933433,0.019084012,1.3503,1.1684399,0.7314849,4.9292984,0.51215374,-4.1416926,-1.0395474,20.307615,0.37104028,601.88684,0.3891331,1272.769,0.15496041,-104.402306,-0.91788214,1666.9188,0.1835526,1010.22845,0.28302363,-109.65393,-0.80721647,2662.4927,0.10749033,861.8744,0.293619,-110.876236,-0.78699726,-15.1713915,-0.42159256,22.389866,0.32038462,0.053586133,0.31576905,-0.019081479,-0.8186806,0.3404139,0.55968094,32.49426,0.30871135,2.5721984,4.5664153,22.15855,0.63069963,-19.415552,-0.77580285,-5.803915,13.791889,0.037710175,0.008746536,0.09304685,3.0513177,2.234637,0.21187499,0.1449232,0.22799999,0.31829128,-24.097431
34.337612,0.06428826,32.966972,34.522842,35.545998,2.5790253,129.96486,240.37022,7.2070136,26.134375,0.5376079,0.6462568,0.2178944,0.43031302,0.8791709,0.66127646,8.699384,5.2045617,5.382015,3.5611107,0.1735229,0.8622027,15.564738,0.832592,11.884248,0.9922047,-3.6785738,-3.7571611,-1.232247,-7.642328,0.018363414,1.5875615,0.9771536,0.7805016,8.273513,0.34167168,7.969314,1.0474067,25.28264,0.35303518,649.27527,0.30255747,1440.1442,0.16812336,-128.56046,-0.7007357,1693.5784,0.1548541,1098.2866,0.24763583,-125.729126,-0.68388647,2783.5566,0.095384926,1047.18,0.33931008,-128.5579,-0.6421049,-12.78496,-0.5951406,24.305475,0.3516245,0.05786482,0.3159944,-0.01490884,-0.88806415,0.28717285,0.5134058,24.59129,0.42001268,9.775966,1.2077023,-5.7917886,-3.1113021,-4.637107,-2.2901325,-6.5987597,14.558454,0.031931933,-0.0009109926,0.09485087,2.95302,2.2972975,0.17058823,0.12739335,0.23055555,0.33108363,-26.81697
32.482357,0.10744815,32.991367,33.5868,34.194992,1.2036247,609.5434,487.35208,8.745741,54.73105,0.99450517,0.5164168,0.5861672,0.8474648,1.4844053,0.89823806,11.887699,5.13336,9.738156,5.044185,0.45650956,0.62525946,24.748968,0.5889811,3.250821,3.6895401,11.720259,1.0441921,-11.153503,-1.3702073,0.032274723,2.9849489,0.93959916,0.8676688,7.6871295,0.41770032,5.280254,1.1419504,25.253181,0.28409573,622.3805,0.32343033,1397.405,0.13972038,-113.65461,-0.803904,1729.2721,0.18138814,1074.05,0.3595579,-114.98731,-0.7444153,2732.0227,0.10382319,1054.3384,0.39949563,-117.06253,-0.7109858,-12.915015,-0.45934126,22.568605,0.27758282,0.037272096,0.4153134,-0.027421761,-0.4634764,0.6095886,0.46254984,33.92908,0.2346812,-0.9301583,-12.07735,11.898274,1.1983098,-20.85043,-0.6539553,-8.880654,16.23613,0.012791486,-0.009057112,0.32861826,4.506066,3.6713288,0.118095234,0.11850735,0.12772727,0.06536136,-19.555387
29.142336,0.12330295,26.325758,29.11735,30.92574,4.5999813,51.532948,50.66514,-134.73834,142.87744,0.528635,0.6531037,0.18685809,0.46830615,0.8226843,0.63582623,9.164086,5.2354717,5.642554,3.4143043,0.21526761,1.0271223,25.981169,0.52326626,7.698015,1.4860328,9.762531,1.364686,-2.299835,-4.850724,0.018149136,1.1826549,1.2426113,0.8177601,6.9648433,0.3732842,1.9174484,3.4584072,24.196262,0.3795596,575.5663,0.26576382,1380.9565,0.13123797,-96.912895,-0.93095344,1606.8763,0.12212836,1105.7018,0.2919667,-102.36823,-0.8198289,2688.42,0.103561185,1039.586,0.34982163,-107.21562,-0.74370915,-15.1100645,-0.39624292,25.457447,0.32460448,0.034376834,0.5301579,-0.02171674,-0.6026333,0.2812544,0.538788,32.649647,0.32519192,8.141048,1.3371543,8.196461,1.8197396,-4.674481,-2.688855,-9.630224,18.772932,0.017767739,-0.0021472068,0.13936225,3.6090229,3.1818182,0.16380952,0.106836595,0.12409091,0.1678381,-25.073843
28.175362,0.1203158,25.727175,28.189442,30.047577,4.320402,111.14251,125.97425,39.526203,20.4643,0.79828095,0.56615543,0.34307784,0.76165086,1.1677237,0.8246458,9.257467,5.0218086,6.8650494,2.4473608,0.43710366,0.74098957,30.870893,0.3902095,2.8043742,3.8233092,10.853478,1.2707509,-11.977711,-1.0266583,0.024873277,1.0102878,1.3250861,0.6746364,4.8742523,0.578739,2.1441689,3.252997,26.82029,0.34188744,564.4663,0.3189814,1370.756,0.15621065,-100.40048,-0.92212486,1616.4111,0.1804706,1116.1406,0.27450123,-106.773674,-0.7905426,2698.3606,0.118719,990.7811,0.3108284,-109.7365,-0.7437257,-17.890299,-0.40872985,26.254726,0.30671135,0.04632556,0.4673559,-0.03348243,-0.5696639,0.5872449,0.53580093,37.312847,0.24819262,4.307854,2.6203296,10.364737,1.4121704,-13.233075,-1.0606346,-10.664606,18.97403,0.036467683,-0.012742107,0.28349355,3.0769231,3.943662,0.12142857,0.11388322,0.10793103,0.08511166,-19.612091
32.936172,0.22204739,29.299706,31.62475,34.43079,5.1310844,153.7923,145.3222,156.61526,295.03714,0.86753327,0.6907819,0.3509601,0.6961433,1.4086124,1.0576522,12.459852,7.9075212,10.067706,6.818181,0.40046683,0.86545205,22.745993,0.58567935,5.1897044,2.6531465,9.454369,1.4867897,-5.54543,-2.5699582,0.026843108,1.8488499,1.1458334,0.7691339,6.6564317,0.49887887,1.108411,7.616081,20.538033,0.51635915,574.3846,0.3465157,1406.5178,0.1640547,-94.318954,-1.0076469,1636.9847,0.10738085,1071.4374,0.30736065,-95.975746,-0.90819633,2661.0615,0.08610713,1047.07,0.36181602,-98.02187,-0.87135434,-13.2135,-0.44648463,21.865837,0.3349992,0.072299436,0.18777876,-0.028101996,-0.53970665,0.5567228,0.63363045,29.57052,0.30123836,-0.6528873,-19.863974,9.860278,1.6679375,-11.438281,-1.1927466,-9.605328,15.902799,0.05667681,-0.011826764,0.20441125,3.7821484,3.0487804,0.176,0.1254751,0.14444445,0.086808994,-19.86161
34.786526,0.09426144,33.93829,35.285934,36.353355,2.4150658,229.07854,393.24518,52.744217,80.95117,0.6408951,0.7704741,0.2055318,0.52212805,0.9562448,0.750713,8.64826,3.7450352,7.1307845,3.144993,0.2825949,0.8912958,23.723276,0.58690447,3.1818318,4.739117,8.325929,1.8699895,-8.0974045,-1.8863362,0.026813326,2.7697978,1.1066213,0.82368827,7.9633193,0.47411156,6.1403537,1.3884188,23.586374,0.42903328,673.2572,0.30339265,1395.2224,0.18513256,-106.04403,-0.8662638,1707.3604,0.14920424,1141.4855,0.30704823,-106.510635,-0.805311,2772.9016,0.09231334,909.91907,0.37302732,-109.84199,-0.7498711,-12.451002,-0.61294097,24.952433,0.35708636,0.048029337,0.464781,-0.011227461,-1.1498504,0.41600242,0.591145,30.254757,0.38650832,-0.14508124,-112.84489,6.993294,2.5448213,-16.257235,-0.8767127,-9.586826,18.829401,0.012053964,0.006099005,0.13907932,3.4111311,2.7173913,0.18399999,0.14499654,0.153125,0.18653816,-22.936563
29.68101,0.086480334,27.114044,30.418068,31.674948,4.5609035,215.29831,359.61462,30.594225,28.86008,0.38880363,0.73433256,0.1350331,0.30077174,0.63674057,0.50170743,4.7360115,1.9736943,2.8743823,1.31877,0.14257063,0.95584613,28.430788,0.40402463,3.6094077,2.2849557,13.352916,0.8145449,-3.3719401,-2.8456585,0.019415712,1.7597504,0.91911465,0.89694923,7.697424,0.31315032,0.76933855,8.930443,25.132166,0.35920084,613.7077,0.29897934,1368.107,0.13219519,-117.90509,-0.7696735,1665.5806,0.14589702,1084.9137,0.30166516,-123.237434,-0.6819542,2756.62,0.07977759,845.8619,0.33452347,-126.12315,-0.64037824,-18.987907,-0.28737622,28.511244,0.25340742,0.038380835,0.62149775,-0.024106922,-0.6558132,0.2470267,0.50450236,38.129337,0.20077987,7.7810884,1.2160537,14.7375,0.96496964,-4.845927,-2.344973,-7.6484985,17.768984,0.019127682,0.007846735,0.06114336,2.2050717,1.9955655,0.21333334,0.1371131,0.25315788,0.23154068,-26.492064
34.563194,0.052685007,33.707962,34.50269,35.71551,2.0075493,53.675743,95.82902,52.13173,119.22379,0.34229094,0.5057417,0.17579901,0.3154038,0.49801278,0.32221377,3.4482415,1.8872931,2.0201166,1.2216709,0.11087183,0.5963296,32.33299,0.26784924,6.3425236,1.0143577,4.076425,2.7264922,-3.982593,-2.5439537,0.014477329,0.9683631,1.0396295,0.73132014,9.073161,0.24551804,7.0904975,1.3044089,30.074545,0.20890549,614.9467,0.34147206,1409.3757,0.12084295,-113.96705,-0.8095494,1665.5742,0.18482688,1167.607,0.21655695,-112.897644,-0.74630874,2766.8245,0.09861279,1037.5728,0.31300133,-116.94184,-0.68580943,-17.231283,-0.29352167,29.849243,0.18059354,0.037201982,0.45087045,-0.015228425,-0.9394295,0.14656131,0.35967332,38.18567,0.1619333,6.881189,1.0179464,1.5563822,8.758232,-8.924293,-1.1838111,-12.006486,24.265747,0.020534689,0.0063387663,0.077104315,3.0037549,2.5188916,0.189,0.11153027,0.19631578,0.18615814,-30.427006
35.751003,0.032295402,35.06115,35.629066,36.396233,1.335083,11.407861,3.9057565,-0.05442174,8.032542,0.8535008,0.47036624,0.49129874,0.73312855,1.2225119,0.73121315,8.89563,5.4074397,8.647035,5.6919503,0.32053462,0.5299038,22.87641,0.4161232,0.13033482,70.44701,7.1975536,1.7045658,-3.77211,-2.6903498,0.0148094,1.0590597,1.0344973,0.6147815,7.0326114,0.28490952,-0.6670331,-16.127563,9.010945,0.9347431,659.6656,0.3525979,1414.0015,0.1669047,-114.816124,-0.77176005,1633.1731,0.18176834,1106.3029,0.30674425,-106.538795,-0.82944417,2656.8818,0.105529346,969.1743,0.31345367,-108.68925,-0.7934685,-9.079396,-0.5640785,17.682896,0.29465654,0.0071616317,2.3014815,-0.009319038,-0.79970056,0.36947608,0.3861856,24.405233,0.22264968,-2.4413214,-3.724106,6.8956356,2.1207657,-7.0734386,-1.4207894,-9.058156,17.892767,0.00021009968,-0.0054005715,0.2743399,4.173623,2.8619528,0.16764705,0.13696411,0.18066667,0.16687188,-23.81653
30.341045,0.06855921,28.891266,30.483702,31.865505,2.9742393,61.980213,85.738914,42.028656,60.30888,0.5479897,0.6829492,0.26160765,0.39388168,0.83438575,0.5727781,7.73292,5.2833,5.9265857,2.8752203,0.20544359,0.9224982,27.670273,0.40393755,-1.6754187,-7.0415425,7.421872,1.4613007,-10.427279,-1.2922267,0.02068352,2.010263,1.2276151,0.757197,6.645975,0.37674645,-0.9756445,-6.5530276,21.825098,0.36060467,600.9307,0.32632208,1388.2153,0.15883125,-112.875496,-0.8286721,1643.2305,0.15644859,1129.1779,0.2976454,-116.35927,-0.7554832,2712.3867,0.087714516,934.65735,0.31479594,-119.11061,-0.71301174,-13.7664585,-0.37075257,23.463888,0.24365868,0.049868934,0.38976237,-0.025937766,-0.57980967,0.3250553,0.619723,35.74864,0.22078782,-5.4658327,-2.5049567,7.1964493,1.6827521,-16.819828,-0.92899203,-9.57267,17.112244,0.029337332,-0.007281237,0.108754456,2.945508,2.967359,0.1435,0.09701934,0.1647619,0.24470815,-25.016108
34.618828,0.10563677,32.587856,35.71939,37.168503,4.5806465,19.974485,11.752084,42.032093,27.53586,0.638244,0.6922753,0.2556513,0.48455584,0.9957505,0.7400992,11.515898,7.2784443,7.1461916,5.0042806,0.31703106,0.82282054,27.961214,0.35435063,7.998922,1.3233604,2.7544372,4.3029346,-2.3137476,-4.7507854,0.016774543,1.1109099,1.2555869,0.61042416,7.676965,0.41087165,11.578442,1.0123396,30.256536,0.35016024,588.8307,0.37075743,1437.3298,0.17832161,-124.89117,-0.74485457,1614.2721,0.13557424,1087.711,0.31329435,-114.42176,-0.7773322,2727.5571,0.08775713,929.813,0.33688137,-118.47893,-0.7144684,-15.180534,-0.46028572,26.81745,0.27856135,0.065486655,0.34640816,-0.020784684,-0.529661,0.5028674,0.5320227,29.464151,0.28752086,3.9883902,2.6086218,-0.5365718,-25.9996,-7.493006,-1.5660548,-15.535631,25.621592,0.030629724,-0.013126285,0.1615542,3.1397176,2.8481014,0.15222222,0.11419066,0.16894737,0.19949658,-21.656864
27.21056,0.040566616,26.342077,27.170017,28.231218,1.8891411,11.39019,5.7044587,8.6315365,4.7704616,0.5003635,0.6770249,0.19072455,0.4208838,0.83851856,0.647794,3.7715323,2.0109196,2.563399,1.3215578,0.17643768,0.964012,28.705406,0.48841515,2.5482657,3.090144,14.831268,0.787041,-6.1553783,-2.8607368,0.009728301,1.1849108,0.8999184,0.62452203,6.579438,0.32956195,-3.8025386,-1.6575087,20.455133,0.4762083,606.0623,0.35687813,1289.0134,0.15812543,-86.42007,-1.1161668,1694.934,0.19854856,985.20374,0.28411058,-95.009094,-0.925486,2733.288,0.12621315,919.5779,0.33903837,-97.26569,-0.8844315,-17.822313,-0.3633442,24.311493,0.2928616,0.0445401,0.42745194,-0.033116598,-0.7013359,0.26731792,0.63353753,38.545734,0.2192138,4.77175,1.7590346,11.678724,1.1302799,-12.577644,-1.5126034,-6.7986984,14.449217,0.006302759,0.014280914,0.051224995,1.9636364,1.0948905,0.5233333,0.4345061,0.34625,0.5107944,-24.02264
34.799797,0.07365932,32.840847,34.56039,36.670067,3.8292198,53.90855,63.94936,29.311876,22.616241,0.8452022,0.5250471,0.43037993,0.7651469,1.2757275,0.8453476,8.911293,6.720131,8.850259,7.117096,0.3246284,0.84458816,16.832253,0.72858286,7.1755357,1.8906378,-3.8567202,-3.5300732,-3.7570329,-3.604381,0.016855959,1.0214726,0.94161767,0.7737632,7.909055,0.49072322,7.8917437,1.0303597,23.314737,0.41935205,659.6686,0.30877095,1394.9612,0.17164254,-105.49977,-0.874556,1690.5635,0.14486542,1092.399,0.2962375,-104.867134,-0.8250074,2735.8398,0.081048094,908.7185,0.28853196,-107.56555,-0.77953124,-12.275824,-0.62921494,22.871862,0.36373448,0.06226631,0.32980117,-0.020837475,-0.75524545,0.4509308,0.65448576,23.021473,0.40584743,6.4612494,2.5122633,-4.6455607,-3.338544,-7.3626523,-2.0793235,-6.2218914,14.810053,0.043648317,-0.00547928,0.1863749,3.8062284,2.7842228,0.18041666,0.14252132,0.1652174,0.13704552,-21.76682
32.241467,0.07374561,31.35442,32.33899,33.336205,1.9817848,58.18095,128.08344,38.740246,33.96495,0.96735173,0.5527345,0.42947468,0.89358574,1.5503012,1.1208265,8.753172,6.4888015,7.5324926,5.7135587,0.3381388,0.7423592,18.786272,0.64984435,7.703772,1.5477222,2.1806004,6.681486,-9.9207325,-1.8391222,0.012321983,1.3483235,0.7541024,1.0945116,8.46379,0.3270682,5.1947746,1.3002743,24.59455,0.3237855,650.9895,0.30568472,1408.0889,0.17192914,-117.66844,-0.7985969,1705.115,0.15560555,1065.7755,0.3068019,-120.944756,-0.72610277,2787.5972,0.08256657,923.5051,0.3817058,-122.67284,-0.69857234,-11.668703,-0.5500984,21.12168,0.32816795,0.061028663,0.27979916,-0.030600537,-0.5068368,0.48069152,0.49774566,26.502281,0.33625254,7.362006,1.6826235,3.6682534,4.926558,-21.2154,-0.8924087,-6.8909984,14.639832,0.036011085,-0.007935321,0.22737752,3.1600409,2.0491803,0.2035,0.20828527,0.25142857,0.36189032,-20.100382
32.71042,0.09890052,31.529764,33.237576,34.835625,3.3058605,95.611176,91.340385,72.149216,96.25688,0.61416847,0.4129796,0.36930734,0.6033381,0.8319654,0.46265805,7.0751452,5.221318,5.642493,4.431729,0.27147874,0.59366006,25.375952,0.45190978,8.36154,1.1610469,9.770865,1.0876316,0.6893807,16.633772,0.022961952,1.3821725,1.2787613,0.5674839,6.675902,0.31427544,9.548567,0.9366595,27.047024,0.26392183,700.2734,0.31897482,1408.5022,0.1415537,-136.50414,-0.625275,1695.782,0.15473484,1203.4591,0.27782747,-138.36879,-0.5773564,2772.4456,0.08414702,836.3919,0.46489057,-140.32884,-0.5498227,-14.061838,-0.37734422,25.173729,0.2237103,0.027632572,0.5432425,-0.01270416,-1.1917398,0.35212177,0.45076105,32.364346,0.25694847,6.270198,1.3137546,7.773517,1.5750012,-4.704743,-2.7324486,-12.254359,21.032175,0.012653484,-0.0015812897,0.2306167,3.6036036,3.1088083,0.103333324,0.089427195,0.19,0.18028866,-25.448425
34.129383,0.1060235,31.915314,34.32727,36.554314,4.639,58.024174,62.05048,54.168304,42.652077,0.95796317,0.39676315,0.68526316,0.830638,1.2970455,0.6117823,6.427386,4.1051507,5.9182644,3.648105,0.4997084,0.47740778,28.854134,0.30582982,-2.4775774,-5.349222,5.72522,2.0264053,-4.9083495,-2.6213171,0.025522918,1.3503441,1.2416188,0.7377183,5.851005,0.3952533,5.0270305,1.6350172,21.78962,0.62635094,662.43207,0.3460342,1411.3463,0.16285883,-111.64568,-0.8219571,1686.3137,0.15878966,1177.7567,0.22427355,-110.70301,-0.79259557,2694.5972,0.10457458,1035.9702,0.2974821,-113.89555,-0.74212795,-11.094216,-0.60300714,22.17342,0.36040765,0.04855032,0.34925717,-0.01533682,-0.92088544,0.5723104,0.44799995,34.138927,0.13335769,-8.6277075,-1.4913232,3.3346245,3.887554,-7.7014008,-1.8203843,-11.061064,20.804087,0.03988319,-0.0055935383,0.4352498,3.4026465,3.6328871,0.123684205,0.08670643,0.155625,0.15078829,-21.510914
31.929691,0.19930045,26.690449,34.207085,36.203533,9.513084,521.1064,669.238,161.93999,194.52031,0.28959692,0.42767707,0.16331232,0.280606,0.40233514,0.23902282,2.4904509,1.4853815,1.6554979,0.8918113,0.106213786,0.49043185,30.39741,0.36539784,7.706527,1.0636213,12.379786,0.96736777,-7.2468743,-1.6311555,0.03427701,1.9560409,1.1910279,0.5474572,4.2390723,0.56626266,6.617052,2.3452718,29.9826,0.27531618,533.0057,0.301472,1409.4966,0.14187361,-130.92664,-0.68577766,1514.1868,0.16153903,1254.5731,0.24098913,-131.31451,-0.6370949,2642.2952,0.08338424,956.43256,0.27612698,-135.20485,-0.5823625,-17.723421,-0.24332152,30.445696,0.15867573,0.005000412,4.2385707,-0.015287551,-0.89219093,0.1330214,0.43690687,39.08068,0.17857628,6.1612263,1.1646625,6.246208,2.129457,-14.199738,-0.669669,-14.652212,25.629711,-0.015116765,0.0055791624,0.09040812,2.9239767,2.8301888,0.12625,0.07592828,0.21565217,0.16383518,-33.176975
36.03479,0.086549684,34.598072,35.933765,37.58492,2.986847,277.26178,581.59375,94.94052,196.04996,0.9839401,0.45065826,0.5573052,0.92268515,1.4683613,0.91105604,9.664872,6.615653,10.007768,7.628386,0.37965935,0.6316103,18.267233,0.6295697,5.076563,2.4341378,-0.103551105,-125.44787,-8.83869,-1.5991572,0.014979031,1.1612208,0.899892,0.7515373,8.434207,0.3774174,1.7966504,5.4520793,16.52317,0.62525815,669.3356,0.3362383,1350.0983,0.158569,-102.8036,-0.8820227,1704.6984,0.17124881,1102.9939,0.30240768,-100.79156,-0.85749835,2721.4868,0.10648476,1026.5126,0.45380798,-103.22915,-0.81390613,-11.671133,-0.5715876,20.859455,0.31990263,0.05634193,0.38027126,-0.022385355,-0.6205344,0.48469839,0.48533058,24.049297,0.323029,0.28774935,43.832367,-0.0028705338,-5222.8022,-12.851093,-1.2538091,-8.656448,15.7136,0.04228266,-0.01591045,0.2579725,4.2341223,3.0075188,0.1725,0.14891972,0.1447826,0.13285722,-20.495846
28.685501,0.035588976,27.840288,28.523922,29.510965,1.6706772,33.516315,63.946335,10.96012,12.592592,0.45696002,0.7749567,0.13663252,0.3760179,0.7067278,0.5700953,8.124739,4.3985558,5.459899,4.459223,0.14140588,0.95409876,24.491741,0.4977328,4.794518,2.6419713,13.153974,1.16386,0.08722754,167.12651,0.01572265,1.0775355,1.0522512,0.7600566,6.0898385,0.45755538,2.0304904,2.6021335,22.69197,0.33385998,559.6336,0.32308084,1371.9929,0.13524169,-91.60033,-1.0089306,1595.1326,0.12622823,1071.865,0.35002914,-97.19347,-0.8947722,2694.6294,0.07873372,989.08185,0.3655689,-101.45636,-0.82033557,-13.250556,-0.4404174,24.149872,0.3044727,0.03976422,0.5067457,-0.0123400185,-1.1376413,0.21419531,0.6312051,30.347754,0.3606031,5.7992706,2.3629725,12.335353,1.4675474,-4.2256265,-3.751005,-8.444122,17.511164,0.019786576,0.013456962,0.046419345,2.723147,1.8292683,0.30333334,0.2015909,0.22166665,0.2483557,-27.336931
36.933575,0.14713454,36.574627,38.52604,40.106087,3.5314598,133.00128,99.22369,50.846718,44.393013,0.3424662,0.42109472,0.19387875,0.3231567,0.47518203,0.2813033,2.6005578,1.9626198,1.988606,1.9961348,0.13735174,0.7407405,30.496593,0.3038404,0.7901209,6.9201946,11.557696,0.7839359,0.4786763,18.727667,0.031626936,0.93158084,1.3064525,0.4568587,6.9798336,0.3356684,11.448179,1.05034,31.19275,0.28735834,677.34314,0.34875694,1497.9519,0.18985343,-157.49112,-0.4769003,1718.221,0.17020008,1209.8018,0.1972692,-148.13449,-0.5165588,2843.4329,0.10618028,1107.457,0.28365707,-150.93423,-0.47967672,-17.83291,-0.22149709,31.422558,0.16142176,0.018615292,0.9078442,-0.01309324,-0.9835479,0.1772031,0.51210296,38.284412,0.1390982,2.9220932,1.9945958,7.608185,1.3268919,-6.1868744,-1.4068412,-11.214991,23.196785,-0.0004337051,0.005598029,0.1207355,2.1445591,1.9138756,0.14999999,0.11169154,0.38272727,0.43779594,-30.841574
29.14701,0.08236103,28.122025,29.381046,30.486403,2.364378,77.41361,125.29983,88.55131,123.67652,0.6807276,0.41441274,0.41085958,0.65847284,0.9018732,0.4910136,5.9875255,4.9400306,4.745724,3.1265404,0.24636509,0.612262,16.939457,0.8158228,18.633139,0.58212113,4.597511,2.2582517,-5.017295,-1.9814227,0.02872894,2.3771975,0.861445,0.93735456,7.6540084,0.29269138,3.8248653,1.2844137,29.414494,0.26344872,664.75006,0.2588177,1414.3987,0.17964514,-129.04337,-0.68389744,1756.3075,0.16305144,1128.4822,0.30600363,-135.67607,-0.58747023,2817.5403,0.080304444,873.92883,0.29547617,-137.2681,-0.5654796,-19.484173,-0.32104504,29.679874,0.2595414,0.022812644,0.6985009,-0.034820125,-0.43037185,0.3398847,0.43392095,28.141344,0.31373015,23.143719,0.48779047,7.3902907,1.6466249,-7.7807193,-1.474883,-8.040082,14.039508,0.014188352,-0.016572522,0.19195525,3.8410597,2.2666667,0.15823528,0.1085322,0.24777777,0.22289898,-23.708076
32.33772,0.48512387,17.49404,19.21667,49.529564,32.035522,289.95227,221.40834,128.97578,49.63991,0.40255225,0.45636147,0.25796843,0.3174828,0.5734982,0.31552976,2.5959346,1.6385629,2.4592075,1.8422818,0.15824792,0.8123711,22.464375,0.36052874,5.6258383,0.994731,7.1833034,0.90749425,4.8006773,2.4159994,0.027623717,1.0971856,1.134088,0.6000535,6.900253,0.88548267,8.29797,0.5859074,18.403337,0.5033368,614.7675,0.36220834,1523.2787,0.19655995,-171.20772,-0.38575006,1628.0249,0.1538934,1299.4651,0.30364165,-165.6592,-0.40325728,2684.4495,0.098713405,1024.4288,0.33314073,-166.19583,-0.39540944,-20.465614,-0.2693687,30.68801,0.15825208,0.028987547,1.1832552,-0.015720107,-0.93266857,0.2837897,0.5383236,31.097809,0.18354915,8.647209,0.6242417,7.257787,1.1755867,-7.9755177,-1.6203599,-9.990489,21.114784,-0.0061209756,0.0066473247,0.1264312,2.0439062,1.1398176,0.17333333,0.14902645,0.640625,0.5756352,-27.548182
33.46615,0.08435845,32.11791,33.41057,35.72955,3.611641,39.89625,27.837515,25.64627,13.299675,0.7151976,0.5434348,0.33117467,0.6463329,1.0382595,0.70708483,7.29454,4.9531226,5.3866067,3.3028128,0.2961058,0.8274582,25.02503,0.5711528,13.84976,0.7428939,-2.1876004,-5.813805,-11.96622,-1.1270654,0.013969581,1.0790703,0.71036226,1.0368648,9.056426,0.34250078,3.364169,2.0200732,31.28377,0.29309914,695.0507,0.23926303,1378.0597,0.14442168,-116.02511,-0.8044229,1778.1528,0.16291863,1132.0078,0.34454054,-122.52336,-0.68476856,2853.195,0.07668792,934.7564,0.31961325,-125.088844,-0.6469085,-19.683683,-0.41014025,31.216885,0.27801856,0.045359805,0.41896453,-0.04044984,-0.44715163,0.44022396,0.57216895,35.35108,0.297589,14.249631,0.88764113,-1.964986,-8.207015,-20.694933,-0.62764245,-10.092166,18.58743,0.019266594,-0.013634391,0.17972164,2.995595,1.7699115,0.24599999,0.21129127,0.29799998,0.37282166,-21.147266
35.69479,0.05150437,34.51576,35.459858,36.666332,2.1505737,25.6928,12.765074,23.564968,13.049527,0.56529367,0.5933463,0.24884921,0.50067955,0.8687445,0.6198953,8.12769,4.142136,7.108017,3.473145,0.27872726,0.85585105,25.017666,0.5529039,9.656427,1.3470767,10.148472,1.1842377,7.6377954,1.404931,0.017149786,0.97198534,1.1830641,0.87903196,9.504998,0.31904253,12.88036,0.69286495,28.992737,0.27724752,602.9749,0.35355327,1455.2975,0.16204329,-97.12488,-0.91886574,1697.8175,0.12713315,1016.2664,0.281001,-99.0973,-0.824841,2765.7542,0.089177564,1006.7244,0.43360844,-102.59838,-0.76934546,-17.311234,-0.41857567,26.115328,0.35556793,0.057968833,0.35803038,-0.018086774,-0.6115882,0.3838039,0.62389684,32.096962,0.32783663,7.255549,1.8697722,9.787476,1.3924019,4.457879,2.6271164,-11.434005,19.429169,0.031685814,-0.001042106,0.13780023,4.968944,3.3472805,0.163125,0.1291181,0.114374995,0.09662872,-22.558327
27.16373,0.06076386,26.050646,27.445568,28.241854,2.191208,21.041077,13.289036,16.27817,6.1802025,0.7863278,0.50256324,0.4523635,0.6440441,1.1804098,0.7280463,7.47927,3.739805,7.759764,4.6372867,0.39081034,0.69260025,29.44635,0.42786413,9.776131,0.86116475,3.2255108,3.2347178,1.0353029,8.499617,0.016739123,1.1524969,1.0720947,0.7074847,6.610605,0.34311682,5.3304996,1.0433867,30.863594,0.2039503,500.0644,0.363379,1403.9766,0.18388495,-103.610085,-0.91533875,1525.0256,0.15585838,1090.0897,0.22253378,-109.79936,-0.7973944,2617.5574,0.10379834,998.2987,0.31137136,-114.930405,-0.7168658,-18.525673,-0.24486269,30.004152,0.16107717,0.0455812,0.32627496,-0.028480174,-0.45212603,0.550726,0.47674865,38.53822,0.17755066,10.327392,0.72557926,3.3504364,3.6064296,2.896188,3.4801974,-11.919304,19.53748,0.04743202,-0.01673114,0.23593119,3.7369208,2.4096386,0.19749999,0.13681649,0.1852941,0.21068843,-19.201122
32.76996,0.057479825,32.267353,32.803577,33.596226,1.3288727,15.5065,4.258204,38.37228,39.157284,0.8692191,0.53575766,0.49544707,0.7316882,1.2871622,0.79171515,10.613127,7.640432,8.891582,5.04563,0.33828148,0.627909,29.261435,0.40521216,-1.9013561,-4.838226,8.029231,1.4543929,-6.4427867,-1.5129957,0.018660126,2.0457458,0.9217676,0.89597726,8.6644535,0.27685893,6.810906,0.74175507,25.640787,0.27427626,585.35443,0.3006896,1429.2289,0.12716712,-102.56436,-0.9110604,1619.9053,0.13436437,1093.7463,0.22109737,-107.072426,-0.8058516,2670.3657,0.077908635,954.932,0.40808302,-110.19927,-0.7559221,-14.087019,-0.42082712,23.527334,0.32104674,0.047405712,0.26526058,-0.021046817,-0.5787195,0.4247001,0.504986,35.199387,0.2555131,-0.21593429,-42.531647,10.446161,1.2455202,-8.400106,-1.2373984,-7.2226863,17.509277,0.041903026,-0.0017141966,0.24725887,3.4865294,2.5559106,0.19375,0.13633025,0.16647059,0.12342853,-20.820215
31.679186,0.07427622,30.905432,31.494436,32.43578,1.5303478,15.110418,7.6091547,20.943533,20.232128,0.68768406,0.7188901,0.18625796,0.6047923,1.0455134,0.85925543,9.285038,4.307669,6.7199197,3.3660076,0.27796525,1.003019,24.126364,0.5155791,0.8211449,13.446131,1.4213858,9.875408,-4.236328,-2.3307717,0.014891712,1.261935,1.1206881,0.60867584,6.211055,0.49197942,-4.479831,-1.53598,19.017,0.42965162,555.0913,0.34070396,1424.2485,0.14888622,-101.042625,-0.94440925,1580.7599,0.13683617,1170.6582,0.37163797,-100.69392,-0.8961991,2686.088,0.09001422,927.31757,0.4915159,-105.2583,-0.8161398,-11.694475,-0.5005694,23.835642,0.29509166,0.058630113,0.26288384,-0.023485303,-0.55033135,0.4412771,0.65169346,30.404558,0.32442766,1.0616046,12.132235,-2.9644542,-5.538919,-8.099445,-1.2616411,-6.405719,15.386192,0.028043358,-0.00039425615,0.09726643,2.9038115,2.3809524,0.21384615,0.15862574,0.18461537,0.24408749,-22.401785
29.664906,0.13355997,27.66298,28.897312,31.447876,3.7848969,132.12033,176.96655,69.08646,110.49982,0.51722133,0.6935579,0.15900931,0.4647399,0.7758775,0.61686814,6.0504675,3.924905,4.805093,3.1717255,0.20668843,0.9028935,23.383049,0.5717049,13.090976,1.0124059,10.501933,1.3851914,2.9275544,4.166858,0.029846327,1.1738919,1.179572,0.8102965,6.4090805,0.37819326,4.1188498,1.4496864,27.195288,0.32985798,595.0012,0.41369274,1348.2948,0.16510902,-101.6022,-0.8792727,1661.9467,0.18103312,1111.3275,0.24534608,-106.52385,-0.77241474,2713.5847,0.09871224,957.1607,0.26480108,-109.95487,-0.7175917,-16.543835,-0.44291174,27.570372,0.24755967,0.03948712,0.600838,-0.014616268,-1.2991682,0.27751446,0.70862776,30.005949,0.32197148,13.893898,0.8625709,8.528462,1.9546115,1.0531607,13.442409,-10.3341255,20.127579,0.027848668,0.0065581617,0.12992713,2.145923,3.6127167,0.1392,0.121816896,0.13227272,0.17109095,-24.577568
33.07344,0.21332318,29.108849,31.231337,33.259525,4.1506767,114.29806,164.58366,33.60855,30.25973,0.74452126,0.28308532,0.58659875,0.7270832,0.893684,0.30708528,3.6722283,1.9217288,2.6164556,2.3457885,0.2533919,0.57171804,11.993749,0.7550837,10.688733,0.8260546,12.682247,0.7848944,-1.4525921,-6.5427113,0.029931545,1.4617386,1.2312405,0.598989,6.9669037,0.32251975,3.570448,2.4764512,23.804344,0.30208698,652.6719,0.35360983,1344.8492,0.14546245,-121.2943,-0.74038225,1716.4926,0.112664364,1133.6501,0.3278358,-123.016785,-0.6703271,2710.4268,0.096513644,978.8646,0.31224054,-124.744705,-0.64573646,-14.995545,-0.40164384,24.45361,0.25045815,0.034576803,0.6517203,-0.01803864,-0.95914114,0.33344865,0.43271986,18.833202,0.3955132,14.975755,0.6244748,12.951218,0.99554646,-3.529575,-3.3445804,-4.528131,11.29908,0.020498486,-0.0018185613,0.19013207,2.4896266,2.5069637,0.1688889,0.11029702,0.20888889,0.17345792,-24.048843
30.875229,0.067035116,28.851692,31.015047,32.342445,3.4907532,86.00631,83.35752,39.68711,27.62556,0.74230397,0.38704044,0.49449557,0.68152505,0.97363925,0.47914368,7.043381,5.0924,6.472236,4.34052,0.3657995,0.69528157,21.991705,0.5477174,8.249247,1.2442489,6.9344115,1.5975552,-4.064735,-2.6470711,0.023211632,0.6238364,1.4215751,0.7650667,6.1323495,0.45805794,7.4653397,1.2776608,29.768547,0.29970005,607.1473,0.40132132,1347.9341,0.15474945,-140.57849,-0.60027534,1671.6978,0.1907789,1048.4316,0.31974703,-140.8207,-0.5629502,2721.1802,0.13457102,994.4386,0.2658938,-143.21703,-0.5305827,-14.943482,-0.4526644,24.669266,0.26569623,0.02645881,0.7342434,-0.01609023,-0.71967846,0.5610887,0.39210895,30.32794,0.28524733,10.189146,0.8669449,8.9956875,1.5210036,-6.2241235,-1.8618549,-9.249847,15.801577,0.0037608542,-0.0059152287,0.27018726,3.976436,3.1157272,0.09809523,0.0761339,0.19318181,0.1782079,-22.329584
28.967865,0.089497864,28.68636,29.407549,29.91243,1.2260704,233.18906,214.96056,14.0436125,7.856948,0.65890145,0.4388863,0.40937018,0.61800325,0.84926885,0.43989867,6.350062,4.1631536,5.478756,3.8249292,0.2656173,0.60506064,23.704927,0.52607363,6.3243628,1.7351346,13.278034,0.95319396,-0.96714544,-9.818418,0.021768924,1.4034266,0.9118311,0.6191552,6.30075,0.36728808,4.9841614,1.0415152,27.141657,0.2627637,551.12823,0.35881495,1418.9768,0.17429611,-120.12776,-0.77046996,1592.0619,0.15035768,1063.8351,0.26474908,-123.81554,-0.7015867,2648.3267,0.08062727,1033.186,0.39628506,-126.97996,-0.65468085,-14.575798,-0.38674444,25.13992,0.262993,0.025111856,0.6874446,-0.018776525,-0.73158425,0.3621843,0.44123667,33.78534,0.23830044,4.5536056,2.3327682,15.306357,0.9851048,-4.6079173,-2.2164416,-8.853554,16.343596,0.0063094664,-0.004697965,0.1974275,3.5439138,2.0186336,0.19999999,0.18397324,0.255,0.19761975,-24.336834
38.07206,0.05214148,36.730274,37.820435,39.666466,2.9361916,26.010902,11.286178,28.070915,18.301865,0.81936985,0.48964202,0.44575557,0.71955854,1.2235978,0.77784216,8.763824,5.832385,9.1735525,5.3802867,0.39386398,0.77834076,18.252272,0.73174405,5.315762,2.297711,-5.9115334,-2.6550272,-13.022954,-1.1770613,0.016862437,1.0633099,0.95420194,0.76634735,8.9137125,0.3561817,8.894728,0.97488195,26.972385,0.35340947,730.19885,0.2614621,1414.1564,0.20692277,-120.1013,-0.7605425,1734.4584,0.13687791,1155.9325,0.318835,-113.93396,-0.754561,2815.8828,0.10599438,938.9424,0.50255585,-117.25336,-0.7026469,-11.337058,-0.6592631,23.806057,0.40473843,0.06380209,0.33722508,-0.02274188,-0.6147525,0.54874814,0.537996,23.910515,0.41034105,1.3583704,9.387067,-8.2468605,-2.2988775,-22.02092,-0.6670131,-7.5621543,16.074509,0.034049705,-0.013255176,0.25737786,4.940375,3.0927837,0.14555556,0.12248456,0.14894737,0.17032152,-21.51572
35.445107,0.04542794,33.749256,35.345024,36.426422,2.677166,14.884567,6.882715,13.603909,8.195516,0.8669813,0.45169705,0.47790757,0.80878824,1.2263343,0.7484268,11.503771,8.428042,8.529915,6.1547074,0.34444037,0.63357925,18.7539,0.6245683,10.121749,1.0328339,0.22693336,53.685047,-9.714889,-1.4653038,0.016105777,1.155693,0.94449717,0.97440064,8.807336,0.32375807,5.2774363,1.2254784,23.490034,0.3426144,669.1177,0.29371253,1418.2898,0.14044382,-125.20404,-0.7214787,1726.1731,0.16154455,1156.1683,0.2619462,-124.05353,-0.68201524,2767.9607,0.08090965,974.614,0.41637963,-125.23119,-0.6639727,-13.952547,-0.46475127,23.113258,0.3404481,0.041147977,0.45937806,-0.024675362,-0.4809188,0.44444597,0.45587683,25.534348,0.29011613,6.819685,1.3497223,2.9707901,4.965195,-20.477694,-0.62217116,-9.075417,16.078426,0.015173875,-0.015154661,0.2724542,3.6075037,2.3255816,0.17625,0.11957607,0.24733333,0.2747233,-21.879274
27.354683,0.048644338,26.4513,27.281137,28.467728,2.016428,26.335218,16.817114,16.401926,6.021923,0.5467555,0.41294053,0.30823064,0.5499761,0.746883,0.43865234,4.870666,2.7836747,4.3059826,2.2800522,0.19775839,0.5729773,24.768532,0.5254728,-0.8598363,-10.584102,16.294382,0.68223584,-4.726626,-2.8574386,0.017203867,0.78008425,1.1900271,0.7071784,5.4215508,0.32848442,7.502069,0.81423396,25.180609,0.2773501,666.23395,0.37733978,1350.8524,0.15757117,-117.39971,-0.7717282,1673.2703,0.17777531,1137.0067,0.24481331,-120.8339,-0.70310706,2681.5508,0.10629424,968.33514,0.3935802,-122.26663,-0.6814513,-14.291334,-0.32331023,22.786333,0.260845,0.02278309,0.78511417,-0.017890772,-0.89745045,0.26077384,0.35903546,33.194782,0.28795668,0.7740754,11.033121,18.251642,0.6669706,-10.532102,-1.4390297,-5.1860933,12.459087,0.007900325,0.0056212437,0.15062515,3.8800704,2.846975,0.14625,0.09784394,0.17352942,0.13616344,-27.606682
34.401756,0.05751734,32.365345,34.840027,36.047478,3.6821327,21.90601,11.940124,26.305407,19.531687,0.8420549,0.5287469,0.41058874,0.76692533,1.2585071,0.8479184,10.017952,6.5066257,8.023803,4.606893,0.39171714,0.70036656,22.696287,0.3527308,4.1826077,2.5370831,0.70265186,16.715471,-6.9730787,-2.0218666,0.014534634,0.87666225,0.96595925,0.61576086,7.020039,0.4155214,-1.6320474,-5.1502786,19.833818,0.42065907,568.08575,0.3579561,1382.4067,0.16578816,-104.40738,-0.90919745,1634.317,0.14774065,1091.5773,0.35260794,-103.75417,-0.847643,2649.5432,0.08435021,992.0501,0.30212653,-105.37976,-0.82085747,-12.58505,-0.4502744,20.701725,0.32197368,0.052582107,0.30305782,-0.02948666,-0.3919611,0.53399056,0.48029882,25.908367,0.25499725,-0.6349987,-17.471607,0.8274203,17.171421,-13.380283,-1.1776043,-11.861875,20.134462,0.023970813,-0.017483631,0.24336827,4.339964,3.1021898,0.15882352,0.10948447,0.13499999,0.11461287,-21.942543
32.647697,0.074342206,31.047453,32.899864,34.535343,3.4878902,100.52116,175.41707,71.58724,94.56445,0.8746105,0.6916475,0.33024496,0.6668027,1.4851723,1.1549273,9.425944,5.64634,10.404305,5.569507,0.3744963,0.8534152,20.995901,0.5616131,8.560267,1.2124579,5.9011517,2.6435447,-5.204808,-2.0580232,0.020263525,1.5368087,0.9786709,0.9475869,7.532535,0.3909833,6.246603,1.3751084,23.464718,0.55994284,643.3208,0.33983186,1415.7416,0.19811758,-107.834076,-0.89457273,1755.1251,0.13733265,1021.564,0.337912,-110.45808,-0.8020893,2726.8308,0.10365214,1102.1617,0.36004582,-110.69671,-0.79845977,-13.025981,-0.5154859,19.426802,0.47090456,0.06776242,0.24032742,-0.035463896,-0.448219,0.54353756,0.5810365,25.261631,0.39965498,4.778244,2.1990438,3.1342292,6.322608,-7.9139576,-1.5073136,-9.929084,16.294792,0.043088883,-0.016013205,0.21932794,2.5492468,2.7972028,0.16458334,0.10029038,0.18863636,0.14961451,-19.69942
32.587086,0.06504619,31.158148,32.495,33.764786,2.606638,64.964775,81.10536,21.627434,11.070207,0.6995292,0.6930988,0.31482548,0.4851953,1.1382979,0.82347244,10.341697,6.788121,8.304195,5.921064,0.2981453,0.9739371,19.610605,0.5987835,6.902016,1.8438861,7.0176015,1.6674927,-1.7513725,-7.76761,0.01708718,1.3414514,0.9717408,1.0293219,7.6425085,0.3956606,0.32341912,19.324717,18.405184,0.49373686,598.3251,0.31470278,1359.3782,0.15971096,-147.15533,-0.5664313,1675.3433,0.15376383,962.6099,0.33128104,-145.79294,-0.5552153,2754.7666,0.081510216,1001.2025,0.35430858,-147.15923,-0.5355081,-11.5934305,-0.57018566,21.447094,0.40269542,0.039665665,0.506805,-0.029116893,-0.49772584,0.54839087,0.57010305,28.941933,0.37375557,0.4460879,34.591305,9.805277,1.6939416,-12.952423,-1.2216712,-9.583876,17.542788,0.0145993605,-0.0069635683,0.19135544,2.8751123,1.8953068,0.14952381,0.10589645,0.34136364,0.67887807,-22.380997
33.50015,0.06379837,32.326725,33.564445,34.82149,2.4947662,39.495003,50.737495,26.926317,13.422925,0.89711875,0.61777174,0.3518416,0.7675781,1.4124064,1.0605649,10.371799,8.062805,9.405984,7.822962,0.35477534,0.86112267,28.70438,0.56727916,-0.3595339,-37.283333,3.850249,3.8912642,-6.7511983,-1.9651563,0.011726595,1.2176133,0.80548006,0.91228735,9.033737,0.3097556,2.425938,2.5959265,24.421522,0.49814537,635.0288,0.30480644,1465.0593,0.18532634,-98.018715,-0.9469153,1673.6647,0.16029295,1198.6414,0.3821535,-100.49431,-0.8593771,2731.8406,0.104596086,981.63,0.33101347,-104.34069,-0.79506695,-13.29499,-0.5495632,24.635122,0.4192219,0.053711243,0.33941573,-0.026040465,-0.61731094,0.4898594,0.61292785,37.895336,0.31814116,-1.9019448,-7.7789826,2.920281,5.800566,-7.3495626,-2.118424,-7.0855494,14.915885,0.042348024,-0.0065183532,0.18520537,3.2992036,2.2883296,0.2335,0.19285423,0.18249999,0.16501136,-19.226141
32.59817,0.10164097,32.51614,33.529198,34.493523,1.9773827,52.42928,46.442196,5.263813,21.604874,0.71258336,0.73503315,0.2834836,0.45109585,1.1900257,0.90654206,13.923259,9.7432995,11.272177,6.296672,0.29838517,0.9344258,25.986568,0.47598532,0.38278353,35.76227,12.574474,0.9852418,-9.324496,-1.565623,0.013395333,1.2391503,1.0961896,1.0130653,7.806472,0.43054003,3.0162797,2.3835723,20.70548,0.44245437,581.279,0.3472225,1326.7366,0.15855178,-129.02861,-0.7105313,1659.4789,0.18433376,1044.6097,0.31183666,-130.22266,-0.66243416,2658.9717,0.092300065,920.67584,0.30285886,-130.88939,-0.6522667,-12.778195,-0.48241818,20.200346,0.37277454,0.037836734,0.42708793,-0.029679697,-0.5200589,0.5117136,0.57540834,35.432148,0.2508314,-7.5939636,-1.9107336,16.12301,0.9702471,-21.082243,-0.73032624,-9.842148,17.445248,0.009763297,-0.007278451,0.16800326,3.176131,2.2243714,0.16217391,0.094820485,0.25583333,0.2693188,-21.967964
36.433838,0.06302378,35.894302,36.540657,37.497692,1.6033897,16.076313,7.64838,-7.9431763,28.38698,0.6086043,0.54766774,0.30206105,0.5212772,0.89437234,0.59231126,6.38593,3.559284,5.035104,2.8139215,0.1894463,0.7277118,13.530567,0.935878,11.215204,1.0115473,8.694831,1.49009,2.5815651,4.9093466,0.012440291,1.0564657,0.8211136,0.8660949,10.094836,0.2514639,10.278676,0.8001799,23.131014,0.34338185,637.2012,0.34385207,1408.258,0.13627522,-135.0958,-0.64835066,1680.1964,0.11855871,1136.1238,0.35314226,-130.4662,-0.64161676,2737.3457,0.074244805,876.96655,0.3106727,-131.98148,-0.61948997,-13.873087,-0.50745314,22.328638,0.37469298,0.053564683,0.31544995,-0.01721641,-0.76358956,0.2868497,0.46539694,23.65633,0.35741186,7.7147055,1.6251062,6.4477468,2.6461656,-5.951035,-2.1850362,-6.4359818,13.722724,0.0137665225,0.00017734614,0.12688102,3.625731,2.235294,0.16736841,0.12993287,0.24649999,0.2762114,-25.57875
24.109596,0.03608535,23.359451,24.088587,24.840027,1.4805756,39.133385,45.467617,7.9842076,5.3980484,0.6781512,0.4230148,0.3858923,0.649195,0.947251,0.5613587,4.7571955,2.6568213,3.996143,2.7052827,0.2825459,0.5086359,23.772827,0.5261317,15.320599,0.6093907,4.054345,2.7136645,-3.276945,-3.1762097,0.011610086,1.0173519,0.8082274,0.77379197,5.304183,0.34832004,3.396795,1.6218961,29.784435,0.21559542,536.1535,0.3820153,1351.9601,0.13592857,-115.53646,-0.8307609,1555.8575,0.16649403,1039.1937,0.2970823,-120.28263,-0.7466471,2710.7493,0.09430221,954.3044,0.3754754,-124.65966,-0.678933,-16.250463,-0.27606785,28.688948,0.18709005,0.034768198,0.5205579,-0.025699614,-0.5075018,0.37528932,0.39323753,32.592793,0.22850586,11.646533,0.6894905,3.315615,4.4314423,-9.045669,-1.3710536,-11.830194,19.83467,0.010164654,-0.013762429,0.21710102,3.2786884,2.4024024,0.16749999,0.15852839,0.21470588,0.27465737,-23.124475
30.846806,0.059836686,29.584831,30.827944,32.165855,2.5810242,37.59864,33.863792,-12.177036,25.583061,1.0566055,0.5455154,0.43524593,0.9575196,1.6713644,1.2361186,11.751257,7.2105923,12.52282,6.8914394,0.3869917,0.71968436,13.277907,1.0910956,9.60143,1.2490836,1.8276446,8.397809,-7.8919106,-1.6540679,0.0123047475,1.2415731,0.8138036,0.9443234,7.4084015,0.3494589,7.382093,0.798769,22.197405,0.4157178,632.55,0.30589116,1403.8049,0.17086631,-118.92994,-0.78336453,1681.5173,0.12877546,1003.1225,0.34962666,-121.53206,-0.7264124,2789.0364,0.08063431,958.33417,0.46432024,-122.89615,-0.70425624,-9.574732,-0.6472875,18.891321,0.41165116,0.052447256,0.32039458,-0.025181863,-0.5875828,0.57151425,0.45190874,21.681515,0.45565674,8.958078,1.3667232,4.0752068,4.734802,-14.119048,-1.0412662,-4.465638,12.033503,0.03607215,-0.007315997,0.25246054,3.5278156,2.1857924,0.186875,0.15044594,0.2352941,0.33492962,-20.339521
26.281504,0.16964962,23.23986,25.11391,27.48738,4.2475185,200.42366,407.5803,86.35493,99.16008,0.7511241,0.62143534,0.3218346,0.662407,1.0964494,0.7746148,8.284217,5.501215,7.930385,4.5175276,0.34569833,0.8458167,27.271708,0.5474433,6.0843487,1.8283806,10.222654,1.2786683,4.685751,3.2998092,0.023843447,1.2676488,1.0622864,0.82163113,5.2515407,0.40922168,7.6740003,0.934153,29.06653,0.29985204,613.81696,0.4220338,1318.2925,0.21759209,-92.73189,-0.9616608,1654.3455,0.2006352,1034.6436,0.28519243,-95.142586,-0.87089306,2732.3965,0.1135024,935.4713,0.32583368,-100.07134,-0.78814256,-15.531808,-0.49816817,27.22518,0.26249164,0.014790986,1.693148,-0.012555305,-1.6317356,0.457017,0.667787,33.91591,0.31269065,6.902968,1.7657729,12.801225,1.1410702,6.3600054,2.812006,-7.776785,18.191185,0.022921808,0.0036558362,0.1941817,3.3918128,3.1877213,0.17592593,0.1651993,0.1264,0.05229761,-19.910124
29.678558,0.08607124,28.00793,29.461128,31.391699,3.383768,67.82089,135.28195,37.16371,20.876022,0.83766204,0.48046765,0.4530728,0.7863946,1.1853465,0.7322737,9.488082,4.602458,7.517879,4.9110336,0.47327825,0.76418597,25.354382,0.6122419,9.034122,1.3698255,8.097842,1.583617,-2.3462033,-6.0300183,0.019469332,0.73601073,1.1647942,0.70139897,6.284815,0.33235738,2.4490683,2.9729471,31.296711,0.45339137,615.36707,0.35230294,1349.7238,0.17822969,-107.43375,-0.87116617,1687.6294,0.16437586,1057.9336,0.3724356,-114.19599,-0.75128144,2796.1775,0.12494069,1052.3496,0.23843981,-118.65361,-0.6850643,-17.975655,-0.41238838,27.427874,0.3156658,0.04248063,0.530848,-0.02791572,-0.76661146,0.6675099,0.5231927,35.54711,0.29146048,11.026495,1.0553507,6.611725,2.488388,-3.7718697,-4.5446115,-6.71378,13.137433,0.016257577,-0.006291504,0.30100265,4.4563284,2.5179856,0.18285714,0.16342008,0.1942857,0.19032732,-19.122385
34.37501,0.0857071,32.409824,35.186687,36.14268,3.7328568,260.03854,367.78882,74.91319,100.23455,0.70210624,0.580775,0.27494624,0.6441576,1.0749645,0.8000183,8.858817,4.74942,9.321456,5.567703,0.29480806,0.83077914,17.431723,0.8286514,16.989223,0.7836111,0.13646662,130.84477,-2.8439982,-4.4587355,0.030215617,1.5128341,1.0987625,0.9012805,7.705638,0.3830565,6.7411447,1.2967639,28.241081,0.2597084,597.2415,0.29537204,1365.6222,0.12419436,-98.69991,-0.95591164,1712.214,0.14878437,968.27246,0.3100984,-102.877464,-0.8316774,2734.7917,0.08359683,902.3796,0.31479284,-105.35591,-0.78922915,-15.693489,-0.3832575,24.510792,0.31528336,0.068039,0.27302912,-0.031175632,-0.3670006,0.42393708,0.5616957,25.867207,0.42564335,13.931619,1.0457203,-3.2903996,-6.5346045,-6.9657354,-2.0887463,-8.547132,14.7351,0.023496455,-0.00815363,0.14674707,3.8817008,2.7985077,0.18466666,0.12153828,0.1425,0.15159568,-22.23349
33.17017,0.08529601,31.623434,32.96962,34.40781,2.7843761,435.77786,831.7511,63.35057,70.22395,0.90732324,0.50091994,0.44586998,0.87304616,1.3053799,0.8595099,8.177005,5.486897,7.666683,4.219622,0.3734887,0.7998135,17.408579,0.87984693,9.962106,1.1096013,3.4639497,4.1316547,-2.4161854,-5.6696024,0.020952532,1.9581335,0.8226055,0.89314973,8.046061,0.40869528,10.964154,0.7685868,26.43742,0.38841406,673.34186,0.3108368,1403.0636,0.17099722,-112.39563,-0.8215094,1712.3218,0.1334182,1088.7617,0.2890783,-114.633194,-0.7533073,2770.7473,0.09024864,950.193,0.3913825,-117.32547,-0.71102095,-12.882056,-0.55400443,23.635513,0.38192683,0.045275003,0.42070508,-0.018727763,-0.7769913,0.50216687,0.536709,26.468588,0.44610742,8.273715,1.4697163,6.854537,2.471185,-6.445428,-2.192893,-6.348307,14.372552,0.02606164,-0.007827265,0.25803804,3.5943518,2.4547803,0.18526316,0.121714436,0.21166666,0.15976545,-20.283253
23.271795,0.10588116,21.272732,23.28922,25.251091,3.9783592,42.377026,47.303787,82.34508,174.64328,0.58837193,0.45010287,0.32546362,0.57034606,0.8203918,0.49492815,4.4765005,2.275809,3.3909187,1.6473211,0.22689638,0.6933152,26.409405,0.49658597,2.2067776,4.4155173,18.34828,0.5610663,-6.062911,-1.874962,0.01594847,0.74979335,1.0210348,0.6401127,4.592158,0.40343302,0.3812503,10.251783,22.013956,0.25237998,534.06244,0.3531704,1346.8314,0.18491751,-91.89106,-1.0052667,1596.348,0.16830651,1081.5157,0.2826424,-100.84795,-0.835785,2601.8035,0.10025996,942.6104,0.34798977,-102.6042,-0.80610466,-17.125435,-0.29815602,24.133093,0.22466002,0.025154332,0.7910713,-0.024835575,-0.71533775,0.31112206,0.45455712,34.455933,0.27652845,6.200873,1.1957849,20.36487,0.56230354,-5.8103986,-2.2437065,-5.387512,11.425423,0.027212925,0.0027879053,0.12311798,2.9542098,2.6785715,0.19944444,0.13276848,0.14526315,0.12132464,-23.802399
33.473164,0.07550041,32.10295,33.40493,34.869423,2.7664719,170.43608,382.80392,75.158104,87.31708,0.75862736,0.61366546,0.30607432,0.6545454,1.1692891,0.8632148,9.664502,6.447652,5.922645,3.3448803,0.3184531,0.8679413,21.146036,0.63339245,13.796734,0.9043258,-1.4961891,-8.225369,-4.1679883,-2.6627078,0.019301679,1.3674202,0.9086858,0.8757679,7.925776,0.44639271,5.8957596,1.4403043,29.159506,0.39166093,689.7302,0.25846922,1436.5989,0.17115565,-122.870224,-0.73688626,1759.546,0.1452208,1174.504,0.2938729,-126.721016,-0.6566989,2783.9702,0.10562184,1035.2015,0.24450412,-129.09692,-0.6226798,-16.267841,-0.5501525,27.601574,0.3245022,0.053736433,0.34214255,-0.030431619,-0.62486285,0.48374072,0.55304927,30.466166,0.37478086,11.057709,1.4223424,-2.0846598,-7.5064526,-7.684065,-1.689141,-11.263139,18.912764,0.03183627,-0.01905807,0.20272158,2.617398,2.6275117,0.14999999,0.1188177,0.2160606,0.24253635,-20.476912
33.993195,0.07385998,32.4723,33.65539,35.747612,3.2753105,26.870249,15.162516,13.432778,8.845647,0.7123897,0.747452,0.24437004,0.5937343,1.1372116,0.8928415,9.744706,5.3634443,7.427096,5.18526,0.3103604,0.9188922,27.055622,0.42596233,-0.89368325,-16.461496,-0.62778455,-23.503622,-6.8595896,-1.9894838,0.015108631,0.901673,1.2084423,0.7225938,6.8648224,0.47222435,3.1649895,2.9736476,22.933289,0.3846366,621.6901,0.3260915,1498.7157,0.18061568,-68.51302,-1.305937,1593.0555,0.11991029,1124.8386,0.2843749,-69.28221,-1.2047445,2722.2866,0.08731905,912.178,0.45318165,-76.61044,-1.024252,-10.550097,-0.6120068,23.917776,0.29393193,0.06332097,0.29637265,-0.015263337,-0.8066077,0.41477785,0.6731399,30.716503,0.34673744,-1.6034657,-9.570848,-3.620812,-4.3641543,-9.16787,-1.5993842,-6.5591655,17.27479,0.03433915,0.008768567,0.07680124,3.473492,1.6605166,0.4133333,0.26021358,0.151,0.26413822,-22.092388
32.35396,0.104720406,31.718567,33.216156,33.964954,2.2463875,210.82256,384.48547,84.69116,120.82556,0.6172866,0.6259852,0.27525255,0.517124,0.899096,0.62384343,7.495275,5.5638213,6.5647144,5.4720798,0.25671002,0.9723222,22.63831,0.5575403,8.87444,1.469659,7.565127,1.6756629,-2.7735386,-4.2141805,0.023289204,1.7216865,0.99235636,0.94812053,7.585617,0.37047017,6.8830433,1.2847759,28.787369,0.38229257,681.8333,0.26366818,1437.3776,0.120525435,-138.92221,-0.62792736,1772.7772,0.12930955,1179.4281,0.28497595,-142.16335,-0.5646048,2801.5896,0.09718611,1034.2394,0.27287486,-143.75,-0.5422874,-14.847913,-0.5198261,24.469408,0.44724756,0.024952138,0.81288105,-0.029462162,-0.5393468,0.39465526,0.54887736,30.683683,0.3286321,10.319053,1.3009573,3.0290575,5.2277827,-9.318418,-1.3796668,-10.340494,18.490963,-0.0006198484,-0.009110464,0.19043753,2.979738,2.1582735,0.14333333,0.12512216,0.2988889,0.33763707,-24.088596
31.474117,0.07911986,29.701504,31.113497,32.938618,3.237114,27.125288,17.151731,13.426976,10.178842,0.5034198,0.60013986,0.22281204,0.40316355,0.805197,0.58238494,5.654552,3.2160487,4.935372,3.1705737,0.18967444,0.8778583,23.702301,0.54984033,12.404353,1.002338,9.434574,1.292565,2.3882792,5.498747,0.016867274,1.2613037,0.9859835,0.87504864,8.058888,0.39481524,-0.33709073,-19.874914,26.866583,0.35473973,599.2114,0.2793785,1420.8112,0.14287142,-120.84846,-0.7583942,1692.5392,0.12567699,1204.8055,0.3546054,-126.758766,-0.6518764,2722.1538,0.099749826,1061.6412,0.39985678,-128.71289,-0.62470025,-19.032187,-0.38595918,28.143732,0.32509062,0.055339064,0.27713254,-0.03217972,-0.47799408,0.30027485,0.5775022,33.53193,0.30859387,12.355363,0.9578851,11.317865,1.2452389,-4.4155483,-3.2517204,-11.004771,18.789179,0.035697713,-0.005959727,0.10864644,2.7442372,2.2075057,0.1835,0.17041932,0.23714285,0.20128497,-24.438019
36.219887,0.07077521,35.229507,36.371925,37.708347,2.4788399,84.63112,62.37255,24.722082,27.36597,0.50783086,0.5587608,0.23847279,0.40937734,0.78200567,0.54353285,5.978947,2.9913304,4.781614,2.7455506,0.1839604,0.75795245,26.885555,0.35964698,2.9827642,3.8465936,8.189434,1.4243814,-7.3075466,-1.9190546,0.016281074,1.0843498,1.12369,0.7115389,9.152683,0.29321706,13.1454115,0.7178902,29.625109,0.27292898,642.70135,0.29281738,1464.5778,0.14687262,-111.81809,-0.83617467,1719.999,0.13065153,1037.755,0.25497532,-109.105415,-0.7970619,2774.9465,0.08807271,963.1962,0.28376424,-112.10463,-0.74969506,-15.082341,-0.40647453,24.099575,0.31172416,0.07146489,0.22429511,-0.021835135,-0.4730149,0.2709114,0.51074874,31.848118,0.2487466,-1.1806378,-10.299632,11.063462,1.2088977,-16.667166,-0.78183925,-11.372576,19.875383,0.04891866,-0.0058860504,0.09845953,2.992126,2.698413,0.17705883,0.13940059,0.16333334,0.27714816,-25.663815
31.6667,0.10145298,29.880861,31.930168,33.707462,3.826601,85.06167,128.86359,125.789406,199.1177,0.3654076,0.70614547,0.14159723,0.2688893,0.6045479,0.4629507,4.4118624,2.9707704,3.2555532,1.6452509,0.14369543,1.0168159,24.349073,0.45414492,5.7022586,1.52434,14.237581,0.8660225,-10.80383,-1.5390459,0.026590832,1.0616027,1.208027,0.73046,6.24144,0.46736613,2.018976,4.2633977,25.622646,0.4338764,643.71106,0.26822194,1375.245,0.1341766,-132.06468,-0.66830444,1755.8021,0.14978322,1107.3688,0.3004852,-136.08006,-0.59432405,2783.032,0.10105944,1063.3795,0.42865914,-137.27946,-0.5776398,-17.979763,-0.3765415,26.699465,0.30358523,0.03667087,0.62581486,-0.033397842,-0.5918371,0.271421,0.5374534,33.69739,0.23605786,8.65843,1.2276751,13.857371,1.1580422,-22.418283,-0.82300484,-10.009715,18.340525,0.009453092,-0.002385396,0.06972331,2.4149287,2.3178809,0.14999999,0.10779168,0.2490909,0.19298868,-28.656527
24.948204,0.10756671,23.459345,24.488617,26.282545,2.8232002,69.21787,103.31131,24.403769,24.08746,0.68482137,0.53398407,0.37103772,0.6666247,1.0428324,0.67179465,8.930516,4.5507374,5.6275,3.3422582,0.38394663,0.782241,30.044827,0.47908536,12.123683,1.0181513,7.183778,2.0178893,-7.020658,-1.6680063,0.017421812,1.0108808,1.218211,0.6512978,4.4203787,0.52015305,0.32692802,16.599056,32.228794,0.22314987,544.4462,0.35701963,1358.2352,0.13152952,-70.98953,-1.2824104,1593.5166,0.16914389,1059.0737,0.23877075,-81.07003,-1.0113057,2744.8035,0.09959008,956.5818,0.26480395,-87.745,-0.87998027,-18.059252,-0.30075386,30.454649,0.26904225,0.04038937,0.5867795,-0.02024127,-0.99475515,0.49292475,0.57890505,34.3472,0.39285505,15.976076,0.6928272,6.8298407,2.3998132,-7.1752353,-1.8746941,-9.518257,19.476774,0.044238944,0.002755359,0.18293628,3.3167498,2.3411372,0.27285716,0.22358854,0.12466666,0.14718996,-20.379198
23.104292,0.045532744,22.084038,23.21033,23.873415,1.7893772,53.859104,74.67736,14.443539,15.151764,0.77217,0.46738443,0.34058338,0.7716544,1.1275445,0.78696114,7.816792,5.415137,7.2342224,3.6581752,0.34807774,0.66803825,24.57958,0.579829,12.44646,0.71485555,3.6678572,2.7358665,-8.744387,-1.4008435,0.01484928,0.9036962,0.8628237,0.94980556,4.6186676,0.45508277,-4.8689494,-0.65794045,24.474436,0.22820148,601.2764,0.3807087,1318.2731,0.117105424,-103.23361,-0.9244914,1644.7493,0.1872341,1049.2666,0.24696481,-110.25935,-0.79918283,2748.0457,0.13335398,926.4706,0.24479173,-114.58796,-0.73140186,-17.02105,-0.25293294,28.19033,0.18721277,0.045312315,0.3876328,-0.03088591,-0.49258736,0.46358305,0.49181122,33.51541,0.24447936,12.065082,0.75247043,5.5450277,2.0508096,-14.875492,-0.915993,-9.413402,17.151072,0.024536086,-0.0106776245,0.24129596,4.5186644,2.777778,0.16642857,0.10437617,0.16133332,0.12553176,-20.597916
37.664265,0.048063826,36.38972,38.11269,38.67704,2.2873192,31.119228,19.922766,17.350872,13.362964,0.7807136,0.5880202,0.33974546,0.66178393,1.2246778,0.88493234,11.824653,6.7083616,9.8205,6.4017262,0.28716788,0.7844735,17.82332,0.62985253,8.104495,1.6912055,1.2439346,10.596545,-10.078635,-1.616343,0.012958549,0.87011117,0.8829175,0.8116919,9.899184,0.3090486,9.107381,0.89588624,23.748869,0.2378073,611.0218,0.28952655,1474.9149,0.14975084,-119.12987,-0.7639953,1643.6348,0.13779561,1163.3711,0.34856713,-109.26162,-0.7824085,2684.2344,0.10712362,952.17944,0.36887786,-111.40328,-0.74822867,-12.457295,-0.46103573,20.500278,0.31757876,0.06526738,0.27717465,-0.025280297,-0.47974297,0.39184353,0.5875493,22.519865,0.39842546,3.3413646,4.477848,2.7532165,5.617611,-19.79876,-0.77192223,-9.421483,18.309368,0.03171268,-0.00837857,0.1821321,4.2253523,2.9968455,0.16,0.090901904,0.15263158,0.1324602,-22.489561
35.311684,0.046353757,34.251644,35.37969,36.755585,2.5039406,91.36362,107.42989,20.46408,11.239757,0.8088181,0.51047873,0.40773878,0.8042508,1.1662818,0.758543,10.774099,5.897226,8.907639,5.778551,0.40500206,0.86111283,20.760645,0.83058524,7.7353983,1.5772032,5.5968676,2.5571585,5.445842,2.2197084,0.023026021,0.91745555,1.1584574,0.78382057,8.99227,0.28051624,10.832048,0.8343377,28.948692,0.37855396,693.0508,0.31079474,1424.5819,0.16604789,-124.636314,-0.6901688,1709.6615,0.15149613,1156.6162,0.3051307,-121.6233,-0.6701697,2848.3948,0.0932388,958.8043,0.3660961,-125.62198,-0.61417305,-14.870605,-0.52160114,28.992079,0.3624859,0.034974556,0.7107106,-0.012432417,-1.0840591,0.53850627,0.66435516,31.400753,0.3747085,8.500101,1.3396602,4.026383,3.932294,2.965414,4.1852164,-6.4294868,15.244641,0.010927133,0.0010898638,0.29623297,4.728546,3.180212,0.13388889,0.083008625,0.15944444,0.10819079,-20.229223
27.8236,0.084282845,26.55092,27.538647,29.046131,2.4952106,29.737617,35.423454,27.65321,15.510343,0.8158747,0.701314,0.15902692,0.8126467,1.2344639,1.0754371,12.433862,6.989966,10.484427,5.912743,0.4140728,0.9169878,22.954885,0.7458088,5.344438,2.5020025,11.622744,1.4120816,-2.3778539,-6.6138773,0.017624084,0.96291924,1.1704607,0.83326244,5.590472,0.486647,1.2227254,7.6074452,21.85704,0.5815447,615.33685,0.3492639,1278.1915,0.13453194,-100.07135,-0.9233278,1706.8829,0.16995727,884.82544,0.2538762,-104.53394,-0.8247502,2750.4175,0.11719256,926.90985,0.3461924,-106.14194,-0.7964676,-14.051175,-0.577757,21.024813,0.39441007,0.040086284,0.49082768,-0.029039206,-0.7669317,0.6046294,0.6138005,31.528019,0.45315608,5.3618226,2.8896823,11.0161915,1.7861867,-5.6430387,-3.051392,-5.92991,13.843108,0.014222374,0.00404436,0.21013196,3.9783003,3.1021898,0.16058822,0.114093386,0.13333333,0.15800844,-18.807999
36.620422,0.10702565,34.086468,36.27531,38.54117,4.4547005,94.716324,99.46773,52.51879,57.768223,1.1487211,0.47144786,0.67276573,1.0099127,1.6808784,1.0081127,12.765278,10.229162,9.485736,6.6458254,0.51962525,0.68460584,18.05376,0.6630516,8.266383,1.5253639,-6.3439913,-2.201507,-11.737692,-1.2081895,0.018561061,1.3066013,0.9749652,0.8790859,8.194733,0.4625898,4.350956,2.3482826,22.581388,0.40590662,683.6482,0.2797376,1423.3638,0.1633314,-104.125946,-0.88879424,1698.3531,0.14194362,1124.025,0.32223645,-102.57344,-0.8369674,2750.3208,0.08357685,936.56775,0.5087688,-105.643875,-0.7852722,-12.232414,-0.51909417,22.82991,0.32598367,0.06744183,0.3017838,-0.027658764,-0.47777173,0.6659309,0.5550073,23.681715,0.37359416,3.8393407,3.0911076,-9.031869,-1.7151155,-17.737814,-0.8167248,-9.309309,16.98444,0.050894845,-0.017439492,0.35731944,3.7151704,3.6307056,0.13771428,0.1327099,0.117142856,0.07595379,-17.855429
30.67941,0.13590233,29.577724,31.279793,33.141865,3.5641403,218.10504,146.16313,60.110016,119.72727,0.79501987,0.6276638,0.33846503,0.68183917,1.2721872,0.9337222,9.448756,6.022735,10.630434,10.141346,0.42266038,1.0403626,31.22393,0.50364685,6.90355,1.647273,5.6038346,2.534488,-2.3844907,-4.8749332,0.028958553,1.9855822,0.89705396,0.95331013,8.141766,0.41114438,9.661088,0.7628346,39.356895,0.28134906,672.2677,0.33999556,1411.7826,0.17217563,-117.634964,-0.7882479,1757.7759,0.17313437,1143.9052,0.332466,-122.437805,-0.6770003,2912.5864,0.09644942,980.7599,0.31258568,-126.523094,-0.61913663,-20.166119,-0.4469654,35.696457,0.25548103,0.049138393,0.44433466,-0.02616185,-0.7221149,0.56701493,0.68838215,42.871613,0.22159307,11.891372,0.9539958,1.4708973,10.7565565,-4.8882236,-2.7287793,-9.306448,18.635786,0.019984834,-0.0017466842,0.31038794,2.7027028,2.7162979,0.15555555,0.17797902,0.19185184,0.15182927,-17.448496
24.962564,0.1604377,23.414234,24.695211,25.731033,2.3167992,22.578741,37.898525,33.369045,42.263004,0.48004767,0.5948298,0.25215322,0.42882657,0.6902524,0.4380992,6.8014483,3.9295683,5.015754,3.5836847,0.18731058,0.7843399,24.03198,0.53824043,10.782565,1.0659009,5.6319704,2.7614412,4.623158,2.5282629,0.019865524,1.1106687,1.2429032,0.79844815,4.6110606,0.4441701,1.7005903,2.9081404,27.607067,0.32368886,536.31964,0.3316751,1412.8934,0.1338412,-107.48854,-0.8600655,1555.9288,0.14746276,1112.7465,0.2161371,-112.95666,-0.76377606,2644.0752,0.081513144,1015.3827,0.34522486,-117.13656,-0.6993298,-15.838419,-0.45345694,27.287413,0.26129657,0.0336328,0.5971553,-0.014747486,-1.0484993,0.26254436,0.5348039,32.526676,0.269838,11.972675,0.88517493,4.8246236,3.6696908,4.775346,2.7431011,-9.630402,18.839617,0.034296814,0.0037371516,0.119111985,3.5661218,2.994012,0.15149999,0.10233645,0.15428571,0.148695,-26.455433
31.808468,0.03521729,30.81375,31.729004,32.75881,1.9450588,16.61877,11.464431,31.762634,46.83486,0.72343725,0.5789206,0.35291162,0.6378555,1.0738409,0.72092927,8.706254,4.8665504,7.47198,3.8578098,0.25442022,0.66117,20.722002,0.6357329,2.3548102,4.458391,10.406871,1.357641,-10.72028,-1.4735299,0.013171696,1.0624945,0.9334441,0.99086875,7.816669,0.29751548,8.910487,0.9682784,25.70555,0.32753074,611.57794,0.35833216,1437.4694,0.17204878,-104.48406,-0.9050032,1622.4574,0.12254506,1121.4911,0.29196653,-107.212234,-0.8159743,2719.2246,0.07878634,919.1847,0.40746707,-109.08344,-0.78508043,-12.663915,-0.56452835,21.956694,0.35449573,0.053394932,0.30955422,-0.018584533,-0.75544566,0.33817765,0.45319515,28.743391,0.2864589,1.4198344,7.526165,13.776113,1.1241267,-19.857283,-0.7666426,-5.2288675,12.607888,0.035417292,0.001490208,0.17234565,3.6563072,2.9520295,0.1625,0.1409122,0.14647058,0.114375085,-23.915577
36.41031,0.081691094,33.59358,36.487225,39.010937,5.4173584,50.30401,18.938942,53.649067,25.414621,0.57667285,0.521788,0.32057166,0.4900309,0.82661307,0.5060414,6.669825,5.191358,5.312436,2.766141,0.23899424,0.70173734,23.925575,0.5183695,6.6385474,1.6685487,2.2635183,5.5293875,1.7453005,7.73262,0.017019203,1.4792107,0.8780079,0.7584625,8.846568,0.29212663,10.473252,0.8610983,31.383492,0.32566765,687.5487,0.33807397,1521.8707,0.18121773,-137.16441,-0.642428,1666.076,0.15572233,1298.5011,0.27001977,-131.74484,-0.63991356,2755.1182,0.11632091,998.5083,0.28949282,-135.4457,-0.5879696,-13.956975,-0.58163095,26.761736,0.34293488,0.03278661,0.48925266,-0.016961237,-0.75502497,0.35796708,0.47602466,33.750816,0.25986123,1.622508,7.5482206,-4.6970925,-3.200362,-8.536105,-1.6396687,-10.321861,17.211405,0.009828707,0.0013137595,0.1699396,3.2167833,2.5352113,0.14055555,0.107417785,0.22105262,0.27883017,-25.70454
29.334772,0.12943393,27.225443,28.406822,29.997252,2.7718086,66.52019,88.39583,41.965862,30.07204,0.8055471,0.37168312,0.5173474,0.81869584,1.0549849,0.53763753,5.754794,2.913301,5.5092783,3.7276227,0.3280854,0.49497068,25.055248,0.60268736,17.275513,0.75500286,-1.6108207,-8.191846,-7.4160457,-1.4269706,0.018069573,1.3748138,0.9596036,0.6945448,6.51209,0.35455596,-2.1445868,-2.6661644,27.112907,0.22924788,593.7906,0.29460734,1382.0826,0.10667716,-77.70297,-1.1331936,1682.7758,0.16176608,1119.0575,0.22459172,-87.46168,-0.9092924,2738.2861,0.10469517,991.2407,0.28104693,-91.81555,-0.8309911,-17.644478,-0.28102782,27.55109,0.23271222,0.04034321,0.40602884,-0.03545779,-0.2843793,0.37915844,0.41134155,30.9936,0.40192476,16.99045,0.7866996,0.07766631,193.64241,-4.742549,-2.1975477,-11.036229,19.117638,0.036089297,-0.02641926,0.2451169,4.6345816,3.4172661,0.17789474,0.14724055,0.09944444,0.09594398,-21.047121
34.088837,0.051257662,33.384277,34.253872,34.91553,1.5312538,25.27488,5.5181894,15.688764,29.473642,0.56196225,0.49921414,0.34089875,0.49870133,0.7949642,0.45406544,6.3653784,4.3710628,5.094868,2.4865212,0.1834682,0.6297964,27.76249,0.37212712,-2.7164683,-4.7151337,5.76839,2.138209,-3.5359745,-3.640085,0.013345778,0.9686423,1.0861496,0.55326515,7.0076427,0.37070513,0.8541178,7.270203,19.80642,0.4848839,608.55084,0.28753424,1416.3121,0.12684162,-102.63497,-0.90930545,1620.628,0.12961176,1150.1378,0.3371434,-104.38408,-0.84769195,2698.1917,0.0894014,1002.1858,0.43065843,-107.78128,-0.7903954,-12.02376,-0.5134194,21.512108,0.33072507,0.03753348,0.44025913,-0.019760283,-0.65427345,0.2503621,0.43318054,33.428642,0.24212432,-6.1536727,-2.3484359,6.5031033,2.0543249,-10.491437,-0.9949486,-8.661074,17.757835,0.018224344,-0.0046872892,0.112724625,3.2626429,2.631579,0.188125,0.13611661,0.18133333,0.1827153,-27.53419
32.96865,0.05174042,32.020786,32.993,34.328335,2.3075485,106.23639,178.87276,19.773775,18.457674,0.98369825,0.56519485,0.4190143,0.8672785,1.5596077,1.1405934,10.828025,6.9732623,9.85061,4.647325,0.37443766,0.7205488,18.58857,0.72330785,7.3760242,1.8750168,6.057663,2.5009449,-8.817271,-1.592157,0.013972634,1.2449256,0.82525444,0.979318,8.577511,0.30649894,7.0841904,1.3491981,22.5977,0.35677403,592.9599,0.3629573,1420.0133,0.14542946,-93.97175,-0.9811205,1665.4144,0.1581282,1080.8828,0.32876423,-97.33481,-0.87579167,2681.538,0.0848782,1020.6262,0.41766834,-99.25595,-0.84031636,-12.504589,-0.5864394,21.21762,0.3431729,0.053269263,0.33151972,-0.022519093,-0.6009903,0.45689377,0.54095036,25.339762,0.36195648,5.0535913,3.0924516,8.825898,1.9611689,-12.052088,-1.3496188,-6.5564227,13.27785,0.04026527,-0.011139843,0.2704683,3.8167942,3.0769231,0.176,0.14565027,0.12238095,0.060388014,-19.912556
23.642134,0.11019036,21.858795,22.974897,24.518873,2.660078,107.68954,145.6289,56.863922,64.95333,0.5274277,0.37262926,0.34467202,0.49713063,0.7008153,0.3561433,4.2946596,3.2593775,3.878453,3.2238832,0.22293226,0.65391284,25.15859,0.3916633,8.938748,0.842637,9.185714,0.9777768,-3.2962446,-2.4463358,0.019877525,0.8845422,1.1893824,0.59183747,3.5336165,0.5655536,-6.9499407,-0.880299,19.383476,0.37394452,587.27094,0.32295847,1431.6582,0.14609303,-129.93315,-0.6898733,1653.6466,0.15154971,1188.0593,0.21198088,-134.98672,-0.6076718,2640.1729,0.090811186,971.665,0.26954514,-136.039,-0.59300095,-17.618332,-0.22847182,25.433613,0.20807272,0.02871677,0.6423367,-0.03013674,-0.44339645,0.31734493,0.47803757,31.939129,0.21750696,10.577277,0.75585175,10.261708,1.1217932,-4.9625297,-1.9883661,-11.730799,18.646296,0.03487396,-0.01347373,0.16941592,2.6511137,2.3454158,0.14818181,0.12651396,0.24652174,0.2934,-26.861414
32.45787,0.12750441,31.676973,33.113197,34.39013,2.7131557,48.924355,38.85377,296.45206,480.77203,0.680151,0.61135083,0.274591,0.57628655,1.0101751,0.73558414,11.811575,8.175787,7.5350146,4.89772,0.34676877,1.2110573,24.240799,0.58089995,5.0996714,2.4295733,8.724352,1.4086806,-0.8203383,-15.543942,0.022614932,2.0510771,1.0094223,0.90760016,7.8204875,0.4040274,5.7395854,1.6146821,24.246244,0.28439876,582.97,0.39171165,1399.6976,0.1410154,-120.84112,-0.7472113,1637.707,0.18452667,1101.9573,0.34481385,-118.18395,-0.7264229,2663.1592,0.1193852,1021.53845,0.3337895,-120.35958,-0.6932084,-14.318777,-0.4120633,22.580292,0.31864044,0.039333444,0.667348,-0.02068142,-0.68311465,0.46931443,0.8176316,33.098114,0.2779257,0.3651552,31.778955,7.629973,1.8129948,-6.9798937,-1.8770125,-9.759713,17.327982,0.01352872,-0.0031792733,0.24679601,3.4833093,3.3625731,0.12478261,0.08766883,0.15173912,0.20279893,-21.481344
23.943264,0.103824414,21.83763,24.277191,26.021921,4.184292,26.087221,13.537773,25.524302,15.522045,0.5209849,0.7357667,0.15005705,0.4190617,0.8767793,0.72672224,8.648549,6.1038404,5.0882344,2.586663,0.2229697,1.0423671,23.218218,0.66802144,-0.53997463,-21.99475,15.262959,0.9955525,-0.2828205,-50.730766,0.019720977,0.743875,1.0991694,0.73560286,4.0841327,0.5046349,2.5459702,3.2444847,22.323427,0.39022464,591.9253,0.39803955,1299.6147,0.13359362,-113.71258,-0.81776893,1641.4697,0.17726572,959.3769,0.24213596,-117.7599,-0.7408066,2684.4768,0.12232363,952.77,0.4455113,-120.30752,-0.7022815,-14.068829,-0.5657237,23.311386,0.31173947,0.027325012,0.9643806,-0.015101542,-1.5337,0.3809574,0.60717416,34.601856,0.3300688,-0.010173316,-1377.2932,18.288832,1.0185063,-1.4743687,-12.1111965,-4.6355786,12.28355,0.026511813,0.009966926,0.095819965,2.332815,2.3510973,0.18399999,0.13194947,0.206875,0.16464806,-23.970926
33.52919,0.09357987,31.380978,33.86217,34.933254,3.5522766,71.57784,74.03037,37.074585,25.489115,0.642361,0.57135695,0.34392208,0.529188,0.9991797,0.65525764,9.348786,5.7766266,6.7019424,4.512211,0.3004584,0.91137284,25.23722,0.62125605,8.229281,1.5472726,1.5349376,9.926488,-7.826889,-1.7069861,0.032136835,1.5566813,1.1813585,0.76339597,7.1198554,0.50374824,1.6060647,3.7347684,30.035795,0.27325347,582.43726,0.2724753,1430.1359,0.18784185,-105.72041,-0.8844034,1624.6578,0.14897768,1094.5201,0.28448167,-109.78716,-0.78003466,2725.373,0.079894185,967.404,0.32408535,-114.34142,-0.70994794,-15.392819,-0.36453703,29.056286,0.28875703,0.06750094,0.25811863,-0.03435419,-0.4407926,0.43612194,0.6697346,35.621307,0.315633,5.227242,1.9754329,-1.1689196,-16.221315,-13.450834,-1.0104166,-8.696247,17.615297,0.04949454,-0.01173644,0.16704375,4.227642,3.2786887,0.1435,0.10056217,0.14736842,0.083151236,-21.979624
31.736586,0.07681612,29.851257,31.746021,33.971363,4.1201057,36.45749,22.010918,24.372366,14.907329,0.79559183,0.5569394,0.41421735,0.6647091,1.2336159,0.8193985,9.602471,5.7058268,8.307611,4.426792,0.41915762,0.797367,25.76418,0.5176449,12.945563,0.7945563,4.019475,3.234907,-6.5770936,-1.9569715,0.015800854,1.230115,0.9587334,0.9233228,7.997807,0.33578768,6.90985,1.2376457,32.273903,0.30781597,631.7754,0.2985753,1415.9778,0.14502244,-94.53571,-0.99252367,1739.4429,0.15029344,1060.94,0.25507483,-100.27125,-0.8384052,2796.9893,0.09849381,1016.66064,0.34295312,-102.93909,-0.79312366,-19.401333,-0.3724629,27.900185,0.29804885,0.06447375,0.31967244,-0.037519947,-0.44288206,0.55126697,0.6181489,29.288452,0.37780908,16.12753,0.623791,3.8151567,4.1707315,-9.486795,-1.5403076,-12.276404,20.587715,0.052877434,-0.01843366,0.25435245,3.6927621,2.8315947,0.19,0.14282857,0.15055555,0.21585672,-18.744755
30.44606,0.16212441,27.268457,28.736176,32.93828,5.669821,54.189026,65.43617,50.379395,83.659935,0.5150856,0.6532542,0.23477648,0.43580183,0.7151479,0.48037142,7.6185565,4.366564,5.2877836,4.4545302,0.20650047,0.971426,23.772877,0.6025072,10.562991,1.3059586,11.17731,1.2849746,-4.315821,-3.2501585,0.02905365,1.2647125,1.176946,0.676902,5.355661,0.47449338,3.739144,1.5049055,24.036175,0.3654653,667.69006,0.37219325,1378.1945,0.18738264,-84.331764,-1.0228844,1680.7091,0.16646715,1165.2659,0.24447533,-89.59656,-0.9009721,2765.0557,0.08319228,929.7838,0.36989316,-93.70221,-0.82554734,-14.291632,-0.45314357,25.582523,0.27167532,0.04038639,0.4722528,-0.01220614,-1.5146247,0.2511931,0.90653455,29.641243,0.3673721,7.9433947,1.6722223,11.280476,1.3400499,-8.659538,-1.6769505,-10.339596,18.685041,0.036780093,-0.0007951796,0.13873565,2.8099174,3.5058432,0.16857143,0.17074865,0.1005,0.07372075,-26.333698
30.574596,0.05447257,29.594772,30.434042,32.08185,2.4870758,13.778532,5.52683,22.98378,8.561729,0.7865298,0.5491788,0.4025207,0.639733,1.1917621,0.78924143,8.1207695,4.9925575,6.187433,2.851547,0.29407236,0.61161673,26.271547,0.43263805,-0.6524153,-16.292362,4.791245,2.3903673,-2.3215468,-4.6574564,0.010870711,0.74496067,0.7678272,0.75088423,7.055651,0.3057905,-2.782781,-1.9156911,22.613792,0.40530393,547.7087,0.37608102,1419.5587,0.16524863,-111.74383,-0.8459759,1588.5228,0.1724306,1074.917,0.22811162,-112.23687,-0.8051941,2662.414,0.122750655,1032.8407,0.31503284,-116.46863,-0.73776704,-11.680473,-0.5192466,22.912096,0.2935968,0.035280827,0.4580228,-0.022008624,-0.51834124,0.40534365,0.39931503,32.085648,0.23454297,-1.4386024,-6.7514257,1.1278974,11.59199,-7.200741,-1.6835049,-7.862432,15.918101,0.0036065658,-0.0024852313,0.19925354,2.8315947,2.5525527,0.17411764,0.1699501,0.18611111,0.17857891,-22.538282
33.4001,0.073601134,31.885094,33.62368,35.146202,3.2611084,110.95988,198.23497,161.04866,282.90417,0.47124046,0.738423,0.16138428,0.37385178,0.74490845,0.58352417,6.531745,4.226745,6.3437014,4.511578,0.18459766,0.856821,25.55142,0.43804935,8.2451935,1.2718111,3.363644,3.4404178,10.849119,0.83474296,0.024437653,1.4481208,1.0074164,0.7729913,7.7861896,0.33362797,10.340725,0.9070664,29.476543,0.32872477,551.2316,0.34240624,1457.1017,0.1269476,-136.03209,-0.6549663,1620.2198,0.1520102,1112.9895,0.28966492,-134.36601,-0.6277376,2664.6848,0.10777611,1073.4587,0.3356367,-137.49292,-0.5845036,-14.429433,-0.46311605,24.582396,0.3536156,0.031090017,0.59599334,-0.012904137,-0.9830473,0.2937802,0.521107,30.510637,0.30057317,7.4764285,1.5904287,-0.10649361,-130.82968,7.040507,1.5754805,-12.069143,21.437956,0.0037233059,0.0022571052,0.12467517,2.7447393,2.4816177,0.13592592,0.09429108,0.24629629,0.35736847,-26.619207
36.037304,0.0721454,33.892937,36.41268,37.989887,4.0969505,152.20097,260.28662,23.759047,16.336971,0.96573466,0.71839255,0.28403553,0.73664045,1.6947129,1.4106773,14.78759,9.614263,12.199844,9.228432,0.3630904,0.87940985,15.4756365,0.8515918,4.4205265,3.4830055,0.8636335,15.880957,-10.028888,-1.745907,0.012971572,1.1336236,0.85698795,1.0609227,8.839942,0.39308387,3.2692754,2.152044,19.975447,0.4284914,624.29486,0.32542965,1393.6971,0.1578732,-113.67476,-0.8090087,1660.063,0.14398324,1053.9343,0.3331454,-104.03042,-0.8519586,2740.2183,0.08762824,1006.5473,0.40885317,-107.218834,-0.79796886,-9.723498,-0.69622433,20.23696,0.42460504,0.0594598,0.38297892,-0.017636286,-0.7587448,0.54794157,0.5477478,21.996824,0.47903904,-1.2690576,-13.661989,1.4466279,11.603502,-18.85295,-1.0027509,-5.5041413,12.972492,0.030083058,-0.0027864126,0.1634312,3.247632,2.4523163,0.20444444,0.088016555,0.1731579,0.2696597,-19.940191
41.407703,0.053589217,40.535934,41.377983,42.640465,2.1045303,224.35059,512.5892,17.930204,11.845576,0.33688417,0.56855756,0.1625273,0.27922225,0.5186165,0.3560892,2.2245085,1.2197052,1.5488676,1.0095245,0.09383815,0.86741173,20.272774,0.248356,-2.574404,-3.385672,17.075163,0.34420723,-2.7726753,-3.2512362,0.021529172,0.86561334,0.9066171,0.58224106,11.657917,0.23002355,11.996796,0.8118371,16.453796,0.4659994,846.3905,0.23863885,1284.7899,0.14537638,-139.49266,-0.58040494,1900.8093,0.10687939,858.3704,0.3372857,-131.8948,-0.61516047,2939.08,0.09975364,888.8602,0.3332035,-132.69133,-0.60401523,-17.972504,-0.29705337,24.228432,0.25302845,0.034008637,0.5238643,-0.012246809,-0.8747276,0.16031115,0.49692658,23.899813,0.1682206,2.6723773,2.22089,18.00173,0.2801417,-8.871008,-0.99208015,-6.054658,12.942676,0.0046084756,0.0065865414,0.04864993,1.7229954,1.4627659,0.2681818,0.14913802,0.37782606,0.4691153,-28.34251
33.475197,0.13383552,32.80719,34.01909,36.087425,3.2802353,291.0213,435.54483,69.06441,65.06497,0.4563213,0.65869194,0.22984612,0.33249292,0.6667385,0.4368924,4.9969707,3.0438585,3.579941,2.0838532,0.20061134,0.88015854,28.124586,0.2822378,2.907204,2.3770397,14.427077,0.8132679,1.8690295,6.51096,0.022129403,1.5209926,1.2029243,0.6910195,7.1165476,0.42494488,7.294121,1.2385732,24.631067,0.34114182,628.61884,0.33360958,1378.2185,0.16009636,-148.8413,-0.54945415,1658.5493,0.12494759,1112.876,0.38481757,-148.4128,-0.52075124,2756.2395,0.07462385,801.6978,0.42420387,-149.65852,-0.50424755,-15.805286,-0.35597426,23.532932,0.31140545,0.02720873,0.71133626,-0.019377394,-0.80181366,0.36821347,0.61014795,32.613792,0.23838976,4.205434,1.9085811,12.782875,1.337986,-10.044981,-1.2304393,-12.90797,23.10476,-0.0048758877,0.0034544582,0.1318823,1.7788091,2.5621119,0.104242414,0.066652894,0.26545453,0.31104994,-25.946392
31.800314,0.060198817,30.748259,31.98112,33.347855,2.599596,61.76646,124.637825,11.922913,3.300146,0.65553737,0.5329162,0.35698706,0.57590365,0.97339964,0.6164126,6.177128,3.2083395,4.118555,2.6484113,0.24063784,0.78792775,26.669605,0.49932218,5.931778,1.8390056,0.042890552,328.7498,-5.699052,-2.4251857,0.018364936,3.5510375,0.98827565,0.82310194,7.981008,0.3474683,1.5017838,5.278153,28.076714,0.24999902,560.22144,0.33062422,1409.6213,0.11564613,-77.78269,-1.1675081,1584.247,0.14478458,1109.5195,0.2797467,-83.48749,-1.0003738,2736.5107,0.08274257,1028.2294,0.39984125,-91.444786,-0.84753484,-15.209679,-0.31083187,28.934095,0.21938536,0.044116665,0.4363113,-0.023362735,-0.7720791,0.31778964,0.5858403,33.23204,0.32328913,8.064703,1.2707272,-0.98450655,-15.8947935,-7.2114344,-2.170775,-4.9176035,15.380314,0.02606697,0.0016856939,0.10738192,3.1746032,2.4709303,0.2505882,0.17396656,0.13294117,0.13131751,-22.399332
31.978874,0.1439379,31.671522,33.434937,34.596245,2.9247227,474.4474,423.68436,138.55356,237.717,0.7025507,0.52657926,0.36844918,0.63305765,1.0502115,0.68176234,9.557112,6.307529,6.979765,3.8982608,0.3004328,0.90764254,23.783436,0.5587333,3.1799922,3.5782764,15.364882,0.77760017,-5.0548644,-2.9039736,0.04658817,2.4608958,1.1105824,0.8349495,6.9272146,0.4228198,3.3371413,2.1600766,24.57667,0.34620735,576.6757,0.4157994,1405.397,0.19757919,-115.97689,-0.8022083,1644.0697,0.17324926,1015.99225,0.2647627,-117.793304,-0.7328955,2709.3252,0.11109499,975.7649,0.44423866,-119.53514,-0.7058935,-13.63568,-0.3348249,22.897726,0.31704208,0.029879378,0.49877822,-0.020275792,-0.5844229,0.37704575,0.5208517,32.19391,0.29921606,-0.5579839,-23.3113,14.965214,0.90720975,-14.900005,-0.87052006,-9.308506,17.073702,0.0031685058,-0.00019288302,0.24642253,4.4404974,3.4050179,0.12263157,0.11465473,0.14299999,0.12771453,-23.189564
31.463615,0.06386166,29.23847,31.60661,33.132355,3.8938847,110.646805,165.74692,26.98979,17.373585,0.664389,0.6318122,0.23568004,0.5953912,1.0683608,0.83268076,9.953715,6.046507,8.685505,5.093925,0.2769621,0.88402003,18.15596,0.8529463,12.700456,1.0247903,6.893215,2.0523484,-7.0324416,-2.5614665,0.02113402,1.0358214,1.0233738,0.8366053,7.1288085,0.4121284,7.592745,0.90519255,28.293877,0.30248818,658.54663,0.311819,1414.7778,0.17268872,-120.728264,-0.740037,1701.3617,0.16320688,1091.8018,0.29764092,-123.4159,-0.6740837,2790.4395,0.09101313,927.0907,0.32712784,-125.20947,-0.6469934,-13.61078,-0.5654496,23.59875,0.3560742,0.050095227,0.3869883,-0.024064194,-0.7182736,0.43594605,0.54218036,28.431011,0.43084547,10.333968,1.4412508,11.002036,1.5373899,-18.929033,-1.0483624,-7.463054,15.739463,0.021441678,-0.0033602768,0.15731663,3.518268,3.269755,0.12333333,0.09149985,0.1556,0.19776917,-22.62422
31.751963,0.06371997,30.25344,31.28679,33.438923,3.185482,116.230804,143.9981,26.077665,21.576462,0.730316,0.7015647,0.32525715,0.5767615,1.0475774,0.7223202,11.472064,6.6718307,7.274836,5.644896,0.3341925,0.9258978,25.18883,0.60565114,6.7002673,2.1172893,10.212172,1.4923693,0.36722594,41.27143,0.020022854,1.4933823,1.145975,0.8384692,7.4786696,0.4002384,8.518332,1.1293365,28.494028,0.40983865,698.601,0.36161557,1457.3706,0.18134928,-103.98123,-0.8824418,1752.4073,0.15334289,1138.5167,0.36156413,-105.032684,-0.818796,2806.2522,0.10678243,1045.9409,0.3302424,-107.31118,-0.7815178,-15.183149,-0.53402257,25.298033,0.3817764,0.06386742,0.3100056,-0.019214857,-0.8113352,0.460883,0.72892857,32.716934,0.375822,3.6452153,4.6701956,10.615534,1.6241937,-3.7253065,-4.416127,-9.956828,18.979303,0.041380223,-0.004684886,0.1982739,3.6262202,3.0898876,0.16136363,0.14542402,0.13565217,0.119376145,-20.299574
25.941679,0.09311033,24.151852,25.138605,27.252361,3.1005096,102.05112,120.43506,31.296177,14.575767,0.7377577,0.5834271,0.34881243,0.6307645,1.175093,0.8262806,9.501465,5.2890873,8.167493,4.79913,0.30529496,0.6930995,21.96182,0.48238096,11.762146,0.9063163,7.0088835,1.6347889,-5.5091,-2.3290873,0.02008425,1.0525972,0.9403905,0.95273644,5.2563844,0.39502454,0.19409652,23.232164,21.817854,0.373891,603.6393,0.3767002,1303.1161,0.15102498,-123.36913,-0.7545001,1654.9674,0.176506,976.3181,0.32429126,-127.14543,-0.687708,2685.5269,0.12945616,894.01404,0.32045996,-128.4528,-0.66780674,-14.770032,-0.42391962,22.070406,0.25628942,0.046104014,0.40465102,-0.03302962,-0.5654615,0.47140783,0.4508831,27.65008,0.240458,9.648551,1.3952823,9.726887,1.6346418,-11.315954,-1.4618659,-11.626275,18.898138,0.016943283,-0.016377285,0.19844988,3.7147102,2.3952096,0.155625,0.13990928,0.22705883,0.28187948,-22.59754
35.53854,0.13577433,34.316944,35.155743,36.419025,2.1020813,186.56194,126.272255,222.35333,322.67233,1.0764962,0.5440606,0.5834558,0.8587241,1.7012589,1.1178031,11.999448,6.4068713,10.268593,4.8300033,0.51497173,0.67307764,25.48659,0.3682688,-3.288376,-3.6580613,1.8508227,6.5444613,-9.729795,-1.4061545,0.020879256,0.87180656,1.1224192,0.6751419,6.3298388,0.50891054,0.51771677,18.547981,20.93092,0.4226891,570.25134,0.35229877,1385.9619,0.15357,-123.90613,-0.7343492,1585.6481,0.14312908,1072.1221,0.23601994,-113.42444,-0.77484065,2621.0535,0.09878771,1080.1857,0.35239494,-117.32522,-0.71512955,-9.898971,-0.5388321,21.330046,0.3100022,0.046783138,0.37178808,-0.021169437,-0.5455081,0.7228925,0.47651437,28.587776,0.2583759,-7.583496,-1.5983776,3.134075,4.1573086,-17.434961,-0.75006133,-8.898158,18.901655,0.02869179,-0.009512344,0.3424744,3.6918137,3.8834953,0.109583326,0.081725106,0.13772726,0.0859139,-19.173311
36.28089,0.12234573,35.016678,36.19253,37.45562,2.438942,130.95413,125.64264,62.019337,46.39003,0.8927953,0.57003045,0.46781042,0.70788175,1.3614395,0.8936291,13.048397,9.258009,10.133969,6.695036,0.3891284,0.76627576,21.403206,0.45580053,1.8343369,7.4720836,3.546531,3.6290739,-10.7295475,-1.2217854,0.017145265,0.9160436,1.28598,0.7388882,7.366646,0.42121378,13.429333,0.8172745,24.538153,0.31890273,731.58624,0.35284445,1430.1941,0.21687616,-103.17675,-0.88251406,1732.8673,0.1444917,1086.9996,0.25738236,-94.89387,-0.91519135,2765.0464,0.09009331,935.0838,0.3617624,-97.63048,-0.8657096,-10.996546,-0.51653737,20.243105,0.3241505,0.08050813,0.22306722,-0.01771039,-0.55381644,0.505937,0.64056927,23.983435,0.347071,-2.7442076,-5.2081647,4.853259,3.109271,-15.109691,-0.9153174,-10.155363,17.915503,0.060256395,-0.014018974,0.24473634,4.042179,3.730018,0.14190476,0.09544977,0.11,0.08729261,-20.576107
25.748966,0.042641383,24.801289,25.646854,26.437346,1.6360569,43.879776,61.39553,27.981146,42.295,0.75846416,0.51252496,0.41991556,0.7013274,1.0741712,0.6542556,8.392701,4.1938343,6.8591075,4.076134,0.41932413,0.67496294,27.709518,0.49522933,8.455918,1.1718982,14.350612,0.88000846,-11.5896225,-1.1106304,0.018546624,0.90025574,1.3180958,0.63755274,5.209351,0.41498423,4.731382,1.4170815,31.060802,0.27005458,745.1313,0.33746192,1281.3647,0.1881181,-114.135025,-0.80557865,1835.9061,0.18841588,1053.0809,0.24471763,-119.66657,-0.715009,2864.6333,0.12301233,909.7783,0.27012166,-122.04158,-0.6792334,-18.287052,-0.36746213,27.98906,0.23907334,0.043548986,0.46743947,-0.02609723,-0.7884539,0.5240261,0.4588688,37.149483,0.22234035,6.7996507,1.6366596,14.096665,0.88795644,-16.63721,-0.6845518,-10.352898,18.28019,0.028402045,-0.00254037,0.3422586,3.8532112,2.9629629,0.14125,0.11585955,0.175,0.13138683,-20.35166
27.286606,0.04388446,26.185064,27.387665,28.299026,2.1139622,58.59023,88.659065,44.72859,72.70184,0.40770358,0.48603332,0.18944885,0.3822734,0.6177334,0.4282846,4.558199,2.2269416,2.6306207,1.011414,0.16341937,0.5591129,33.82386,0.2809487,7.075278,1.0156397,15.400719,0.6403866,-2.6266267,-4.6295676,0.01644721,0.91502714,0.98891366,0.8623215,6.713804,0.28654993,1.372583,3.3630834,27.876606,0.43836772,522.5539,0.35436225,1385.5,0.16231349,-98.04352,-0.9376264,1539.3717,0.17094943,1195.3885,0.27399206,-106.18438,-0.78712445,2646.3801,0.09128021,954.9112,0.29267538,-110.76097,-0.71703243,-19.640871,-0.23343371,31.636557,0.1879681,0.027083548,0.7512699,-0.017418051,-1.0001371,0.21143092,0.33300623,39.317924,0.1743819,8.702939,0.8172235,17.748081,0.6519272,-7.288881,-1.8265132,-13.337351,24.379131,0.006403557,0.003189763,0.10927196,3.17757,2.264151,0.23083334,0.17618448,0.19083333,0.22581178,-26.716934
32.152534,0.0660166,30.88015,32.47948,33.865444,2.9852943,254.85913,474.0692,33.127544,19.822851,0.7299174,0.6128027,0.31394568,0.6357823,1.0923147,0.77836907,8.765885,3.4751427,6.841242,3.0167859,0.29992798,0.748138,21.703821,0.4893342,9.805321,0.9989355,7.190497,1.2519466,-12.203577,-1.5615445,0.01914901,1.4769318,1.2231654,0.675563,7.0415554,0.28032193,-0.20932932,-34.227398,22.966295,0.40233245,639.44116,0.3741979,1397.2333,0.1504189,-117.02007,-0.7710334,1641.2152,0.19296467,1140.9365,0.21969177,-117.31271,-0.7310288,2749.5906,0.116598256,920.7422,0.39624116,-120.55516,-0.68302923,-13.328372,-0.4730768,23.2384,0.26472077,0.037098687,0.5938233,-0.019823188,-1.1393442,0.4054391,0.49825916,25.2962,0.34622017,10.665152,0.89815325,7.437307,1.3171384,-20.213959,-1.0432403,-9.656638,18.89892,0.015418704,-0.0040600286,0.21558875,3.3402922,2.9535866,0.14642857,0.13112737,0.16,0.17481418,-22.827974
34.2914,0.070453554,33.714333,34.760597,35.502636,1.7883034,80.584305,85.894035,128.16052,156.24336,0.79801273,0.582094,0.4135216,0.6770265,1.2163138,0.80279225,10.073772,6.462458,8.897433,5.885476,0.34757626,0.6456379,26.73655,0.4770904,7.761051,1.9897916,7.824972,1.8184379,-6.641867,-2.3652668,0.019776128,1.2608118,1.1541286,0.6200205,7.387681,0.39291176,8.879158,0.9673887,26.838255,0.3203789,650.38794,0.32498518,1456.536,0.17949715,-91.304535,-1.0017765,1683.9655,0.13887416,1068.57,0.26996276,-92.46739,-0.9115313,2770.7878,0.092305854,925.8742,0.41467556,-95.8426,-0.8495237,-13.915186,-0.42448393,24.404596,0.28037578,0.062164914,0.2907075,-0.020229219,-0.5499115,0.40474695,0.57740855,31.700798,0.24986956,1.860931,7.7904034,6.6493244,2.198286,-12.662942,-1.2307031,-13.334693,21.908596,0.041066263,-0.01555268,0.2717782,3.308271,3.939394,0.14,0.15879352,0.09307692,0.0733154,-21.123528
34.17457,0.051574208,32.76173,34.133514,35.5207,2.7589684,21.793207,11.550887,29.16182,18.524942,0.9040462,0.617398,0.43684745,0.68086916,1.3855033,0.94865584,13.615411,8.794356,10.002945,4.9686375,0.40380707,0.755066,21.108624,0.54920244,5.0262074,2.7065806,8.168527,1.5457312,-11.000069,-1.7541286,0.014608626,1.357792,0.89111614,0.6596584,7.873799,0.3133796,7.687564,1.1245087,23.199837,0.42039058,683.546,0.33089793,1430.833,0.15865931,-126.74587,-0.7222572,1699.2228,0.13929123,1180.9766,0.3125584,-122.57346,-0.7092279,2764.9436,0.08655162,1016.0609,0.44278926,-124.42766,-0.6815204,-10.849657,-0.56258965,21.535072,0.3210881,0.037668258,0.48866382,-0.019703513,-0.71912426,0.63062423,0.4740536,27.852345,0.3315706,-2.7353399,-5.419767,8.526128,1.9116465,-26.852278,-0.64777714,-10.030023,18.538507,0.009294944,-0.002927686,0.24481425,3.8142622,3.1772575,0.12263157,0.07173359,0.16299999,0.15043603,-20.5594
25.828259,0.07099846,25.31976,26.09785,27.091219,1.7714596,19.359133,11.756385,15.287698,8.467993,0.61035734,0.65970916,0.15147346,0.61257476,0.9708069,0.81933343,9.930197,8.254996,5.9591856,4.576777,0.27124208,1.1381799,24.080614,0.65885836,6.6644244,1.8942349,12.643669,1.0609987,-1.7004431,-7.4883146,0.018730985,1.0002526,1.0080994,0.7554799,5.495043,0.47159702,2.0462646,4.5779867,27.286512,0.36769873,538.9199,0.36819187,1315.2239,0.16795278,-110.5317,-0.83930385,1559.3584,0.17875758,1032.0436,0.21706174,-116.26277,-0.7425406,2668.6035,0.10679032,1005.6596,0.31685144,-120.974014,-0.67236775,-14.733366,-0.47203413,26.340424,0.25608945,0.026326716,0.8034124,-0.0159116,-1.3052008,0.37907875,0.47606453,34.127213,0.32772273,8.924186,1.2755543,12.443456,1.3202708,-6.479205,-2.2744458,-6.5668163,15.899642,0.0069894474,0.010337995,0.17892356,2.5677605,2.2988505,0.195,0.14370108,0.20647058,0.24021906,-22.481787
35.06519,0.046541672,34.370075,35.103092,36.28145,1.9113731,326.08655,487.04712,29.856916,21.594822,0.685542,0.3956479,0.4655736,0.6341092,0.87821466,0.41264105,6.4449368,3.5954278,5.8258443,3.0261862,0.30384427,0.4842427,23.39534,0.30355313,7.68844,0.8129686,4.707455,1.6909128,-7.6555066,-1.1692618,0.024174979,1.1830074,1.3142326,0.57513857,7.1872315,0.3135746,7.856061,0.92192745,28.9284,0.16689986,625.49164,0.25969553,1533.3572,0.14502314,-114.50317,-0.7937883,1643.5063,0.10013063,1107.6246,0.32101956,-116.28551,-0.71941745,2758.4573,0.07521763,890.08936,0.415374,-119.240326,-0.676616,-15.236488,-0.32095423,24.697607,0.24178672,0.059028484,0.25031662,-0.023124067,-0.36886886,0.38661462,0.34059837,26.713886,0.24065477,7.050709,0.9799511,5.249247,1.8648906,-11.369651,-0.8922638,-12.33091,19.974844,0.044889536,-0.018255316,0.23530202,4.7619047,3.7656906,0.114999995,0.074925885,0.12944445,0.16767932,-24.557018
24.514795,0.042837597,23.8123,24.381887,25.452744,1.6404438,47.55542,49.006786,15.123523,9.747339,0.517552,0.5432539,0.22725272,0.4798192,0.78598034,0.5587276,6.0359125,4.271388,6.0371785,4.3412147,0.18955928,0.72651315,19.240742,0.79730046,14.640065,0.6922053,5.6915517,2.0214791,1.9973893,5.764414,0.01920581,0.92810977,0.9148761,0.943232,5.0688653,0.43287387,5.188705,0.84086055,31.134283,0.25734437,574.3805,0.3258429,1391.9766,0.1509139,-127.638695,-0.69615597,1615.154,0.17666075,1088.2726,0.25468248,-132.15533,-0.6234071,2724.9084,0.09823189,950.7163,0.36480755,-134.76082,-0.5864763,-18.9359,-0.38962084,27.42942,0.28188166,0.01901051,1.0726124,-0.029584616,-0.53381264,0.28882232,0.39842784,32.25124,0.28481483,16.719316,0.72866696,7.8530827,1.694713,-0.8792384,-17.063643,-8.191741,15.65101,0.017467566,-0.0060819066,0.12861452,4.423381,2.5477707,0.1425,0.117180414,0.21588236,0.29641107,-25.55556
36.31075,0.02816924,35.611526,36.348415,37.02326,1.4117317,46.58864,65.07672,18.54627,8.629144,0.67666143,0.5113889,0.3821991,0.5528452,1.0099924,0.62779325,7.979724,4.779426,6.260215,4.245291,0.34105298,0.71578866,26.109802,0.48371497,12.715718,0.784105,2.6831753,4.3661184,-7.1209593,-1.7885071,0.020028837,1.1094036,1.1161231,0.8034552,9.15585,0.2744243,13.579258,0.65683866,34.659985,0.28829175,675.6892,0.25905487,1423.3502,0.1318989,-115.52938,-0.7894918,1743.3164,0.105823174,1060.1996,0.2798813,-119.00751,-0.6965533,2886.8396,0.06897459,924.3574,0.4252185,-122.83754,-0.641649,-19.136097,-0.44355932,29.518688,0.31349245,0.06756629,0.25324684,-0.027206345,-0.55965567,0.48404235,0.5396239,32.29513,0.30116788,10.60791,1.080477,2.987834,4.9124055,-11.773128,-1.188723,-14.127914,22.394924,0.04931538,-0.020176452,0.21635905,3.4076018,2.6385224,0.169,0.12926328,0.18047619,0.122570716,-21.378273
27.16581,0.08439056,25.401833,27.664694,29.067793,3.6659603,19.470707,9.146868,22.410944,9.090513,0.5058618,0.81676036,0.15773639,0.3619256,0.82238406,0.6646477,6.8003902,3.2355075,5.017472,2.2827828,0.20209692,0.99366426,26.724247,0.40904787,3.260922,2.5400174,12.786777,0.8294248,4.511437,3.2048764,0.018140921,1.3347969,0.96743935,0.78468835,6.12317,0.3261905,4.3775673,1.0895238,27.684546,0.32214656,708.1143,0.3423824,1308.8125,0.19406924,-132.6095,-0.66179216,1683.3528,0.16383985,1124.4485,0.39759013,-132.55188,-0.6430012,2773.0332,0.13071802,958.0135,0.28193417,-136.66386,-0.58596206,-12.844987,-0.514341,22.193258,0.27771574,0.02220686,1.1248218,-0.007543895,-2.7150433,0.36240295,0.5827171,32.59322,0.31029007,4.762731,2.0613487,11.374705,1.2143167,5.1443467,4.042024,-10.351204,21.132915,-0.005350243,0.007677198,0.10790641,2.0176544,1.7766498,0.20214285,0.15161881,0.31733334,0.667807,-24.400421
36.564137,0.053087395,35.433384,36.16253,37.778236,2.3448524,91.43815,168.62027,63.632114,113.38986,0.769576,0.7456877,0.32151088,0.55355257,1.1838146,0.86230373,11.540917,10.124365,8.531141,3.958252,0.36021212,0.8825378,24.12733,0.4733956,3.7377062,3.692528,3.7997422,3.6529093,-10.180838,-1.3435957,0.015915493,1.0269704,1.1544394,0.79009706,9.435213,0.32050353,10.933584,1.0033232,26.900932,0.33033663,650.3519,0.32418403,1468.0491,0.16428857,-98.48055,-0.9301984,1716.9297,0.13033682,1051.2441,0.28982484,-94.40956,-0.8986024,2768.9539,0.08968449,983.92017,0.4660211,-97.65544,-0.83842206,-14.797016,-0.5353082,25.327555,0.31123453,0.07823636,0.18650168,-0.02000661,-0.61877936,0.4970241,0.66383284,28.193344,0.323666,0.18414311,84.1357,2.872806,5.7037516,-13.900552,-1.0720642,-11.202373,19.21338,0.060589712,-0.010092441,0.17171137,4.0776696,2.745098,0.20571429,0.14802095,0.12866667,0.15747452,-20.500862
27.734377,0.097052656,25.582012,27.553255,29.553465,3.9714527,208.64618,388.44876,35.45868,43.73486,0.4650884,0.69979423,0.13916717,0.40782997,0.7443246,0.60515743,5.4946795,2.9337132,3.4220936,1.9088721,0.19755468,0.8657735,27.12187,0.48721698,5.407395,1.802622,15.587203,0.7830652,0.57840353,23.93103,0.025057884,1.0781344,1.1964657,0.68499196,5.8561277,0.38718155,-1.9178087,-3.3408232,21.812664,0.35143882,594.212,0.32075366,1294.1298,0.15287678,-116.323654,-0.7845162,1667.6117,0.16835955,988.4807,0.28613165,-122.346954,-0.6848913,2725.803,0.10180919,935.85657,0.47281978,-124.433266,-0.65486276,-18.217318,-0.35025504,25.70835,0.2634742,0.02696498,0.927,-0.029087352,-0.7015478,0.3271797,0.47745535,36.964233,0.26304728,5.518902,2.020431,16.975094,0.8621681,-4.860616,-3.3630638,-10.279486,18.833143,-0.0011897851,0.0038178216,0.09354589,2.467685,2.366864,0.1795,0.1437176,0.22299999,0.23235963,-24.934484
35.357635,0.04467589,34.169987,35.347065,36.54045,2.3704643,91.409805,90.454094,17.092651,11.901435,1.0520756,0.50419116,0.5441342,0.9415639,1.5246854,0.9805512,12.062638,7.9238544,11.323045,8.093074,0.48685375,0.6760069,21.8815,0.544206,1.9787302,6.266886,3.5854917,4.0283337,-15.0484295,-1.2321302,0.017974906,0.946342,0.9596722,0.87330663,8.54946,0.3481853,3.0694375,2.961269,21.885738,0.4079549,666.2026,0.3575452,1388.1779,0.22201508,-120.20097,-0.76691294,1755.523,0.17318437,1056.8683,0.34109178,-118.45078,-0.73077244,2793.781,0.08262747,955.18384,0.33637312,-120.147224,-0.70485425,-12.511194,-0.55337304,21.670332,0.31827888,0.06820075,0.24934345,-0.028189806,-0.5258023,0.67966026,0.45058697,28.139885,0.3165932,-2.6245308,-5.0466695,9.437177,1.7633723,-27.299047,-0.6973662,-9.250877,17.12853,0.055158578,-0.016943412,0.33035162,4.0601506,2.4242425,0.178125,0.15593342,0.20117646,0.24187703,-18.809399
35.54371,0.056587048,34.242954,35.03926,36.843212,2.6002579,35.43169,50.80564,33.751553,39.51106,1.0435721,0.4067602,0.59387875,1.0524755,1.4768083,0.88292956,10.735947,8.046596,7.733864,4.3926706,0.4394156,0.6900578,18.660898,0.8858044,14.239782,0.77149993,-1.2206172,-13.614297,-17.355001,-0.8251548,0.014519448,1.2720327,0.75225586,0.9100009,9.475785,0.3732612,2.986903,2.8965514,26.516226,0.3839737,672.8819,0.26131606,1349.3467,0.15175276,-80.63895,-1.1231966,1788.8418,0.16613604,1041.5527,0.3800882,-86.674,-0.93053764,2832.1357,0.083821714,879.7782,0.39258033,-88.636955,-0.8914099,-16.854883,-0.45268014,26.745468,0.34999084,0.06522259,0.2581878,-0.038166307,-0.35533184,0.54751635,0.54425573,26.732002,0.43988365,14.34832,0.80968,-2.6894805,-6.784122,-22.783127,-0.5890977,-4.4354815,11.261025,0.04080461,-0.012213102,0.2398956,4.076433,2.3136249,0.2711111,0.27778664,0.1411111,0.13502628,-17.90196
36.045784,0.13928631,33.436787,35.483536,38.11313,4.676342,305.59827,589.88226,118.48701,75.32077,0.7613869,0.48111176,0.45236233,0.65893984,1.0932031,0.64084077,8.545035,5.200384,7.194617,3.9464302,0.4499421,0.8674907,20.889675,0.5280393,13.022016,0.69560397,1.8883483,5.9935994,-16.522615,-0.9583869,0.03140304,1.913716,1.3402761,0.76014274,8.41284,0.40902007,12.50586,1.1018583,28.078897,0.5508561,712.09125,0.28311288,1374.6951,0.16959563,-128.05627,-0.6988329,1847.4133,0.13912839,1037.0278,0.2948704,-127.75727,-0.63969445,2876.3804,0.082408525,878.6552,0.28820968,-127.48159,-0.64251816,-20.428116,-0.29084837,28.61034,0.254577,0.08304525,0.22261155,-0.04265272,-0.35428324,0.6922149,0.6755961,25.855135,0.33250797,13.06232,0.58924896,1.0816593,12.001279,-28.12319,-0.5310697,-13.72611,20.793438,0.051492233,-0.025058435,0.289205,3.4482758,3.7764351,0.099199995,0.075679325,0.1795,0.16119786,-19.060556
22.438152,0.06488172,21.359581,22.593588,23.606012,2.2464314,58.72541,72.23597,25.985235,18.155716,0.7899398,0.46713984,0.41541344,0.7647522,1.0903324,0.67491895,9.6156225,3.910257,9.007542,6.2804127,0.39317888,0.68849754,25.45745,0.5831906,5.854824,1.8396634,12.623228,0.8540294,-3.7192142,-3.4567876,0.024068682,0.9574986,1.3185953,0.7579869,3.620685,0.49089292,5.087867,1.041017,27.0583,0.29683083,523.0397,0.33988678,1396.6897,0.21057272,-107.25657,-0.85415584,1524.1229,0.15279846,1047.6774,0.22658785,-113.46389,-0.74706554,2632.7715,0.10267988,942.9352,0.24251999,-117.074745,-0.6942408,-15.554748,-0.3861633,25.776464,0.30194098,0.008578066,2.1912458,-0.020718226,-0.7747259,0.5280083,0.49113262,33.378067,0.35684586,8.360307,1.2407674,15.265606,0.81080383,-6.4277945,-2.4094858,-7.2932773,14.584741,0.009662063,-0.0026404604,0.27341774,4.555809,2.9953918,0.15307692,0.10350655,0.14857142,0.13605972,-20.449953
35.087494,0.11980023,33.8764,36.430992,37.756184,3.8797836,66.571236,117.11135,73.36292,110.42559,1.3305782,0.37001747,0.8549017,1.2136092,1.8499813,0.99507964,11.134643,6.3448377,11.505019,7.25233,0.5080118,0.5114036,18.722206,0.45846516,1.9890473,5.7409034,6.7446265,1.5849825,-2.5432541,-6.53894,0.025229828,1.9677936,0.82666934,0.6143511,6.4799805,0.4245299,7.829631,1.463459,17.030434,0.43340337,598.04016,0.3685501,1390.3818,0.1562608,-115.417564,-0.8052977,1634.1453,0.16314432,1047.3665,0.2308948,-106.967026,-0.8284435,2621.3616,0.09466375,1059.379,0.34621873,-108.398445,-0.8029122,-8.55283,-0.54182166,17.08464,0.3167514,0.038614232,0.46546084,-0.018787641,-0.5490375,0.6115221,0.4260694,22.543943,0.32151216,-2.7493806,-4.23416,6.8381424,1.7835404,-11.266351,-1.541601,-8.378457,16.4245,0.02056255,-0.01328227,0.40976143,3.5439138,3.10559,0.152,0.12339368,0.14899999,0.11392542,-19.241129
33.504265,0.13439131,31.661732,32.743843,33.91934,2.2576065,351.49683,412.21933,104.91126,137.7636,0.72791725,0.5821112,0.39229465,0.5884995,0.9990167,0.60672206,8.815603,3.8052354,7.209884,3.472101,0.3128965,0.64914685,24.627113,0.4192212,7.077533,1.6968234,0.5053876,24.374569,-5.478656,-2.0425537,0.022166668,1.0438833,1.2481526,0.73004895,6.7946,0.42202893,4.433509,1.5065652,29.204277,0.28986263,626.9091,0.37161705,1523.3347,0.17356516,-116.057365,-0.7949946,1655.7855,0.14787036,1112.6171,0.2729315,-110.51443,-0.79588187,2763.625,0.09638058,1036.4893,0.32508627,-115.355965,-0.7200942,-12.713901,-0.40254,25.884441,0.23932338,0.042167712,0.34909487,-0.018336676,-0.5974067,0.43147764,0.48904824,29.863024,0.2647078,2.3089197,5.24472,-1.2899204,-11.632469,-10.913919,-1.0875397,-11.938901,20.515057,0.025833432,-0.007474876,0.21283017,3.168317,3.8,0.116842106,0.07413023,0.12526315,0.13542792,-22.60171
31.33575,0.04866967,30.005636,31.207401,32.526127,2.5204906,36.77358,35.136307,20.427946,10.491298,0.545435,0.46732572,0.31764022,0.5570971,0.7375187,0.4198785,6.71523,4.0733795,3.915177,2.498802,0.23970999,0.65201277,24.527237,0.60750264,15.817029,0.6441061,7.74491,1.9494878,-1.6682178,-8.406567,0.018660486,0.86164546,1.130271,0.67747027,7.150968,0.36950293,9.672348,0.84175515,33.679302,0.28117895,659.7594,0.2993728,1410.6559,0.1501429,-86.36112,-1.0539861,1732.556,0.15141267,1208.5634,0.27627084,-95.35894,-0.84086955,2790.5007,0.09710579,1045.3295,0.33533078,-97.87292,-0.79808724,-19.294056,-0.35293117,30.308844,0.2869788,0.04201544,0.47382927,-0.024088195,-0.680869,0.306587,0.430418,31.9385,0.357222,17.703533,0.49561882,4.395406,3.7315443,-5.6190886,-2.5939357,-9.157335,17.681429,0.011718652,0.0053540114,0.13974439,3.9603963,2.8,0.20785715,0.1794507,0.12,0.13618614,-24.520058
22.999514,0.058877256,22.115122,22.869522,23.717379,1.6022568,28.71692,22.05604,12.381406,14.985542,0.6496294,0.47657943,0.39122146,0.59020597,0.8774712,0.48624974,5.2368855,2.7069185,6.0382743,3.8496165,0.31631714,0.55957025,12.577113,0.99681807,25.315348,0.31803253,4.982499,1.8236961,8.323268,1.1712178,0.016620127,0.8886743,1.0039612,0.63801146,4.150093,0.38605806,2.2737138,1.2773997,29.09493,0.2000816,541.04565,0.32028988,1329.1661,0.1429719,-131.38974,-0.68713105,1598.8568,0.15850994,1089.1346,0.23170549,-137.64241,-0.5961541,2640.7224,0.09772278,932.2846,0.339006,-139.44148,-0.5708377,-19.795673,-0.23382875,26.763588,0.19579472,0.001365784,16.094187,-0.030812828,-0.50551915,0.4487536,0.40758955,24.926922,0.27014244,26.096405,0.2149047,4.8766255,2.3777292,4.4350567,2.6230075,-12.914298,20.393215,-0.021244377,-0.0040607643,0.2590253,3.6906853,2.4822695,0.13142857,0.09920088,0.234,0.21681942,-23.005533
26.531471,0.09510938,24.244904,26.671898,29.085276,4.840372,98.06096,92.28666,40.871315,42.292652,0.57032865,0.54994196,0.25937197,0.49068698,0.86390305,0.60453105,6.747702,4.4237423,6.1533628,4.176485,0.23477113,0.8925635,21.650023,0.7281149,8.318339,1.0900426,0.97696006,12.663167,-5.805965,-2.1766608,0.02391769,3.0552483,1.1004199,0.6999761,4.46388,0.5717386,3.6239781,1.4164326,28.530956,0.27683657,614.71594,0.3578823,1399.8007,0.20540348,-120.186356,-0.7572651,1672.6125,0.18649141,1106.0864,0.24911496,-123.477295,-0.68544805,2732.5986,0.108847775,963.8867,0.23422335,-126.19096,-0.645793,-16.511784,-0.41679433,27.12877,0.25855902,0.049418323,0.34968737,-0.028734338,-0.67088777,0.35845396,0.62824994,33.183327,0.33113083,8.050906,1.0619293,6.3974867,2.1279182,-10.98788,-1.3084803,-7.1833487,15.776373,0.04393762,-0.0080903955,0.14670949,3.5151515,3.663004,0.105333336,0.09524472,0.15172413,0.16530159,-23.795628
29.102283,0.072471984,27.85809,29.022635,30.702831,2.8447418,100.22274,144.4962,19.358198,10.192102,0.589927,0.45541912,0.3737063,0.5550131,0.80380714,0.43010083,5.82802,3.4236038,3.3605292,1.4212204,0.2831936,0.63401693,30.773563,0.4528992,6.6504664,1.5023218,8.180028,1.3364358,-6.8648524,-2.8152363,0.019449584,1.0099387,1.2712882,0.6609048,6.184414,0.35283425,2.2417493,3.4019725,31.816582,0.24347389,665.34235,0.36107603,1360.7253,0.2269609,-88.652985,-1.0375957,1715.252,0.17834581,1105.9828,0.22159411,-95.22782,-0.88120776,2831.3938,0.121748425,1068.2161,0.2710185,-100.67433,-0.7884834,-18.56833,-0.31854996,29.30534,0.23505324,0.03585687,0.6527343,-0.023330815,-1.0855426,0.35922807,0.47116226,38.01229,0.24233232,8.311675,1.1726248,6.8778343,1.6840198,-11.288483,-1.911449,-8.646408,17.796043,0.014989094,0.0056186984,0.17718837,3.052065,2.536232,0.22357143,0.15673484,0.14,0.09640194,-23.678238
27.968798,0.03826965,27.16889,28.096922,28.876202,1.7073116,35.696327,55.21428,7.1955605,3.9108136,0.49985602,0.48368925,0.269359,0.44461167,0.7198409,0.4504819,6.476691,4.116087,4.7401237,2.673483,0.19097361,0.7536267,25.678194,0.4813872,2.4424598,3.2836478,9.0233135,1.4173714,-2.358376,-4.70966,0.014883587,0.88022304,1.1601523,0.67066187,6.337335,0.29471913,-0.5190907,-7.158139,25.219969,0.2993142,601.95544,0.38267347,1366.2736,0.1350928,-119.42867,-0.7687187,1632.1246,0.1610432,1011.2518,0.2184297,-122.950806,-0.6978855,2664.2131,0.1153918,959.7282,0.24017641,-125.289055,-0.66322106,-15.258175,-0.35374454,23.897182,0.28387064,0.06365329,0.19622982,-0.01921703,-0.9034595,0.28335616,0.46322277,35.433712,0.21555665,1.7658132,4.488384,16.03625,0.9362385,-2.4598813,-5.6889195,-8.753161,17.030615,0.07120706,-0.0042294445,0.1240109,4.58891,2.895753,0.13733333,0.0811966,0.18666665,0.23694348,-26.351393
27.498363,0.09450315,26.41505,27.783089,29.343788,2.9287376,42.63318,35.10318,34.611713,23.201845,0.8787133,0.44855598,0.55531394,0.7941012,1.1744643,0.6191504,8.936147,6.357249,7.2172422,5.0237255,0.40593058,0.606158,31.936617,0.3988377,-2.3286576,-3.50447,9.874647,1.1411706,-4.56452,-1.886566,0.025640184,2.8651547,1.1403085,0.8830323,6.158666,0.40052775,-0.43135205,-11.848259,25.024492,0.4646601,518.6641,0.33512208,1370.3787,0.13198924,-103.11651,-0.9169167,1569.8352,0.1480466,1030.6311,0.27392104,-109.30924,-0.8007665,2648.9417,0.09001318,965.53674,0.41688877,-113.35167,-0.73762006,-15.716736,-0.31219152,26.041649,0.2580162,0.04112524,0.45118526,-0.0212822,-0.61490434,0.53928995,0.491769,40.7096,0.14809853,-1.1152407,-7.2731686,13.601724,0.79904085,-1.7366914,-5.045099,-8.354414,17.304436,0.034032095,-0.00974435,0.27319935,3.536068,2.4216523,0.1982353,0.12673433,0.19470589,0.15733507,-20.039755
22.653872,0.07977655,21.078358,22.331408,24.324177,3.245819,71.819664,132.74126,16.637705,8.970163,0.41648683,0.49067554,0.19607651,0.4029529,0.6100678,0.41399127,3.9383705,2.1361754,3.1246312,1.6430463,0.1609338,0.7000299,21.971104,0.57692254,10.425845,0.91492474,14.099931,0.78184956,-0.5847466,-20.411661,0.02197393,0.7704539,1.3127093,0.5753749,3.5416367,0.47984928,7.0290384,0.9593339,24.004375,0.29965347,534.82306,0.29738662,1320.8425,0.16125122,-126.37155,-0.6998848,1591.6567,0.16121778,1062.7059,0.26807326,-132.07234,-0.6169836,2595.0137,0.09747925,954.59424,0.31620422,-133.31648,-0.6000303,-17.937092,-0.3034829,25.204208,0.22610725,0.0055695847,3.598801,-0.025187835,-0.72289735,0.24435659,0.42222673,30.536812,0.26637715,12.765522,0.5594862,15.428055,0.78867126,-3.1961918,-4.6442623,-9.589469,16.937803,0.003971132,0.00083240686,0.10941033,4.006678,2.6936026,0.13562499,0.10925707,0.20235294,0.18057196,-28.594286
34.68278,0.08199186,34.070396,35.094555,36.26953,2.1991348,77.07562,96.62347,44.614517,62.566734,0.73121065,0.5943652,0.27140877,0.70186824,1.1286886,0.8572798,7.9942894,4.5917325,7.3996654,7.5219765,0.38247645,0.9429118,30.812532,0.42384797,8.845388,1.237746,4.4569488,3.3408182,-1.4335499,-10.419695,0.0174536,1.9902724,0.9716298,0.93913823,8.98641,0.37163982,10.244335,1.1321828,35.595215,0.21718194,619.49524,0.31563762,1413.5671,0.13886416,-106.16743,-0.8816182,1630.5292,0.13267817,1122.9507,0.3033685,-109.01811,-0.7788081,2825.3735,0.08310121,844.0302,0.46375054,-115.210884,-0.6859639,-17.253698,-0.39170328,31.382534,0.27697346,0.03964756,0.6678466,-0.019505193,-0.7662792,0.45817167,0.5824363,38.355717,0.2842338,8.34816,1.2413353,-0.658795,-25.353794,-9.741749,-1.3919599,-13.075231,24.283571,0.0008321384,0.00043268362,0.30671498,3.2727273,2.5609756,0.19238093,0.17451715,0.16954546,0.17767379,-19.705748
35.63063,0.0392365,34.36723,35.506393,36.66663,2.2994003,38.204967,34.42065,20.94299,24.03717,0.52016836,0.5325723,0.26788878,0.45211956,0.7562604,0.4883716,6.131382,4.0283394,4.6223383,2.9405875,0.20236811,0.7174229,26.834269,0.36856568,4.894464,1.9159095,4.389655,2.7443783,1.8289398,5.8011093,0.01693562,1.0579776,0.98776656,0.59500176,8.4130335,0.26772195,6.126476,1.6098837,30.00363,0.20035504,536.28864,0.3472236,1362.922,0.11385605,-119.805176,-0.7798224,1588.5154,0.15866242,1028.7372,0.3557665,-113.18143,-0.7861583,2736.6987,0.08638044,946.1479,0.3181166,-119.87762,-0.6835667,-13.058706,-0.34401432,27.684643,0.18914065,0.03495358,0.45466,-0.0116879,-0.99213433,0.2837402,0.5618448,33.648174,0.18986568,2.369951,4.0121956,-1.462272,-9.042167,-1.3516041,-9.303589,-11.019433,20.976986,0.0064712693,0.0010122441,0.13272381,3.5428572,2.5287356,0.17681818,0.08503403,0.18956521,0.12337564,-26.131456
0.0,0.0,0.0,0.0,0.0,0.0,0.0,0.0,0.0,0.0,0.121421024,0.12083042,0.11319581,0.11883998,0.12414042,0.010944612,0.16684298,0.058904197,0.17655385,0.16879182,0.018437251,0.16097638,16.948948,0.16142283,3.5366266,0.70849943,1.3780397,2.945639,6.5212383,0.47634733,0.0,0.0,0.0,0.0,0.0,0.0,0.0,0.0,0.0,0.0,0.0,0.0,0.0,0.0,-201.0,0.0,0.0,0.0,0.0,0.0,-201.0,0.0,0.0,0.0,0.0,0.0,-201.0,0.0,0.0,0.0,0.0,0.0,0.0,0.0,0.0,0.0,0.0,0.0,0.0,0.0,0.0,0.0,0.0,0.0,0.0,0.0,-7.6192117,15.821164,0.037234545,0.0075005186,0.018484963,2.5316458,0.0,0.0,0.0,2.31,0.0,-53.23055
36.251846,0.07217196,35.66157,36.892757,37.80692,2.1453476,149.531,228.28452,66.32921,78.60645,0.8688387,0.4939345,0.47928095,0.8039252,1.2022866,0.72300565,7.335926,4.987396,7.553066,4.839508,0.38479507,0.5888722,23.306494,0.5573675,6.622442,1.8496169,2.1749566,5.498917,-2.9153275,-4.2600226,0.021196296,1.2522414,1.1637379,0.59213406,7.806811,0.35000733,2.711197,3.6573825,21.90902,0.4189571,696.6127,0.32637736,1423.8448,0.15726937,-115.37786,-0.79043186,1700.9105,0.14816263,1097.8513,0.30037102,-111.511696,-0.7733329,2799.4778,0.09498433,913.55475,0.3442134,-115.90026,-0.7041833,-12.239107,-0.6013995,24.874792,0.3129082,0.06070925,0.23186815,-0.016964717,-0.8062641,0.5018366,0.4470131,28.588625,0.32714862,1.8776726,6.6578817,-1.3538206,-9.930928,-6.043931,-2.408471,-11.356219,19.551899,0.056464463,-0.012731973,0.27388936,3.0480657,2.9515939,0.1572,0.121442,0.1608,0.1135225,-21.264984
30.494877,0.09352696,29.352896,30.837593,32.620457,3.267561,56.84299,64.626564,99.91599,101.39005,0.86893463,0.45974126,0.4371658,0.839917,1.1778378,0.74067205,6.4732804,2.997279,6.4729652,3.327753,0.470076,0.7170767,26.960299,0.48175758,6.8047276,1.4048357,6.7100196,1.6296486,-3.5029528,-3.3232229,0.050567802,1.8863672,1.4813318,0.6936079,5.2637935,0.59919614,6.0938945,1.6691431,31.130466,0.20493503,593.28217,0.40632898,1436.1055,0.1500108,-110.44637,-0.8348122,1624.4597,0.16793127,1133.0582,0.25110716,-114.28904,-0.7455827,2714.491,0.10406514,1081.0039,0.37457195,-118.54394,-0.6808948,-16.788034,-0.29744586,28.026308,0.21234709,0.04778602,0.46187195,-0.022245657,-0.63064283,0.606932,0.46622294,34.019756,0.28118518,9.008596,0.9236682,7.898921,1.6650901,-4.57554,-2.8254302,-9.616091,18.999588,0.03553725,-0.0077748043,0.3500164,2.7576199,2.777778,0.16473684,0.17676532,0.19352941,0.12290316,-19.656
34.515472,0.10035709,32.18116,34.21619,36.611656,4.430496,224.6053,274.5848,61.489304,42.04886,0.9388989,0.45691717,0.51966727,0.8897278,1.3446753,0.82500803,8.069016,4.3525834,6.433104,3.6746387,0.44124928,0.74974996,23.510567,0.45723537,7.9831586,1.2605257,-6.5988393,-2.0418591,-5.868688,-2.1636393,0.029324787,1.6667104,0.85290223,0.8340501,7.7538605,0.4410546,4.885517,2.0357802,28.062567,0.29355982,585.6834,0.37104458,1365.8259,0.14532693,-97.02939,-0.9690891,1628.4985,0.16882311,1111.4019,0.24515909,-97.36375,-0.8775435,2685.0815,0.10610105,1018.8584,0.3227553,-102.05241,-0.79741573,-15.849972,-0.3556163,27.94183,0.22722514,0.056222435,0.38975397,-0.027027087,-0.5370317,0.5661795,0.6465065,28.79122,0.2979825,9.212777,1.1125673,-5.934658,-2.662415,-7.274801,-2.0155075,-8.7803545,18.642899,0.03641211,-0.012881591,0.28389665,3.222558,3.340081,0.15969697,0.17483298,0.13,0.09906227,-18.629492
35.964237,0.041459333,34.78817,36.171314,37.100666,2.3124962,118.41968,200.87782,18.159327,11.83644,0.4617077,0.5159142,0.24872196,0.40255776,0.68232834,0.4336064,4.7645745,2.8792825,4.319752,2.8592503,0.1888894,0.62911165,24.308592,0.4928086,12.149383,0.87459546,7.4508476,1.8665155,3.276965,4.474759,0.015904216,0.9440192,1.1402153,0.7880663,8.882096,0.2952603,11.031621,0.6997834,33.008705,0.22304367,669.2408,0.34692097,1425.2252,0.12674904,-130.71431,-0.67466164,1725.5686,0.15615116,1095.1335,0.25013742,-128.14713,-0.64431006,2843.8965,0.10039589,1023.6102,0.31421486,-132.25934,-0.58698976,-16.716295,-0.35625273,28.90561,0.25721675,0.028130496,0.82184416,-0.015656866,-0.7245726,0.2605107,0.44898438,32.88838,0.26314044,8.81966,0.9900468,2.3624763,6.893169,-7.159861,-2.0708535,-12.887389,20.356585,6.972299e-05,0.00088132,0.14405069,3.7156703,3.0944626,0.12263157,0.120518275,0.171,0.16250846,-26.709164
25.650717,0.08929177,24.227295,25.11589,26.329096,2.101801,30.373219,23.980762,28.516146,42.463997,0.7044942,0.48020598,0.3857448,0.6375115,1.0356324,0.64988756,6.8451147,5.404528,4.8455577,2.5626128,0.27447608,0.6789641,18.77477,0.669872,13.686319,0.6800358,4.4199696,2.4809813,0.8381051,13.2433605,0.02074693,1.5493642,0.91295207,0.66657805,5.1149025,0.3636583,3.315198,1.4264047,24.680286,0.30428025,562.0818,0.32575858,1339.0664,0.14728732,-119.16292,-0.7735666,1614.8307,0.16293459,1027.473,0.27116844,-124.27932,-0.690492,2658.6697,0.09383094,967.6779,0.39101195,-126.82636,-0.6532138,-16.3455,-0.3453136,24.728851,0.26477256,0.028564965,0.6955218,-0.02947989,-0.5966635,0.38363618,0.46681023,28.404737,0.30977046,13.854206,0.7413211,3.789915,3.6454923,-3.4898367,-3.6224809,-8.729814,16.482676,0.015995126,-0.007253491,0.19793172,3.32997,2.535497,0.1564,0.13427971,0.20923077,0.19748269,-23.404541
33.059353,0.122937925,33.295635,34.43654,35.29092,1.995285,239.9324,192.96368,62.816563,37.894653,0.72164005,0.62133545,0.26155367,0.6231528,1.1478677,0.88631403,11.799201,7.904979,8.000329,4.346532,0.28329286,0.8860714,14.877296,0.92920804,12.647653,0.90598315,1.6736337,8.26117,-1.8820912,-7.6607614,0.052621502,1.5728017,1.1609817,0.83184564,7.3894334,0.47454363,5.9956927,1.3123057,23.178827,0.29576313,738.3401,0.23755552,1407.7559,0.16640817,-131.7235,-0.6724502,1767.6565,0.12094367,994.332,0.45956323,-133.97919,-0.6247551,2877.3772,0.077867575,829.46185,0.42795852,-136.05919,-0.596333,-13.42993,-0.4322845,23.877579,0.2994875,0.04637502,0.38611287,-0.020344092,-0.6209214,0.42961308,0.5665933,23.055397,0.39489144,12.445688,1.0116869,2.8632276,6.385204,-9.256718,-1.513594,-7.0892215,14.900608,0.02666655,-0.006788575,0.20151778,5.203252,2.295082,0.15142857,0.11350628,0.26285714,0.26724598,-22.795576
33.937855,0.06350128,32.66156,34.20076,35.40724,2.7456818,122.12238,197.98738,39.93656,120.73924,0.60822767,0.54153275,0.26829284,0.5544405,0.88448507,0.6161922,6.9548497,4.8725905,6.759074,4.194325,0.2246394,0.75377613,22.396946,0.65232176,8.512669,1.4993762,-2.3695571,-6.671231,-2.4311779,-4.385411,0.01998876,1.5869268,1.0644995,0.7958124,7.640897,0.4253609,9.816171,0.6275391,30.87452,0.27155277,720.25055,0.24180147,1403.117,0.14438458,-111.883606,-0.819803,1751.4879,0.117101036,1066.8689,0.26528588,-112.40527,-0.75761753,2821.7764,0.08006087,937.0679,0.32762802,-116.62779,-0.69281626,-12.248633,-0.5317287,25.361273,0.38268164,0.0730915,0.20988548,-0.019156514,-0.6162473,0.30349806,0.5149263,28.890636,0.4104564,7.730373,1.6144955,-6.7360997,-2.6959555,-1.9345717,-5.845776,-9.468207,17.160297,0.06960145,-0.009352975,0.15438846,3.7037036,3.4328358,0.1326087,0.090323925,0.13782609,0.084439665,-25.113373
33.92292,0.09587918,31.512367,33.611572,36.86558,5.3532143,100.68269,132.9278,26.247622,10.826186,0.91447455,0.6994733,0.31070083,0.73322433,1.5378125,1.2271116,14.248494,9.774914,12.126637,6.8146214,0.53699,0.93027693,25.629133,0.58128196,9.724489,1.5167463,3.0222704,4.4525523,-7.6954675,-2.057097,0.023699285,1.1308563,1.1897463,0.7690489,7.4107113,0.49557248,7.5201883,1.168615,30.695982,0.33143795,656.20605,0.32193515,1411.5344,0.14945857,-70.73728,-1.1991992,1727.7926,0.14551573,1143.3031,0.29050225,-77.2715,-0.98929244,2790.2402,0.099877924,1076.0358,0.35734972,-82.046906,-0.89257795,-16.1617,-0.47503683,26.54366,0.3671532,0.07322413,0.23945658,-0.027422419,-0.56929725,0.6414357,0.8016153,30.750742,0.36376646,6.784561,2.2331388,2.4262402,5.8508105,-11.436193,-1.3715189,-12.054914,20.110792,0.054799367,-0.012139165,0.3194062,4.30622,4.1800647,0.155,0.12640746,0.0795,0.051134627,-16.909136
35.66559,0.10057824,35.880566,36.56612,37.104496,1.2239304,36.32076,33.015865,70.842354,69.6198,1.4098179,0.48574954,0.8338387,1.1498877,2.057184,1.2233453,17.68561,7.411942,14.568657,12.026421,0.68537927,0.70136434,24.872053,0.3989686,-5.8051515,-2.3489294,3.2714386,3.421679,-6.016532,-1.6138403,0.014150899,1.9386988,0.8987566,0.8304731,7.9435177,0.3830546,0.558074,13.3658,15.280528,0.83652294,562.2041,0.3556999,1391.215,0.15083191,-109.25446,-0.84913087,1573.3418,0.12133942,1046.7015,0.21282762,-95.701965,-0.9354708,2595.268,0.094780385,1071.3229,0.35215703,-99.04546,-0.8748919,-8.091958,-0.49505258,16.935055,0.36674258,0.05278214,0.4629517,-0.018842544,-0.5898797,0.7735758,0.495207,29.849344,0.17292728,-14.292351,-0.7728792,2.5214658,5.332448,-9.51615,-0.94842046,-8.910407,16.46282,0.030978136,-0.012324414,0.5979127,4.1580043,4.0169134,0.12631579,0.08850874,0.10263158,0.06972443,-16.730522
33.34404,0.05616113,32.408817,33.55815,34.42621,2.0173912,76.06521,140.19106,8.738257,4.7636003,0.52346516,0.72800094,0.11778356,0.4842795,0.8764553,0.75867176,7.3054643,3.995444,5.905451,2.764089,0.17836781,0.90364355,26.665302,0.6219897,1.6857373,7.5288367,10.12974,1.5517796,-4.85677,-2.0445673,0.012920077,1.8559062,0.9615555,1.1437479,9.592787,0.30678567,0.82839423,8.328113,26.652899,0.31476492,579.5106,0.31652203,1403.5778,0.15789357,-84.675934,-1.0798019,1621.2953,0.15100838,1152.4562,0.29005152,-91.94355,-0.91442245,2705.4421,0.065970704,896.034,0.34222716,-96.96535,-0.82244736,-15.632971,-0.48090434,28.22834,0.28514564,0.05536995,0.29596227,-0.016143609,-0.9305251,0.24663046,0.6186998,36.649364,0.27988967,4.162146,3.1782095,8.66746,2.1556957,-8.081169,-1.2547023,-2.2638319,10.620559,0.02608651,0.014869935,0.07515301,3.1198688,2.3178809,0.25285715,0.2042907,0.14733334,0.14516506,-24.119709
33.572727,0.096756496,31.369019,33.346344,35.832962,4.4639435,69.2529,60.495876,38.99965,28.045965,0.8639935,0.5545165,0.45372698,0.74204165,1.2478787,0.79415166,9.354968,5.149337,7.424611,6.2637362,0.33347926,0.68728137,19.40587,0.46786124,2.0880902,5.542849,9.672188,1.3306043,-11.4513,-1.3513563,0.02245417,1.7497693,1.0274361,0.59996086,6.799739,0.42498362,8.202562,1.1953357,22.524704,0.42298824,661.8707,0.37706682,1386.547,0.16054496,-93.5439,-1.0124807,1725.1526,0.14838785,1023.275,0.3262129,-91.573265,-0.9521592,2710.4143,0.08774961,1080.8109,0.38817307,-92.464386,-0.9358646,-11.843487,-0.5556978,20.30564,0.35172644,0.07308042,0.21506722,-0.020579318,-0.65071607,0.4281718,0.5356223,23.373718,0.31914097,-1.18237,-10.463884,10.599216,1.3780196,-17.058857,-0.9924863,-8.381476,16.259287,0.05601158,-0.006476286,0.20508763,2.6221695,3.23741,0.17074074,0.17414182,0.11357142,0.061772298,-21.61364
24.358473,0.09676604,23.230177,24.725863,25.932714,2.7025375,114.715515,129.9727,19.514404,9.27507,0.5850944,0.59851336,0.2297664,0.5359596,0.9045095,0.67474306,7.22008,4.2680817,5.9852366,4.022585,0.27268884,0.81316394,24.088655,0.61438423,7.2156568,1.579077,16.073004,0.8436735,-2.3094943,-6.8526154,0.024584504,0.8112241,1.2117037,0.68355536,4.0271873,0.565612,2.928808,2.8582754,24.9897,0.2981517,570.4161,0.3805701,1305.6492,0.16078144,-116.248604,-0.7806224,1649.704,0.18590365,1003.81274,0.2677255,-122.11981,-0.68208086,2686.191,0.10178898,924.9678,0.39045596,-123.77994,-0.6585589,-15.656478,-0.4048233,24.21426,0.2639186,0.016646978,1.5518844,-0.014722427,-1.4544461,0.38599077,0.5531299,32.090805,0.3546817,9.344571,1.2285566,18.99084,0.7823424,-5.710799,-3.2931187,-7.981906,17.32472,0.007987995,0.004515845,0.18666579,3.7520394,2.7960527,0.14999999,0.11422372,0.17666666,0.19104974,-24.133835
28.437977,0.094087996,26.753101,28.14579,29.708073,2.9549713,129.83319,198.03098,29.732471,23.294447,0.82775706,0.6200614,0.31639886,0.7114568,1.3521256,1.0357268,10.154958,7.790548,10.780678,7.394759,0.36959335,0.8506389,20.08051,0.74157137,7.545383,1.7929635,6.9456644,2.2055795,-6.179937,-2.3258634,0.015691273,0.91585326,0.9700614,1.027581,5.9174213,0.4443788,7.3345876,1.0767274,25.595398,0.3097059,626.4385,0.339255,1343.0054,0.14094454,-117.013374,-0.79792356,1655.3975,0.1485498,1094.8855,0.35805017,-118.38188,-0.74436265,2705.106,0.094184525,907.3482,0.3004998,-120.2079,-0.7168904,-14.05479,-0.43469298,21.316845,0.33407545,0.043693934,0.46563628,-0.030634673,-0.528489,0.57615405,0.48177555,29.813553,0.4006979,5.0850286,3.0686266,15.41757,1.0905882,-12.027027,-1.4381951,-7.065394,14.258716,0.031157,-0.008441329,0.20593204,3.8727524,2.0891366,0.20533332,0.14559609,0.236875,0.30196685,-20.086508
34.79971,0.054919958,33.438137,34.61995,35.82662,2.3884811,81.29592,134.70293,17.828333,8.018047,0.86385417,0.556861,0.43942633,0.7327985,1.3575065,0.9180802,9.594283,5.1582894,9.2999325,5.605904,0.40408906,0.962233,28.484713,0.43749675,3.2941554,3.7462823,4.8143325,2.7076154,-12.635831,-1.2119124,0.012252062,1.2987107,0.9566438,0.8994275,9.498515,0.32140088,7.0871816,1.0864896,28.915325,0.25066867,665.90735,0.28016484,1434.8837,0.1311944,-87.96369,-1.0543058,1712.1173,0.14928125,1062.6392,0.28130603,-90.959045,-0.9378915,2784.5496,0.09125928,946.5702,0.37035954,-95.18166,-0.85947275,-14.691352,-0.4545339,25.201754,0.2976506,0.06348996,0.28842825,-0.024981737,-0.48226646,0.46130803,0.6510549,34.04856,0.29216903,-0.17379104,-72.239365,4.5867543,3.2105916,-18.932667,-0.81344503,-11.998732,20.026453,0.03990553,-0.013594224,0.3211085,3.7656903,2.6685393,0.21631578,0.17830224,0.131,0.09417537,-18.991617
38.464123,0.08422817,37.202114,38.549896,40.512802,3.310688,99.94991,89.07077,52.622456,57.969566,1.0597166,0.52064633,0.6172771,0.8938742,1.6134067,0.9961296,13.839641,6.3002934,8.406961,5.77828,0.42987388,0.7522356,24.566822,0.6128915,-7.0657735,-2.067006,2.7638934,5.3483047,-18.915573,-0.8012043,0.02062573,1.5572371,1.0082368,0.88561845,9.846273,0.39854175,8.285605,1.1347796,24.612984,0.29347003,706.7786,0.27431712,1458.0222,0.15195361,-81.29801,-1.1281556,1705.9639,0.13053177,1192.6587,0.34271273,-78.33385,-1.0436542,2802.6104,0.09418379,893.7653,0.37809986,-82.93144,-0.94603205,-11.794802,-0.4715907,23.04035,0.33759263,0.06815509,0.2545534,-0.020520892,-0.61722606,0.5289069,0.6448388,31.794315,0.30994546,-11.628487,-1.2503055,1.0539321,15.849888,-24.66332,-0.6015199,-4.114213,11.754302,0.05348761,-0.0027374697,0.23089571,3.4904013,2.6455026,0.24399999,0.15802108,0.11399999,0.041440718,-18.479853
28.148804,0.09294239,26.74224,27.635021,29.58442,2.8421783,178.19972,305.6806,69.20464,74.252144,0.9799283,0.35473585,0.6923318,0.8986111,1.3021164,0.6097846,7.6052322,3.2900481,5.827398,2.8444722,0.57503074,0.5231296,31.217367,0.27698427,-0.59663224,-10.7396755,9.487562,0.9840384,-10.696544,-0.98597366,0.023049768,1.0587428,1.352833,0.49613053,3.9900098,0.5481833,-1.5945468,-5.424311,25.397076,0.25408936,639.4546,0.42773739,1368.9138,0.14712769,-121.91567,-0.75193334,1646.8381,0.18944667,1202.1823,0.26972574,-122.57897,-0.694797,2731.1663,0.09596759,951.4691,0.3008686,-125.82552,-0.6483792,-14.128019,-0.373011,27.670115,0.21103205,0.052338667,0.3103439,-0.015998181,-0.98518586,0.752639,0.36519608,37.249474,0.15873715,-1.0273823,-6.884839,7.2517896,1.536874,-14.881448,-0.78904915,-10.25348,21.266731,0.0308619,-0.003917498,0.44820076,3.3773863,3.550296,0.11,0.06922187,0.16363636,0.14886066,-19.487
33.04237,0.079984345,31.351326,32.50169,34.539577,3.1882515,202.42409,427.86356,77.64071,84.35969,0.6808366,0.5083256,0.41093695,0.59737843,0.91228044,0.5013435,9.419815,7.166565,7.0969086,5.2127748,0.28609198,0.6997036,23.066103,0.47758147,6.2321777,1.5520463,2.629717,5.178621,2.1945314,4.4733486,0.020288931,1.1058601,1.2015449,0.7470635,7.1208797,0.3551019,9.272552,1.0198599,23.004665,1.0743105,652.15643,0.39436582,1397.1597,0.1408216,-122.475746,-0.74056983,1695.5746,0.15933545,1051.9567,0.18362509,-120.1839,-0.72533834,2746.319,0.09350667,967.9337,0.26254392,-122.87925,-0.68446916,-12.497803,-0.45760754,22.941282,0.27505013,0.0328159,0.6538083,-0.012924315,-1.1962062,0.41508847,0.5390499,28.117622,0.27297008,3.7186646,2.6203165,5.359153,2.9735243,-0.06767768,-165.84766,-9.825857,17.213024,0.01650284,-0.006493433,0.19376956,3.7383177,2.6415095,0.15785713,0.1429375,0.19928572,0.19289018,-24.210876
28.769009,0.057502013,27.186947,29.078821,30.19441,3.0074635,19.448818,7.2099595,26.967197,22.19833,0.6033028,0.7424539,0.20874473,0.47925338,0.8983638,0.68961906,9.278782,6.557369,7.556003,5.8262053,0.23913546,0.9905131,21.251036,0.6472259,2.8999085,4.370833,8.473075,1.5229092,-0.74989307,-18.375078,0.020514587,1.1641376,1.0455133,0.68550676,4.9794064,0.47236362,1.893144,2.7315974,21.738756,0.37014616,530.5612,0.32650647,1387.9597,0.17668642,-125.00714,-0.7391765,1538.4203,0.12081922,1026.3853,0.3096641,-128.28621,-0.6840369,2649.7915,0.06785127,880.1306,0.350583,-131.45126,-0.63710296,-11.002588,-0.49655187,21.404959,0.3065668,0.047931813,0.36386898,-0.019658638,-0.68400097,0.43885982,0.5761841,31.82374,0.26144144,0.26895612,42.117157,5.6663113,2.8367283,-9.284893,-1.8065875,-6.0796103,14.572053,0.024400517,0.008156615,0.11599279,3.0560272,2.2260275,0.16461538,0.14291553,0.24499999,0.34379706,-24.629402
24.578257,0.061891586,23.223368,24.538912,25.825598,2.60223,82.96477,118.68,16.221733,12.150637,0.94091153,0.5562904,0.4691298,0.8015185,1.4374794,0.9683496,13.206443,6.322205,10.514634,6.5323434,0.4978951,0.76020426,27.918285,0.48738867,4.9822307,1.750873,5.4270177,2.0412974,-2.1916082,-5.831726,0.016679255,0.96595293,1.2735347,0.9260243,4.5171795,0.4577384,1.8884892,2.3449895,23.233349,0.29942295,589.8945,0.3480108,1260.1453,0.11971378,-94.67778,-0.9838563,1617.6732,0.1732732,935.467,0.23397318,-100.68004,-0.8704546,2685.6172,0.13319242,868.5266,0.20334671,-105.50393,-0.7901037,-15.007035,-0.36801508,23.427553,0.20763712,0.030309698,0.5956533,-0.029881092,-0.57482374,0.6984598,0.543269,36.7106,0.2015923,3.4326634,2.514084,6.743012,1.7836981,-5.729856,-2.4230287,-9.13751,17.25156,0.010391284,-0.008804768,0.27134234,4.6210723,2.7985077,0.18399999,0.12945011,0.143125,0.072432615,-17.830154
31.893154,0.12769142,29.286873,31.480112,33.989082,4.7022095,78.47498,96.550766,94.99006,88.13675,0.6218744,0.5198893,0.35503787,0.5300073,0.87218523,0.51714736,6.4553456,5.159947,4.9290924,3.967535,0.24429964,0.68158185,21.851597,0.5402277,8.299266,1.5539553,4.536813,3.0465906,-3.3263943,-3.9387624,0.025050417,1.2103202,1.1538571,0.6922693,5.9643426,0.415104,5.5331545,1.9631231,25.810812,0.35301468,601.0388,0.35562265,1428.2699,0.1359161,-110.369156,-0.85120916,1654.2614,0.13976055,1064.9442,0.30136925,-112.11409,-0.7845301,2713.5867,0.096733816,1026.7837,0.38963938,-115.31841,-0.7341902,-13.350713,-0.49095598,24.02481,0.3153019,0.062340476,0.26438427,-0.018551162,-0.677642,0.33700478,0.50619173,28.71562,0.29263356,3.5285861,3.8729262,7.9687185,1.8592521,-8.628891,-1.5935961,-10.160805,18.807108,0.04440366,-0.009162564,0.1606426,3.108253,3.0172415,0.14892857,0.11027043,0.1617857,0.16750379,-25.459185
30.590466,0.118446454,29.318039,30.869095,33.60485,4.286812,89.266815,88.59864,229.47421,353.31894,0.51899284,0.48668537,0.32341468,0.45538163,0.65388036,0.33046567,5.3177094,4.348588,2.5474095,2.4659984,0.24603787,0.55376494,31.808037,0.2662256,4.6735272,1.895927,8.526932,1.4830302,2.3425214,4.8782825,0.033405595,2.273895,1.238799,0.5635543,4.923821,0.44587356,1.3413023,9.849516,27.206635,0.539593,654.1916,0.29727316,1456.3358,0.13661818,-144.1009,-0.5911893,1668.3062,0.16063362,1242.1984,0.2806263,-146.91588,-0.5400803,2751.211,0.10567023,1006.0573,0.29693672,-149.44737,-0.5050165,-15.160425,-0.4391797,28.873863,0.21932003,0.020778032,0.8009066,-0.020719815,-0.7073607,0.33376163,0.42894942,38.46294,0.14623779,3.5454545,3.1695182,0.9201885,16.497763,-5.88526,-1.8440739,-14.080647,24.797857,-0.00088449515,-0.0021603478,0.20890251,1.6337645,2.0491805,0.136,0.13442717,0.32096773,0.41957244,-26.759953
20.8165,0.05331057,19.913021,20.765379,21.810053,1.8970318,29.095074,35.205994,12.418447,5.290946,0.56200147,0.44423142,0.34438795,0.5306945,0.75842285,0.4140349,6.8912215,3.0512936,5.216401,3.400201,0.2746218,0.56720686,30.747114,0.4561942,7.266389,1.4678732,13.579488,0.9135655,-0.10664068,-118.05539,0.018095648,0.7724581,1.3160198,0.744706,3.622794,0.37824705,8.361007,1.2784302,32.704815,0.20050034,493.63278,0.32951164,1362.4688,0.18071987,-103.83894,-0.88255465,1503.477,0.15416917,1088.396,0.37846392,-111.107185,-0.7620078,2626.974,0.089467846,980.3648,0.22175804,-117.01961,-0.6733619,-17.324202,-0.32305726,30.78246,0.1839959,0.0066864155,2.9287736,-0.014859525,-1.1302693,0.3631111,0.4078251,40.262486,0.21730569,6.5712786,1.3689636,16.473415,0.83849454,-3.78188,-3.6224482,-10.201036,19.98587,0.0035763476,0.0038889868,0.18851224,4.7281322,3.110048,0.15153846,0.101515144,0.13857143,0.11506875,-23.79993
32.48989,0.07137917,30.964262,32.833355,34.21554,3.2512798,53.84731,74.57297,21.86101,14.214793,0.8822181,0.6233621,0.25147918,0.8588665,1.3911686,1.1396894,10.378862,7.838842,11.313551,6.5231586,0.35492268,0.8616895,14.996523,1.3385135,12.599015,1.2348567,4.3661532,3.4472458,1.5777893,8.853757,0.011782962,1.1633837,0.8739651,1.116565,8.242429,0.3673284,6.6801243,1.3388982,23.358438,0.4527821,543.7836,0.36445004,1292.2742,0.16206366,-115.27897,-0.8066108,1588.2797,0.17432988,961.2147,0.2706246,-116.714455,-0.7454359,2627.8289,0.106097646,948.94147,0.26562682,-118.72837,-0.7122262,-13.014752,-0.74891734,22.23372,0.49102166,0.051001024,0.42468557,-0.02181532,-0.8346128,0.53520477,0.553628,28.33646,0.45814124,6.91041,2.5587742,6.6467957,2.5755658,-5.070334,-3.044144,-5.2469506,12.79501,0.021084677,0.00012317633,0.20188361,3.927069,2.259887,0.19687499,0.14584747,0.2117647,0.25937107,-19.930325
27.058876,0.43088853,20.49928,22.849192,26.970419,6.471138,199.12703,366.2432,131.9247,116.66307,0.38870668,0.7769539,0.13126148,0.2660575,0.65026534,0.51900387,3.7924044,1.7125496,3.3311818,2.4211566,0.12858081,0.9739439,25.800083,0.45174283,-0.40390915,-25.973011,12.2014265,0.8440461,-3.6074395,-3.4475172,0.021241806,1.2082795,1.1567857,0.62877643,4.1887355,0.82490516,4.986896,1.995009,21.350273,0.33797643,540.61865,0.39037308,1250.1117,0.19014615,-131.62402,-0.6830516,1513.0659,0.17588256,1006.08234,0.2754607,-127.49227,-0.6988678,2592.409,0.10344416,859.52734,0.3419779,-131.28868,-0.63951486,-9.853549,-0.9385908,23.309317,0.23863673,0.008259868,2.793383,-0.011171836,-1.8893831,0.22242144,0.5587363,34.16357,0.2673513,-4.4008384,-2.804557,12.747094,1.0889108,-5.584223,-3.1639903,-9.266512,19.444633,-0.0077984952,0.0042654513,0.069465235,1.825095,1.9083971,0.1952,0.15859686,0.29653847,0.35221213,-28.495737
33.831802,0.12520698,32.40303,34.1189,35.508327,3.105297,236.10661,455.34192,68.393105,72.61393,0.57571137,0.6607867,0.23832393,0.47624183,0.90197325,0.6636493,6.8416147,3.826862,5.3481236,2.9931023,0.26811588,0.8173717,24.586557,0.481578,14.933354,0.66831505,6.758089,1.5328909,0.7266915,21.529593,0.023247624,1.731789,1.0829462,0.7585834,7.6176577,0.43413028,8.477236,1.300956,30.59479,0.35193676,617.13855,0.29181716,1398.4332,0.15039983,-94.62545,-0.9792308,1729.4215,0.11167151,991.83234,0.292504,-101.21071,-0.8349565,2797.5894,0.07264067,995.0349,0.3719396,-104.79824,-0.7710037,-18.331224,-0.42645633,25.990316,0.3652698,0.0626931,0.22230515,-0.02872762,-0.4610731,0.3636296,0.6135344,28.248247,0.39361972,14.863958,0.7135212,5.0367727,2.3193884,-2.8425522,-6.275733,-13.406991,21.596916,0.032719303,-0.00884898,0.15015464,4.138852,2.9569893,0.17999999,0.2349468,0.13727273,0.12867089,-22.4818
34.26798,0.118824065,32.574028,34.622818,37.45166,4.877632,302.18906,383.99384,68.9196,76.339645,0.72017485,0.5220369,0.38928056,0.6306646,1.055725,0.6664444,7.688182,4.186434,5.581855,3.597634,0.35630876,0.6032846,26.466648,0.3738702,12.486289,0.90589267,3.7627478,3.3023925,-1.4677383,-8.410029,0.030579068,2.4114516,1.188293,0.5834134,6.731141,0.47225872,10.30283,0.90160424,29.628977,0.2830571,590.6079,0.2989446,1448.7352,0.16345014,-98.27935,-0.92862743,1677.2549,0.13098773,1066.5928,0.29577976,-98.831474,-0.8418225,2736.4937,0.0937086,986.64905,0.30401072,-102.63951,-0.7791833,-17.261719,-0.38749948,26.16967,0.2813999,0.059898827,0.29211712,-0.02862335,-0.48748922,0.4327429,0.5127451,29.733469,0.288652,11.017595,0.9458188,1.8874391,7.0416975,-4.426046,-3.0245163,-14.349918,22.532919,0.044978533,-0.016172996,0.26199493,3.520352,3.6504426,0.1460606,0.117446035,0.1103125,0.116792664,-21.62607
31.128511,0.06554068,29.798878,31.13356,32.53168,2.7328033,30.14858,16.247324,84.69876,123.53694,0.5759343,0.5116978,0.27946803,0.5351786,0.83538336,0.55591536,7.2996483,5.7314405,5.8778024,4.2174497,0.25354645,0.8267607,17.812538,0.7657592,10.723748,1.0307915,6.783758,1.6832627,5.464641,1.9041559,0.032892276,1.3677027,0.9973587,0.81611466,6.6767764,0.35502627,6.3586807,1.0878918,27.49236,0.3431889,666.7355,0.31989726,1500.341,0.15350239,-156.1498,-0.49075752,1649.0991,0.15729368,1188.3843,0.26384005,-156.62718,-0.46606162,2775.5308,0.078947864,846.41254,0.44570774,-158.43404,-0.440601,-15.63153,-0.42436442,27.51565,0.26988184,0.02745717,0.67544,-0.018653251,-0.8712932,0.46685863,0.46689487,32.148834,0.23281775,13.530668,0.73739403,3.857487,3.8038664,0.20713744,66.31892,-7.5659924,15.79868,0.006396772,0.003354353,0.1835567,3.989704,2.0725389,0.11125,0.09778004,0.32999998,0.21981275,-24.885662
25.368196,0.06556009,24.09841,25.120857,26.612522,2.5141125,35.319607,42.51455,23.301933,14.071169,0.676604,0.5071554,0.32173875,0.65898615,0.9919836,0.6702448,6.5569086,4.116198,7.0250106,4.870267,0.26904577,0.7215142,25.48866,0.67718685,11.499948,0.9316663,6.560905,2.2508554,-11.659028,-1.5199363,0.019358855,1.4285679,0.73287255,0.8703971,5.424277,0.3898959,1.0737234,4.373358,28.398598,0.2478887,561.54266,0.3323092,1354.6326,0.15319265,-80.13511,-1.1618711,1614.7788,0.16998611,1041.8235,0.30811152,-89.34013,-0.96195626,2784.6902,0.08577465,871.2522,0.35658106,-94.75177,-0.8578176,-16.781982,-0.3743217,28.541805,0.23580004,0.046754517,0.4070193,-0.033596292,-0.50844467,0.34691957,0.565321,35.051544,0.29385698,9.809917,1.1723561,7.554366,2.2595756,-20.61498,-0.8007841,-7.1773157,15.598575,0.028169688,-0.0043051755,0.15192425,3.9024389,2.4590163,0.23799999,0.19062005,0.13875,0.08380595,-22.492552
26.356443,0.10895568,23.986599,26.81863,29.141693,5.155094,88.587135,59.343616,56.244625,62.73377,0.62613475,0.252453,0.49551868,0.61329156,0.75856197,0.26304328,3.812622,2.173593,2.8345852,1.4640052,0.24969569,0.41196084,27.551868,0.2937063,-0.45581374,-12.198404,6.6874256,0.9280129,3.421429,2.4427335,0.046054754,2.1452892,1.18957,0.55754876,4.4218373,0.45187685,-0.6002499,-6.066373,24.207806,0.20081641,536.6076,0.3873627,1381.0511,0.14089587,-131.01608,-0.67555857,1523.4667,0.15859103,1116.8342,0.17619818,-134.71053,-0.61223286,2597.3547,0.10731027,1078.0901,0.26976302,-138.2341,-0.56473583,-14.795531,-0.24258944,26.560656,0.15838285,0.01911169,0.8817494,-0.011099163,-1.3376135,0.32568815,0.29003948,35.542255,0.13127322,2.7469566,1.8991989,9.592627,0.58653605,3.7390738,2.883345,-7.486001,16.877472,0.011235131,0.0027061934,0.20644657,3.7094283,2.647975,0.12882352,0.08101433,0.22764705,0.22724771,-26.339428
32.374115,0.06078246,31.28674,32.391697,33.732292,2.4455528,73.14724,170.43002,23.727932,26.683907,0.55571353,0.6303331,0.25156704,0.4480057,0.8405073,0.58894026,5.9122005,3.5218914,3.117072,1.6025815,0.205948,0.83968264,27.771288,0.35579333,-1.8607693,-4.7125893,10.573895,1.1063495,7.5215826,1.174006,0.014975296,1.0097375,0.9516248,0.7181017,7.749696,0.32909933,2.1039371,3.5009458,18.46686,0.5135336,588.8635,0.34447986,1387.3779,0.1677414,-119.49265,-0.76705575,1674.4432,0.13859786,986.13165,0.26439515,-120.20047,-0.72002023,2669.9695,0.0996948,1035.0698,0.36151904,-121.235886,-0.7048559,-12.779946,-0.4566913,20.641008,0.37603307,0.030727908,0.64331985,-0.017685195,-0.8133138,0.32553223,0.5503526,33.809082,0.24045108,-0.69797724,-14.837964,11.587355,1.308429,8.538806,1.2066476,-8.146524,17.563543,0.006610714,0.0038574,0.10944775,1.9987508,1.9423559,0.22129032,0.1343981,0.3122222,0.25398064,-24.846111
23.735895,0.0851097,21.88141,23.458618,25.830353,3.9489422,83.54512,135.07199,47.2513,42.585,0.50745946,0.62053,0.15012352,0.5040924,0.7809061,0.63078254,5.30602,3.0076888,4.5453625,2.2508636,0.24176733,0.8084395,25.259935,0.52392566,12.350039,0.88914454,9.72027,1.2002339,-5.59317,-2.2080176,0.02448925,0.9389248,1.2374002,0.69658726,3.8053436,0.53851104,4.719613,0.71388185,33.308247,0.17018463,568.24225,0.33088344,1374.2332,0.16457263,-121.21453,-0.7506463,1569.5256,0.16316462,1160.7815,0.23911752,-127.52652,-0.6563592,2728.221,0.10020077,919.64,0.36140248,-131.81454,-0.5959641,-17.857481,-0.32886073,30.024954,0.21894117,0.024469623,0.77735466,-0.024344811,-0.689253,0.37431505,0.4541577,34.86654,0.26976892,17.043882,0.46907207,5.143182,2.530897,-10.900986,-1.2746632,-9.669597,18.377516,0.021164028,0.0039554527,0.15443963,3.220036,2.7075813,0.14199999,0.10179718,0.19375,0.27836296,-24.369783
35.338417,0.045969367,34.140842,35.036484,36.25973,2.1188889,128.72505,147.80399,35.967106,24.883465,0.71599,0.47118038,0.39443147,0.65350944,1.0325471,0.63811564,5.915151,3.9143045,4.255561,2.9660578,0.25145677,0.8051082,17.034021,0.84952223,11.47565,1.12251,-2.8028624,-4.612978,1.6763872,5.854198,0.014713185,1.4247456,0.7561307,1.0371218,10.024575,0.26646394,10.036574,0.9357709,31.452087,0.36901233,692.98047,0.26134482,1417.3208,0.13667904,-129.86798,-0.685518,1769.5763,0.14718363,1107.2052,0.2907283,-132.49458,-0.6155055,2852.2693,0.092480645,1022.1563,0.36380786,-135.22275,-0.5771947,-18.028524,-0.49172157,29.874163,0.34925193,0.05790071,0.30528143,-0.028454797,-0.51680034,0.3824526,0.55606675,29.721052,0.33011547,17.950706,0.73535204,-5.4439373,-3.0790355,-0.21118489,-54.420418,-5.090906,12.254758,0.03488778,-0.009526474,0.16613817,2.8945556,1.7980636,0.21153846,0.16400497,0.3122222,0.24522601,-21.391905
36.521797,0.07219151,35.849,36.495567,38.019333,2.1703339,106.955025,78.629585,40.022896,25.121958,0.66898775,0.4598368,0.43063995,0.5781054,0.9168192,0.48617926,7.2532897,4.277731,6.124083,3.5280983,0.3314927,0.6935759,26.109547,0.45827866,7.796691,1.1598916,5.2261987,2.2766836,-4.1598563,-2.6120172,0.020363212,0.875652,1.1839539,0.68609303,7.969448,0.39354897,11.110016,0.8762748,33.24769,0.24936213,637.28894,0.3222408,1432.6003,0.1253936,-140.50232,-0.6098481,1663.0114,0.1635951,1182.459,0.2716447,-135.93756,-0.6011433,2787.8586,0.09934978,957.7577,0.45325658,-138.77261,-0.56136966,-17.248737,-0.3699863,29.95044,0.24821451,0.043658245,0.53268534,-0.022762155,-0.6889768,0.49777678,0.5133429,35.03788,0.22833587,7.091271,1.2717301,-0.6391456,-21.399794,-10.707302,-0.9349353,-11.482033,19.648611,0.009648406,-0.006653913,0.23792495,3.5294118,2.542373,0.13399999,0.11864793,0.22375,0.16415979,-22.014994
33.195976,0.11005783,32.348137,33.648712,35.21761,2.8694725,78.12345,112.26749,199.9914,370.563,0.6704424,0.55858284,0.28125614,0.5826171,1.0354533,0.7541972,8.663146,4.937176,5.9396944,2.4384196,0.32101145,0.6544891,29.733511,0.39161864,2.675323,3.9431522,10.423311,1.2858853,-6.4786234,-2.2064426,0.018142369,1.0888172,1.0866624,0.76237565,7.042111,0.37014845,1.9437847,6.075579,26.944004,0.3049968,575.12714,0.31326082,1430.2388,0.1660232,-114.08145,-0.80333877,1627.1499,0.15757778,1136.9836,0.24930921,-114.87099,-0.7468925,2715.387,0.10344343,1060.4705,0.32325956,-119.19596,-0.68168026,-14.103542,-0.4321382,26.738403,0.25114313,0.019500824,0.9785082,-0.020987963,-0.6896418,0.41732788,0.4684369,36.24854,0.24350235,-0.20227379,-59.35229,7.0059347,2.1812005,-14.188893,-0.8599705,-11.8363695,22.272621,-0.0059017967,-0.0013614336,0.23944741,3.0794165,3.4313726,0.12761904,0.112160794,0.13681817,0.11104407,-22.980345
33.54536,0.07303761,31.95237,33.606068,35.36691,3.4145393,20.424871,2.4342678,17.770756,12.451707,0.69082373,0.63620836,0.3131306,0.57667917,1.0501277,0.7369971,9.242312,4.9013433,7.8175435,3.4845788,0.29290625,0.7033449,24.91107,0.4313185,3.4548554,3.938795,9.207121,1.7823225,-4.153619,-3.9883301,0.01673394,1.1038965,1.1206319,0.6449142,7.19164,0.33559644,4.6879315,2.2051373,21.221533,0.52921134,657.9286,0.36361066,1406.1921,0.17735776,-109.73933,-0.84238976,1704.5214,0.15654624,1096.4724,0.27545452,-110.16008,-0.7984977,2753.4316,0.08913302,952.1769,0.34895375,-112.57031,-0.75927484,-12.055121,-0.6234501,22.828066,0.3651647,0.02467732,0.8848444,-0.015918063,-0.80348176,0.41830388,0.4754172,29.712595,0.26894698,-1.8962312,-7.772668,9.2255745,2.1114588,-13.907978,-1.1296357,-11.397275,21.88343,-0.0048053944,0.0038062842,0.17529067,3.68,3.0645163,0.15052631,0.0863575,0.15473685,0.15493184,-23.778202
37.53488,0.067598626,36.40477,37.915295,38.84134,2.4365692,260.95938,480.0404,36.595406,46.759113,0.7334807,0.639081,0.33150873,0.5658984,1.1150862,0.78357744,9.904031,6.20548,6.902226,4.341594,0.33430025,0.76607776,25.479229,0.33281747,8.6091795,1.2743378,1.5477923,8.9742365,-4.780617,-2.3897793,0.02034037,1.9692873,1.0235437,0.84953797,9.8986635,0.2897913,13.733359,0.80855715,29.65181,0.28421202,616.18225,0.34357288,1423.0367,0.1354878,-103.06984,-0.91777956,1744.8234,0.15064663,1106.5916,0.2724283,-98.844345,-0.86088294,2760.2637,0.10380752,1125.4038,0.33045796,-101.78827,-0.8110992,-17.261509,-0.39748746,25.42523,0.28008965,0.066338085,0.24832231,-0.029310513,-0.4061006,0.43169045,0.6080685,27.758556,0.1984903,6.782886,1.8174838,-3.6871924,-4.1082892,-7.906677,-1.5933315,-13.8723345,21.780777,0.0385004,-0.015502936,0.21090053,3.308271,2.7272727,0.19833334,0.18102331,0.14,0.09290629,-20.715958
24.934593,0.09507494,23.778923,24.980835,26.532476,2.7535534,70.63758,107.1158,31.570204,27.714642,0.4916432,0.8481201,0.12483388,0.38523784,0.7494698,0.62463593,7.7929244,5.1000676,7.019988,4.015117,0.24927008,1.0219061,26.039585,0.60182154,5.7737975,2.4909766,12.484581,1.2250359,-6.6200886,-2.1010625,0.019179251,1.0486959,1.2467862,0.66193485,4.694721,0.49953362,-0.38021415,-19.500753,29.191103,0.37030953,612.7111,0.4206484,1279.956,0.13339804,-115.26516,-0.8584626,1705.1248,0.20374933,973.0751,0.24394646,-120.25633,-0.76121897,2792.5144,0.14095135,946.0406,0.34129798,-123.02496,-0.71636164,-17.39687,-0.48483312,28.102537,0.30051753,0.060444027,0.45788437,-0.022353247,-0.8223026,0.43199328,0.58245116,38.313683,0.22683929,3.137172,5.4797945,11.16328,1.7063059,-14.104159,-1.0082133,-8.5757265,17.014118,0.025281316,0.008633113,0.12022671,2.8649387,2.1978023,0.18124999,0.12960878,0.2382353,0.27294117,-22.91975
34.07029,0.08774347,33.085022,34.59301,35.376858,2.2918358,165.35495,213.62494,57.829433,80.664024,0.7353529,0.62675714,0.31719545,0.57481456,1.2010137,0.88381827,9.098787,6.6587763,6.461794,4.149261,0.37347758,0.90257007,20.018847,0.5530523,13.62877,0.7438144,1.5151341,9.464288,1.6867932,7.5673323,0.018790403,2.181639,1.0305041,0.7552886,7.8748217,0.41840717,10.326686,1.1632853,28.54518,0.28414157,577.363,0.4199543,1391.356,0.15632893,-124.4956,-0.7438528,1609.8757,0.17854857,1102.5032,0.22070594,-121.16726,-0.71753424,2668.1428,0.12190478,939.02783,0.3307709,-124.38922,-0.66887957,-16.229145,-0.4194287,26.800825,0.2447711,0.055991106,0.34298095,-0.017492048,-0.8367015,0.5567422,0.62404305,26.2139,0.28122354,13.138027,0.8020525,-4.6509953,-3.5282156,-5.1179733,-2.7580237,-11.5259905,18.890284,0.031805888,-0.0034845767,0.23967095,3.4076018,2.6385224,0.155,0.1337348,0.21315789,0.16039596,-20.391624
33.838516,0.12835233,33.381054,34.743786,36.532967,3.1519127,209.07582,446.6206,108.26525,88.44315,0.61374557,0.573761,0.2896826,0.5115913,0.9511198,0.66143715,5.3140855,3.562631,3.9178638,2.5304117,0.1920402,0.7731667,24.63337,0.6205664,3.9977753,3.0801663,1.3751192,10.8876,1.6021798,11.500027,0.026657261,2.3098896,0.8920926,0.73718715,8.4439945,0.37705484,5.507053,1.5844018,26.208693,0.41909218,658.4985,0.3070816,1442.7972,0.17871182,-103.67877,-0.9214252,1707.2941,0.14308025,1152.3625,0.36572257,-104.95738,-0.8398086,2747.744,0.09903313,1000.89197,0.42673394,-107.85837,-0.7917927,-13.680107,-0.5285478,23.879307,0.45220122,0.048606027,0.36741185,-0.021581057,-0.7351086,0.2699127,0.5375355,32.937214,0.33659995,1.5625695,7.1384244,0.3352794,48.38214,-7.775909,-2.2508006,-7.5416636,17.740885,0.015011293,0.0054842792,0.10816373,2.2296543,2.2421525,0.22399999,0.1762498,0.19190475,0.15283413,-24.606462
23.633099,0.15053794,21.984962,23.488203,24.879845,2.8948822,328.66058,453.83478,48.88795,81.581314,0.604584,0.558837,0.26581746,0.57440406,0.91953456,0.6537171,5.4985595,1.8959581,4.959951,2.1039507,0.23218335,0.7790709,20.863718,0.8810841,3.734321,3.7083726,15.946973,0.9204775,3.922948,3.1885903,0.017375292,0.9260821,1.2070938,0.8810761,5.461793,0.3048683,2.305297,1.9447329,26.899345,0.32132167,553.1069,0.37732565,1387.4584,0.20255479,-114.77567,-0.7911063,1587.4487,0.15762302,1172.9631,0.32514173,-120.631485,-0.6913937,2659.5679,0.085826054,979.57605,0.32464027,-123.08845,-0.65641326,-18.059202,-0.4227421,28.16748,0.3196405,0.0025264379,8.000301,-0.016809087,-1.1036175,0.30584925,0.50872344,33.997295,0.33279186,10.323275,1.1132671,22.021795,0.7218937,3.0240567,4.2618375,-1.9457206,11.792155,0.014300549,0.010462916,0.17203033,3.4220533,2.0408163,0.216875,0.14360182,0.25187498,0.22921658,-23.421116
21.279287,0.10379825,19.624334,20.151062,23.850874,4.2265396,22.023384,10.761069,8.612177,8.843476,0.4372502,0.5933465,0.14394164,0.44089827,0.6733897,0.52944803,6.315715,4.37417,4.752984,2.7920332,0.20962259,0.77614844,27.302387,0.57531136,8.974506,1.3281643,21.997751,0.6466193,0.7268481,20.397799,0.020781863,0.8869893,1.2499056,0.6968203,3.9286444,0.41725856,4.1923933,1.2182747,24.055357,0.36411703,577.16064,0.44094583,1302.3073,0.17369546,-79.50181,-1.0912095,1626.3358,0.17876859,1103.9158,0.29883024,-89.70696,-0.8815526,2653.5918,0.093886055,947.3982,0.2942783,-92.34812,-0.8342587,-18.563206,-0.31189907,28.007383,0.23493199,0.0012222508,16.960102,-0.013562905,-1.6193115,0.2603376,0.6240485,34.948936,0.32833672,9.608361,1.0015441,24.864613,0.6300077,-1.4202714,-11.738567,-7.785593,15.767331,0.01083228,0.010398447,0.12597372,4.2718444,2.9411764,0.20733333,0.14762415,0.11133333,0.11746584,-25.136131
35.28139,0.08405127,33.917393,35.189068,37.13461,3.2172165,61.66069,80.54249,24.953482,19.88264,0.6393681,0.57233995,0.24898121,0.60809904,0.9953077,0.74632645,9.254342,6.139885,7.2883525,4.5378227,0.3221143,0.8791385,26.823454,0.6435019,9.24776,1.2815135,6.736144,2.0239356,-13.048834,-1.0747846,0.017641785,0.94988173,1.0351108,0.9522025,9.1192665,0.34431165,8.123963,1.1342189,30.777819,0.3086181,665.38965,0.30938154,1395.4987,0.16151087,-107.52208,-0.8492505,1737.535,0.15597749,1086.6013,0.29832694,-109.85532,-0.75476384,2847.1033,0.08989222,959.114,0.37341508,-112.92767,-0.7061443,-18.202873,-0.47376436,29.43812,0.34661484,0.044890385,0.54355794,-0.028770173,-0.5800738,0.468174,0.60869795,35.759945,0.3599824,6.0785184,2.1386347,6.2349396,2.6433432,-19.235737,-0.76822567,-11.865976,20.125265,0.008548046,-0.007146311,0.16585277,4.2748094,2.7692308,0.17944445,0.15171143,0.15263158,0.1064668,-21.24685
30.872713,0.25911376,25.989092,28.66803,30.654133,4.665041,255.15504,266.86438,52.25846,43.534706,0.79454297,0.3731978,0.5227525,0.7350623,1.0625437,0.5397912,5.2178473,3.3833084,4.11857,2.6077693,0.37487903,0.7085312,27.085238,0.2901599,0.6801948,10.123079,11.006047,0.9780847,-3.1052043,-2.9217818,0.0319062,1.4004403,1.068358,0.6195958,6.4917016,0.47024602,-2.5287323,-1.9388444,16.795637,0.48190016,594.98047,0.3528744,1388.2539,0.17396615,-129.97336,-0.69785154,1646.9324,0.12818843,1206.2905,0.31213006,-131.73482,-0.6327953,2646.8489,0.09752403,1043.8817,0.2784936,-133.19067,-0.6132893,-16.608059,-0.24518129,25.342844,0.2546129,0.030535398,0.810184,-0.024861556,-0.54777443,0.43955266,0.46753013,33.379517,0.17609413,2.0195537,2.693618,14.250292,0.9396108,-7.9589686,-1.2487689,-9.93239,19.186527,0.020770514,-0.0037763778,0.33585376,2.372394,1.7316017,0.21708333,0.21871744,0.3395833,0.37314522,-21.490345
36.640877,0.080662616,34.489403,36.09016,38.63045,4.1410484,127.26822,144.92924,29.174665,22.673786,0.53004694,0.60620916,0.28144112,0.4305023,0.762414,0.48097286,7.790818,4.511614,3.3153598,1.7399445,0.25178206,0.9100368,26.378263,0.4702486,5.377796,2.1594594,0.60094637,24.702375,-3.5974672,-3.877855,0.027055921,1.1714156,1.1835668,0.7356864,7.6833787,0.42730713,6.822014,1.3646722,28.0513,0.27393815,633.5828,0.31342602,1453.0104,0.13999471,-102.24452,-0.89246434,1671.7109,0.14280298,1109.3939,0.25057447,-100.91802,-0.82118934,2761.6782,0.08539755,955.55994,0.40810457,-105.31174,-0.7487179,-15.46615,-0.41821593,27.566381,0.27174282,0.060549922,0.26416832,-0.01774242,-0.7559979,0.35277224,0.70190686,32.24717,0.32417622,5.012715,2.5258722,-3.2995536,-4.7188597,-7.3162107,-1.9457395,-9.732515,18.858286,0.035577904,9.6722346e-05,0.12939624,3.001876,3.598485,0.1463158,0.09097198,0.1055,0.08458575,-24.89611
35.925743,0.055533014,34.93443,35.92762,37.116802,2.182373,80.319145,98.88558,30.978241,47.236103,1.1189561,0.63795745,0.50565755,0.8765648,1.8055006,1.2998431,18.31542,10.915975,11.719403,7.789106,0.49941182,0.72990865,21.732838,0.414313,2.2304463,6.1585073,4.1680245,3.3679965,-1.233394,-8.713861,0.01988528,1.9438484,0.9828023,0.70743346,8.119968,0.3894191,4.302443,1.8952032,17.729982,0.4752206,654.2575,0.34794107,1509.1095,0.15852611,-104.07504,-0.89310634,1643.1282,0.14729404,1200.4669,0.30429375,-97.47496,-0.90435535,2648.9714,0.1292154,1103.7877,0.49577403,-101.18798,-0.83816177,-9.484653,-0.750041,20.17243,0.39952725,0.046904862,0.38936022,-0.01005453,-1.0728074,0.6495077,0.5626779,25.12105,0.269147,-2.2804291,-6.408398,1.9480157,8.442144,-3.4034877,-3.518082,-9.901511,19.02616,0.024539897,-0.0044344314,0.31476685,4.229195,2.6098902,0.20421052,0.13527033,0.15789473,0.10055523,-18.712263
35.387287,0.13333017,32.87431,34.428238,37.26155,4.3872414,97.46106,117.19933,33.235332,35.52445,1.1832662,0.60328144,0.58408064,0.9760271,1.8181763,1.2340956,13.535089,8.550886,14.422175,7.2662644,0.56736314,0.87872106,23.081572,0.57731104,-4.3776298,-3.0208366,3.9477513,3.0698197,-12.479878,-1.1274515,0.02312585,1.4926137,0.9929223,0.86451125,8.11515,0.36548537,5.5972295,1.3473648,20.741644,0.4657964,607.1145,0.3534134,1369.7585,0.15811719,-94.661995,-0.9848554,1660.6423,0.1597182,1038.1686,0.3313348,-92.2402,-0.9435031,2720.5103,0.09160548,977.56116,0.4980098,-95.57991,-0.8787622,-10.807737,-0.6478204,21.331717,0.3807751,0.061821196,0.2697607,-0.019788638,-0.72910154,0.778704,0.6771905,28.722654,0.38011855,-5.6646385,-2.7060926,4.3216686,3.243114,-15.590113,-1.0588051,-4.876812,13.524586,0.04504423,-0.004483184,0.27637962,3.4596376,2.6666667,0.21124999,0.12989779,0.13470589,0.14373659,-16.817137
35.780155,0.12264072,34.846252,37.208294,38.576466,3.7302132,281.2889,358.61948,120.133255,143.8189,0.86669886,0.56795245,0.38450477,0.76062137,1.3224438,0.93793905,8.654655,4.653859,7.8981385,5.491715,0.37418428,0.7577184,16.80539,0.9268393,15.721475,0.8160532,-4.8026443,-3.5987554,-4.7908406,-3.4481575,0.044233967,0.9665354,1.1150532,0.77437335,7.0173044,0.51221114,7.234195,1.7239026,32.729088,0.38822493,645.9144,0.29974264,1429.1367,0.14067821,-129.38498,-0.70371264,1704.44,0.1568586,1152.011,0.22399536,-125.7916,-0.6723153,2819.2314,0.10221006,1105.7499,0.2977492,-129.40788,-0.619213,-16.900322,-0.52951944,28.369871,0.3533259,0.0678886,0.39006576,-0.03042525,-0.55200714,0.54347223,0.45506063,26.853212,0.399898,14.658751,0.8584052,-11.097872,-1.8022546,-15.845537,-0.98088896,-8.390636,15.154055,0.02443347,-0.01107576,0.25541,3.465982,2.3255816,0.17222221,0.15547617,0.22473684,0.19987808,-19.20747
35.513206,0.046032336,34.283432,35.060608,36.8467,2.5632668,66.91134,63.640522,16.9877,10.109716,0.7802247,0.5971231,0.28811306,0.68731683,1.2241049,0.9359918,10.1418495,5.49838,8.322686,5.7057033,0.30532718,0.8945018,16.889942,1.0730397,5.627737,2.4542174,7.4085965,2.0009627,-9.999528,-1.627625,0.014324578,1.1352026,0.9358195,1.0137125,9.54399,0.33761802,11.723726,0.89075834,25.909328,0.25029486,604.0004,0.3590316,1371.0244,0.18289976,-110.59804,-0.83826035,1672.2039,0.15362287,1056.588,0.29887724,-106.17132,-0.80950624,2702.3997,0.09196051,962.9419,0.31239113,-108.78851,-0.7645463,-12.86381,-0.56963176,22.14195,0.37043828,0.07186148,0.26222664,-0.017763237,-0.7472876,0.4278547,0.66333413,27.193058,0.5134723,2.0658047,7.321161,10.953972,1.4434524,-17.217686,-1.0468248,-4.4354887,11.647476,0.052043878,-0.0027696632,0.17649236,3.9355996,2.7075813,0.18466666,0.1290409,0.15375,0.1993074,-21.01476
35.503258,0.09277512,34.957027,36.057297,37.356354,2.3993263,230.58772,464.6653,0.38498178,36.18615,0.91862,0.59260845,0.45893127,0.7410924,1.3628364,0.9039051,10.003665,4.8915863,10.088202,5.837285,0.43341848,0.9839435,25.00007,0.42777663,-3.3162234,-3.6670153,1.198348,11.490386,-6.0970526,-1.8151321,0.032106742,1.494088,1.462771,0.64072084,5.5662284,0.60167825,2.0675642,3.6125236,19.227514,0.38874412,674.4,0.36750588,1426.6766,0.17319797,-129.95038,-0.6981446,1652.8229,0.1646548,1104.4513,0.22868943,-121.09695,-0.74062455,2734.9294,0.09238933,925.2388,0.35461587,-124.634796,-0.6864305,-7.073036,-0.7617946,19.011297,0.3410756,0.030484179,0.755556,-0.012454959,-0.91734123,0.5803177,0.58640766,29.78095,0.25777113,-9.607445,-1.0799829,-2.2435477,-7.2165017,-9.759006,-1.2673488,-9.604409,18.250181,0.006288733,-0.0081368135,0.33244315,3.4175334,2.5449102,0.1552941,0.12462262,0.21647058,0.15646617,-20.628088
37.47926,0.06398487,35.935543,36.775578,39.83492,3.899376,31.386875,10.94249,12.844556,20.24823,0.5505287,0.55224216,0.26755422,0.46091083,0.86065614,0.5931019,5.74244,3.3849893,4.0437655,2.3188674,0.20125742,0.72410023,27.070745,0.40376946,0.015154277,657.0451,5.298894,2.67143,-9.979291,-1.5499078,0.013444384,1.114349,0.9460891,0.63658243,9.225438,0.25243562,1.2627231,7.9584613,24.451708,0.34334177,684.3844,0.28925964,1391.3983,0.13432683,-114.919426,-0.8071452,1702.9811,0.16302091,1111.9421,0.2290064,-112.63814,-0.77518874,2792.9192,0.08708446,950.853,0.34462768,-117.18421,-0.70334995,-13.769554,-0.4407288,26.884941,0.22765009,0.03317455,0.5735072,-0.020231236,-0.5811363,0.30326384,0.43236995,34.345165,0.24560773,-3.690356,-2.6556168,-0.8334591,-18.944756,-20.688105,-0.5710997,-10.351507,18.775444,0.011098714,0.00057766587,0.10618081,2.8108108,2.173913,0.21499999,0.1722353,0.22399999,0.22769277,-25.609243
34.203217,0.16063859,31.161572,32.90387,35.837025,4.675453,29.930887,9.624498,38.846066,47.462894,0.6014421,0.42511022,0.3910012,0.5344882,0.7860669,0.3950657,5.5929084,4.492011,3.1865528,2.188774,0.21975152,0.5497444,22.58858,0.5796905,8.143455,1.5949092,12.4381485,1.03885,-1.0322479,-12.801514,0.019445509,1.5526344,1.161548,0.66736066,7.26348,0.3559312,6.0529437,1.7823272,23.477465,0.6327483,601.0161,0.3304151,1393.2561,0.14375259,-115.270424,-0.80015486,1684.176,0.14705494,1118.0907,0.3233112,-117.71283,-0.7241983,2694.187,0.09270572,992.2816,0.32680514,-118.47034,-0.7036429,-15.9869175,-0.38895378,24.359425,0.3403283,0.027865643,0.74251175,-0.016517516,-0.800631,0.25567466,0.4712065,29.56777,0.33042315,7.288786,1.8307719,13.907541,1.0922894,-7.455128,-1.6694126,-9.582468,17.685904,0.0027120693,-0.002924449,0.18660095,3.3050046,2.2770398,0.19916666,0.1745212,0.22913043,0.1543264,-26.043941
36.90056,0.08637218,36.841442,37.8226,38.76962,1.9281769,76.327446,69.61189,198.72765,262.84314,1.1600296,0.41454884,0.7266245,1.0518686,1.6286442,0.90201974,10.656052,6.7684093,7.133212,3.7362318,0.54478264,0.52502936,32.546837,0.36648387,-10.435187,-1.4000983,1.525164,9.23795,-9.413625,-1.0518504,0.02629257,1.9303346,1.2121232,0.61307836,6.958187,0.52010226,3.6997871,2.532563,22.81541,0.32045,694.84973,0.30606568,1553.9957,0.1823987,-78.04672,-1.1467963,1639.4121,0.120190196,1206.7568,0.20571193,-71.01944,-1.157652,2703.788,0.09402012,991.8705,0.26657024,-78.127846,-0.98977804,-10.8343725,-0.53469414,24.10994,0.2252655,0.07527767,0.21273026,-0.016197186,-0.63859904,0.5862804,0.45433518,37.54741,0.17161994,-16.171494,-0.80495477,-0.8553947,-16.854946,-11.446073,-0.8467946,-10.487555,19.453732,0.056619983,-0.010740132,0.46243426,3.6818852,2.9717681,0.2235,0.20020677,0.114374995,0.06244685,-18.515627
33.783527,0.09151996,32.221092,33.807907,35.877705,3.6566124,113.247505,179.43602,58.703445,52.84484,0.6518638,0.64538,0.29911813,0.540718,0.9250252,0.62590706,8.919269,5.7533803,7.2982473,5.922432,0.29346624,0.8433516,27.273594,0.4267088,11.144437,1.1342986,8.581243,1.7160186,-9.022648,-1.4599423,0.020113416,1.3815069,1.1186918,0.6307258,7.527843,0.38199335,6.086482,1.4480907,28.870077,0.29676875,653.3355,0.27407593,1409.3737,0.13649344,-100.8407,-0.93096465,1747.2399,0.1457247,1024.9309,0.34643096,-104.104774,-0.82661664,2798.5918,0.09631966,960.79175,0.36195326,-107.34956,-0.77411336,-16.559122,-0.37663645,26.310694,0.3040591,0.057464574,0.33773646,-0.032604963,-0.4363624,0.37969816,0.718622,32.138058,0.24391496,7.0871587,1.7822565,5.3934474,3.2369227,-14.129744,-0.9716812,-14.838937,22.093685,0.035679005,-0.021095939,0.19777204,3.0969846,2.7027028,0.1890909,0.16592008,0.16562499,0.13195495,-22.67446
32.897305,0.12737323,32.76948,34.10118,34.950512,2.1810303,118.4791,91.45744,36.865803,17.620314,0.7125529,0.49291873,0.3137435,0.7121954,1.0355161,0.7217727,7.49514,4.7631383,6.362141,4.4695315,0.2446539,0.6936082,16.254267,0.9242474,14.089208,1.0398538,3.5982592,3.5278459,-0.81496435,-16.320131,0.037444826,1.8073668,0.8782349,0.81664795,7.562061,0.45537463,4.190272,1.561849,23.81937,0.3775365,643.00745,0.31310484,1375.9496,0.15152714,-107.95063,-0.8642106,1709.345,0.16300139,1143.0813,0.3881218,-112.74123,-0.7613786,2740.5798,0.09383578,916.20483,0.35434595,-114.204994,-0.73793626,-13.734409,-0.5899993,23.226748,0.4074287,0.05242771,0.3151478,-0.023664497,-0.7196437,0.33225247,0.49381965,25.562868,0.4212929,11.036456,1.3462428,4.3706145,3.2860107,-7.5627747,-1.9047339,-7.348424,15.141332,0.029509813,-0.0050865277,0.16219819,4.148784,2.5936599,0.17999999,0.14907119,0.17526315,0.18658617,-23.5516
33.120335,0.074739926,31.81904,32.770935,35.065224,3.2461834,119.72941,153.55481,85.82683,128.014,0.9003665,0.5194773,0.5020879,0.7584772,1.2930626,0.7909747,8.4419565,5.5873795,6.163666,3.1426363,0.38875738,0.61242265,26.662825,0.41664976,4.9589458,2.9670131,3.5976152,3.5693939,-5.839998,-2.2981753,0.028370395,1.6025864,1.1907429,0.61577487,6.261741,0.4827851,5.9194455,1.589647,25.283468,0.5069987,640.95404,0.2978333,1454.4093,0.16808242,-73.05926,-1.2274055,1691.6559,0.124332,1088.7588,0.2502722,-79.00979,-1.0406194,2732.5396,0.09219994,1025.7561,0.40546677,-83.05887,-0.95353323,-13.333497,-0.5964433,23.561388,0.36147192,0.063423835,0.27879584,-0.02466065,-0.6770706,0.45118994,0.5213037,30.406082,0.2783251,1.0758628,13.910481,3.368387,4.1929507,-8.710206,-1.6200513,-12.75586,20.413914,0.05158148,-0.016398808,0.27339745,3.0463576,3.3333333,0.1884,0.14540096,0.09869565,0.06305997,-20.63299
31.559307,0.07317887,30.377594,31.854828,32.758873,2.381279,51.05423,63.624554,14.396715,126.648605,0.54005176,0.70795524,0.1978905,0.43495312,0.8388982,0.64100766,7.602048,3.1840134,5.38935,2.7852335,0.23284331,0.8553842,24.26719,0.5231617,11.380263,1.0717018,7.0669127,1.653073,2.8774626,5.1797667,0.031108193,2.887288,1.0703871,0.7722938,7.5078907,0.38019344,8.453044,0.710202,29.37257,0.29322335,601.61993,0.33573058,1467.58,0.1873689,-117.54699,-0.7779933,1677.0548,0.15913384,1151.7385,0.37551332,-119.708084,-0.7069679,2715.1643,0.10359202,1004.1731,0.3845457,-121.80175,-0.6757149,-15.956969,-0.4778247,25.75334,0.30566022,0.05187784,0.36730856,-0.025230067,-0.6309623,0.36883518,0.554513,32.449547,0.27704725,7.7874427,1.882138,5.360546,2.6460915,-3.99377,-4.2428217,-12.168231,21.031939,0.02304253,-0.0061923363,0.12254027,3.3175356,3.1847136,0.132,0.10791663,0.15380952,0.14207564,-24.350002
25.734081,0.029413505,24.977966,25.668184,26.41463,1.4366646,32.171856,33.334427,11.23759,9.57103,0.74540526,0.5443614,0.41048816,0.66991585,1.0529065,0.6424184,11.638655,7.6177845,11.111792,8.9024315,0.39034697,1.1655661,22.677153,0.70627517,7.2053294,1.5478921,14.472378,0.9853866,2.2890813,6.096365,0.014564615,1.0635586,1.0921707,0.6652367,6.047637,0.29116243,0.50991625,6.9665685,21.78982,0.31171453,602.72687,0.40586442,1317.4548,0.14732316,-102.25024,-0.89826554,1626.2698,0.19100046,1045.3608,0.3201795,-106.74886,-0.81011,2633.9736,0.10997955,930.7106,0.3470385,-109.42318,-0.7657185,-13.210188,-0.46680832,22.93976,0.2810913,0.02032828,0.98437315,-0.013162268,-1.6032081,0.42054975,0.6503277,32.601326,0.2880565,3.993943,2.7500026,14.798403,1.1605494,-2.1753995,-7.5950212,-7.8433046,16.422224,-0.013744249,0.008156033,0.37152407,5.5421686,2.9339855,0.16666666,0.12703893,0.14153846,0.051417764,-20.932573
30.285662,0.09797392,30.239805,30.948925,31.740038,1.5002327,102.42478,132.76474,48.833523,52.45858,0.90773535,0.50020415,0.49489042,0.8063881,1.2740781,0.7791877,8.525833,6.449642,6.767142,4.525482,0.46696082,0.65700144,25.114267,0.4412353,3.2716715,3.5241165,7.792401,1.5375224,-2.37891,-4.50979,0.03463337,1.6529745,0.95489216,0.7020337,5.6570883,0.5065529,2.9651263,2.9811544,25.621824,0.2480868,629.679,0.3989576,1394.1198,0.14987966,-153.90005,-0.5205946,1690.9142,0.19284225,1044.0942,0.22460401,-153.59146,-0.50179267,2748.856,0.10404138,982.4794,0.3377904,-155.11372,-0.48031723,-13.125429,-0.41607592,22.89262,0.21449934,0.031913854,0.5646401,-0.021340456,-0.5846339,0.67834896,0.46862155,32.815254,0.22658229,0.35316655,24.97389,10.608533,1.1367769,-10.286037,-1.2606171,-9.958307,19.679155,0.00029441743,-0.008390903,0.3959485,3.2653062,1.9178083,0.12428571,0.11152925,0.35133335,0.3044091,-20.654116
30.54368,0.055919018,29.31451,30.464685,31.621151,2.3066406,13.997311,9.9953575,38.120003,76.08023,0.5813129,0.64898473,0.24472639,0.5173171,0.834744,0.59001756,7.6385813,4.685674,4.0472116,1.9074918,0.20448855,0.82253736,22.239695,0.5347828,6.053937,1.8301886,8.0386305,1.7688092,-4.6336155,-3.8668828,0.018617952,0.87974787,1.1937976,0.61130965,5.791225,0.43040058,3.6606948,2.1350093,23.518032,0.34299374,668.1258,0.35334477,1438.8359,0.19619188,-108.85415,-0.8580359,1648.8652,0.16683786,1182.9844,0.36796078,-110.41507,-0.80671704,2757.936,0.09494895,1008.34485,0.50489485,-114.01755,-0.7475699,-11.043065,-0.61020666,22.888832,0.23730807,0.040589828,0.51564544,-0.016384138,-0.8940212,0.3033159,0.58551,29.097435,0.27233958,3.855611,2.7991922,6.2181826,2.3896968,-13.64334,-1.4105163,-8.40463,18.063745,0.010270285,0.004508046,0.11265935,2.3106546,2.3255816,0.20055555,0.15178464,0.19789474,0.18083371,-26.037973
31.793533,0.10794857,29.906988,30.950836,32.70275,2.795763,387.12985,807.4448,27.242672,25.265663,0.6454435,0.4480692,0.3682271,0.60913295,0.9567485,0.58852136,6.2278633,4.389205,5.316459,3.1003554,0.31514975,0.7313668,20.827263,0.5973258,14.258926,0.7001427,4.985261,2.6892188,9.866733,1.394126,0.02309162,0.8373115,1.2568214,0.7623164,6.1151547,0.40075296,-2.1738992,-4.071888,22.031845,0.44659066,567.2987,0.3398969,1328.0774,0.15221557,-119.1992,-0.7673085,1639.067,0.14583579,1078.2698,0.2905116,-123.46086,-0.6767026,2662.9668,0.10423097,1044.4337,0.3296388,-125.398735,-0.6496431,-17.615305,-0.37792003,25.473822,0.315903,0.039342023,0.50238687,-0.02650836,-0.65799785,0.42405954,0.5302339,27.76976,0.29358605,15.797864,0.57843536,6.640218,2.2308888,5.6352773,2.8667758,-9.854402,17.47836,0.024372065,-0.004799259,0.23578164,3.4277198,2.7027028,0.15222222,0.16436934,0.1868421,0.15593699,-23.462105
31.659786,0.070369184,30.072744,31.567957,33.274868,3.2021236,55.57247,104.5223,33.854588,52.15314,0.67059517,0.799205,0.21769986,0.47393385,1.170001,0.95230114,8.853181,5.5587025,5.0344543,2.3856857,0.25538173,0.8879146,28.045645,0.34245288,1.6068158,5.7979946,11.49392,1.2466334,-4.1464276,-2.957904,0.017086068,1.8067333,0.9724098,0.70461756,7.5818796,0.35007352,0.6057876,10.050802,21.196613,0.3980902,580.42114,0.35715863,1316.2,0.13196672,-119.12231,-0.7836831,1618.9755,0.17058918,1026.3503,0.2475691,-121.03294,-0.7327335,2686.6394,0.099664316,979.31793,0.36437294,-124.06961,-0.6857801,-12.509393,-0.48675373,22.491634,0.26403004,0.046019137,0.3817126,-0.022014845,-0.6827401,0.44142893,0.49591988,32.070705,0.27778387,1.1646525,9.7351465,8.279417,2.3254166,-12.800904,-0.83284914,-10.745048,21.03224,0.010180447,0.0042630127,0.113465786,1.7336487,1.6613925,0.25238094,0.23528917,0.3140909,0.39163595,-22.094072
27.493155,0.08208585,25.56849,27.40157,29.052185,3.483696,36.71056,18.038929,28.99448,25.587852,1.0541197,0.5635281,0.6305491,0.82280034,1.475735,0.8451859,12.076493,8.156905,8.376871,4.95545,0.48992026,0.69910395,26.711636,0.3035257,-4.1123686,-2.762536,8.523078,1.3853472,-13.745295,-0.88428,0.0195414,0.93269795,1.1301132,0.7315075,4.01451,0.597633,4.9595733,1.5531517,19.076519,0.37904468,573.7056,0.35861212,1362.1348,0.16033962,-115.23255,-0.8082993,1594.7823,0.16059016,1108.2909,0.32765597,-117.29962,-0.76091534,2648.1196,0.082921125,897.7005,0.2836626,-119.753136,-0.723177,-10.936142,-0.5568868,19.738667,0.31914026,0.0385561,0.4857486,-0.023614723,-0.6548605,0.7296584,0.5115292,31.663534,0.16878428,-7.918776,-1.6951481,14.917302,0.8724728,-19.133492,-0.77640843,-8.538214,18.170864,0.035538126,-0.012647572,0.30465853,2.6647968,2.824859,0.147,0.103879735,0.17761905,0.1266004,-19.54377
33.95527,0.040572137,32.842934,33.58624,35.25764,2.4147072,58.928486,84.98031,26.200762,55.783215,0.5937516,0.5956536,0.26178893,0.52732116,0.89240694,0.630618,7.193459,5.4173107,4.256835,2.2891686,0.20860577,0.8226736,24.109861,0.5260399,9.456185,1.1564611,6.96362,1.9353448,0.26276246,40.557373,0.012764487,0.9834371,0.7412991,0.830621,10.105999,0.2041546,11.331219,0.5393908,33.522556,0.24251528,667.0991,0.31574816,1449.9175,0.15169185,-113.814964,-0.81349826,1737.4286,0.14731266,1158.8406,0.23872088,-116.99231,-0.7174486,2778.9937,0.09168376,1068.6167,0.30705827,-120.22211,-0.67003256,-18.948118,-0.33824322,29.18457,0.259712,0.037452128,0.501289,-0.023605159,-0.5992804,0.29746187,0.60336775,32.52212,0.29045314,14.0194645,0.7617045,3.1756532,5.056694,-2.86626,-4.1673846,-8.667464,16.543413,0.0073056403,-0.0016104686,0.12774155,3.0100334,1.9058295,0.24411763,0.16417561,0.24555555,0.28684533,-22.570072
29.255457,0.080286786,28.087868,29.18041,30.609352,2.5214844,60.18301,62.239235,54.884014,52.317844,0.59995556,0.5555979,0.30385134,0.5184787,0.89827627,0.59442496,8.688266,6.4235907,6.8579245,4.285954,0.24713281,0.6972052,23.49253,0.53238356,1.7987756,5.647078,14.664378,0.786443,-2.5201828,-5.5484176,0.02538275,1.4421691,1.246327,0.70534074,5.9900246,0.36927247,0.46827322,12.812937,21.078814,0.39681447,635.7874,0.30776042,1342.4308,0.1583495,-134.85757,-0.6474871,1698.1998,0.17639238,1116.1246,0.30046234,-139.86076,-0.57347566,2730.794,0.091918886,910.1273,0.32993037,-140.7639,-0.56076336,-13.638405,-0.3436998,22.1338,0.36682603,0.020724263,0.9812687,-0.02793276,-0.5434287,0.35386494,0.39156392,34.403915,0.2597761,2.3660057,3.3296378,14.364557,1.0057218,-14.975651,-0.8285135,-7.805594,15.281048,-0.005034879,0.0012873244,0.19291225,3.9938557,2.4767802,0.129375,0.1076144,0.23882352,0.2848298,-26.015232
23.417034,0.08238909,22.048122,23.485748,25.103037,3.0549145,21.96015,13.0220375,25.91571,20.544754,0.50666076,0.60569584,0.21532604,0.44651413,0.7651377,0.5498116,5.688,3.1630135,3.6594691,1.8152555,0.16854398,0.77356493,27.040344,0.46262953,-2.2271345,-4.1275334,14.2068815,0.95235676,-1.8195628,-6.963623,0.015849253,0.6992019,1.1679841,0.65345204,4.058577,0.48884812,6.608512,0.8223746,24.767258,0.29797652,610.2689,0.38053912,1361.4808,0.15495957,-107.42933,-0.86316764,1628.312,0.16218704,1078.6891,0.31413823,-109.9609,-0.8004192,2694.5977,0.11014703,981.3326,0.33447555,-113.49567,-0.7445843,-12.053603,-0.49111885,22.808575,0.2744663,0.021878146,0.9968508,-0.010072386,-1.8699392,0.25402153,0.5073761,35.51519,0.25101095,-3.5263288,-2.9683506,15.920964,1.0064281,-2.016716,-6.763893,-6.3901916,16.025587,0.009062635,0.010756489,0.08951605,2.9363787,2.7960527,0.16588235,0.104209,0.16166666,0.12120919,-26.763731
33.365425,0.05197411,32.343582,33.399094,34.210453,1.8668709,29.83164,17.624186,18.023567,12.366311,0.64926887,0.61497897,0.2758406,0.52648956,0.99511814,0.7192775,9.053956,5.1630597,8.451245,6.248943,0.25377387,0.8691419,17.535122,0.721983,13.247077,0.9192904,4.590261,3.081148,-1.5651021,-9.2596245,0.0145861115,0.9425185,1.033429,0.9357861,7.9015894,0.38138053,3.5855207,2.125132,23.042063,0.3099954,583.2249,0.34507784,1367.8772,0.13857946,-112.07566,-0.8268295,1663.1946,0.14869054,991.47815,0.30338576,-114.63365,-0.75245327,2731.188,0.09344943,972.9445,0.40971708,-116.81751,-0.71814567,-13.590627,-0.39711943,22.186226,0.31888872,0.051696047,0.36411467,-0.026832132,-0.48716173,0.38089353,0.58180743,24.164654,0.39918524,10.941658,1.1278739,5.8747587,2.742799,-6.4889455,-2.6000264,-9.310717,17.891487,0.025531806,-0.0068492456,0.14114596,4.4563284,2.6978416,0.16733333,0.104209185,0.17125,0.23189099,-23.714561
33.67942,0.041765478,32.4807,33.59601,34.721302,2.2406006,41.95038,45.05085,22.264757,16.94532,0.8703861,0.5028258,0.43166485,0.7793893,1.2900271,0.8583623,8.25871,6.162435,9.16337,3.9984882,0.35244012,0.7780197,17.376106,0.7707139,12.023802,1.0561199,5.1795335,2.577338,-4.766224,-2.8376877,0.012788995,0.9289762,0.87120867,0.8232468,7.657501,0.30703148,7.2552853,1.1412301,24.18513,0.37602744,632.0207,0.32694992,1434.2827,0.13172668,-124.54344,-0.7201845,1637.5907,0.13862099,1124.0286,0.26251262,-124.75957,-0.68074244,2698.9868,0.10120891,934.9326,0.43698683,-126.95294,-0.6473065,-11.381858,-0.59721947,21.272583,0.37886903,0.03404698,0.5120758,-0.021309434,-0.66363615,0.4721219,0.416655,25.632305,0.41364947,6.6578364,2.0747895,3.6473703,4.388197,-11.005413,-1.37142,-8.827144,15.059581,0.011279971,-0.011327394,0.26859426,3.5881436,3.301887,0.11666667,0.07930253,0.1652381,0.23204306,-21.651093
23.839996,0.042130064,22.994253,23.885803,24.587976,1.5937233,151.48698,131.17892,15.457049,8.823679,0.6172823,0.4347374,0.35062563,0.5915569,0.85253984,0.5019142,5.74662,3.998131,4.414869,2.902845,0.2659476,0.655979,22.953941,0.6391142,17.152754,0.53413665,12.328739,0.9835478,-3.5870922,-2.951266,0.016343387,1.1497756,0.9249404,0.7161761,5.296746,0.35145557,-5.7777605,-0.7426517,26.513088,0.33246782,507.8271,0.29993072,1338.6005,0.13332593,-113.60696,-0.8303743,1622.3666,0.13338162,1075.5386,0.25582868,-123.74841,-0.67125297,2683.1096,0.09600457,1051.5159,0.2603908,-126.06093,-0.63909847,-21.511011,-0.29605052,30.202366,0.25675192,0.032987628,0.47946596,-0.029404579,-0.5297002,0.37513363,0.4707183,33.030437,0.29794094,19.920532,0.3779379,15.214148,0.9282555,-3.4905682,-3.4879825,-9.854508,16.252989,0.034108263,-0.010660169,0.18142104,3.7649221,2.2140222,0.19041665,0.16226213,0.23120001,0.19098313,-22.088629
29.274618,0.06800589,28.393085,29.52047,30.704517,2.311432,43.492275,34.856384,12.126133,6.1181946,1.2550256,0.42792258,0.7538672,1.1837814,1.7649577,1.0110905,11.2716675,7.7290344,8.993718,4.6246247,0.5945078,0.54931664,28.678463,0.47295362,6.8518157,1.7267362,3.7554195,3.182314,-10.373869,-1.2009283,0.0135905165,1.3012956,0.92178917,0.8997934,7.1951766,0.39192244,1.1161661,6.374074,27.610655,0.46852657,621.114,0.34750572,1403.5771,0.16252843,-76.375374,-1.1735704,1629.4613,0.13862672,1159.772,0.2919573,-83.480934,-0.997619,2747.06,0.1068345,1101.3503,0.3869652,-90.50493,-0.86321044,-15.258788,-0.34929127,28.210459,0.27325997,0.044856455,0.4377935,-0.029660352,-0.5081009,0.6734705,0.46489924,35.465878,0.22464688,4.4345574,2.5209212,2.88096,3.857903,-13.702489,-0.8630103,-9.1664715,17.125988,0.020806244,-0.013424169,0.46562925,3.9669423,3.1666667,0.19210525,0.11487196,0.1036842,0.049012408,-15.740362
20.66914,0.06835617,19.497686,20.917673,21.627666,2.12998,14.906433,8.62664,18.182844,4.678148,0.39608958,0.569271,0.12098096,0.4021919,0.6006505,0.4796695,3.6363573,2.3510623,3.2753038,1.7827016,0.14897257,0.74054706,22.980173,0.6410141,9.961047,0.97079146,14.096868,0.90904844,0.79897493,15.502433,0.019841697,0.87224275,1.2115747,0.76041394,3.2399697,0.54260874,6.2194214,0.7501076,29.415712,0.28708023,521.5832,0.34546915,1264.0587,0.13833904,-108.62132,-0.8610535,1596.906,0.16460516,1085.2627,0.39503354,-117.45029,-0.7206434,2633.672,0.101902515,1042.4646,0.26071644,-120.513596,-0.6755158,-19.214184,-0.2922295,28.588749,0.23500349,0.009974491,2.071385,-0.02610269,-0.77653575,0.21772969,0.41039795,33.717564,0.27476895,15.0356865,0.53202397,13.032883,1.2197552,-1.6758214,-9.026724,-6.78157,15.106227,0.011348549,0.008101341,0.089193314,3.3175356,2.2292995,0.20285715,0.12475281,0.21,0.25659308,-28.682404
35.73854,0.040409658,34.730858,35.629284,37.065796,2.334938,164.92503,298.9385,31.54868,18.348232,0.57696027,0.48277888,0.32312915,0.55662686,0.8145683,0.49143913,5.8152018,3.4456103,4.7743993,3.0431154,0.22881,0.7107397,23.022686,0.5771911,8.654407,1.2775332,10.083212,1.2701118,-3.7416856,-3.6990123,0.024885245,1.1103839,1.0655942,0.6962712,9.103477,0.2793674,4.5907035,2.002676,23.265,0.4711617,756.2242,0.30522913,1351.0055,0.14058125,-121.24996,-0.72405756,1775.3163,0.13970013,1184.4692,0.2615255,-121.95033,-0.6655985,2878.6418,0.077183455,879.17993,0.51433754,-123.78969,-0.63903666,-17.404417,-0.4222894,28.720814,0.30582273,0.025382197,0.8384485,-0.015046807,-1.0305263,0.32922372,0.49695644,32.75744,0.2587244,6.541158,1.5850533,9.771155,1.2787734,-9.513433,-1.5418853,-9.339313,17.280167,0.010171576,-0.000120709396,0.14532508,3.3810143,2.748691,0.15809523,0.14744228,0.17681818,0.18616673,-23.680882
35.16262,0.09515572,34.283,35.204113,35.875107,1.5921059,38.93546,17.306583,64.00316,52.93339,0.85148436,0.45213047,0.51317847,0.7821471,1.1777732,0.66459477,9.933014,6.625796,7.9653864,4.063336,0.44139707,0.7335485,21.196545,0.6129482,10.7407255,1.1413002,4.469883,2.9084046,3.6602924,3.1338754,0.022990476,0.94132006,1.0692924,0.78478307,8.734001,0.3363388,10.639409,1.1677626,31.356531,0.41729963,599.9561,0.34827316,1410.3578,0.18067306,-104.23366,-0.884061,1686.6322,0.12749101,1010.76117,0.24649031,-104.331245,-0.8043478,2731.869,0.094474986,1028.5927,0.3721572,-107.278946,-0.75630873,-16.985842,-0.35975844,26.134127,0.3192495,0.07739163,0.18384118,-0.022009082,-0.5270483,0.5363995,0.5770313,28.550777,0.35314515,8.776299,1.3038002,3.592253,4.281476,-0.73915315,-15.926306,-9.958809,17.00149,0.059739143,-0.0023810063,0.30868793,4.60177,4.1144905,0.12,0.11275213,0.11190476,0.09815533,-19.00706
32.615425,0.10161423,32.89193,33.37624,34.003265,1.1113358,118.99334,149.58644,39.988117,31.432533,0.74442714,0.56563634,0.3515009,0.60061973,1.1641245,0.8126236,7.0943923,3.851723,6.640301,5.158262,0.29529712,0.68711114,27.237333,0.43175974,7.893392,1.3805138,12.034266,1.038407,-13.735541,-1.0041466,0.030907607,1.9710035,0.9065416,0.88883793,8.294802,0.37436134,5.0909176,1.0199156,26.568436,0.26135904,558.75256,0.3166651,1366.7275,0.14706378,-119.06506,-0.78800344,1646.1271,0.19514763,1031.5499,0.25855446,-123.92994,-0.6916826,2737.8354,0.09248312,878.0461,0.40719634,-125.31413,-0.67081976,-16.843296,-0.30276063,23.962807,0.27929208,0.031360745,0.48829153,-0.03171215,-0.38367355,0.40535912,0.47980502,35.614094,0.21632896,4.926372,1.866829,17.223314,0.7909448,-25.280184,-0.41335505,-11.893072,19.625658,0.0061106714,-0.011046588,0.21656263,3.13779,2.0604396,0.19866666,0.16362014,0.249375,0.23341134,-21.399706
24.68193,0.08499302,23.556322,24.385185,25.853292,2.2969704,53.188698,95.319466,18.322805,8.746607,0.9812792,0.49727604,0.53046525,0.87791467,1.4768403,0.946375,9.860834,6.4912868,9.225653,5.362965,0.43282768,0.6509605,29.644287,0.43593726,1.0040725,8.877189,4.2945824,2.5332685,-13.224609,-1.1427865,0.014629086,0.99621916,0.94751394,0.8973115,5.096522,0.38880032,7.5165114,0.685282,27.886663,0.2605252,630.1016,0.37148243,1403.3,0.15719417,-97.9026,-0.9460387,1587.3959,0.1617883,1178.0035,0.23144129,-102.37479,-0.85248274,2690.4846,0.119307846,1055.6873,0.4157601,-108.19691,-0.75833434,-12.835258,-0.40259942,25.37008,0.23150332,0.024859663,0.793904,-0.023325924,-0.7739024,0.5157399,0.4924659,35.74012,0.2080576,3.3373775,2.5324504,5.1901035,2.2663283,-16.322437,-1.1203192,-7.1183066,17.558569,0.03523336,-0.008926644,0.34542182,4.2524004,3.042877,0.16545454,0.1631989,0.14952381,0.08414705,-19.150427
35.605194,0.08052105,34.004864,35.29033,36.541294,2.5364304,220.07281,196.54457,31.823963,28.637312,1.0022147,0.52907217,0.46601766,0.92835265,1.5503626,1.0843449,12.085919,7.8232293,12.416913,7.5351343,0.44831905,0.7327335,19.305002,0.68082404,6.880177,1.5599939,0.9834444,13.139271,-8.3361025,-1.8726414,0.021332048,1.4456434,1.1094295,0.7631521,7.630532,0.4549402,6.9270973,1.3175708,24.924704,0.30797878,671.98303,0.31951556,1433.3145,0.15560092,-100.25468,-0.89519393,1670.0756,0.13849452,1162.5112,0.33381772,-99.910126,-0.8427485,2746.511,0.08979797,924.7757,0.4694253,-103.5725,-0.77940375,-12.799496,-0.4802339,23.645494,0.2824623,0.06202749,0.32923254,-0.021416722,-0.5857048,0.5711996,0.5619801,25.520182,0.40098575,4.4696193,2.4331288,0.8048334,19.017546,-15.908445,-0.94673723,-8.183257,15.970849,0.03706133,-0.0097359875,0.30907586,4.5531197,4.4293017,0.114999995,0.08495474,0.10545455,0.10832306,-19.01275
32.919296,0.07861152,32.718113,33.347954,33.92269,1.2045784,260.6702,397.131,-14.605369,32.86006,0.7418435,0.44931212,0.40243214,0.7329624,1.0202584,0.6178263,6.8472137,4.6929393,4.7423153,2.3670049,0.26027828,0.66897774,12.505247,0.9944474,16.94405,0.5847924,11.62171,1.0182773,-0.5437766,-28.146425,0.017685035,2.205988,0.94472647,0.74694854,8.185554,0.3809489,7.4522758,0.9948923,26.468184,0.39742097,634.69275,0.33846134,1332.7253,0.16468786,-116.10548,-0.7998466,1752.8811,0.1342688,1001.5351,0.34687784,-120.76586,-0.69970644,2734.751,0.09869931,1026.9268,0.3492459,-120.78681,-0.6993608,-15.524548,-0.4914425,22.629221,0.4006954,0.057623416,0.2456223,-0.033449627,-0.46489948,0.32831547,0.48140985,21.631325,0.37996596,16.370567,0.72221357,11.980742,1.2077601,-10.345097,-1.4217911,-6.7694187,13.722724,0.037192076,-0.006581044,0.20740998,3.653586,2.4523163,0.17444444,0.15107843,0.20157893,0.17057991,-23.563044
31.130213,0.09271428,30.613628,31.722923,32.871025,2.2573967,154.85457,134.0497,75.74278,129.46922,0.773053,0.44000646,0.4791461,0.702885,1.0168328,0.5376867,7.799035,5.2801604,6.4765153,3.9766989,0.3470172,0.71294475,22.985172,0.5945991,10.208025,1.231925,10.583416,1.3491814,-0.52556825,-23.506382,0.025598746,2.4899683,0.9635742,0.6686197,7.181058,0.3864979,5.038644,1.5762663,28.496368,0.48017162,552.3465,0.36871758,1388.6398,0.16647266,-126.17784,-0.7265103,1612.5668,0.15994334,1081.2612,0.24545687,-130.65639,-0.64185953,2697.3022,0.09617293,976.35077,0.38625473,-133.12578,-0.6061946,-16.780603,-0.43149343,27.219912,0.30735904,0.035694852,0.54127884,-0.022198169,-0.78242403,0.43523094,0.54223555,33.693287,0.27192807,8.160271,1.519144,11.729745,1.5331855,-5.58717,-2.416013,-10.77495,18.359407,0.02043558,-0.009803322,0.29246473,3.4006376,2.2435899,0.16619048,0.13926597,0.28578946,0.33255497,-22.00111
33.905575,0.07769792,32.33833,33.331436,34.949646,2.6113167,72.309265,81.815384,101.95367,146.84694,0.94309646,0.5427136,0.37950748,0.88590926,1.4407145,1.061207,10.430089,5.215751,11.189303,4.015937,0.4404819,0.6765931,20.55755,0.6816326,15.301615,0.8767311,7.3307853,1.8897222,-12.5500345,-1.2382065,0.020857336,1.3256217,0.9711935,0.6972631,7.732027,0.3634353,6.318273,1.4779124,23.186064,0.3767326,575.8138,0.35865906,1341.1014,0.14329049,-91.74093,-0.9903804,1649.6156,0.16429982,989.4936,0.33699447,-94.98656,-0.8596045,2719.0496,0.08116306,844.33527,0.32885164,-95.21918,-0.85370433,-14.937323,-0.4521848,22.14932,0.3792096,0.057937916,0.29138735,-0.0320449,-0.4730736,0.5476704,0.5395073,25.78995,0.464616,12.574732,1.1922642,10.563766,1.401757,-16.043886,-1.0958573,-10.966096,18.637041,0.045659665,-0.01798683,0.286447,4.40367,3.3333333,0.17,0.1577269,0.1036842,0.084555216,-19.565235
31.249098,0.09216947,29.343899,31.588243,33.623253,4.279354,126.916565,226.09464,32.795357,23.211105,0.33414522,0.9425306,0.09847507,0.13726252,0.632823,0.5343479,6.9596376,4.794246,3.3796482,1.5538058,0.13194926,1.3659912,22.051865,0.5182733,1.8528352,5.5085087,12.891404,0.7224909,-1.3520811,-9.622618,0.029134398,0.99251014,1.1374977,0.6847297,6.20117,0.40890172,4.0605345,1.7358527,25.905636,0.32151666,608.5944,0.3111629,1383.4447,0.1482532,-151.86368,-0.5383274,1672.7319,0.16215417,1112.8298,0.3369465,-153.20108,-0.4978836,2726.556,0.095660284,982.4918,0.4495741,-154.43138,-0.4808894,-17.116014,-0.31584066,26.859861,0.26389056,0.04733934,0.46298203,-0.025499156,-0.70449555,0.33792356,0.562295,33.401443,0.32745805,7.3563557,1.5900903,12.584338,1.1326259,-13.041403,-1.241249,-7.6341605,16.878246,0.008398408,0.011575321,0.055194553,1.6511128,1.369863,0.18736841,0.14581321,0.5511111,1.4002337,-27.876303
33.870247,0.06736181,32.375675,33.602253,35.78393,3.4082565,108.089516,122.613434,120.48258,299.84952,0.6272594,0.36269888,0.41290554,0.59355515,0.82110786,0.40820232,6.085358,4.170437,4.6929417,2.5923202,0.29165342,0.6835885,21.92349,0.5847511,14.092771,0.66861624,-3.1085198,-3.6392648,-3.9360754,-2.827497,0.023001246,0.87781584,0.99171776,0.70566076,8.136726,0.33433563,1.8332274,4.233308,27.571392,0.3294075,727.5206,0.21799728,1404.8113,0.13433154,-137.51715,-0.61295146,1801.3751,0.13454153,1135.8573,0.30399692,-140.92244,-0.55054307,2870.2131,0.07712933,975.7858,0.34984574,-142.86859,-0.5245882,-20.889444,-0.33390802,31.447187,0.25004908,0.032120056,0.5878146,-0.036640167,-0.40843484,0.42696962,0.4696712,32.13486,0.22542013,17.0543,0.55000556,-0.36864835,-30.663057,-5.873112,-2.483405,-10.441703,18.795563,0.019531202,-0.020010212,0.2209345,4.61869,2.2678185,0.14619046,0.13740715,0.26181817,0.275642,-23.604755
28.2473,0.06306004,27.126152,27.908552,29.358093,2.2319412,79.90945,115.11978,19.32445,27.888988,0.78392744,0.67752564,0.34507996,0.5762589,1.270803,0.925723,8.69509,6.423151,8.948876,5.837792,0.30924731,0.7613112,27.333855,0.53041327,4.1850657,3.4976273,5.45488,2.2394838,0.36046147,30.408848,0.01712086,1.4843855,0.990063,0.9211819,5.999176,0.43020904,2.8619244,2.2553415,19.319538,0.5248838,513.6501,0.27552056,1386.5724,0.13109072,-120.35657,-0.77388585,1570.0496,0.13698757,1074.7628,0.25522187,-123.72024,-0.7186263,2611.8054,0.101261884,1093.7903,0.41856253,-126.74501,-0.67382854,-11.81184,-0.54606944,20.849138,0.4173011,0.04069045,0.41836587,-0.027865205,-0.472744,0.5007025,0.45886698,38.672634,0.18452445,-4.6749654,-3.162923,6.8323855,2.072528,0.59213734,22.982065,-11.457419,18.374025,0.036607493,-0.017226066,0.17730562,3.0235164,2.027027,0.19444445,0.13392459,0.2777778,0.22132318,-21.16544
34.508575,0.08217062,32.630493,34.194183,36.475216,3.8447227,51.679604,74.79591,43.250397,40.81474,1.0370224,0.41206315,0.6436362,1.0028424,1.450622,0.80698574,8.448659,7.6101923,7.323191,5.30268,0.43605146,0.67038524,23.828514,0.6706523,10.1655245,1.2028692,1.4103495,8.294668,-5.4455285,-2.6105697,0.01818308,1.6623684,0.81429595,1.0431978,9.412625,0.34020475,7.2508526,1.273447,30.17297,0.37352964,630.4391,0.3110664,1410.5336,0.17149474,-89.7712,-1.0108821,1725.389,0.15124094,1072.1881,0.2747568,-93.67401,-0.87819636,2784.4329,0.097646676,1008.4047,0.3732603,-97.74432,-0.8076286,-17.986795,-0.38879207,27.203114,0.3274573,0.06376132,0.2865346,-0.032496672,-0.43593603,0.5229923,0.5960874,32.66163,0.3025251,9.826029,1.2691015,2.5361552,4.726472,-8.229511,-1.7280437,-8.001477,16.146942,0.051067393,-0.013422707,0.30900502,3.6742802,2.8942118,0.1989655,0.1875678,0.121999994,0.077562876,-17.199776
34.400566,0.04260023,33.37392,34.222263,35.342983,1.9690628,16.764372,9.733973,26.445684,25.17239,1.2495024,0.48228985,0.72235906,1.0268363,1.8628659,1.1405069,11.670332,9.548514,8.281728,6.0696836,0.5487746,0.5509919,22.666897,0.441163,0.9943289,12.158001,1.0350302,12.501054,-6.3197656,-1.8355364,0.013440909,1.1907943,0.86972463,0.6134726,7.6238046,0.2940074,7.699377,1.1639546,21.968664,0.44247216,656.6632,0.357564,1466.8148,0.1815151,-112.665215,-0.8396947,1634.8809,0.16354585,1132.9625,0.25877666,-106.13845,-0.8686937,2711.733,0.100791074,960.6155,0.46249372,-110.33248,-0.7967155,-8.281928,-0.848756,21.104254,0.30600286,0.041672334,0.37481117,-0.0115066515,-1.2785635,0.7117051,0.44159707,26.904488,0.2931019,-4.3958488,-2.5642498,0.0780167,199.0904,-12.157716,-0.98968804,-8.387174,17.883373,0.023884557,-0.003794978,0.39470834,3.0467901,2.297593,0.20619047,0.17740123,0.1990909,0.12698995,-17.998762
34.435043,0.18294862,31.31583,33.05524,35.62765,4.311821,240.60994,302.47513,115.0026,128.69705,1.2623025,0.3251223,0.9111641,1.1246529,1.6097587,0.6985946,9.859961,7.76517,8.053118,5.699098,0.45066857,0.6189634,8.470634,1.3142598,0.36205462,26.10674,-5.369094,-2.1874795,-3.8387277,-2.5385299,0.01789967,0.9331019,0.9038716,0.7443389,6.040316,0.52971685,6.2308846,1.500795,18.696,0.48861924,654.4395,0.3528806,1363.2346,0.1948485,-98.234146,-0.94984996,1692.5688,0.1456814,1043.2385,0.250261,-96.996704,-0.9115319,2660.4456,0.09740413,1044.3464,0.40673792,-98.26734,-0.88201827,-8.718378,-0.6787713,17.081432,0.39895946,0.06397522,0.270937,-0.018729066,-0.7853344,0.5959014,0.46459076,15.824741,0.535917,1.6390848,6.664077,-3.2047153,-4.2786646,-6.06947,-1.769539,-0.7855098,7.9581933,0.044515096,-0.0003805201,0.2753709,3.2869785,3.1806617,0.16479999,0.14830023,0.124230765,0.1089521,-20.08902
34.121555,0.052879743,33.50872,34.08293,35.207275,1.698555,118.96741,150.57025,27.160858,18.454544,1.0351452,0.4640123,0.5206615,0.9412376,1.5333668,1.0127053,11.474989,7.8727264,10.650569,7.628028,0.39326867,0.65393895,22.137785,0.6945103,4.8336105,2.523506,-2.5472844,-5.8165755,-1.0628142,-9.477785,0.014011435,1.9212848,0.7563756,0.8642279,9.266313,0.31284082,5.626089,1.2310896,25.423359,0.34633878,640.9603,0.3121215,1450.2736,0.14746937,-99.39342,-0.93526745,1668.87,0.14627472,1089.9119,0.28232285,-100.71744,-0.8680946,2702.955,0.117539056,1002.116,0.2595628,-104.94625,-0.796472,-11.816517,-0.49781215,22.665752,0.36911368,0.05251695,0.37296754,-0.02227023,-0.5046487,0.5082003,0.51185274,31.302525,0.31296498,1.6900439,6.746191,-3.8303463,-4.409354,-3.4597127,-2.9894412,-6.305265,13.5513935,0.02798812,-0.012625784,0.26075974,4.2519684,2.857143,0.18055555,0.12217801,0.14105262,0.13431677,-19.112288
36.005703,0.0727412,35.201443,35.63054,36.86119,1.6597481,27.266876,9.483463,65.68991,91.97492,0.7144259,0.4880143,0.34857908,0.6629693,1.0526024,0.70402336,7.2076592,4.5074368,6.9064045,4.0831857,0.33372247,0.74476147,20.38517,0.632703,18.283228,0.60958445,-1.9520564,-6.4146266,-16.2101,-0.89760953,0.019223744,2.111946,0.9816326,0.8759839,9.019162,0.36264017,10.836117,0.78970677,31.46195,0.28709152,714.9133,0.24890949,1383.8529,0.1829431,-112.52909,-0.81658643,1773.053,0.13261774,1150.5999,0.28278008,-114.89008,-0.7249945,2826.9358,0.06311386,803.4517,0.34626335,-116.61066,-0.69687456,-18.354635,-0.3591026,28.34225,0.26094085,0.07369839,0.25192344,-0.03458489,-0.36472502,0.436204,0.573981,28.490122,0.32417166,12.855638,0.8560125,-2.0195007,-6.662482,-25.27931,-0.49628204,-13.046952,20.382347,0.04532979,-0.022513378,0.2397342,4.0916533,3.4710746,0.13047619,0.11757372,0.13666667,0.14109549,-21.690687
29.885134,0.06254187,28.0479,29.905632,31.475464,3.4275646,16.352129,6.8283587,23.198677,14.2350025,0.8580939,0.6109636,0.35032606,0.72612715,1.3508599,1.0005338,10.982831,8.212847,7.0264926,4.047844,0.330515,0.7921078,29.50325,0.4675785,-0.6995711,-16.924702,9.701463,1.3452255,-8.553769,-1.2152094,0.011829048,1.4631226,0.8688345,0.8978723,7.913844,0.2702159,1.779543,3.0616915,24.259476,0.36185214,627.4985,0.30879602,1421.7748,0.153652,-104.99556,-0.88897765,1650.1964,0.15351188,1152.6051,0.33716688,-108.8285,-0.8059748,2745.7239,0.09946519,1035.1824,0.44012925,-113.39029,-0.7327496,-13.276749,-0.4919452,24.933647,0.30491057,0.042089127,0.42306855,-0.023813328,-0.6440771,0.46592084,0.5752332,36.809914,0.2702457,-0.9516791,-14.106736,8.543763,1.846583,-11.175291,-1.0743651,-8.018835,17.460373,0.0220466,-0.006582881,0.19471274,2.6943007,2.3958335,0.20086956,0.1444905,0.18791665,0.14410585,-20.24306
34.771656,0.029094933,33.99649,34.648907,35.564613,1.5681229,42.90588,63.343315,42.64068,94.20081,1.1767217,0.4999596,0.6284194,1.0351167,1.7338477,1.1054283,8.400083,4.972428,7.1715174,4.043529,0.46518138,0.6325838,22.450315,0.43092805,-0.4026473,-29.867832,8.184051,1.3742617,-11.8772955,-1.0627394,0.012421072,0.98339283,0.81653535,0.80499667,8.89041,0.2774602,7.8685174,1.0420392,22.67403,0.5448557,609.5302,0.33488116,1429.1661,0.14892146,-96.26776,-0.9924497,1641.4077,0.13534589,1163.0863,0.34615204,-97.644356,-0.9035623,2672.114,0.09825031,919.9855,0.34838137,-99.81426,-0.86603254,-12.753181,-0.5113841,20.664661,0.4334574,0.058193043,0.28537175,-0.01646828,-0.7681637,0.5797534,0.52820814,27.763493,0.24487826,-3.0775852,-4.196403,10.925505,1.0142217,-18.999977,-0.5664626,-6.3851485,15.7762165,0.033240583,-0.0017997157,0.3246255,2.8014617,2.2058823,0.24444444,0.17000726,0.18888889,0.20409389,-18.30514
30.405691,0.07308332,29.81567,30.41777,31.411995,1.5963249,214.91597,368.9821,34.708607,24.892847,0.85631335,0.15408981,0.76152736,0.83836144,0.94542295,0.18389559,2.3455355,1.5511844,2.05542,1.4337661,0.3934331,0.26914337,25.078638,0.20227386,-1.8848691,-2.1395311,9.098681,0.5107526,-6.7967257,-0.77455956,0.020366333,1.3181596,1.1176775,0.40751255,4.4837728,0.39560938,-1.1672217,-4.8123827,24.297092,0.19662057,535.0631,0.35644853,1429.1079,0.114368886,-167.37477,-0.42362484,1503.4951,0.14097345,1216.7832,0.2129595,-168.1864,-0.40032455,2566.5376,0.095810145,1074.837,0.26975513,-169.88301,-0.37524766,-13.015451,-0.24010104,25.790462,0.12231769,0.03427936,0.43632683,-0.015039882,-0.5307969,0.49116245,0.23675038,31.275831,0.08726975,0.98997015,3.74266,8.33668,0.85308754,-9.973934,-0.5718832,-8.100651,19.37697,0.024248634,-0.0010146623,0.37282234,2.3278372,1.4619883,0.111999996,0.084316865,0.51687497,0.4501072,-24.719599
35.160072,0.05046596,33.96748,35.2506,36.329224,2.361744,80.153076,86.01597,120.922134,265.34235,1.3236612,0.47615236,0.780617,1.1431571,2.0087655,1.2281485,9.557144,5.304017,8.6588,3.8170009,0.67741936,0.5211359,31.767885,0.3397517,-9.603829,-1.4471059,1.9791235,7.848969,-8.5946665,-1.4246805,0.014570772,0.93656003,1.1804459,0.72880983,6.5941486,0.49393898,4.6687074,1.858379,23.746952,0.37644848,699.92444,0.3311424,1509.8982,0.16895622,-76.50524,-1.1867446,1684.9724,0.14337036,1205.4022,0.32471326,-72.5318,-1.151468,2714.187,0.096685335,1006.2102,0.2808721,-78.267654,-1.0159129,-10.372033,-0.5917662,22.227306,0.29915282,0.077680334,0.20877041,-0.017912315,-0.7329365,0.806495,0.40740865,35.861122,0.2029848,-13.962758,-0.8989512,-0.2638713,-63.510162,-10.195496,-1.3320911,-10.700671,18.487883,0.061153144,-0.010822823,0.42751068,3.3955858,3.253425,0.19789474,0.19632354,0.097647056,0.09465289,-16.656097
33.05022,0.073899955,30.712957,33.456898,35.031986,4.319029,18.676876,5.6110606,20.134296,10.038069,1.0097063,0.6949908,0.45352775,0.67785627,1.7024615,1.2489338,12.454478,7.287556,12.895465,7.3837266,0.4033438,0.82786435,23.081331,0.4249703,-9.030488,-1.7891634,9.184827,1.3793551,-10.341654,-1.2179265,0.013185697,1.126968,0.983471,0.86094064,7.0360007,0.36196628,2.7305846,2.9179385,15.5100355,0.57113194,702.8136,0.3795093,1406.7377,0.18651927,-106.21021,-0.8818846,1693.2505,0.16664357,1130.4982,0.3126557,-101.44748,-0.8949509,2701.4053,0.08470352,968.67993,0.31136966,-103.702,-0.85533863,-6.0705166,-1.1355401,16.635986,0.37724215,0.051046476,0.36414647,-0.009576546,-1.328415,0.58582187,0.5460725,28.09833,0.25165665,-15.396551,-1.0938795,10.387192,1.3582351,-13.738821,-1.0317498,-5.3211927,13.559506,0.032420337,-0.0003638936,0.21001986,3.4901366,3.058104,0.16049999,0.105852485,0.13904762,0.13451517,-20.369207
34.220844,0.1350323,28.628437,36.501087,37.816868,9.188431,186.04396,211.63148,103.839836,173.6497,0.66705644,0.5039204,0.37408775,0.6072724,0.9300281,0.55594033,9.544581,5.9019313,5.244495,3.7460463,0.3396496,0.9623325,22.78536,0.54750794,15.276374,0.72426784,12.480464,0.9164098,2.1767285,5.559265,0.03110141,2.295473,1.1195738,0.8088222,8.667833,0.46948668,14.710773,0.8654668,29.582933,0.28905088,573.6958,0.3396084,1397.6643,0.1441177,-117.5357,-0.7636634,1710.5822,0.13488154,1064.2437,0.28403783,-115.47128,-0.7027735,2766.9395,0.08981993,1064.7623,0.33364967,-117.24854,-0.6764831,-20.33057,-0.3428787,28.299324,0.27842742,0.055567462,0.32663915,-0.027128177,-0.401697,0.4160996,0.7847421,28.134638,0.31204844,15.75858,0.57740986,14.218382,0.85326517,-2.1086445,-5.4449763,-12.028452,19.735874,0.03806844,-0.01512311,0.2680679,2.5542784,3.084833,0.15166667,0.11338234,0.15782608,0.16210455,-19.445219
24.393904,0.10210237,22.94352,24.204447,25.49083,2.5473099,80.1659,77.57871,11.223744,3.028858,0.45490575,0.5879925,0.25057396,0.36509085,0.6305735,0.37999955,3.5910058,2.1892247,3.0576859,1.6966798,0.1817325,0.86228275,18.306519,0.605586,16.46793,0.5992531,5.721562,1.829946,6.1189036,1.7444906,0.025274972,1.8770523,1.030437,0.66299635,4.8683944,0.38932207,8.354055,0.6658068,27.027233,0.33509398,605.62286,0.29484287,1321.8153,0.15316182,-144.81192,-0.5855982,1725.5382,0.14246106,1010.65283,0.2943516,-149.23927,-0.52208424,2750.5857,0.10276001,914.2002,0.38415492,-150.16493,-0.50953174,-18.893518,-0.37911257,25.799541,0.30152977,0.027259456,0.7782203,-0.035195313,-0.4813141,0.2773624,0.5076301,29.491894,0.21307757,16.48411,0.8226701,6.259364,2.293469,1.5661151,8.107731,-11.047066,19.003302,0.02156435,-0.008927568,0.14375159,2.2316685,2.0299146,0.13263157,0.0744695,0.3225,0.28577745,-27.145645
25.925743,0.07276499,24.498257,25.828896,27.173855,2.6755981,48.71768,71.64125,32.390476,22.114672,0.8773776,0.43151104,0.5429156,0.8057718,1.187231,0.64431536,7.2745304,4.174951,6.822774,4.0217323,0.43168366,0.61081904,29.127754,0.40025768,-2.6544974,-3.2903142,8.74155,1.1445662,-4.797248,-2.2351024,0.021402536,0.71689105,1.1490037,0.59171957,4.0790777,0.5267267,-1.9864012,-2.7625287,23.519829,0.27561373,736.2854,0.36110482,1343.2789,0.15206909,-121.337395,-0.76009816,1770.3671,0.15782294,1183.0667,0.27243644,-123.91078,-0.6980255,2785.9307,0.110587575,1019.84033,0.31097955,-126.28428,-0.66387296,-12.403347,-0.5015315,23.534832,0.24722531,0.033722118,0.5876556,-0.017387403,-0.92300975,0.6202898,0.3997795,37.00427,0.2116932,-4.149254,-2.2765343,12.11171,1.0370331,-5.782438,-2.3000035,-8.347425,16.773964,0.015802985,-0.008387232,0.30035886,3.0257187,2.7439024,0.14222223,0.10952197,0.19105263,0.18710801,-20.860645
35.81043,0.0969617,34.291565,36.297913,38.05724,3.7656746,64.68084,38.944862,189.81432,163.491,1.0566941,0.35832354,0.7680154,0.9311845,1.3420998,0.5740844,7.4714746,4.2979274,4.872522,3.7107527,0.4706333,0.41120893,26.6062,0.20680319,-7.599538,-0.9936766,6.459727,1.4069949,-10.671116,-0.796722,0.020348141,1.60335,1.2359223,0.6257176,5.6284127,0.34976417,0.6072871,19.99538,15.764375,0.58249843,601.5802,0.3502645,1369.7704,0.17127015,-139.54427,-0.6258921,1592.8718,0.1362216,1098.4882,0.23079148,-127.318436,-0.6872665,2616.26,0.092834964,1064.9187,0.4893096,-129.53026,-0.6542185,-8.688573,-0.4149096,17.939362,0.33276656,0.040883504,0.3284436,-0.017608266,-0.52321655,0.5922842,0.3768012,28.9412,0.18686408,-12.560703,-0.5416163,6.5161138,1.6214789,-15.184459,-0.5809192,-8.111462,18.101357,0.031550694,-0.009227767,0.39841542,3.2136106,3.0534353,0.116875,0.069166355,0.17882353,0.124422535,-21.85058
26.769932,0.058412433,25.816399,26.82229,27.77695,1.9605522,96.64107,145.32985,20.27897,9.959598,1.0082664,0.4474528,0.54787534,1.017852,1.4262667,0.8783913,11.42234,7.6204376,8.232026,4.638162,0.6029932,0.7323084,30.125227,0.51098883,5.4443946,1.8298963,9.01151,1.4160733,-3.7385514,-2.9331574,0.020901958,1.2650285,1.058394,0.8193229,6.09328,0.40211743,-1.8105494,-2.5216265,29.09281,0.2766348,560.3728,0.35127482,1368.1129,0.14237991,-94.34039,-0.98113537,1612.3705,0.1619911,1128.8451,0.24224761,-102.78742,-0.816245,2690.2173,0.1092629,1066.7026,0.23089051,-107.721245,-0.738201,-18.635132,-0.33421293,30.293535,0.25073776,0.039185718,0.49036813,-0.02837222,-0.65317434,0.7536873,0.6170351,37.996998,0.25469577,10.072607,0.77942646,8.108987,1.8421322,-1.408909,-8.710324,-7.3815613,16.83498,0.028322747,-0.009151189,0.42787167,4.6277666,2.8455284,0.18428572,0.1304779,0.13666667,0.10988883,-16.315456
25.862951,0.17862211,21.237072,27.990301,28.800068,7.562996,217.85173,278.94348,81.84719,83.11614,0.36950245,0.5447285,0.17874134,0.30887485,0.5534447,0.37470335,4.3459787,3.0424669,3.767688,4.2130184,0.15056023,0.9045089,23.362999,0.5578643,18.977053,0.49777243,6.532511,1.714595,1.9630445,5.5102057,0.059163477,1.8444096,0.9904119,0.9382816,6.3249693,0.43788064,4.939605,1.4273107,35.548927,0.2980969,632.87946,0.2914937,1420.3856,0.14318721,-130.63028,-0.69147325,1751.2316,0.14228542,1175.2684,0.24904235,-137.58487,-0.58745456,2828.4592,0.10981086,1124.7648,0.2548119,-139.82637,-0.5575748,-24.558687,-0.27191553,32.864784,0.23363163,0.021932831,0.96002847,-0.034169998,-0.5416604,0.27198175,0.5011713,34.952457,0.28445616,26.781342,0.29766342,8.046482,1.7968757,6.480896,1.8981876,-11.555547,18.892027,0.009199715,-0.012231624,0.07931647,2.5690432,1.3530928,0.2647619,0.29519355,0.45333332,0.94941247,-26.533094
30.57184,0.15308954,28.370945,32.330677,33.87392,5.5029755,317.9448,417.3511,250.67105,343.0104,0.58082783,0.4259597,0.3238268,0.5723638,0.8092583,0.4854315,6.6620965,4.0331254,6.107834,4.3464465,0.26409933,0.83131576,13.776478,1.1736921,19.171053,0.55406576,2.4737666,4.9216304,-0.97680366,-11.137684,0.050925024,1.8522896,1.3087193,0.62003547,6.035761,0.58092254,3.232582,2.0701733,32.373486,0.22369257,658.3495,0.27611926,1449.0488,0.13790992,-149.2252,-0.5417933,1713.535,0.16406988,1118.9268,0.24096324,-151.56012,-0.49211484,2865.9146,0.07212817,873.85657,0.33667853,-153.43414,-0.4661531,-20.847712,-0.28098428,32.287724,0.20801,0.047751203,0.41103882,-0.035618503,-0.42105398,0.41942957,0.5408457,31.039154,0.1947331,22.603022,0.37994158,-0.9321844,-14.694751,-8.040016,-1.5140306,-7.659722,14.250236,0.028384991,-0.012092076,0.20832677,5.5776896,2.673797,0.0945,0.109017186,0.24666665,0.2735539,-24.723907
35.97471,0.049973417,34.919502,35.752357,37.53161,2.6121063,21.303444,10.190758,23.311485,7.7295446,0.8741704,0.5968844,0.3365125,0.737572,1.405596,1.0690835,9.95229,5.9967637,9.042734,5.271512,0.39329508,0.7973663,18.78603,0.8241963,8.701652,1.5988365,2.1856518,6.071647,-6.711352,-1.7141415,0.01481962,1.0147636,0.9191631,0.83136725,8.518141,0.4053004,7.180436,1.2298629,25.74162,0.48145548,596.9717,0.29207775,1368.549,0.12974212,-130.12762,-0.69673586,1693.4723,0.15200202,1031.8209,0.2908683,-127.51924,-0.67070407,2729.4744,0.108452715,978.37054,0.3332576,-129.47237,-0.6417616,-12.78054,-0.5827479,21.670534,0.50298685,0.063754104,0.31289425,-0.029677538,-0.39900932,0.618229,0.47433358,29.507387,0.38904023,-0.38648894,-37.861786,0.9297719,18.584599,-11.41374,-1.1744492,-8.368189,14.754257,0.02546648,-0.01856316,0.24635303,4.037685,2.5745258,0.1468421,0.101258,0.23333333,0.21265516,-20.034592
30.785885,0.050932474,29.573582,30.841816,32.142384,2.5688019,115.3496,177.2162,16.953037,9.081389,0.3715117,0.5838632,0.15827525,0.3421955,0.54938614,0.3911109,4.7812667,2.8691978,3.2773418,1.5380535,0.14489843,0.89330214,23.774124,0.63034546,7.4502873,1.3236648,10.6315565,1.1016622,-0.35676676,-33.50933,0.019125639,0.8559206,1.1524609,0.90836555,6.7685943,0.37434298,3.3171928,2.2796912,28.13467,0.29489306,569.0496,0.35325477,1397.2158,0.19461362,-119.353134,-0.75876695,1586.8535,0.17176418,1130.883,0.2612395,-122.30126,-0.6889201,2683.1108,0.08921827,951.44,0.37025636,-126.09844,-0.6343085,-16.611128,-0.39232484,27.817614,0.27086392,0.041947823,0.49632287,-0.020556174,-0.7977278,0.22035077,0.53906596,35.69332,0.27592364,7.955973,1.2192193,8.72813,1.4932058,-4.5079074,-2.9574285,-8.151869,16.381258,0.019726153,0.005947075,0.08809627,4.006678,2.8619528,0.14411765,0.119067885,0.17444444,0.19336845,-28.816362
34.672012,0.080598176,33.591938,34.329987,36.118393,2.526455,72.6495,92.97956,110.88924,119.12086,0.98371786,0.4063977,0.62153536,0.92906684,1.3385452,0.71700984,7.35001,3.9378138,4.957865,2.310225,0.45988458,0.61094415,21.77579,0.3925814,3.6359076,3.2219408,2.1645062,6.634432,-15.3652,-0.7877773,0.025189891,1.7774451,1.2563784,0.568519,6.400658,0.5236205,7.40771,1.3551909,25.04291,0.44939214,722.072,0.30628,1415.3354,0.1864558,-73.65963,-1.213624,1748.0804,0.105479546,1061.7411,0.2989056,-76.651085,-1.0621111,2771.642,0.09650935,958.78613,0.3955869,-78.03668,-1.0341831,-13.943993,-0.4137759,22.332075,0.27835825,0.0852932,0.18124503,-0.030334065,-0.48339945,0.5286872,0.55263317,24.159071,0.27602404,1.3835982,7.366533,3.6660604,3.8376336,-19.087048,-0.63704115,-11.01718,18.723751,0.0755761,-0.022481687,0.3350478,3.0095758,3.9944904,0.15655172,0.15704767,0.08115385,0.04414373,-19.255411
35.806686,0.09371467,34.68698,35.83082,37.122936,2.435955,193.99435,397.9084,68.561264,67.480415,0.998751,0.52106774,0.45391965,0.9394949,1.5172812,1.0633615,7.8985343,4.7863746,5.6605606,3.563842,0.47093302,0.7885628,21.481533,0.56988555,16.58103,0.7601088,-0.70288026,-20.453005,-4.675224,-2.6989126,0.027898893,1.3394088,1.059382,0.6931183,7.8720975,0.45260313,9.138827,1.1187781,27.046362,0.34500492,608.86926,0.33650202,1348.2467,0.14163843,-93.28297,-0.9696366,1704.8739,0.17351669,1005.0051,0.274726,-94.472565,-0.86754465,2771.2908,0.08875074,961.528,0.45533422,-97.3753,-0.8172507,-16.387194,-0.38227332,26.18337,0.28082767,0.06426776,0.36081836,-0.02701272,-0.60613376,0.5932543,0.6520657,24.744043,0.43974227,15.317325,0.7734272,-0.39813775,-42.660454,-7.604736,-1.8512166,-13.056462,21.823112,0.039211966,-0.016454685,0.29104808,2.7571583,2.5641026,0.22749999,0.21303853,0.14826086,0.15247671,-17.386353
36.730457,0.097320184,35.641953,37.1961,38.872086,3.230133,236.55635,252.60864,45.654106,50.929985,0.39912972,0.59032804,0.20904243,0.29499343,0.6157889,0.40674645,3.0271487,2.0509837,1.9933939,0.8777843,0.16674343,0.81610745,28.851294,0.36109474,3.0026245,2.7147436,18.811615,0.78526306,-1.0150903,-11.795025,0.028601155,2.2048364,0.989094,0.73056144,9.549327,0.2889845,10.430727,0.94776064,30.830639,0.3642025,651.97363,0.29229936,1397.4873,0.12253125,-139.41844,-0.6236378,1724.6372,0.13752556,1251.1476,0.32088113,-139.60944,-0.5710328,2760.6978,0.05887055,807.1002,0.3302142,-140.80112,-0.5534386,-20.960907,-0.28525668,29.916685,0.18496013,0.046896808,0.46751466,-0.022685772,-0.7060598,0.2836414,0.4645054,38.67627,0.16912591,6.5381722,1.3123884,7.1639214,2.2822154,-10.064602,-1.3784,-10.734019,14.71213,0.0011753066,0.007923223,0.10294743,1.7497814,1.7574692,0.19399999,0.08575546,0.3731579,0.35865322,-25.67245
31.72215,0.10194546,29.76825,30.75537,32.672775,2.9045258,187.36075,330.71912,66.33211,72.84953,0.9012664,0.5440969,0.47573867,0.7725349,1.2924231,0.8166845,12.74038,10.811764,10.498316,7.077688,0.39548182,0.72747,24.583542,0.44080773,0.7092258,18.789856,9.843437,1.496851,-10.297885,-1.2933475,0.018390466,1.0737495,1.1801802,0.67919374,5.6059313,0.49845338,-1.9825429,-3.005886,18.39753,0.39431646,583.2049,0.34253395,1371.0376,0.14405558,-115.92179,-0.78992265,1617.2212,0.16166939,1072.8556,0.38166904,-117.52953,-0.73778814,2679.577,0.07904174,940.69464,0.32856923,-119.83305,-0.70240885,-11.464167,-0.4834752,20.618002,0.29815307,0.034785293,0.5269635,-0.026266713,-0.45884752,0.52558327,0.505284,29.683647,0.30638313,-0.40978265,-30.617966,13.191744,1.2267289,-18.33207,-0.7310255,-8.6237755,17.377695,0.015926812,-0.010799366,0.2908601,3.7845707,3.079179,0.13761905,0.12686343,0.18368421,0.18871339,-21.27058
33.317593,0.061631903,31.398611,33.86853,34.850502,3.451891,25.677065,13.891827,61.741215,75.40575,1.3145794,0.57449317,0.6778809,1.0385995,2.1095245,1.4316436,14.467843,8.454092,11.757326,5.1796374,0.5938296,0.738731,20.554377,0.54494274,-5.859781,-1.8692985,0.3317983,46.1912,-7.719018,-1.6178715,0.01674392,1.3345119,0.9636487,0.8967048,6.6577954,0.5663131,0.9029822,8.199292,15.97185,0.7883395,708.922,0.37388417,1422.1261,0.2151504,-115.40118,-0.81254697,1703.919,0.16656788,1145.9712,0.27558008,-112.5857,-0.8067453,2713.8384,0.10072429,1014.8802,0.3638855,-115.246414,-0.76378554,-6.260851,-0.801198,18.758926,0.40296057,0.05664699,0.2978735,-0.016213207,-0.9052865,0.8488065,0.51323324,27.60154,0.27781725,-10.76879,-1.0217216,-4.20058,-4.168604,-14.19886,-0.88951343,-4.010744,13.162567,0.032657582,0.00093502575,0.38524738,3.4928849,2.9947917,0.14434783,0.11731882,0.16956522,0.1223494,-17.529356
24.169031,0.066275954,22.635818,24.166311,25.470818,2.834999,115.174644,143.46852,19.834848,12.778202,0.8021656,0.42564023,0.4644513,0.8161672,1.1251247,0.6606734,6.773078,4.499608,6.2341285,4.5435534,0.33554947,0.74928856,17.05628,1.006941,15.750812,0.6820407,2.8411124,4.4323826,-0.35547265,-35.792458,0.017940696,0.7620605,0.975748,0.7846596,4.899056,0.4319058,-5.8036094,-0.7655595,20.83157,0.3063442,504.5195,0.3245978,1311.0153,0.1439075,-120.86857,-0.7539615,1528.8215,0.17459545,1003.80493,0.24969666,-127.32506,-0.65779877,2623.2812,0.09591674,888.4294,0.28422976,-130.22192,-0.6163279,-16.45975,-0.37388074,25.3808,0.25677055,0.01903631,0.84346014,-0.032356177,-0.54550815,0.4485014,0.41570368,29.25325,0.38117117,17.47173,0.5164405,5.5626316,2.8207433,-4.5457788,-3.6329584,-5.53673,12.342924,0.008126821,-0.006960074,0.26167193,3.4770515,2.6610644,0.14526315,0.12596442,0.19950001,0.18364297,-21.48956
24.487043,0.27499178,19.285526,20.513687,31.232151,11.946625,454.12897,521.4059,197.3576,174.36957,0.73698705,0.6067219,0.27126148,0.669333,1.1003776,0.8291161,7.218533,5.0143895,6.9983463,3.9094856,0.55003744,0.8686632,28.141378,0.549276,10.395871,1.023185,4.6068864,3.2130554,0.21278916,52.732803,0.06472595,1.4755778,1.3963846,0.73364186,3.7656343,0.7213447,-0.33328873,-42.110935,35.539898,0.35707578,689.6804,0.2957952,1420.0139,0.14987579,-145.47649,-0.5825476,1768.4417,0.15402329,1101.8641,0.21481454,-149.38382,-0.51763064,2932.1245,0.08671945,995.6133,0.29657918,-152.19951,-0.47991472,-21.317492,-0.4181125,36.248478,0.24679892,0.042563442,0.44185808,-0.026763551,-0.5778023,0.86546504,0.44652846,38.787067,0.20712408,17.518335,0.52991945,0.72203404,24.794773,-5.86614,-2.1764874,-11.061565,23.281013,0.01847375,-0.00034611468,0.43140483,3.2619777,2.7663934,0.09222222,0.10386362,0.2676,0.26329115,-18.515467
32.333374,0.042153165,31.759304,32.504303,33.206963,1.4476585,67.25994,59.49781,2.83643,6.8959846,0.53382933,0.48885694,0.3113542,0.47591946,0.7437964,0.43244222,5.8670535,3.483298,5.8641443,2.934985,0.21892747,0.6826517,24.873842,0.56208944,12.896452,0.8934617,4.9927487,2.8443742,-2.4855673,-5.8615546,0.021120362,0.92084336,1.1418798,0.6754197,7.8397555,0.30013642,-0.55417407,-14.531443,27.004932,0.2758011,585.82544,0.34784675,1391.2332,0.15954927,-103.15453,-0.8709112,1616.9906,0.16579966,1093.8389,0.20946942,-107.69897,-0.7693588,2728.9553,0.07872967,930.0102,0.26231617,-112.0098,-0.70248777,-15.666903,-0.30365083,28.188902,0.2624286,0.05047672,0.30300552,-0.022743069,-0.57392627,0.29275724,0.5355416,32.888474,0.291332,8.607118,1.2104317,5.948359,2.8430257,-10.580304,-1.3741738,-10.685962,18.462425,0.03226857,-0.0030077915,0.14553848,4.810127,3.8560412,0.12666667,0.107061766,0.105,0.045552168,-25.67346
33.69941,0.09595067,32.34617,33.387135,35.371826,3.0256577,192.70872,194.33702,51.752182,62.70024,0.8121068,0.4466079,0.4634805,0.72967774,1.1344789,0.67099845,8.672575,5.9189916,5.892728,3.4937754,0.35998154,0.63779217,28.392384,0.4339367,4.619356,2.0723445,3.963775,3.0017726,-12.700996,-0.6634652,0.024664123,1.6753316,1.0875827,0.6634893,7.4144015,0.40057656,2.9055448,2.6676686,25.420355,0.3031659,624.69824,0.30698958,1448.2628,0.1614,-107.66162,-0.85241413,1655.2135,0.17225498,1161.3157,0.3174792,-110.78835,-0.76212984,2720.4573,0.09109381,926.68274,0.3385069,-113.50793,-0.71999544,-15.630232,-0.31018844,25.367014,0.3069587,0.03360004,0.4855896,-0.030818136,-0.3648104,0.4594259,0.56893754,35.149403,0.25247133,3.2205582,3.2994282,4.8073883,2.813119,-13.923147,-0.66542506,-11.262495,19.086304,0.019016491,-0.020943716,0.26317343,3.4207528,3.440367,0.136,0.14218765,0.13399999,0.1064456,-21.17978
32.886353,0.07481302,30.743504,33.14462,35.42467,4.6811676,22.135057,12.120813,19.833466,25.69699,0.64835215,0.59626204,0.28583258,0.60992795,0.9621235,0.6762909,8.331324,5.4932117,7.814552,5.0500827,0.25884733,0.82396495,23.516489,0.5692793,4.1278453,2.8358529,3.7304463,4.272267,-1.6023526,-7.6387014,0.019687686,1.1300577,1.0905559,0.7671524,7.5830865,0.35284445,2.0950086,4.279722,23.10926,0.44861597,615.4926,0.30684388,1396.6533,0.12012264,-94.02784,-0.98198974,1650.3555,0.13399202,1116.9194,0.28324023,-96.573746,-0.8884824,2711.8567,0.08849334,895.526,0.32478058,-100.63552,-0.816296,-12.528601,-0.5628062,24.367168,0.35619172,0.04534534,0.46256712,-0.019729126,-0.66178954,0.35904446,0.55472404,31.068058,0.31375754,2.3574133,5.2325892,2.0772898,8.525436,-4.088879,-3.5034735,-7.012614,15.2751465,0.02200001,0.0018015492,0.12890849,3.3747783,2.688172,0.204,0.20039293,0.138125,0.16659151,-23.918072
36.373135,0.06951522,35.282795,36.670967,38.16592,2.8831253,317.5971,493.3661,116.01958,178.71445,0.89017385,0.5064946,0.45911664,0.8095486,1.3408028,0.88168615,8.483515,5.4072647,5.7267756,2.9107208,0.4027566,0.68358165,26.10454,0.3650575,0.5105642,28.942131,3.623834,3.1204107,-12.88465,-1.38415,0.022428643,1.7600405,1.0125396,0.61036485,8.051198,0.3717805,9.564429,1.0415403,25.031336,0.35243765,605.92926,0.3719964,1394.0566,0.17128421,-89.0883,-1.0557833,1646.7332,0.15043046,1086.895,0.28939873,-82.35665,-1.0342094,2738.8618,0.114318445,1036.5382,0.33690098,-86.85206,-0.9413176,-12.1847725,-0.5660593,21.994654,0.3145628,0.07100456,0.25057703,-0.023454588,-0.499824,0.50152683,0.54911774,28.647486,0.26447937,-3.5596278,-3.9898653,4.7555933,2.595739,-18.500795,-1.0379053,-11.102258,21.521456,0.054173402,-0.012082537,0.23242727,3.5759897,2.4421594,0.25263157,0.18543951,0.1295,0.16803198,-20.611889
34.159046,0.03075287,33.577415,34.297215,34.888767,1.3113518,64.6429,69.78195,14.274762,9.100004,1.0298765,0.54901206,0.56489724,0.8523819,1.5396429,0.9747457,12.070624,7.417233,10.242885,4.5847282,0.36744598,0.6141546,25.822609,0.5413672,-8.256451,-1.7949598,13.439446,1.0437185,-7.3941245,-1.7222769,0.011765768,1.3264354,0.90857697,0.792722,8.96259,0.27292126,0.49499893,18.997086,14.9153,0.84742993,677.9537,0.4103928,1327.4048,0.20902658,-87.34626,-1.0066397,1689.1228,0.17387532,1020.7221,0.23534133,-83.1519,-1.0146776,2718.307,0.11644876,966.5217,0.29020423,-87.21824,-0.9317565,-8.321114,-0.719447,19.859228,0.37150046,0.043619514,0.38285685,-0.012213885,-1.1490586,0.44319034,0.513624,31.79455,0.3161182,-12.497069,-1.2430333,16.049541,0.96614885,-7.9288883,-1.8375434,-4.820025,13.355842,0.03872277,-0.0025665653,0.24242793,4.1904764,2.8846154,0.212,0.14372195,0.11466666,0.0444022,-19.940851
21.133562,0.30481443,14.603231,18.061659,28.778091,14.17486,203.2003,134.4902,252.94531,404.02048,0.30933446,0.35338378,0.21578187,0.293249,0.3936631,0.17788124,1.5989478,0.8653845,1.3098931,0.5492739,0.16102058,0.68655956,26.195515,0.4277227,6.906265,1.0070472,19.501343,0.47978914,6.607201,1.5302718,0.07994807,1.4540174,1.5669354,0.61594504,3.1163204,0.756276,9.6311035,1.8079422,26.459873,0.5518699,663.22406,0.43294883,1391.3004,0.17088427,-168.56789,-0.37527257,1701.3162,0.15789166,1127.1381,0.2762364,-168.95894,-0.35785443,2771.888,0.10992709,1001.38904,0.28020674,-169.6488,-0.34869903,-19.98815,-0.18937089,29.79869,0.16525662,-0.0070688752,-3.5237749,0.0022614726,5.7089305,0.16009043,0.5789579,30.580473,0.23745604,10.488531,0.45376936,25.733122,0.4171479,9.817951,0.87299234,-14.20859,24.071663,-0.008825179,0.0017040783,0.16251522,2.4279213,3.2110093,0.050952382,0.030222153,0.25149998,0.31092244,-32.06345
37.18474,0.20428632,31.894217,34.888203,41.069805,9.175589,115.50807,126.79562,79.23681,81.387764,0.9318723,0.42106423,0.5380998,0.9265931,1.2927545,0.7546547,5.635815,3.4626045,4.9529963,2.8700757,0.30480775,0.5721406,13.356006,0.91892135,9.944537,1.0017625,-1.0693676,-11.508805,-7.2953277,-2.0169635,0.028156849,1.2710087,1.1635112,0.6666893,7.1061487,0.5275315,4.827451,2.080399,19.43135,0.64739037,681.705,0.29397106,1344.4238,0.15206113,-103.752884,-0.9030062,1710.2573,0.12793663,1018.7633,0.26810798,-100.151596,-0.86946356,2800.8499,0.08003187,833.7417,0.40374956,-101.04304,-0.8384291,-14.165334,-0.3991898,22.757887,0.29447493,0.050439056,0.45031828,-0.027227428,-0.6163011,0.37162,0.45323437,18.071468,0.54717153,8.910684,1.2028582,-3.1475956,-4.2195168,-13.561817,-1.1400756,-5.9297385,12.260222,0.03126084,-0.009660918,0.22587709,2.9882605,2.8969958,0.18296297,0.21954186,0.15875,0.13608553,-21.061846
23.729471,0.049298275,22.514894,23.898293,24.837936,2.323042,37.28687,52.410713,13.143019,6.370308,0.5099302,0.6419592,0.20194387,0.4678831,0.78767353,0.58572966,6.6685357,3.8090315,4.629076,2.4175138,0.21032456,0.8498505,30.516418,0.45128602,-0.642316,-12.866194,12.774081,1.0243093,1.1919963,11.024168,0.01933437,1.0483247,1.2233835,0.6616297,4.3515115,0.44780096,2.0377557,2.702988,22.898241,0.33032417,615.10376,0.42629364,1357.2833,0.13810836,-99.80849,-0.91881716,1618.6262,0.18451113,1088.9287,0.22709785,-104.07438,-0.8374569,2650.0469,0.13149975,1000.29614,0.29807356,-108.80298,-0.76151866,-15.208408,-0.31003326,25.82493,0.21829988,0.020242987,1.1210017,-0.018968401,-1.1425306,0.30147868,0.5833346,39.840027,0.21263744,-0.78252524,-11.737692,12.58987,1.1059365,0.89757615,15.72076,-7.6889324,16.987522,0.0072442545,0.0074396646,0.10976613,3.5906644,2.3550725,0.21615385,0.16122314,0.17428571,0.17090991,-24.667397
32.73011,0.05979483,31.465425,32.66228,34.561783,3.0963573,145.24197,172.92998,-12.931992,31.985554,0.84991455,0.51153487,0.49589923,0.7126165,1.1770536,0.6811544,9.645058,6.80586,8.373257,5.2639756,0.38115636,0.6596918,25.310093,0.39001286,1.8629751,5.9288692,4.196584,2.5642784,-6.806323,-1.6881787,0.015331996,0.806715,1.1660712,0.79865336,6.278838,0.45877323,3.8486981,1.4900173,22.98217,0.3624602,702.1458,0.32074758,1510.1703,0.15574929,-126.89985,-0.71027124,1616.0864,0.111069225,1225.6621,0.21169125,-125.17403,-0.7086624,2749.2393,0.1077366,990.8126,0.5774635,-129.59018,-0.6427452,-8.512678,-0.98939866,22.188454,0.32881102,0.025950434,0.5728842,-0.010169325,-1.3928688,0.5704687,0.51817894,30.804615,0.19925548,-3.6366458,-3.190939,2.6523366,5.0892797,-12.4216385,-1.1096218,-9.44586,19.005,0.006275743,-0.007077446,0.26350498,3.4416826,3.0888033,0.118125,0.1124288,0.17411764,0.1559811,-22.269445
21.584936,0.083572954,20.404186,21.420586,23.594082,3.1898956,48.83643,62.835793,20.296698,10.260364,0.4995239,0.7246858,0.12822436,0.46696746,0.7667306,0.63850623,6.9878974,4.585866,5.972113,3.0732956,0.22494757,0.94803816,23.936502,0.56780815,10.583878,0.9637264,12.855324,0.93185,-2.9962208,-4.1671133,0.017314868,0.84638846,1.3610784,0.7479891,3.6865647,0.49030617,8.578592,0.8007831,31.004631,0.26048467,558.19855,0.3826695,1312.1761,0.116232514,-120.13399,-0.74955064,1586.0355,0.19533892,1068.5708,0.22857095,-125.699974,-0.6636865,2658.9285,0.12674426,926.3893,0.26792026,-129.7457,-0.6067147,-17.244463,-0.35839567,28.876427,0.23823911,0.011928598,1.8298303,-0.017117325,-1.3484048,0.37426612,0.5796815,34.238693,0.2823334,16.350407,0.44821903,7.8880496,1.7512321,-5.1447563,-3.1781766,-8.373167,16.990221,0.024595,0.009977767,0.12018791,3.2258065,2.910959,0.13529411,0.12252815,0.1772222,0.3209154,-23.60374
35.634853,0.07210422,35.216583,35.954456,36.596024,1.3794403,14.174045,7.0411563,-2.9631927,20.974747,0.67208725,0.6465224,0.30881652,0.50115496,1.0616776,0.752861,9.662663,6.843767,10.033855,7.8579235,0.25299618,0.7557052,21.195166,0.5005825,6.6312475,1.991883,4.2392154,2.6863217,-5.263558,-2.0955424,0.013817192,1.2738509,1.0374782,0.9411298,8.669864,0.34710306,6.03897,1.2726834,19.438372,0.43146598,609.0005,0.32078344,1412.1752,0.13470705,-129.80641,-0.6887592,1671.9215,0.14208476,1118.9655,0.32026285,-127.00998,-0.6754045,2658.1736,0.10339391,1092.0693,0.40512162,-128.35689,-0.6551633,-11.479799,-0.5987315,19.046206,0.37959915,0.053320255,0.35194838,-0.020381365,-0.6722594,0.390926,0.51659346,25.70614,0.32808954,-1.313109,-11.17089,4.6860948,3.301396,-10.483521,-1.2815442,-11.662261,19.041538,0.026690587,-0.015434774,0.16225326,3.5573125,2.9177718,0.12772727,0.13697815,0.18608695,0.2092583,-24.49694
36.61261,0.09658882,35.580658,37.275406,38.593998,3.01334,325.54324,471.2617,57.40537,75.66495,0.5765939,0.5634942,0.24912408,0.5458691,0.843484,0.5943599,6.8835573,4.2533216,6.996848,5.95656,0.22163793,0.9208266,17.032465,0.8631973,12.002296,1.067496,2.7821429,5.4270983,-0.7717269,-16.634054,0.029773453,1.8976425,0.9665256,0.87414294,9.637342,0.36158746,5.80157,1.5335407,23.281397,0.3930202,700.27374,0.2754958,1318.2115,0.14333375,-114.50023,-0.78530717,1787.5013,0.14697331,964.4254,0.33676615,-112.49135,-0.7441098,2850.6597,0.081917785,878.314,0.3658428,-114.48512,-0.71164006,-15.649624,-0.45591184,25.33654,0.3217223,0.049153794,0.43877572,-0.022645537,-0.6579816,0.3065212,0.6104146,26.437204,0.39272097,8.517688,1.7380134,0.66670936,27.557196,-5.892989,-2.4837554,-7.766923,15.752885,0.017738841,-0.0006124424,0.13907447,4.072398,3.0395138,0.156,0.1455129,0.1605263,0.2263782,-24.40143
33.248558,0.103002265,31.018768,32.146244,34.62112,3.6023521,92.403244,130.92082,148.05005,246.90056,0.6510413,0.6338354,0.3676617,0.46858272,0.898384,0.53072226,5.9317937,4.180702,3.1615126,1.834958,0.2643874,0.97024184,25.088205,0.30251455,-10.514615,-0.74436665,7.220724,1.4070165,-6.879325,-1.5145992,0.018317811,0.91292167,1.1872082,0.5531376,6.2921505,0.50062335,10.683396,0.6627321,23.944437,0.33777142,667.8036,0.398407,1334.4141,0.17502873,-148.08566,-0.56142503,1659.7408,0.16536716,1097.7742,0.32446504,-143.84483,-0.57164747,2744.066,0.105349064,919.8153,0.28575635,-145.85747,-0.5434522,-10.676681,-0.62399054,21.40173,0.322222,0.05614415,0.29424128,-0.011299724,-1.3195256,0.50563043,0.563714,31.665213,0.22636488,-6.002636,-1.4742233,8.439567,1.6717819,-8.3152485,-1.9211059,-4.4029684,15.068281,0.04011469,0.00068952376,0.15786256,1.5393724,2.0190024,0.14264706,0.092523724,0.36322582,0.45343405,-23.577072
34.803085,0.06813705,34.306965,35.32858,36.211372,1.9044075,137.08487,136.51424,57.17961,112.14779,1.1281527,0.4909507,0.70122474,0.9568896,1.5528936,0.8516689,9.370383,4.690021,9.50157,5.1435075,0.4984162,0.5414884,26.612045,0.41268903,-1.191476,-9.78444,2.4303298,5.5115705,-5.7441688,-1.8640032,0.01938845,1.4246644,1.16681,0.6589033,7.4178324,0.42668447,4.001271,2.46683,21.80861,0.5820201,618.80237,0.37236428,1430.7858,0.18303646,-77.3314,-1.1520566,1627.0903,0.14691243,1143.0188,0.3183944,-73.85946,-1.1011577,2687.5464,0.102337405,1005.2546,0.3724358,-78.77565,-0.98998904,-11.2207155,-0.5061113,22.481882,0.27974048,0.066066176,0.25271603,-0.014182796,-0.7465153,0.5617538,0.48060054,29.691708,0.30248088,-3.0154908,-3.705832,1.1396729,12.247933,-7.5279474,-1.4830968,-9.90509,18.735659,0.056004,-0.0068488712,0.36767375,3.2258065,3.5603714,0.18173914,0.12324073,0.093684204,0.06123385,-18.586008
33.442966,0.05969759,32.033955,33.306984,34.69011,2.6561546,28.218807,14.824795,216.424,478.62167,0.83300173,0.5985342,0.34521437,0.72126883,1.3079157,0.9627013,10.12801,5.956676,10.932544,7.028293,0.38366172,0.8170128,24.94772,0.6583673,3.7146578,3.1393466,8.071602,1.7352482,-8.302379,-1.7941238,0.017488236,1.5575224,0.82239115,0.99631256,8.359637,0.2829487,3.9273522,1.5630921,29.469717,0.29691443,630.1509,0.30745924,1429.3059,0.13524686,-117.157776,-0.7929098,1673.0687,0.17179073,1098.8696,0.3054626,-121.527916,-0.708683,2810.4148,0.08297897,889.18616,0.30988702,-125.456505,-0.64940727,-14.158844,-0.4159514,27.71107,0.2710016,0.035601187,0.52401114,-0.025227528,-0.55356115,0.6108423,0.48725942,37.991215,0.26132017,0.19141826,62.00099,5.0641456,3.4227185,-19.412132,-0.69535875,-8.178771,16.373363,-0.0027057047,-0.0016485077,0.21077049,3.953148,2.5073748,0.16529411,0.095123306,0.20111111,0.2469118,-19.766685
33.985764,0.087487996,33.113922,34.137234,35.51194,2.398018,36.4964,42.745026,113.705864,127.332924,1.1305802,0.55263066,0.59668696,0.9406652,1.7231034,1.1264164,13.651666,7.9117136,11.713443,6.5690494,0.5661771,0.7301351,27.905489,0.48905343,-4.116191,-3.238383,6.319161,2.0406563,-12.995298,-1.1424127,0.021183651,1.8382667,0.8664701,0.8175142,7.873143,0.38885275,1.3401691,5.863928,23.144442,0.31494498,607.1746,0.30790716,1500.2666,0.16323066,-105.57485,-0.8787144,1634.902,0.15413068,1143.973,0.31438413,-104.333244,-0.8367263,2672.2463,0.08940014,941.5282,0.35719305,-108.24957,-0.7702672,-12.438288,-0.4586639,22.574678,0.29407975,0.062645204,0.2514296,-0.02640909,-0.48969868,0.7718447,0.58111155,36.397568,0.20003867,-7.844021,-1.601949,8.006969,1.8397266,-19.630718,-0.76650995,-8.3454485,16.321367,0.04097331,-0.009793157,0.35496622,4.0559444,3.3802817,0.14458333,0.16710724,0.14136364,0.15445784,-17.612787
35.69203,0.06970685,34.023647,35.87878,37.80116,3.7775116,139.0727,226.97195,201.62518,293.94104,0.6175774,0.4564671,0.3650409,0.5610034,0.8600786,0.49503767,5.9042754,2.4796178,4.188789,2.2980995,0.24253607,0.6646145,20.809465,0.4512021,3.262499,4.0545187,8.38666,1.3920302,-6.2292376,-2.3151438,0.019363873,0.70019305,1.1735728,0.55282074,5.911072,0.4221274,4.5986404,1.6903707,20.674622,0.3822397,720.94104,0.29429004,1382.0063,0.16554992,-129.4054,-0.70136595,1785.7804,0.1248871,1041.3336,0.2813013,-123.92628,-0.6925701,2770.5486,0.100300044,951.6017,0.283317,-124.59687,-0.68155825,-11.337958,-0.43173644,18.73301,0.37524056,0.051427457,0.34447253,-0.024439586,-0.43571272,0.33886558,0.49824768,26.42634,0.22925697,-3.369764,-3.9605885,6.286991,2.114815,-16.2788,-0.77602994,-9.785693,16.57769,0.032904014,-0.012166598,0.18045424,3.6247334,3.8793104,0.096111104,0.09000857,0.1336842,0.12803005,-26.782915
32.71874,0.054604936,31.555542,32.4486,33.805164,2.2496223,61.364,53.32293,15.312956,13.936828,0.52425253,0.44569808,0.33195245,0.4581419,0.7261919,0.39423943,6.2547307,3.2410126,4.626859,1.9652046,0.23713881,0.5413494,25.635605,0.31390846,10.243448,0.8598098,3.5538068,3.1657465,4.1450906,2.591442,0.018827938,0.74627703,1.170356,0.5819419,6.8424325,0.3467478,10.563962,0.7074385,27.50751,0.88484037,625.2532,0.40003827,1452.5381,0.15811715,-121.233025,-0.7412634,1671.8053,0.16015911,1165.6324,0.31794336,-122.20378,-0.68661135,2733.7402,0.11307382,1057.573,0.377201,-124.967926,-0.6476409,-14.704678,-0.3998851,25.711126,0.23636894,0.03731327,0.5561312,-0.011369189,-1.276657,0.31487077,0.39789987,28.03416,0.21375835,8.686001,0.94571275,3.2835405,4.291881,-0.29665282,-44.527153,-13.577306,22.051565,0.012507189,-0.0051250346,0.1834908,4.6040516,4.089219,0.09636364,0.058740214,0.13285714,0.1394596,-26.212782
31.206627,0.09291002,30.449675,31.648392,32.7988,2.3491268,174.45447,127.48322,132.50655,290.26282,0.52973956,0.44594896,0.31668603,0.49211654,0.7278482,0.41116214,4.377326,3.1724794,3.5441377,2.4177942,0.20580648,0.5644896,24.461098,0.6012336,11.134235,0.99635166,14.881633,0.8328797,2.840145,3.6904545,0.035216432,1.9948994,1.2155802,0.79020697,7.130127,0.3687934,8.496073,0.75698537,28.502579,0.28853428,563.9214,0.3046544,1433.9089,0.11170903,-116.827934,-0.7739013,1631.2789,0.12959723,1185.5372,0.34209225,-122.06792,-0.67478925,2695.657,0.08530138,993.2171,0.33072454,-124.55078,-0.6398748,-18.264776,-0.36511338,28.95655,0.25030115,0.020192998,0.73944944,-0.01589785,-0.77251244,0.2690999,0.42047274,34.49218,0.19630696,10.25703,1.026569,16.848745,0.82197315,-0.74321216,-15.503414,-10.075688,18.354927,0.0047252537,0.0021173279,0.15494299,3.1088085,2.7083335,0.15807693,0.11848464,0.19759999,0.18957382,-25.9978
32.906086,0.054170396,31.489365,32.847866,34.462257,2.9728928,57.572063,70.86803,19.987055,8.763468,0.7996917,0.5714538,0.34617054,0.69897485,1.2758491,0.92967856,10.752779,7.884816,8.928264,7.565436,0.3208146,0.8772184,17.599472,1.0223658,9.343727,1.4773873,2.153162,6.310246,-3.4751472,-3.8436415,0.016419793,0.8228584,0.9652205,1.0367405,7.8124557,0.38323954,2.616132,2.2902832,27.028337,0.28968045,606.40094,0.29865792,1374.1436,0.13656464,-125.86326,-0.73171455,1645.4279,0.16042669,1042.422,0.28561488,-128.79001,-0.66877854,2774.0767,0.08628837,902.24274,0.33564955,-133.05043,-0.60689014,-12.507066,-0.5310582,25.740025,0.35988668,0.048174717,0.38854778,-0.02750835,-0.5375727,0.53243953,0.4981504,33.117847,0.36295292,3.157436,4.4475923,-1.6597332,-9.888174,-11.359021,-1.2731553,-5.9472885,12.098526,0.014574675,-0.008615313,0.18549436,3.7667074,2.0782397,0.18058822,0.12007207,0.27941176,0.32594603,-21.456787
32.857376,0.06819304,32.34473,33.355637,33.896793,1.552063,43.1548,37.678123,7.1486897,2.9551017,0.4022712,0.60732836,0.18365666,0.32798526,0.6186953,0.43503866,5.517872,2.72317,3.892837,3.4358513,0.15797248,0.7718893,26.876406,0.42612296,9.574173,0.9968376,12.073256,0.9197498,-3.536024,-4.557211,0.018265497,1.4202487,1.0802904,0.65114754,7.816793,0.32457647,5.537061,1.5619614,33.20866,0.18633257,648.37195,0.27219012,1430.9156,0.15457512,-130.72606,-0.69621646,1702.3142,0.12510702,1051.2499,0.29216087,-133.54097,-0.6307242,2826.7827,0.0706626,940.3869,0.37669894,-136.79092,-0.58504295,-17.269312,-0.30363497,28.601778,0.25228196,0.05725292,0.23551607,-0.029345026,-0.51818234,0.26437235,0.45763454,34.83814,0.27937102,7.983763,1.2814813,7.7662296,1.7292701,-18.673473,-0.83943915,-13.358466,20.828114,0.031386293,-0.002299955,0.095731825,2.5367157,2.016129,0.17533332,0.13375932,0.2993333,0.36732304,-27.808748
32.864433,0.12343459,30.506994,31.522636,34.5724,4.065405,105.90785,105.96864,72.93712,67.15187,0.861035,0.5550901,0.44622073,0.7474943,1.268425,0.82220423,10.543271,7.935781,8.880396,5.9464283,0.4284021,0.8429708,25.126057,0.47253114,7.5177,1.7344761,1.985743,6.687308,-13.237033,-1.1204941,0.019977039,1.3654975,1.1308029,0.74123216,7.1350284,0.4185725,0.1577925,76.48845,24.329967,0.5017183,636.71466,0.3411615,1426.6271,0.14641175,-89.72011,-1.0604492,1692.9009,0.14144227,1045.5706,0.32567966,-92.3246,-0.93429,2756.3462,0.08288283,913.96295,0.31189874,-95.2242,-0.88027275,-15.659736,-0.35516533,25.38834,0.31030908,0.07488468,0.24429068,-0.03666594,-0.45564848,0.5563187,0.7526086,29.290781,0.3370628,4.5986986,2.9627757,1.9393119,7.750581,-18.964497,-0.8173601,-13.124988,21.772474,0.057070445,-0.020876126,0.2589492,3.5450518,3.7313435,0.146,0.116344325,0.10583333,0.09384902,-19.177387
26.13215,0.044261385,25.181057,25.997826,26.771032,1.5899754,14.907629,7.6058145,23.432487,15.1913,0.5379859,0.5196587,0.3004818,0.4763607,0.8009287,0.5004469,5.937392,2.5310466,4.649136,2.0381153,0.21075271,0.67566377,24.186224,0.5655687,11.607109,0.81126094,8.353586,1.0330733,-7.9951367,-1.2063948,0.016582184,1.0465165,1.0507708,0.6943474,5.6577024,0.3420025,-3.8815885,-1.1753225,23.18187,0.5429014,582.11316,0.3431677,1358.1791,0.13030499,-106.95619,-0.8771382,1620.7211,0.1417424,1164.3113,0.318177,-114.65675,-0.75010586,2698.0322,0.09186608,989.0008,0.37417117,-118.23023,-0.6956198,-17.177595,-0.25365454,27.460556,0.19946107,0.05361675,0.29917073,-0.031963646,-0.4977072,0.31037995,0.43511027,33.79812,0.24195974,10.753895,0.86381084,5.598116,1.6402475,-11.292836,-0.9741672,-9.003897,16.039577,0.026578553,-0.00945684,0.12333739,3.550296,2.5896413,0.17615385,0.13223162,0.19,0.14517893,-25.012686
32.505795,0.05761106,31.330925,32.58872,34.01319,2.6822662,72.73286,85.79668,55.464108,65.64682,0.52901506,0.45835945,0.3033551,0.50343895,0.7485867,0.44523162,6.575417,4.523829,5.069726,2.4780474,0.18897833,0.68544155,19.427158,0.75918525,8.817497,1.217283,8.839908,1.2579165,-3.503825,-3.5724409,0.026096642,0.9194564,1.163282,0.70913744,6.932403,0.36813012,9.5227995,0.7415073,31.137774,0.26925468,686.30457,0.25518626,1468.3656,0.14763756,-128.01724,-0.68801594,1740.2975,0.119674444,1094.0931,0.32401147,-130.28339,-0.6302905,2814.726,0.08648513,900.27954,0.3256546,-132.13521,-0.60422647,-16.257053,-0.35122585,25.456377,0.33858326,0.05732374,0.2832573,-0.026746646,-0.4217497,0.26255128,0.55009234,30.654606,0.2813348,7.4931045,1.454268,8.75359,1.2507682,-11.983205,-0.93967175,-7.3874774,14.011672,0.03737565,-0.006224935,0.14568081,4.506066,3.5149384,0.102,0.07922121,0.17052631,0.15948845,-27.69009
33.053288,0.056085154,32.200943,33.107437,34.551174,2.3502312,23.929365,31.438135,29.18743,12.455403,1.0826466,0.45405006,0.6240294,0.94178957,1.5648506,0.9408212,11.060847,7.372988,8.432197,4.7420235,0.4963449,0.58057594,20.491377,0.50203145,8.941332,1.5523634,0.54813313,23.75136,-3.8889458,-3.038981,0.015701456,1.4774166,0.95510036,0.64711046,6.7117324,0.40819457,3.0042121,2.704029,18.373068,0.6276592,587.1566,0.31830284,1373.1981,0.17886981,-107.604126,-0.85991704,1642.9498,0.14577055,1069.4194,0.25396523,-109.21645,-0.803605,2630.693,0.08475687,969.88513,0.27986866,-110.8805,-0.77591944,-11.534672,-0.67020816,19.141489,0.41643482,0.03622412,0.56006825,-0.02675531,-0.58689773,0.6398915,0.4346667,23.965029,0.3600262,3.6389453,4.301732,1.1948516,12.438871,-4.5952168,-2.9704628,-11.675633,19.261057,0.02165085,-0.022126108,0.35847676,3.806735,2.9498527,0.159,0.15158826,0.16,0.179722,-20.142147
34.433067,0.08186951,32.835155,35.095116,36.33999,3.5048332,169.52728,229.8568,62.416225,100.8015,0.7128147,0.6043938,0.34433094,0.6012693,1.092992,0.74866104,8.047268,5.4594235,8.968847,5.307725,0.30824372,0.70824105,25.129887,0.40633005,8.496444,1.3891381,9.046413,1.6131445,-5.99718,-2.2781675,0.01685011,0.895794,1.1077139,0.6407011,7.9005113,0.3968718,7.5913277,1.1534468,26.372501,0.34082994,609.44104,0.31931227,1465.5798,0.14344425,-91.88808,-0.98768586,1672.9476,0.122536026,1141.8923,0.30968836,-95.94304,-0.85669136,2714.8696,0.102361575,1047.8181,0.3551721,-99.056625,-0.8040838,-14.823041,-0.3618443,23.974264,0.3202296,0.06702106,0.22595525,-0.022100566,-0.49107826,0.38599002,0.5752906,28.797075,0.3124667,5.6174655,2.3256655,9.914567,1.7110269,-11.993626,-1.1744574,-13.101175,20.954967,0.0485713,-0.011539478,0.20542502,2.977233,3.886926,0.14090909,0.13456695,0.10894737,0.10207812,-22.398102
31.775198,0.17792098,26.541271,29.462685,38.208065,11.666794,212.52513,344.58472,61.580853,81.18166,0.78963566,0.46753985,0.46809107,0.75892454,1.0650121,0.596921,7.5019135,4.373442,4.3588057,2.1731226,0.45324484,0.78213334,26.400375,0.45626545,11.46705,0.9366764,4.168258,3.304019,-2.6768005,-4.901365,0.022341829,1.0471485,1.2507209,0.6337704,5.685899,0.46842897,3.7874331,3.1126814,25.115294,0.6395106,619.1581,0.31019586,1356.2819,0.16466844,-104.96863,-0.891395,1666.5682,0.13088347,1073.722,0.28860545,-109.82633,-0.7771879,2724.7107,0.097554795,874.2433,0.3931998,-113.003174,-0.72635144,-17.440498,-0.37428802,26.531473,0.28433263,0.032618042,0.75527185,-0.02961172,-0.6046901,0.5145425,0.62907785,30.567503,0.29409477,10.4158945,1.0910388,4.597951,3.431136,-7.0322256,-1.9403379,-12.866876,21.498995,0.01634789,-0.013806437,0.38913223,3.2138443,3.237858,0.14653845,0.15452015,0.14153846,0.11179282,-20.029966
31.555584,0.121460736,29.404202,30.7269,32.907677,3.5034752,77.660286,64.33904,53.657677,52.808342,0.58641726,0.45383486,0.33265036,0.5535372,0.8256341,0.49298376,3.1876361,1.5500273,2.9414759,1.7154672,0.23436932,0.7409464,24.574451,0.5042257,16.65459,0.61135626,6.5709205,1.7569692,-2.2415438,-5.2444124,0.022511665,1.6092259,1.0129629,0.76630604,7.314138,0.36047676,1.1266541,9.922098,30.145042,0.3945721,633.8987,0.26840633,1402.5703,0.15498835,-90.87253,-1.0191525,1742.5016,0.11019221,1145.2349,0.28488377,-99.74846,-0.83244085,2796.5479,0.081223495,1014.8911,0.33710545,-103.31291,-0.7763117,-20.897635,-0.29016936,29.14722,0.24318375,0.05827345,0.29902235,-0.032179877,-0.49932107,0.28485084,0.55219924,31.231962,0.2715525,18.55298,0.54524463,4.8727417,2.7544453,-5.596002,-2.2522511,-11.485839,18.357466,0.044110347,-0.01155569,0.16738899,2.417189,2.2482014,0.24799998,0.26902786,0.19130434,0.19451846,-23.153418
34.47898,0.063483715,32.973274,34.24796,35.519592,2.546318,39.07549,30.271955,100.54487,155.2213,0.9260296,0.5875905,0.37719798,0.85710055,1.4252645,1.0480665,10.404994,4.812035,10.060531,6.2368326,0.51891845,0.8679835,24.273443,0.60160935,7.689356,1.4631326,6.576751,2.0023584,-6.3121777,-2.1428258,0.01891197,0.9288243,0.81909513,0.78479,8.324026,0.34096113,11.53124,0.7184093,32.94939,0.32289532,631.74817,0.35065,1478.5797,0.17936134,-116.25494,-0.8067982,1671.9451,0.15597188,1038.7349,0.2649756,-116.069664,-0.7547532,2804.6118,0.10904674,949.1208,0.33834767,-120.57432,-0.68605393,-16.035406,-0.45921513,28.613827,0.29288706,0.053642962,0.31629583,-0.02454258,-0.5631796,0.74833435,0.5996788,32.09861,0.2926723,5.0129733,2.2956855,1.6658967,8.878265,-12.702114,-0.99753445,-10.916701,18.659784,0.016828088,-0.010089947,0.32538897,3.6339166,2.4390244,0.18055555,0.10394829,0.20833333,0.15861377,-18.177837
33.841717,0.17042716,27.85583,35.885822,36.99381,9.1379795,250.46281,134.7841,71.025795,55.97082,0.62327,0.37208292,0.4399048,0.58145213,0.81136024,0.37145543,4.8574786,2.9067416,3.3885765,2.0442405,0.28989425,0.53212744,26.525522,0.3052679,10.548239,0.8538928,2.248353,4.9317756,-12.183642,-0.8928401,0.05610638,1.4444958,1.529125,0.47003597,5.1540947,0.5503913,9.054691,1.2789592,28.976265,0.2622699,714.6779,0.22451921,1361.9084,0.14452122,-97.991455,-0.9312695,1776.964,0.115132876,1097.4874,0.25722894,-102.988335,-0.8041489,2836.8647,0.070806354,918.8383,0.38133246,-106.29345,-0.75167936,-17.319578,-0.30043295,27.461504,0.24126668,0.051683757,0.32616574,-0.031855334,-0.39405772,0.31665483,0.437779,29.407799,0.2307621,9.272629,1.0007398,0.22775415,47.9756,-16.097454,-0.66200227,-15.165997,23.44215,0.04255562,-0.023159083,0.2615703,3.8727524,4.456825,0.111875,0.113176785,0.09451612,0.06588547,-25.152388
36.07814,0.027885586,35.22392,35.97672,37.003925,1.7800064,37.093662,36.198483,9.421688,3.5935285,0.9412183,0.5095109,0.4502442,0.8185417,1.4261651,0.9759209,11.316459,7.1763706,11.363287,8.779505,0.37955055,0.60990816,20.359531,0.54955596,2.2701173,6.464646,7.6061726,1.6125526,-7.017565,-1.908182,0.014708016,1.0706605,1.0843365,0.7741523,8.759592,0.29004416,6.634399,1.5637451,18.131739,0.36415097,579.9466,0.37033656,1436.4471,0.14478764,-130.61171,-0.68825364,1600.7291,0.1461781,1051.5879,0.27274978,-119.078606,-0.748033,2633.0276,0.092703,1106.915,0.39555454,-121.35556,-0.71312433,-9.035332,-0.53090835,18.513206,0.34420192,0.059283536,0.28820297,-0.017623298,-0.54788697,0.49708468,0.4552723,26.181892,0.33134001,-8.105425,-1.8493735,10.889716,1.3012915,-16.907393,-0.753602,-9.810992,18.309223,0.033941206,-0.009745226,0.29283556,4.085258,2.329749,0.17846152,0.106759705,0.21357143,0.27580032,-21.861126
37.957916,0.053156868,36.95252,37.96881,39.17349,2.2209702,216.50136,363.49814,25.242382,13.535412,0.5857486,0.469577,0.3244876,0.5170556,0.85508704,0.5305995,7.515964,4.3420944,4.3783126,2.3041875,0.22166914,0.72410655,16.885958,0.6500366,14.513541,0.5557833,3.0527554,3.9783714,-21.698666,-0.6619311,0.019488163,1.4481132,0.96344143,0.7861172,9.793701,0.27846247,10.990019,0.79669124,32.126667,0.22614628,697.1623,0.25788575,1413.0051,0.14464056,-109.61622,-0.8413283,1775.5105,0.14121594,1162.1183,0.28565475,-108.848465,-0.76261693,2843.459,0.06788096,869.75616,0.31923193,-111.40956,-0.720828,-15.319116,-0.39918774,22.55502,0.3308659,0.051363714,0.384396,-0.02933896,-0.48177725,0.30333647,0.49939662,24.537216,0.3324787,14.264334,0.704513,-1.1016625,-12.2793,-29.790403,-0.4517005,-4.103058,6.903746,0.021046866,-0.0044137533,0.13227929,3.5063117,2.542373,0.19888888,0.15538083,0.17333333,0.16326529,-24.669233
30.990604,0.11869926,28.766644,30.049496,31.81167,3.0450268,99.35083,121.99978,36.676594,35.6255,0.69921386,0.5629694,0.3541001,0.5849502,1.0212749,0.6671748,8.137446,4.537707,6.4924536,5.4800878,0.3001659,0.7593984,27.415756,0.43824762,8.158861,1.2615472,6.1886315,2.1583524,-3.0645626,-4.064492,0.019754883,1.9821378,1.0650218,0.6685221,6.3498063,0.3473847,5.9875093,1.3112649,27.677925,0.32193276,646.58356,0.31833985,1409.6117,0.1550902,-99.93185,-0.9207,1687.1697,0.16525894,1143.6926,0.29878727,-102.50461,-0.8333335,2742.0554,0.09630272,1103.6498,0.37319252,-107.36585,-0.7539676,-14.660445,-0.45067912,26.664354,0.24976836,0.025335917,0.8107448,-0.01776298,-0.8525123,0.38533282,0.60526013,33.32389,0.20873874,6.9273076,1.5626631,3.4449213,4.5580626,-5.8987308,-2.2271385,-11.802481,20.763391,0.017581157,-0.0029391607,0.2018101,2.986858,3.2490976,0.1574074,0.12243191,0.14541666,0.10128256,-22.796139
33.253593,0.09038111,30.851822,33.801785,35.504898,4.653076,68.51993,119.617195,29.833254,19.05139,0.9986712,0.51063085,0.4464043,0.9722393,1.4642072,1.0178028,13.932186,11.787785,12.255098,8.267458,0.39127845,0.7571737,13.765498,1.207275,9.363354,1.3895437,3.7869189,3.593493,-4.4734063,-3.1610584,0.013804268,1.2955945,0.9797899,0.9183131,7.6933107,0.4260946,4.832341,1.3282334,20.406603,0.40731776,663.1464,0.36134312,1438.3191,0.16423132,-109.521164,-0.83845234,1714.2974,0.16267373,1126.1273,0.3664971,-109.9279,-0.7893147,2718.5298,0.104748026,1058.6917,0.5030485,-111.47753,-0.7632456,-10.089072,-0.6919991,19.434534,0.44402698,0.059301753,0.30571595,-0.020522738,-0.7477537,0.5390095,0.55361867,23.212318,0.50667584,5.5570216,2.8194993,4.0934653,3.8774278,-8.633208,-1.9362448,-4.288674,11.582691,0.04634852,-0.0061513875,0.25190032,4.197901,2.887538,0.1631579,0.118767895,0.16210525,0.14862806,-20.666094
30.16573,0.17073342,22.86262,33.13867,33.927704,11.065084,256.2548,275.4701,266.46054,418.1349,0.5425633,0.6920749,0.2208045,0.43250832,0.87982845,0.65902394,8.59625,5.8675466,5.766528,4.03375,0.24377987,0.9211623,25.222216,0.51342064,8.026278,1.1940707,10.014512,1.1868491,3.1929522,4.00879,0.06686912,1.8426955,1.3481823,0.7425633,6.4564204,0.5855774,8.541896,0.8586612,29.814297,0.22653781,589.5249,0.39477906,1452.5745,0.17041707,-137.91202,-0.6542663,1653.8562,0.14886814,1103.0944,0.30123103,-139.99765,-0.5949692,2722.427,0.10697446,995.19446,0.34023967,-141.7689,-0.5701508,-16.170267,-0.41189647,25.294195,0.259953,0.040664304,0.42327034,-0.015760133,-0.8136401,0.43166447,0.5297318,32.59545,0.31483933,5.8097577,1.8580098,10.438511,1.4939587,-3.263067,-4.5815096,-12.013531,17.875298,0.0015795283,-0.0006988518,0.15431745,2.4360535,1.9607843,0.159375,0.10597575,0.329375,0.4428525,-23.597567
32.977604,0.047918107,32.32414,33.319073,33.718636,1.3944969,3.7252839,13.505141,14.55289,7.6907506,0.74882376,0.41710827,0.4744726,0.76348114,1.0255224,0.5510497,9.585356,5.2121615,7.879214,5.5671825,0.29431307,1.0091938,23.230406,0.8449284,20.05289,0.54336697,2.1173036,6.3444486,-4.649678,-3.2658665,0.015121244,1.5768629,0.8374548,1.0711322,9.514132,0.3173684,5.065079,1.4818274,33.646057,0.24536094,615.193,0.310233,1423.8938,0.16284415,-84.10349,-1.0515026,1661.6847,0.16908056,1104.1047,0.2200078,-92.46243,-0.860433,2825.536,0.08672221,926.9006,0.34835482,-97.96143,-0.7667755,-19.61057,-0.3311494,30.984322,0.2733039,0.03661374,0.591716,-0.030987442,-0.53509736,0.3024419,0.84702116,32.66967,0.40325734,20.756931,0.5102522,1.77846,7.73079,-8.699838,-1.8094149,-7.8228493,14.778369,0.012325834,-0.007995649,0.28393763,5.0080776,2.7687297,0.21705882,0.15929124,0.12411765,0.054455467,-20.992014
19.985914,0.07434654,18.83307,20.275036,21.294333,2.4612617,119.960075,182.98827,33.65078,26.511007,0.29685417,0.35350892,0.19939509,0.29008576,0.37439972,0.17500463,2.703231,1.7125732,2.1164484,1.3830073,0.087174706,0.57911885,22.943302,0.41572824,1.550726,5.9725976,12.6877575,0.71515214,-3.6573167,-2.314198,0.019467212,0.6417139,1.2143699,0.6855496,2.4814506,0.52466017,6.9504123,0.6101899,24.554787,0.22019583,536.82446,0.33999476,1349.3915,0.10574806,-159.27188,-0.46626905,1540.8904,0.13312863,1112.0405,0.18477228,-162.30971,-0.42382997,2568.5376,0.08407818,937.48303,0.19748507,-163.08142,-0.41349995,-15.821132,-0.253534,24.133907,0.20595664,0.0005716701,27.505531,-0.013827656,-0.9054706,0.10989123,0.26682806,31.212997,0.19592226,5.294366,1.3716844,15.670565,0.6140528,-2.8594484,-3.8662822,-7.93588,15.419573,0.0134903155,0.0012830185,0.08148309,3.6334913,2.2292995,0.08785714,0.072818615,0.31733334,0.32280988,-36.425404
26.282063,0.07331715,24.949303,26.403885,28.051674,3.1023712,101.42305,137.00627,22.896181,10.755557,0.6196167,0.6252811,0.2753228,0.5064962,0.9211006,0.6457778,7.1981826,5.395597,6.42052,5.2743993,0.27835292,0.8318499,24.939743,0.4513038,3.7459676,2.5223947,6.593333,1.7046324,8.392658,1.4743836,0.024401313,0.83631283,1.3443496,0.73639715,4.9275217,0.42422926,-5.7669835,-1.1656095,17.4866,0.79360515,537.5955,0.37362036,1297.2549,0.13419062,-127.62138,-0.70523304,1517.4095,0.18662848,1009.60004,0.28178278,-130.55515,-0.6547839,2607.5493,0.10987751,891.2362,0.24334985,-134.36855,-0.6006628,-13.64254,-0.46746293,25.97831,0.2733572,0.01896495,1.1779227,-0.014522224,-1.2521971,0.48950437,0.42120412,33.389656,0.27404448,5.0316124,2.1455452,6.243929,2.341589,6.3003144,2.467345,-8.67219,18.5622,0.00503902,0.0026154655,0.14548062,2.7359781,1.7906337,0.20846152,0.17926544,0.32999998,0.2597336,-22.497793
35.451088,0.061990786,33.909607,35.78238,37.239197,3.3295898,70.79694,77.65484,15.794966,11.6796665,1.0284014,0.62785476,0.42988276,0.81760603,1.6569114,1.2270286,12.342736,8.517384,11.1168995,5.4549575,0.45955005,0.7633521,21.78981,0.55021644,4.4132648,3.0486271,-3.028269,-4.0169244,-2.176561,-5.6467857,0.012003241,1.4493396,0.8687072,1.0111942,9.299591,0.33356968,10.572698,1.0350478,24.943832,0.38189664,593.07117,0.401855,1419.1449,0.16971855,-106.23045,-0.89792264,1670.9302,0.1568661,1041.0433,0.34088767,-97.18677,-0.9148399,2722.433,0.11372197,1065.6921,0.38835448,-100.57543,-0.8540488,-12.406958,-0.57434565,22.649433,0.3466382,0.079485096,0.22259451,-0.023956256,-0.46982184,0.6430389,0.5323113,24.825861,0.40105015,1.967069,6.836024,-6.2577844,-2.2222679,-5.2971587,-2.600003,-9.210629,18.006954,0.05149979,-0.013161783,0.23568994,3.4528553,2.8074865,0.18761905,0.13008806,0.14136364,0.11549481,-17.825155
34.593998,0.052755833,33.73089,34.704933,35.55681,1.8259201,43.956898,50.26252,27.758686,24.898287,0.9327102,0.57148033,0.39502648,0.8407859,1.4774485,1.082422,12.822468,9.132351,14.253788,13.747704,0.4350684,0.86187875,15.464205,0.8752352,8.092358,1.6306154,-1.504998,-10.141407,-1.4224737,-10.10868,0.029769002,0.610092,0.97885525,0.7043761,5.414661,0.6588342,0.93029463,10.700764,18.85043,0.48962656,580.09344,0.35142413,1367.5151,0.1507338,-113.8591,-0.8085616,1632.223,0.16049401,999.2962,0.2812461,-109.14196,-0.80858535,2689.9011,0.102534115,967.4159,0.32669276,-111.97189,-0.7607518,-9.04384,-0.67729,19.864122,0.405878,0.05684726,0.39449692,-0.02148113,-0.6487868,0.5998668,0.48396808,21.525389,0.5020495,3.0719764,4.382741,-4.670233,-3.8906484,-7.4038486,-2.0304434,-7.4466987,15.395484,0.027712196,-0.0057144365,0.28031534,3.7845707,3.0837004,0.15095237,0.0959119,0.16049999,0.1844851,-20.796762
38.761036,0.2837608,33.761482,35.70523,38.084023,4.3225403,531.7099,772.20026,381.2721,1025.4884,0.64212024,0.3967749,0.43250978,0.6272505,0.8121999,0.3796901,3.525864,3.2261825,2.831152,2.3322287,0.17948394,0.5498223,18.165588,0.40140626,6.610885,1.0493233,9.563837,1.2239558,-8.910895,-1.8111683,0.02740352,1.9591718,0.96350574,0.6897505,7.035344,0.33368894,5.7691507,1.5053784,17.43704,0.81475455,682.1279,0.31371477,1423.4712,0.12820503,-144.09433,-0.58309674,1691.1628,0.15028138,1168.5665,0.22392747,-139.62347,-0.5854802,2726.9685,0.094511665,951.72736,0.3473309,-135.14908,-0.6184408,-6.319013,-1.8307719,8.500417,1.922723,0.02897339,0.7218595,-0.012150511,-0.954736,0.21219799,0.4835494,20.989658,0.364816,8.37987,0.86524385,12.027673,1.0664386,-14.723807,-1.0890261,-3.2970643,6.381374,0.015937895,-0.00396152,0.16111419,1.7338094,1.9427403,0.17894737,0.16625582,0.3235135,0.34206226,-26.64924
32.775085,0.04793573,32.014767,32.922855,33.78195,1.7671852,13.271174,4.5475945,22.273006,23.770748,0.3897445,0.7565438,0.10502985,0.34351373,0.60686934,0.5018395,5.880303,3.1579723,4.2667975,2.011961,0.1587708,0.88613427,21.213139,0.5719148,13.232625,0.91808957,6.2285976,2.2201447,3.2166393,4.148582,0.019549992,1.3736566,1.3315412,0.8200092,7.8994255,0.29060835,4.457014,1.8874677,23.854479,0.3917453,637.6482,0.3333251,1400.8182,0.14519772,-123.54731,-0.71435213,1691.1882,0.16294245,1084.9266,0.27518085,-123.414825,-0.68351877,2782.7383,0.09476353,1010.6162,0.3162651,-126.881645,-0.63348734,-15.037502,-0.4402343,27.392952,0.27334014,0.023474768,0.75878507,-0.014955419,-0.8842234,0.28150526,0.41619557,29.971987,0.3200663,10.818706,1.3529078,7.0113482,2.5608993,-2.8870282,-5.6765084,-11.809716,20.475689,0.004816384,0.0046567214,0.06776901,2.9668412,2.464789,0.16785714,0.09871883,0.21642856,0.3073994,-27.746555
33.02985,0.04127194,32.259727,32.91558,33.928585,1.6688576,48.395916,45.64469,15.136207,39.87788,0.53812915,0.5296096,0.2527696,0.4884967,0.8240756,0.571306,6.045447,4.4793863,4.292287,3.1173522,0.20105037,0.78085154,23.364002,0.50468606,18.754562,0.5616687,3.48128,4.2111783,6.45662,1.7489226,0.015633654,0.7794565,0.8991128,0.7037115,8.89677,0.2870019,10.366589,0.8187185,37.540466,0.2170791,628.9866,0.2968351,1420.7773,0.124630556,-102.19787,-0.9268608,1742.6882,0.12285547,1163.6782,0.27174473,-110.432076,-0.76002187,2791.7031,0.09252805,1094.0458,0.23806866,-113.73633,-0.70922357,-21.044724,-0.32064468,30.926497,0.25803465,0.05953992,0.24199216,-0.03023041,-0.47983858,0.28407457,0.53170305,31.158968,0.2463591,21.988104,0.47016132,-2.1226745,-7.6682286,2.8352637,4.068994,-10.888444,19.210398,0.029141791,-0.005636001,0.11193682,3.2258065,1.7897092,0.28375,0.20711939,0.23941177,0.17942622,-23.775
32.312294,0.12256453,30.842949,33.29721,35.1377,4.29475,37.94685,22.6221,71.40339,50.00711,0.79708254,0.47187373,0.45743397,0.7245553,1.1063702,0.6489363,9.98232,6.5662827,7.2380896,4.876629,0.43394193,0.6256442,29.099514,0.46568635,7.729031,1.4005845,6.637255,1.8947358,-1.6779176,-7.8596087,0.02672266,1.8350213,1.0612019,0.7061323,6.9454236,0.4362768,4.9008713,1.6537542,33.346245,0.25368068,625.7697,0.3420674,1444.6791,0.14710478,-116.09435,-0.7973674,1676.9174,0.16842283,1170.7751,0.34238687,-119.42352,-0.70944905,2770.6519,0.119673625,994.17084,0.2273612,-123.65777,-0.6488307,-15.666463,-0.415229,26.972305,0.34072843,0.04054871,0.42493233,-0.024901688,-0.59522444,0.56804127,0.49671426,36.730556,0.25235164,4.393626,2.2319639,3.8641875,3.663665,-9.028637,-1.4376498,-11.883451,18.67243,0.012056778,-0.009000297,0.33267748,3.1397176,3.322785,0.12571429,0.09434341,0.14772727,0.11265118,-20.266666
25.836033,0.09870167,24.494068,25.34667,26.845547,2.3514786,121.79126,195.08415,36.816257,27.612965,0.9457252,0.50098765,0.48164654,0.8833742,1.3397825,0.85813594,10.124885,6.8697186,8.250906,4.622299,0.55833435,0.68540436,29.28735,0.3600195,2.3647723,4.368182,8.386943,1.266405,-8.396674,-1.2729398,0.018592421,0.8967601,1.2989789,0.52608424,3.6827679,0.56935847,1.7430662,4.21277,23.716757,0.31079867,628.434,0.32373965,1361.6183,0.1499574,-129.2464,-0.6926547,1639.6584,0.145108,1140.9088,0.2724892,-133.65526,-0.62563926,2747.5525,0.08767642,867.9534,0.36614433,-136.16267,-0.5914018,-14.76964,-0.34631968,24.610004,0.22873041,0.023443919,0.9406212,-0.028302131,-0.4996662,0.74652046,0.49327204,36.660637,0.16571976,-0.43073487,-20.629639,10.244236,1.1001612,-12.170902,-1.1079907,-11.351247,20.622252,0.0063335095,-0.01567473,0.45662454,3.5772357,2.9508197,0.11388889,0.09860915,0.2038889,0.17761189,-19.627815
26.030676,0.14701696,22.943987,25.063839,30.165619,7.221632,91.42288,213.4854,31.242151,12.720205,1.0193186,0.6586456,0.42184603,0.7853554,1.6974881,1.275642,11.008606,6.533815,11.608206,7.49934,0.52781796,0.820477,33.363163,0.31544974,-4.3690085,-2.089783,5.45016,2.1950405,-7.7410946,-1.5063581,0.017781578,0.88591266,1.136969,0.78777665,4.1822495,0.5296276,3.569422,1.8837944,25.368578,0.45504916,644.3324,0.3940637,1364.9645,0.1927861,-86.936134,-1.0783157,1608.6207,0.16380814,1108.5159,0.2581094,-90.06773,-0.99528044,2698.0103,0.110196285,967.0842,0.2977731,-96.70741,-0.86971545,-11.344731,-0.5031921,25.685604,0.23923661,0.036825944,0.7292481,-0.017601682,-1.0233043,0.7116523,0.61014146,37.307392,0.21768467,-5.367033,-1.8665,4.5313206,3.2050817,-8.8587265,-1.5567839,-10.510354,21.059355,0.041617107,-0.007501266,0.27927005,2.474691,2.714932,0.205,0.1968502,0.14333333,0.10581692,-16.913483
24.236227,0.13421446,22.54128,23.501957,25.33677,2.7954884,69.66375,89.69748,27.098785,17.658064,0.822521,0.54424906,0.42666897,0.7355489,1.2470117,0.82034266,9.360826,3.2489583,8.326835,3.7884955,0.445251,0.65203536,28.037302,0.41132578,12.118584,0.86557984,0.67141503,15.182853,-6.3069654,-2.6624198,0.017907519,1.1021527,1.3130991,0.79834014,4.546065,0.46797195,-5.5506163,-1.1191589,23.725355,0.56001973,613.00604,0.4168891,1355.9767,0.15095618,-81.23926,-1.1677343,1647.0662,0.18108305,1096.2402,0.27379835,-88.689476,-0.98370534,2783.0205,0.101269126,1061.2024,0.3869316,-94.98224,-0.8651346,-17.460447,-0.3392602,31.917032,0.22327006,0.06495398,0.23992732,-0.023607088,-0.67744005,0.5307569,0.47213516,33.649944,0.20788275,9.785872,1.073017,-1.5366845,-6.775416,-13.75247,-1.1176404,-13.617148,22.316702,0.048523393,-0.008069212,0.3243809,4.7904196,3.4274194,0.16411763,0.12560718,0.107647054,0.06111988,-18.643784
36.75625,0.10981439,34.07902,36.142647,38.957157,4.8781357,113.07454,155.3674,49.302055,46.56497,0.6271925,0.6582519,0.28059047,0.48460707,0.9311684,0.6505779,6.7447095,6.098394,4.6212573,3.0782106,0.28099805,0.9693976,26.189789,0.34439793,-3.4443083,-2.6689029,8.36607,1.5094379,0.8313705,20.094482,0.021340488,0.9076695,1.2270138,0.5569029,7.4871783,0.39924416,9.157662,1.0574533,27.59464,0.3835332,711.0099,0.3408761,1356.274,0.16022556,-131.79715,-0.67958355,1741.061,0.15705381,1140.9811,0.28864568,-127.842705,-0.66530746,2806.6448,0.10318658,1000.0712,0.3130423,-131.01492,-0.62011164,-12.837085,-0.4730961,25.590214,0.27376968,0.05581979,0.42860445,-0.013274871,-1.166306,0.4607815,0.6473793,31.419851,0.25619888,-0.70220816,-13.597645,1.8300121,7.736701,-10.791821,-1.5131254,-7.023271,14.40258,0.022294387,0.008639215,0.15938286,1.8633541,2.2650056,0.169,0.13324413,0.25225,0.43086243,-21.864157
34.654125,0.09614689,33.484272,34.81761,35.757034,2.2727623,186.10075,184.45065,32.520687,35.69879,1.1336668,0.5097447,0.67298454,0.9350465,1.6605161,0.9875316,12.043762,5.7535357,11.782143,6.3471246,0.5718025,0.68934166,28.30843,0.3945503,-1.4915607,-6.4185524,1.4091384,9.862658,-22.277283,-0.6824154,0.021081207,1.6509563,1.0584108,0.72267365,7.3522115,0.45063642,5.076667,2.2507274,25.975899,0.31598997,694.2077,0.2823449,1428.9486,0.1864431,-83.60977,-1.1220553,1722.5947,0.1644176,1124.2673,0.3121472,-85.26459,-1.0027944,2829.2278,0.101235315,927.5388,0.39695296,-89.8058,-0.9121424,-14.009913,-0.4336121,25.535753,0.27228108,0.05818182,0.3232271,-0.027931662,-0.44647703,0.7300425,0.53408307,33.41022,0.21813777,-4.01245,-2.3414843,-0.11716519,-131.77841,-29.48754,-0.46511635,-9.929941,16.99116,0.031625275,-0.017889254,0.32368568,3.7037036,3.414634,0.17142856,0.13388999,0.111052625,0.091300234,-17.106056
34.819023,0.05582225,33.215885,34.837387,36.103348,2.8874626,35.340492,53.85668,43.0629,48.002064,0.64156413,0.54857314,0.32352337,0.519356,1.0028546,0.6793312,5.7924705,3.5510108,3.978806,1.9002588,0.26698223,0.65385574,34.9717,0.21420412,-6.3918834,-1.1709069,9.25425,1.3816109,-4.2839456,-2.4974737,0.015281349,1.2500905,0.8780829,0.7429046,8.880881,0.29322642,5.5468183,1.6315254,26.252583,0.36084613,614.9074,0.366307,1412.3079,0.13143264,-110.070625,-0.84608084,1652.2595,0.17203766,1163.5697,0.25729457,-107.62158,-0.82067823,2681.1316,0.11448785,1033.8705,0.24958722,-111.74985,-0.75346625,-15.046386,-0.40301818,25.655203,0.23018762,0.039358817,0.44454148,-0.016498215,-0.79335755,0.3692737,0.45061663,39.908367,0.1375991,-5.799468,-1.652073,4.824926,3.1034079,-9.248278,-1.1874944,-9.514783,18.97214,0.007110609,0.005054408,0.16063377,2.8985507,2.130045,0.22999999,0.14382006,0.20799999,0.1744305,-23.03653
33.43637,0.09999496,31.196276,33.423443,36.29623,5.0999546,141.55565,286.55597,70.00145,50.453354,0.8920311,0.6170113,0.39224944,0.7478337,1.337115,0.9448656,9.043515,6.171049,7.5225124,5.1216245,0.39186317,0.92269695,24.620764,0.51091033,3.8041666,4.0258694,2.1237786,6.2725115,-6.5593762,-2.335985,0.017971676,1.7877082,0.9355726,0.90426403,7.9542437,0.45266137,5.1328607,1.4561872,28.55956,0.4248022,646.2315,0.31888747,1413.8873,0.15508191,-110.74653,-0.8627066,1700.0383,0.15431766,1108.9225,0.27384183,-113.88756,-0.7728743,2769.1594,0.10138936,935.5353,0.34505945,-116.62809,-0.72983557,-14.352907,-0.6225539,25.894787,0.4131776,0.05198764,0.42580935,-0.025377056,-0.6042924,0.5708756,0.6947178,31.186558,0.31809947,3.1485415,5.404284,0.48756403,32.362072,-14.3639345,-1.117978,-8.14492,17.864279,0.015282197,-0.0041956776,0.23216024,2.6160338,2.20339,0.20653847,0.19754146,0.21851853,0.1516991,-19.250227
29.099518,0.07068573,27.903082,28.393494,29.499985,1.5969028,50.49958,58.847244,20.54135,12.240167,0.68685865,0.39465758,0.40751293,0.6835489,0.94613916,0.5386262,7.0556164,4.0267515,6.600982,3.394134,0.27460465,0.55201817,19.3573,0.7989561,19.382385,0.45697594,5.953024,1.7606567,4.8021617,2.3645375,0.01678382,1.0493666,1.1249343,0.8187293,7.263486,0.30552444,1.1789149,4.8324785,29.556623,0.24486776,577.84973,0.3412248,1393.3342,0.14707884,-104.07281,-0.874458,1651.8855,0.15001884,1049.8412,0.2820019,-110.5681,-0.74961764,2727.3464,0.11705889,1026.6825,0.22993818,-114.23828,-0.69628274,-18.357452,-0.29816717,26.658783,0.24420293,0.034250524,0.585564,-0.023799866,-0.6279909,0.331154,0.46956304,28.503239,0.37553275,20.818882,0.37199464,6.355578,1.947421,8.009556,1.5920707,-8.179891,14.786317,0.02392403,-0.010047128,0.22090036,5.6218057,2.9209623,0.16705883,0.14655915,0.1461111,0.107141584,-22.62167
24.597301,0.1197022,23.005539,24.81709,27.02261,4.017071,144.88573,165.02448,44.92831,43.464764,0.3645471,0.6815439,0.17611839,0.2382714,0.5955009,0.4193825,5.5005493,4.671481,4.647437,3.805646,0.15572232,1.0792677,21.185238,0.55754733,12.896116,0.6529872,4.618989,2.0106375,-0.57439655,-16.866795,0.03847349,1.2416079,1.2018368,0.6846904,4.127923,0.56052095,4.5607305,1.3966901,30.688702,0.26752576,600.20764,0.33057046,1411.5779,0.18830623,-180.79518,-0.31145838,1648.8939,0.1791603,1074.8474,0.19587277,-182.16205,-0.28533486,2711.4954,0.11475632,935.9388,0.2070287,-182.79546,-0.27432886,-20.086227,-0.32720113,28.676521,0.23633961,0.024739211,0.7991936,-0.031000247,-0.6526224,0.2829117,0.48010206,33.48778,0.29851764,17.409607,0.5493071,7.7999167,1.6006181,-0.15437736,-86.481636,-12.200627,20.380127,0.015568917,-0.012251734,0.1407494,2.2943876,0.9547384,0.10259259,0.09102675,0.9592308,1.0492742,-29.537336
36.584023,0.10369352,36.322025,37.417534,38.525246,2.2032204,465.9071,588.549,94.94006,102.3113,0.5388896,0.4505415,0.33402747,0.48876706,0.7413432,0.40731573,5.629323,4.7032266,3.3245556,1.6861788,0.20979774,0.6974499,23.653551,0.36714023,-1.9479532,-4.813402,6.5397725,1.4923055,-1.8443749,-5.8899174,0.037857674,1.6426052,1.2812065,0.51173854,6.7322607,0.46268952,-0.12926129,-69.72173,20.886328,0.39304182,758.5509,0.2862848,1363.0701,0.14032613,-151.18817,-0.5280931,1751.7777,0.15166904,1197.8118,0.38257006,-149.62534,-0.51625776,2831.0293,0.08420444,935.21857,0.38094535,-151.60814,-0.48936284,-13.880913,-0.4165101,26.59373,0.27412274,0.020274602,0.84946895,-0.013380499,-0.8844665,0.27575663,0.5077254,30.688904,0.24069062,1.3883014,6.85655,4.426274,2.6094162,-11.81197,-0.88912314,-6.9122396,17.301197,0.0032241873,0.005013562,0.18422446,3.1408308,2.038736,0.13149999,0.10942006,0.338,0.5879167,-28.217886
30.785099,0.0748509,29.020071,30.698374,32.14268,3.12261,26.323395,32.51318,131.3393,209.71535,0.50116485,0.64391845,0.2260176,0.38996243,0.766535,0.5405174,4.833059,2.7651534,2.939514,1.556161,0.18552242,0.8129558,31.934216,0.30443454,-5.002932,-1.8892576,11.195604,1.215725,-10.138347,-1.0390083,0.016284332,0.96228325,1.074292,0.645712,7.248191,0.3452007,1.9101788,3.943813,26.453178,0.3218017,524.6169,0.346085,1370.3464,0.1312582,-123.22869,-0.7635363,1567.9943,0.14631607,1102.1039,0.30209085,-127.86633,-0.67807585,2655.2485,0.082929604,909.5109,0.32036248,-130.47528,-0.6405207,-16.227112,-0.3049946,26.388813,0.27465644,0.054149013,0.33852664,-0.025801431,-0.4654481,0.32233623,0.3904001,40.305443,0.13265577,-2.6638198,-3.4130063,14.20222,1.150993,-14.5922,-0.88723606,-8.866279,17.211441,0.02870005,-0.00486383,0.09568339,2.3781214,1.6746413,0.22999999,0.19093753,0.32333332,0.31131262,-25.151653
31.007044,0.049859457,29.792559,31.093002,32.33649,2.543932,39.475742,79.944176,18.144428,10.549198,0.68241084,0.61977965,0.24117199,0.61564296,1.1213483,0.8801763,9.211684,6.1659384,7.0602474,4.3486886,0.23264161,0.85159266,16.890898,0.80665636,16.077703,0.76570404,5.401665,2.2074149,5.09999,2.617033,0.013217485,1.2942663,0.8127035,0.796413,8.035142,0.3389395,6.462183,1.2827969,26.362083,0.31510296,600.12573,0.38288906,1354.6,0.14731438,-106.265816,-0.8890536,1670.7189,0.17591274,1025.8584,0.30904296,-110.7685,-0.78406197,2766.4895,0.09682591,890.2919,0.36886737,-112.501495,-0.75510573,-15.961014,-0.4366296,24.723516,0.31458327,0.049085267,0.47379312,-0.023872077,-0.61268973,0.32503566,0.56558836,24.451496,0.4194682,17.228474,0.7505442,3.8808346,3.5204303,-0.39612123,-35.98124,-8.426931,17.88279,0.009397807,0.0020554727,0.14279105,3.4319527,2.0238097,0.23882352,0.16225912,0.22166665,0.31429377,-22.803205
36.977753,0.048534412,36.144936,37.17944,38.039574,1.8946381,41.808628,57.06488,16.057882,14.589329,0.47741774,0.6793223,0.17177427,0.4190185,0.7524386,0.58066434,4.5781555,3.83279,3.4635231,2.2325208,0.15686661,0.8209821,27.678217,0.3421346,5.4534955,1.9798235,3.8110774,3.5316746,2.3220448,5.349021,0.017552735,1.197211,0.9652906,0.6965941,9.415579,0.2844507,4.5508237,2.1141083,25.662027,0.42234552,641.6547,0.31522977,1365.2927,0.17256494,-115.22866,-0.80954325,1711.6892,0.15004952,1054.0219,0.28400207,-115.52887,-0.753392,2773.676,0.09646722,966.3084,0.37254694,-118.76092,-0.7041949,-17.021173,-0.4071068,27.047392,0.3354159,0.038919162,0.47406793,-0.022124656,-0.6107124,0.2361881,0.5257541,32.581333,0.22810094,6.3444247,1.9232486,-1.3031634,-12.316844,-3.4462059,-3.9965787,-11.799536,22.0392,-0.0039604492,0.004707037,0.08379839,1.7417418,1.3855422,0.33739132,0.2148653,0.39714286,0.2790996,-26.045025
22.18529,0.07394364,20.775993,21.952843,23.660076,2.8840828,130.77573,97.2921,22.050354,15.599536,0.65740085,0.45743126,0.39174545,0.58821577,0.88683134,0.4950859,7.958421,4.8446374,5.8984227,3.1369102,0.3172978,0.5951711,25.66031,0.41600603,6.8540435,1.5257796,1.589709,5.9215684,-1.1881564,-7.8680124,0.021948759,1.1675025,1.5452873,0.6397373,2.5504203,0.6678337,0.6227529,7.3131156,18.918905,0.3263293,561.33374,0.39008465,1309.4581,0.15632743,-150.69783,-0.5410072,1610.6525,0.16733481,963.8225,0.2207064,-153.24026,-0.49971846,2642.1528,0.120823525,910.5899,0.31683654,-154.75256,-0.47911346,-13.067505,-0.46671176,22.507998,0.22231011,0.04558351,0.29229692,-0.02033851,-0.66008604,0.47576267,0.39845747,32.745243,0.2041473,4.1142716,2.365416,3.92568,2.6480446,-3.357318,-3.3393927,-11.067455,19.8869,0.038284294,-0.014105835,0.26765203,4.373758,2.811245,0.08,0.091651514,0.23799999,0.250578,-24.666945
34.43438,0.22608092,30.906334,33.02105,41.07637,10.170036,334.04498,464.08893,83.05153,42.75487,0.76358056,0.5277268,0.36730424,0.68344927,1.1540874,0.7867832,9.005375,6.436472,7.1999297,6.107017,0.30571043,0.88743633,15.341504,0.8990641,14.004654,0.76091504,-0.31474927,-42.30557,-5.736095,-2.7555244,0.043157555,1.3966681,1.35445,0.646008,5.3738737,0.7247079,6.0857563,1.7242658,23.233084,0.5857515,695.0415,0.30176318,1334.9666,0.18450859,-117.2122,-0.81777304,1795.1405,0.17597109,1084.3783,0.3099383,-120.60954,-0.7253582,2789.3506,0.094040245,1024.5544,0.4007949,-120.0172,-0.7235089,-16.320402,-0.45469162,23.653091,0.34099552,0.050597478,0.38374183,-0.03380665,-0.5129853,0.3862583,0.6598683,22.941126,0.4411941,13.653355,0.8552276,-4.829017,-3.0652685,-12.703827,-1.4515387,-8.013625,14.799531,0.024237856,-0.013292361,0.24404049,2.7382257,2.6431718,0.1575,0.15835744,0.1924,0.18091498,-22.064169
20.964663,0.06261518,19.818495,20.743748,21.98925,2.1707554,20.779022,11.637206,20.807777,8.35561,0.5109331,0.58197796,0.25114775,0.46323347,0.68339354,0.4322458,6.6341805,4.493887,5.697455,3.9950337,0.21474513,0.86233324,20.098108,0.83580625,9.03454,1.3264272,13.09214,1.0227283,6.6328087,1.8940499,0.02126403,0.7085369,1.3245577,0.5927043,3.0415332,0.4761354,1.8561537,2.0190954,26.967546,0.3195225,602.8131,0.36573562,1307.0953,0.11833407,-128.64868,-0.6786784,1655.8171,0.16760604,975.24365,0.19181222,-132.443,-0.6192148,2728.0938,0.12789169,894.9103,0.25643805,-135.10966,-0.58248866,-16.850378,-0.47549298,24.791084,0.28218606,0.009286316,2.259842,-0.0114820395,-1.8476826,0.31789866,0.5918384,33.821953,0.27080745,9.549984,1.1626235,13.728733,1.2407581,6.2750015,2.0964024,-5.7413597,13.86959,0.008328439,0.0126224365,0.15388425,3.9832284,3.1779664,0.11,0.08008328,0.1725,0.15801503,-25.674309
32.071896,0.053373553,30.831572,32.250633,33.153313,2.321741,119.47441,110.63193,72.47934,174.03247,0.5861534,0.54082334,0.24682581,0.53347725,0.90751725,0.66069144,8.197929,5.7447033,6.6668797,3.7780552,0.20052229,0.6990355,18.909788,0.69577825,10.714766,1.1038884,3.1617384,4.396764,-3.710454,-4.008423,0.020140553,2.3476155,1.1821824,0.75668013,6.85745,0.4491133,2.8455596,2.695346,20.44054,0.47444972,623.72095,0.3270628,1328.4587,0.15714559,-117.60564,-0.7734325,1650.3163,0.17863248,1067.5205,0.25321862,-120.14955,-0.7152747,2689.7727,0.1111399,1024.6326,0.35576078,-123.243385,-0.6697793,-10.556247,-0.6300981,20.932417,0.32755968,0.045173794,0.3439669,-0.019265274,-0.839115,0.2914371,0.42906144,26.683865,0.32120803,4.5682964,2.7124093,3.9878676,4.123887,-12.157542,-1.3021616,-9.248332,17.408735,0.030749822,-0.006835523,0.12989767,4.878049,2.8901734,0.144,0.08327065,0.17285715,0.19770452,-26.842937
33.82265,0.091418654,32.698444,34.43608,35.43067,2.7322273,152.70314,168.59148,32.70031,28.51648,0.5756348,0.51670617,0.30300087,0.51053447,0.8406555,0.53765464,8.718784,7.402625,4.8377295,2.901521,0.25522518,0.7163842,27.863146,0.483892,10.518357,1.0631825,6.2741904,2.0237474,-1.7533443,-6.2690015,0.019970652,1.0561194,1.1767918,0.8464692,8.059841,0.4054662,7.440242,1.1754038,31.654531,0.25722682,666.9807,0.27035075,1409.1985,0.16642897,-99.898605,-0.9041884,1751.6975,0.13034227,1065.4377,0.293359,-106.13795,-0.7704123,2836.0315,0.086636305,933.9763,0.30136853,-109.88842,-0.7129754,-18.256666,-0.3512063,28.21423,0.2972546,0.06274654,0.2530129,-0.027808245,-0.48118895,0.31912744,0.58253604,34.698322,0.27137262,8.876772,1.2831489,3.3203611,4.261753,-5.3243103,-2.3180559,-12.602577,19.966433,0.04491028,-0.0122906575,0.18455467,3.628447,3.9647577,0.1262963,0.10660235,0.1175,0.10619361,-23.456707
33.78139,0.053717528,32.76428,33.724655,34.893467,2.1291885,62.221333,72.24932,41.61701,85.0409,0.75242835,0.6162805,0.30631122,0.6121182,1.1515383,0.845227,8.290566,4.624587,6.912363,4.4307537,0.28004846,0.8084545,21.832119,0.5713866,11.349611,1.099124,6.135431,2.024583,-4.6770134,-2.6395469,0.0138537735,1.1967847,0.8649762,1.0287308,9.157235,0.34234068,7.859855,1.0556505,27.205992,0.42387804,602.0009,0.33194545,1423.0945,0.13210428,-113.76018,-0.8214343,1704.8865,0.15362822,1081.9479,0.3099617,-115.3054,-0.74489766,2725.1538,0.11416846,1026.406,0.41164282,-117.116425,-0.7171172,-15.885382,-0.48442993,23.78279,0.4011718,0.0474803,0.44832823,-0.027952287,-0.50061405,0.419186,0.53924626,29.160118,0.41051918,10.739895,1.3669074,7.3016477,2.1557739,-10.907703,-1.2207742,-9.9581785,17.991663,0.013989592,-0.008376792,0.15293053,2.8537457,2.15311,0.21388888,0.16303165,0.21789473,0.25355536,-21.064352
25.692768,0.09103538,23.868553,25.520508,27.222902,3.3543491,70.930916,85.00214,154.8932,227.58684,0.76597613,0.50105107,0.413952,0.67678475,1.1320131,0.7180611,6.3992105,3.7100444,5.776329,3.4920754,0.34029904,0.7495893,17.1902,0.61391336,18.460049,0.6261222,8.466657,1.2211924,-4.602542,-2.1230657,0.027966484,1.9089608,0.8801081,0.92008555,4.9734273,0.38521895,3.8601387,1.7219939,23.553762,0.2855109,652.3832,0.35664925,1260.0286,0.13771796,-119.9699,-0.7921203,1773.127,0.15717384,1002.7933,0.3489998,-124.53179,-0.7060753,2742.6099,0.07556935,847.57587,0.39272845,-124.06606,-0.7127504,-14.730586,-0.4368467,21.214602,0.2971697,0.0514066,0.40819904,-0.024824958,-0.6547334,0.5058121,0.46704847,24.00023,0.28664124,14.524378,0.89818215,12.364768,1.0833772,-8.190984,-1.5594416,-10.681616,18.01796,0.023031535,-0.013370165,0.22740388,2.8921025,2.013423,0.19555555,0.14671296,0.26578948,0.3155499,-21.82878
32.038074,0.17254163,29.098005,33.309044,34.083427,4.985422,368.49063,403.15674,79.92067,56.94974,0.70374626,0.5122107,0.38418984,0.61977655,1.0285373,0.6443474,5.97552,2.8839831,5.0053625,4.2865453,0.2808431,0.6146948,27.613152,0.4068518,4.860055,1.9653788,9.417174,1.1429564,-8.05936,-1.4213583,0.05365376,1.6035174,1.2260412,0.6834685,5.434764,0.5485941,3.2917955,3.4290607,22.293034,0.3375707,598.28375,0.29121935,1345.7313,0.13096072,-115.89305,-0.8312521,1694.7145,0.16413715,1103.7911,0.30591044,-121.73258,-0.7254111,2663.9385,0.088800155,988.15094,0.3677324,-122.74154,-0.7098056,-16.730524,-0.28940085,23.214233,0.28972605,0.030779231,0.55140406,-0.039284743,-0.32056096,0.39691484,0.46232966,34.711407,0.24653375,1.2840846,6.8372326,9.586216,1.3039639,-15.736085,-0.6893379,-12.015847,19.490526,0.0056855483,-0.012746108,0.19519916,2.7522938,1.9788918,0.20733333,0.20433523,0.26,0.2738841,-22.50602
30.393759,0.10795273,28.129547,29.912252,31.533665,3.4041176,123.479164,165.48622,43.56098,36.289253,0.96881723,0.5031884,0.45761466,0.9493206,1.3441133,0.8864987,9.221171,6.335173,10.320725,6.920901,0.61928326,0.8035841,26.51844,0.5980139,11.9280205,1.103103,-0.6091719,-26.113066,0.15929152,95.00127,0.023100259,1.0245441,1.1689128,0.6160625,4.7529225,0.5969455,0.50714916,16.179796,28.83581,0.3889597,623.12585,0.35128275,1344.96,0.1552241,-91.13907,-1.0054628,1695.44,0.16381486,1006.435,0.27991292,-96.925705,-0.86570114,2753.2979,0.13086069,993.64795,0.24704845,-101.38243,-0.7915351,-15.51357,-0.49697778,24.556196,0.3657539,0.059388142,0.38990423,-0.03587994,-0.5125222,0.78070074,0.6183083,31.38714,0.47921503,12.298921,1.1069608,-3.0607274,-6.12675,0.31482375,55.665928,-11.031804,18.82769,0.04208519,-0.015776074,0.41663396,4.0564375,4.092527,0.12913042,0.10993726,0.112105265,0.13960767,-17.562834
33.04323,0.066513814,31.553572,33.12298,34.55581,3.0022373,114.74258,144.0552,279.72205,487.43573,1.086729,0.56904167,0.5847628,0.8445727,1.6770873,1.0923245,12.449777,5.567587,10.192715,5.431056,0.4646405,0.66327864,27.311201,0.45246,-3.9988456,-2.8821557,6.689089,2.4622056,-10.397834,-1.2524405,0.019831708,1.4650366,1.1020137,0.8625433,7.127567,0.41303432,3.4075825,2.4484248,21.949196,0.40503478,587.45056,0.37933317,1419.0048,0.14933842,-73.82726,-1.2242808,1633.8599,0.16140571,1072.0366,0.2233532,-74.82075,-1.1041304,2654.5076,0.09410192,1028.9082,0.36039522,-78.41237,-1.0211959,-10.591867,-0.58802384,21.179058,0.33568567,0.058806065,0.23741753,-0.021931885,-0.65902156,0.5755172,0.5382068,32.09693,0.29960892,-7.216685,-1.6614513,6.6284256,2.6902628,-13.263627,-1.0367423,-7.955155,16.292809,0.039161235,-0.007302894,0.2380186,3.9076378,3.2315981,0.19888888,0.18609703,0.09055555,0.053797178,-18.759895
32.11551,0.09141537,30.927174,31.695137,33.22521,2.2980347,398.0647,756.1521,19.988602,25.80968,0.47140294,0.7266299,0.16951045,0.3421735,0.80749595,0.63798547,5.153447,3.2928753,4.209264,2.237401,0.1471552,1.0294224,24.797443,0.5515642,10.817037,0.90088046,3.0545614,3.6893241,-1.0237665,-10.16055,0.011014639,1.347708,0.84082526,1.1756712,9.6081,0.26501194,1.2392771,3.4872212,29.69752,0.2758642,661.9178,0.28470474,1409.2001,0.14320159,-125.45547,-0.7222319,1737.4435,0.1623791,1140.662,0.25349522,-130.32346,-0.6346616,2862.2732,0.07173839,933.36053,0.4162603,-133.06049,-0.5957114,-18.074297,-0.43092266,29.352684,0.28300467,0.051160857,0.31992602,-0.026791986,-0.55625457,0.24657145,0.68182296,35.09268,0.3270624,13.736362,0.7717592,3.616562,4.319534,-7.567464,-1.5364789,-9.85053,19.084623,0.026669687,-0.0041142255,0.079586916,2.5884383,1.8197573,0.21380952,0.18586929,0.3009091,0.3023079,-24.43653
27.649609,0.07179593,26.105795,27.734812,29.426472,3.3206768,41.93092,41.540512,25.251974,11.611582,0.57099533,0.5179506,0.29215905,0.50161415,0.8727382,0.58057916,4.501025,2.9544637,4.7682405,3.551924,0.30780256,0.7685493,31.666655,0.44118083,14.869642,0.5951692,6.578266,2.1443841,6.9930677,1.569811,0.01673528,1.0469815,0.95961934,0.91471696,6.872307,0.35490865,2.9042568,2.4129624,39.8206,0.2985417,582.3774,0.3252461,1424.7853,0.13616739,-102.405045,-0.9240383,1689.3644,0.13799581,1094.8091,0.2213541,-111.43257,-0.76532525,2815.793,0.107462674,1113.1284,0.24987696,-117.06898,-0.6818558,-23.175756,-0.31253046,31.427326,0.27809387,0.035183363,0.6055736,-0.02655829,-0.6447232,0.43966132,0.50248545,40.33054,0.22485879,17.738682,0.47459993,4.740408,3.6065695,7.599419,1.5938004,-12.472315,20.38987,0.01328092,-0.0018778809,0.17789347,2.762431,2.2222223,0.2175,0.1537815,0.21149999,0.19089985,-20.449778
28.506601,0.12213295,27.14256,28.63208,30.9777,3.8351402,27.935732,22.150934,25.783144,42.75263,0.5471216,0.7523391,0.173361,0.49448702,0.781706,0.608345,8.533655,5.641317,5.1865463,3.448105,0.20504719,0.88429075,25.539036,0.5467602,5.6485724,2.6713336,11.579336,1.1881914,0.49971098,28.571136,0.021562906,1.2493105,1.2202688,0.6626398,5.744096,0.4561845,5.893129,1.2836897,26.68182,0.33038044,575.60156,0.394327,1409.9025,0.13671635,-73.14541,-1.1941909,1605.2803,0.14070377,1090.3397,0.30288002,-78.949165,-1.03863,2719.2769,0.08047759,975.8846,0.37609076,-84.386,-0.9251092,-13.8261385,-0.45558396,25.572939,0.2639009,0.043192383,0.5907725,-0.012219908,-1.0554154,0.26935193,0.66247296,30.514345,0.40775687,6.485208,2.5449092,12.262098,1.2012631,-1.3279748,-11.860826,-7.5606484,17.370804,0.03011295,0.011539063,0.08265284,3.0828516,2.529183,0.25461537,0.16434556,0.111428574,0.17671032,-24.9842
30.973406,0.10074629,28.588684,30.784136,33.177307,4.588623,105.79863,182.7967,89.44738,132.10123,0.49254546,0.6972374,0.26965833,0.32071787,0.7086864,0.43902808,6.092987,6.479404,4.282013,4.0044184,0.18084061,1.0373725,22.104816,0.4462414,10.169407,0.8652723,0.604119,17.430765,-6.0442677,-1.5138859,0.023307784,1.142022,0.8346546,0.94092375,7.394059,0.3613217,2.431681,2.1734567,28.732801,0.36462757,637.70386,0.291878,1372.0818,0.14323092,-159.89229,-0.48289835,1735.8059,0.17894945,1086.3105,0.37925056,-162.61958,-0.43415296,2782.0183,0.09406966,980.87805,0.31452224,-163.57133,-0.42042518,-17.527836,-0.43639216,27.906683,0.33902454,0.048700012,0.33161372,-0.033292852,-0.54791933,0.41810217,0.5007442,31.339544,0.36005056,17.023197,0.68733317,2.4621313,7.33638,-7.93724,-1.7973226,-10.334745,18.176746,0.027550187,-0.0128271505,0.11456042,1.3320647,0.95298606,0.221,0.192013,0.7819355,1.0290159,-24.87821
32.820724,0.06839339,32.345745,33.279217,33.89218,1.5464363,51.973602,67.341156,22.863258,9.9595785,0.565826,0.4590933,0.31454438,0.55167025,0.82572633,0.51118195,5.949623,3.5091908,5.3987775,2.9401507,0.26124236,0.594311,28.905968,0.40718648,12.168806,0.6226811,9.276805,1.3340119,-4.4115167,-3.2980375,0.033376016,2.4802697,1.2448301,0.8486775,8.142099,0.3297879,2.4651103,2.5949843,32.643627,0.1943373,584.38367,0.30317548,1413.5234,0.15350248,-108.975365,-0.8577295,1621.357,0.15509163,1167.7988,0.30271384,-115.314835,-0.71825033,2722.553,0.069456264,871.5352,0.28907192,-118.09109,-0.6778587,-20.709627,-0.23692963,30.040617,0.21522628,0.034978904,0.46450698,-0.03250147,-0.4849766,0.323832,0.44932184,36.22715,0.21163462,12.87103,0.55473334,5.8996964,2.082914,-12.390433,-1.1823902,-13.531422,22.380598,0.010587016,-0.005026452,0.20720263,4.4883304,3.2608695,0.13944444,0.11558895,0.1461111,0.14689901,-23.776472
34.469227,0.055635944,32.331715,34.865158,36.011406,3.6796913,22.07489,11.603725,71.65238,138.12852,1.4153161,0.4844196,0.77596974,1.2307996,2.1375225,1.3615527,17.277678,9.371481,18.040419,9.919263,0.71617824,0.6200155,25.076416,0.44404295,-8.854521,-1.6636193,0.48729444,27.196684,-14.04809,-1.0702151,0.014292223,1.0844681,1.1477988,0.6803449,6.3582196,0.56055415,-0.05530149,-141.75276,17.285166,0.68764156,679.7779,0.3705215,1455.7427,0.22441721,-66.472496,-1.298981,1699.2921,0.15263501,1111.9385,0.3367861,-63.252975,-1.2531759,2727.458,0.10776063,1107.4128,0.4307024,-67.47109,-1.1379558,-8.134298,-0.4847931,19.317387,0.3336508,0.06954263,0.23741935,-0.020031782,-0.6927492,0.8268152,0.54485756,28.050577,0.28915006,-13.409938,-0.92417186,0.55483747,26.235638,-18.258,-0.75964415,-7.567399,16.670317,0.053924285,-0.013693431,0.46666548,4.4444447,4.1152267,0.1645,0.14055157,0.063888885,0.034016155,-16.505556
26.476576,0.1133785,24.667185,27.185436,28.674713,4.0075283,26.706127,22.681482,19.783161,9.251585,0.47497454,0.6707768,0.15609376,0.38308027,0.78707284,0.63097906,3.971415,2.232187,3.1982875,1.5273938,0.20696588,0.83678675,30.701649,0.4610413,10.435615,1.0286007,14.172604,0.858266,0.41896513,35.636757,0.018096037,1.1035448,0.98037404,0.7505109,6.5647244,0.39895418,-0.5879842,-16.398752,28.309887,0.30640092,579.53644,0.35576233,1352.9689,0.14810038,-95.458145,-0.96585816,1660.301,0.17308982,1170.8284,0.2657085,-104.478386,-0.79401696,2756.0247,0.09462125,1025.5155,0.27809727,-108.4379,-0.7308785,-21.931849,-0.33814412,33.954655,0.18771012,0.026716186,1.2417481,-0.024156887,-0.9742035,0.29304826,0.56026703,39.046978,0.27209753,12.574168,0.91729295,12.431299,1.1340863,-5.3467674,-2.9206789,-12.590855,23.516722,-0.001980013,0.009353151,0.09979599,2.196908,2.0424838,0.2636,0.2898259,0.2052,0.17249046,-22.574717
30.395033,0.117779955,29.063316,29.983892,31.046726,1.9834099,9.84764,18.18793,116.829,85.68935,0.60943186,0.62249434,0.31240228,0.45436406,0.9785962,0.66619396,7.815979,4.821507,8.391528,5.974585,0.2842049,0.7913776,25.906252,0.3966679,10.887165,1.01966,-1.0131624,-11.150406,9.818371,1.0454041,0.018259533,0.9731586,1.1046613,0.7490403,6.7197933,0.33168876,6.4774613,1.0184487,29.477455,0.27918777,560.3908,0.4252376,1397.9498,0.1456523,-122.838745,-0.74882543,1630.0515,0.17928433,1078.9889,0.33204266,-123.97198,-0.6950175,2728.6792,0.12259826,954.994,0.41025263,-127.60873,-0.641696,-13.95883,-0.52874845,26.03488,0.2489023,0.037223104,0.5239173,-0.012781319,-0.9710593,0.47013563,0.45458415,32.78815,0.20808703,7.869965,1.4066615,1.3924074,9.912211,10.651701,1.0507034,-12.82473,22.980722,0.020697191,-0.005346849,0.15730786,3.3628318,2.857143,0.136875,0.09332194,0.191875,0.1844322,-22.688347
37.516674,0.0673802,36.35302,37.15096,38.509956,2.1569366,16.865154,8.066401,27.807056,16.079062,1.1580224,0.5097222,0.6660445,0.9964657,1.6713524,1.0053079,12.904715,11.147933,11.489064,8.117824,0.599681,0.7303064,27.934116,0.4953555,-2.120587,-5.324576,-3.6410956,-4.633724,-10.407627,-1.126929,0.013542487,1.0486492,0.8574578,0.9183656,10.521914,0.28653044,6.9874353,1.3033577,29.671621,0.30561566,689.4925,0.32079247,1446.8992,0.14387693,-96.43968,-0.96224916,1686.9664,0.1524511,1165.7346,0.22797315,-90.52089,-0.9327619,2832.69,0.092144445,966.3866,0.29223794,-97.952934,-0.79900163,-13.238087,-0.5410107,28.690248,0.2681476,0.06626222,0.29990682,-0.019872129,-0.64480287,0.77154726,0.57266897,35.236134,0.25689182,-4.6239924,-2.6043959,-7.950541,-2.4538116,-14.742186,-0.79254454,-6.667918,15.059885,0.04244625,-0.0025735728,0.34730214,3.5916824,2.8625956,0.20266666,0.15737288,0.118125,0.070641585,-15.8722105
31.672222,0.055364512,30.001862,31.64241,32.937794,2.9359322,18.438475,9.562756,36.31489,33.519073,0.6913033,0.4610218,0.36337382,0.6504871,0.98008525,0.61671144,8.342344,6.0753636,7.603704,3.8488123,0.30302432,0.6255506,21.15124,0.6942683,13.151646,0.81775045,5.0396495,2.2276385,-4.8731265,-2.8791246,0.01437688,0.9641476,0.94329846,1.1023011,7.626466,0.30285016,5.4938097,1.2101909,27.479084,0.2396009,613.64825,0.326526,1398.7137,0.15513866,-127.25698,-0.69273686,1666.5024,0.17521918,1096.8472,0.28903985,-130.56195,-0.623157,2773.7832,0.08140262,925.7963,0.31877652,-132.72198,-0.59221005,-14.300573,-0.49265403,24.395784,0.31464162,0.035205998,0.51605743,-0.023935711,-0.6381951,0.4110526,0.46307495,30.987837,0.3478211,9.144069,1.3243963,6.000475,2.1371343,-12.546135,-1.1952237,-10.517463,18.384125,0.011261643,-0.010167076,0.2364923,5.1878357,3.6101084,0.09949999,0.060537174,0.1565,0.23225577,-24.037601
34.42448,0.058255572,32.620518,34.7363,35.86465,3.244133,41.36703,41.628353,21.91859,12.57544,0.7152761,0.6229624,0.35020146,0.5886576,0.97411585,0.62391436,11.59386,7.6039014,7.960144,6.381467,0.34829676,0.82573766,24.816782,0.4603457,6.713397,1.9317425,1.3723532,10.837697,2.0449586,5.6988482,0.01947403,1.2526677,1.1066004,0.7495082,8.149097,0.31560212,8.571887,1.1727326,28.725372,0.2958574,607.56714,0.33852166,1482.6936,0.14627102,-114.00141,-0.8120556,1655.0848,0.15062492,1109.942,0.25973132,-110.46552,-0.7903695,2743.5107,0.09438385,923.3131,0.3312919,-114.238754,-0.72976565,-14.035699,-0.5022212,25.394896,0.26283035,0.05907348,0.3201592,-0.019018745,-0.6234932,0.5217905,0.57106394,31.095629,0.2502947,3.2714467,4.2871895,-2.6913302,-6.577041,-2.2442462,-5.7998543,-10.160067,17.932957,0.033103526,-0.009395586,0.18476126,3.8647342,3.0844157,0.14999999,0.092281036,0.15315789,0.18330455,-22.008972
31.453835,0.104236744,30.597004,31.665682,33.346554,2.7495499,106.04105,132.55739,24.469797,16.032862,0.6966055,0.6077074,0.33574766,0.5742198,1.0719665,0.73621887,8.281301,4.825483,5.1142983,2.7862084,0.2722441,0.75131285,26.445467,0.4126001,2.0168982,6.229708,17.939709,0.7331303,-6.612138,-2.5490227,0.038905997,2.732053,1.1467481,0.7062529,7.0274935,0.50096935,12.74162,0.6491762,26.775465,0.3560968,610.06335,0.38746476,1298.6412,0.17078424,-105.41786,-0.9059966,1663.3961,0.17709145,988.0063,0.34203535,-108.74651,-0.8077507,2769.1323,0.094633095,777.4493,0.3882774,-110.11577,-0.786382,-15.05716,-0.42769665,23.127401,0.3727565,0.03493733,0.5002053,-0.01853289,-0.8624609,0.37244576,0.5100262,32.766888,0.2662347,3.4737582,3.668403,20.025719,0.7245607,-14.057499,-1.2443389,-8.004458,15.922534,0.005506837,0.004640881,0.17074855,2.7366023,1.7201835,0.28666666,0.19081113,0.256875,0.22871156,-22.16363
32.275543,0.1266035,28.904388,32.13153,34.88678,5.9823914,151.74258,169.65059,53.61055,51.246185,0.745281,0.7276762,0.21156298,0.6612745,1.1915215,0.97995853,9.666652,5.1539226,9.434091,4.6014123,0.437314,1.0052462,24.431936,0.5785199,0.33022735,34.35502,16.376347,0.9762433,-3.7717392,-3.5543346,0.029360613,1.4280678,1.0599875,0.94626945,7.5332456,0.3579383,4.7569857,1.9464902,21.48454,0.51112705,623.52814,0.40950412,1273.7183,0.18797098,-102.270096,-0.88798827,1694.1593,0.20342144,960.98334,0.30819783,-103.1444,-0.8175261,2728.7812,0.121478416,955.07495,0.3977815,-103.96371,-0.80153847,-15.586942,-0.5193312,22.003742,0.39669278,0.052532498,0.47086173,-0.020409549,-1.0006889,0.6603183,0.68940294,32.677177,0.32963055,4.36369,2.3678644,16.33537,1.085021,-5.9888725,-2.6095254,-3.6385677,10.881179,0.029948033,0.0090289675,0.16934271,3.6641223,2.7692308,0.18888889,0.10831482,0.14368421,0.12872699,-18.406748
36.75778,0.056563508,36.028057,37.0521,37.75008,1.722023,21.735455,14.86627,12.927838,9.082333,0.9096166,0.5678599,0.50040686,0.7072188,1.3436273,0.8432205,10.324418,5.760708,8.801212,4.4092317,0.38722652,0.69843787,23.92575,0.56314355,0.18338108,93.07985,9.84068,1.2615386,-9.555129,-1.4608228,0.02186165,2.052578,0.9301184,0.77109134,8.937325,0.28568757,8.400765,1.024456,22.324522,0.33660433,630.3415,0.41703042,1433.779,0.2137121,-136.99872,-0.6417751,1666.4844,0.17637815,1083.0125,0.27555823,-114.77015,-0.77465016,2734.1392,0.09969067,972.7314,0.353335,-117.46148,-0.7321917,-10.341785,-0.56847364,20.755411,0.34191343,0.041702203,0.4395364,-0.015911233,-0.66678554,0.49758977,0.5026691,31.856455,0.29255614,-10.537186,-1.5285218,8.9560175,1.5032738,-18.045868,-0.7518433,-9.684795,17.718807,0.0040705334,-0.0063159754,0.29922938,4.008016,2.834008,0.15285714,0.07333179,0.16733333,0.1742208,-20.613354
25.85184,0.059812892,24.689371,25.884733,27.226639,2.5372677,104.03112,109.406525,19.588211,7.650563,0.9461432,0.4426346,0.5237962,0.8392088,1.3708347,0.8470385,7.842994,4.286707,7.3356934,3.9738965,0.37105718,0.5025956,22.849747,0.5421345,4.7870784,2.7123113,8.236623,1.4591707,-6.7997193,-1.9881346,0.016500803,0.85338455,0.95751953,0.95796514,4.7963066,0.5245698,3.6452987,1.6503003,18.507595,0.34169918,596.81665,0.3717752,1273.0433,0.14697035,-112.788155,-0.83456486,1664.422,0.20381184,943.99414,0.32807592,-116.608284,-0.7675474,2638.5588,0.111183465,885.0273,0.41604286,-117.84598,-0.7470727,-11.259049,-0.5486575,18.53446,0.29630968,0.035502173,0.48437822,-0.0245639,-0.67322534,0.49892873,0.32074606,32.121166,0.2071514,-2.4914715,-5.745454,15.455848,0.81242096,-12.178579,-1.4241804,-8.492692,15.979171,0.020443588,-0.012619926,0.26929545,3.74415,2.201258,0.19571428,0.16495517,0.222,0.26125848,-21.29391
36.36425,0.046697102,35.825626,36.5768,37.23951,1.4138832,221.9648,454.3753,17.78913,22.516281,0.35785776,0.45560274,0.19690618,0.35018727,0.51112735,0.31422117,3.7058368,1.6911904,2.5754976,1.3527368,0.113114804,0.66089445,26.22084,0.4079619,2.5263102,3.377645,17.892078,0.61276096,-5.4026,-2.050775,0.019932901,1.5049595,1.0765423,0.73158556,9.524682,0.32223305,10.054936,0.8180915,22.302546,0.3458033,733.5177,0.31608132,1382.0304,0.15545182,-93.07679,-0.9355896,1744.4441,0.13814983,1164.01,0.348012,-91.50405,-0.881983,2796.6323,0.074280016,889.04004,0.4621645,-94.04238,-0.83699554,-17.393251,-0.3065464,26.773539,0.2675047,0.03640162,0.54185957,-0.008895776,-1.1931717,0.1474114,0.46056518,32.131966,0.2458643,2.5281608,3.570388,18.081678,0.70595884,-9.979895,-1.0599109,-8.414827,17.860977,0.0066931657,0.010797187,0.05818021,3.6608863,2.529183,0.2376923,0.18998599,0.12714286,0.12985863,-29.44143
37.211674,0.058039982,35.914104,37.15619,38.900253,2.9861488,254.2788,261.09045,90.01897,200.07976,0.9396332,0.4428678,0.5978191,0.8710682,1.2949646,0.69714546,9.128261,4.193007,8.736482,6.825952,0.49921095,0.60110086,25.676384,0.54473305,8.285694,1.6711452,0.87792045,17.42105,-10.819351,-0.96999854,0.02904586,1.23873,1.1520193,0.6083063,7.414615,0.4472507,9.075226,0.9981615,29.07606,0.3022014,666.3477,0.30558148,1442.5964,0.12783857,-105.13296,-0.8658793,1697.4604,0.16346486,1124.1058,0.26181936,-102.35309,-0.8180222,2798.404,0.08659366,901.2118,0.34864148,-107.24663,-0.7371399,-14.267821,-0.5145731,26.767529,0.27041113,0.048146013,0.36242375,-0.021854145,-0.61405724,0.6101218,0.49723968,32.280502,0.3239749,3.836213,3.5256512,-1.6473176,-9.895141,-14.785807,-0.64850575,-12.420032,20.608816,0.03781985,-0.013731819,0.3789938,3.4026465,3.8387716,0.133,0.093225524,0.10649999,0.058247313,-19.508804
33.648167,0.09350402,31.277605,33.904354,35.412636,4.1350307,253.92166,650.9843,48.352417,72.9998,0.74830985,0.56431186,0.31268966,0.6950802,1.177699,0.8650093,8.982193,6.740781,7.357449,6.2284184,0.34146553,0.886105,21.05467,0.7308872,16.300762,0.7347017,2.2605844,6.2744317,-5.506351,-2.856218,0.017592372,1.0350556,0.8778107,0.8415179,8.31631,0.3884953,9.654196,0.921806,31.729431,0.2752245,718.0694,0.27276212,1409.4712,0.16967873,-109.47815,-0.82309926,1749.2985,0.14467528,1142.1549,0.29539376,-113.98066,-0.7193774,2886.4,0.07733178,858.33545,0.35777247,-116.780815,-0.6762079,-17.264835,-0.45954356,28.682848,0.30278778,0.054721415,0.40862688,-0.022942849,-0.6463523,0.46743608,0.6660386,29.104797,0.43181157,16.183622,0.78113383,1.354025,11.661911,-13.195453,-1.1928339,-9.921429,19.010021,0.027519023,-0.0050660428,0.21905755,3.2059188,3.3540373,0.13925926,0.13656977,0.1388889,0.14111549,-20.24222
36.264973,0.06036874,35.034035,36.05403,37.776737,2.7427025,38.906345,15.763855,27.885952,16.585848,0.7440993,0.41481757,0.49405506,0.6441898,0.99739975,0.50334466,8.011641,4.7810125,5.3169837,4.0337725,0.23656744,0.7155,9.939544,1.0521876,14.648257,0.5633014,-4.1393347,-2.63766,10.233759,1.0583562,0.018115474,0.84600496,0.9284891,0.6865067,8.864371,0.26486436,9.615594,0.7297925,24.064005,0.32094237,660.6796,0.36776534,1445.4958,0.17706177,-121.166115,-0.740177,1681.839,0.1634489,1144.5688,0.2621222,-112.46207,-0.7519253,2695.4841,0.08934178,987.1719,0.38156804,-114.91239,-0.71351117,-13.046675,-0.4753421,22.718683,0.28134805,0.052857544,0.3075,-0.007905258,-1.6086661,0.33014998,0.53664833,18.447453,0.372293,14.065641,0.69737977,-6.397056,-2.05422,4.1622725,2.585737,-5.3684783,12.56937,0.028239105,0.010330509,0.14686885,3.0721967,3.1007752,0.14999999,0.11300442,0.1447619,0.10026722,-24.013588
28.559183,0.12695865,26.42737,27.980995,30.840437,4.413067,96.5527,119.97858,51.694347,49.61923,0.6569579,0.5041419,0.35789102,0.5771959,0.9453794,0.58748835,6.992198,5.512838,4.7442927,2.6527696,0.31799865,0.8130452,18.574059,0.5297917,17.288464,0.56411254,6.4443893,1.4942362,7.9369345,1.277867,0.027389124,1.6577307,1.271959,0.6002825,5.275297,0.5038415,3.3645902,1.9512761,27.69878,0.28207082,536.2414,0.3161148,1411.9974,0.1352873,-118.52155,-0.7832962,1619.9576,0.12766595,1072.3418,0.25636366,-123.93309,-0.683141,2710.2268,0.082678415,992.5297,0.30884105,-125.84037,-0.65563816,-17.386736,-0.32759503,25.524931,0.25408232,0.04627428,0.37000686,-0.026011452,-0.41073593,0.44707772,0.58062994,25.15624,0.28857315,19.146482,0.539687,6.0314193,1.8068802,5.50525,1.9528439,-10.770649,17.89048,0.035681713,-0.011034041,0.222086,3.155007,2.4896266,0.16333334,0.12467736,0.23058823,0.23099454,-22.716003
29.001467,0.06684125,27.91681,29.05308,30.312061,2.3952522,90.06481,83.1467,27.869108,13.863267,0.5820615,0.5489729,0.25809026,0.5700029,0.8748938,0.6168035,7.1535854,3.934263,6.547574,4.528948,0.2831965,0.87407315,20.907028,0.6556934,14.517118,0.8696734,1.3882537,8.385731,12.581905,1.0166274,0.024399588,0.7774171,1.2377448,0.6967691,6.3492384,0.38210997,5.2381697,1.5770636,33.95488,0.23901992,597.1207,0.3776159,1381.3398,0.13130642,-131.02054,-0.67238796,1670.4218,0.14434902,1099.7543,0.225196,-134.72739,-0.6006071,2757.153,0.11310484,1067.6101,0.24733685,-137.79962,-0.5594098,-19.771393,-0.3856408,29.241287,0.2659734,0.031151213,0.7309811,-0.0156,-1.2299492,0.47165075,0.5389851,29.314518,0.30172083,23.42427,0.42432034,1.2322204,11.489105,17.765335,0.8092511,-8.259062,16.137005,0.019471738,0.0028643762,0.17449415,3.7369208,2.4096386,0.1475,0.12447389,0.24624999,0.2513184,-22.171873
37.57879,0.05709215,36.45977,37.488678,39.166985,2.7072144,46.63842,32.021534,0.45605034,24.176441,0.6185083,0.33842948,0.43725646,0.5795819,0.77405894,0.33680248,4.4156604,3.208428,3.517079,2.7340376,0.19966161,0.5184998,19.671377,0.4546266,-3.7251348,-1.8119668,12.6014385,0.6574703,0.36347514,26.753246,0.024618434,0.75142044,1.1435905,0.5187639,7.7732935,0.2916768,8.663639,1.090432,21.352797,0.40268517,770.58264,0.29284698,1375.7772,0.18534137,-157.19336,-0.48583934,1820.7432,0.14203809,1233.8826,0.39941424,-152.58994,-0.495366,2770.574,0.0934039,1024.4398,0.41542295,-153.229,-0.48658705,-13.279086,-0.35537294,22.322683,0.30101183,0.03559275,0.49974847,-0.012132254,-0.9334038,0.2972731,0.44215098,28.080338,0.23345964,-1.2558699,-4.7530985,8.346333,1.1799849,-7.4753494,-1.3745947,-4.2542353,10.978581,0.012845328,0.0065492964,0.16365056,2.750275,1.6592921,0.156,0.11712102,0.399375,0.4372852,-27.70211
35.75397,0.037645217,34.612675,35.573723,36.86077,2.2480965,66.75132,74.93013,21.0706,10.558138,0.83064777,0.62941605,0.32269177,0.64852834,1.3777881,1.0550963,10.862868,7.692648,7.082947,2.7471845,0.3408253,0.773244,23.495499,0.53364795,10.198783,1.38983,0.5468775,22.913397,-8.215694,-2.0479827,0.012960175,1.4175179,0.7903772,1.0728357,10.149535,0.25107482,3.9396915,2.1232839,24.607973,0.31458032,684.33246,0.28826338,1450.077,0.1874751,-109.36808,-0.84155643,1706.2782,0.15672655,1139.6857,0.3253666,-110.606514,-0.7745927,2827.047,0.094312645,915.50336,0.4864802,-114.32381,-0.71667415,-13.549343,-0.5167035,25.86963,0.32892346,0.048101053,0.45829558,-0.02049464,-0.55909353,0.46607402,0.549993,30.62054,0.3113707,3.7477045,3.9180853,0.3809289,42.05533,-17.519655,-0.9979579,-12.510504,20.624994,0.021398203,-0.013504848,0.21793142,3.039074,2.6239069,0.18277778,0.1584931,0.16842106,0.19628827,-20.008604
30.211689,0.09046838,28.027523,30.096878,32.43617,4.4086456,118.27358,198.6627,12.846678,9.844468,0.58510053,0.52021694,0.29492635,0.5443792,0.86373675,0.5688104,6.5134196,3.1234286,4.368463,2.2551827,0.281927,0.6844239,31.443684,0.39851376,12.503504,0.7383958,7.6012254,1.4838098,-0.9364127,-15.048457,0.014467598,0.8964901,1.086659,0.83361757,7.845682,0.33068964,2.4949906,3.342969,32.91989,0.2860701,602.54944,0.3454711,1407.589,0.14265175,-92.67914,-0.9975108,1677.4934,0.18186156,1156.8569,0.22878368,-100.924164,-0.8175085,2793.3633,0.11393601,1082.8887,0.27665374,-105.4376,-0.74616086,-22.234232,-0.2923384,32.40537,0.23297428,0.038625732,0.6621929,-0.030442894,-0.66742283,0.3815386,0.47307545,38.064262,0.20643936,15.047502,0.57391447,5.74631,2.1881692,-4.832033,-3.3124177,-12.234644,20.441086,0.015181335,-0.0029795584,0.15184,3.0855541,2.259887,0.24499999,0.19697715,0.16647059,0.1664134,-21.582138
33.58254,0.097541556,32.685413,33.262276,34.103985,1.4185715,55.44295,45.53811,17.279871,7.021727,0.79600143,0.50793403,0.40779287,0.7593331,1.1487367,0.74094385,6.719117,5.4245744,5.1799273,3.0504196,0.31700695,0.90778244,24.612001,0.6932439,7.2353764,1.5371245,6.3281627,2.1187208,-6.8244615,-2.1535196,0.016933508,1.4472154,0.84026843,0.8655416,8.874065,0.35062653,4.96397,1.4308822,31.367088,0.35206902,646.1973,0.26764226,1388.4448,0.13360563,-108.783905,-0.87975925,1764.5365,0.14673124,1047.7931,0.31305614,-114.02461,-0.7621172,2819.4412,0.104754016,992.04504,0.29602605,-117.0946,-0.71439475,-17.913185,-0.35945073,26.65408,0.28085214,0.05143851,0.3002829,-0.037152067,-0.43305224,0.37794763,0.56832576,36.049557,0.28241783,6.0696654,1.6387501,5.86022,2.7874312,-13.684053,-1.1003702,-7.8787384,14.136107,0.014943657,-0.009411389,0.2629029,2.6026027,1.9114689,0.24368422,0.26549277,0.25947368,0.24068922,-20.16295
34.400253,0.065322116,33.870464,34.83146,35.72098,1.8505173,52.677452,62.26006,16.863464,8.404489,0.78243417,0.48922297,0.4342143,0.7077506,1.1330526,0.6988383,9.248755,4.9134655,6.207196,3.0139797,0.40582487,0.7230574,24.67244,0.5833553,14.595079,0.7979049,-0.07529229,-180.3771,-4.5182533,-4.5981307,0.013509995,0.91752726,1.0535464,0.8852219,8.67964,0.29848123,6.491307,1.2681112,35.24932,0.21771611,673.60034,0.2748646,1434.0897,0.13286756,-93.45004,-1.0065372,1744.5822,0.14129025,1142.7426,0.26230398,-98.94471,-0.85403186,2851.614,0.09058217,1027.2601,0.26197767,-103.43442,-0.7791354,-18.077467,-0.31191197,28.952305,0.27289414,0.032493144,0.78538585,-0.03133206,-0.5199489,0.51289254,0.5854236,32.133297,0.32563916,12.047845,0.98256475,-1.268003,-11.756267,-13.687252,-1.5587919,-11.30083,17.842155,0.002670524,-0.006956612,0.28250015,4.125737,2.9761906,0.18066667,0.119970374,0.12625,0.0462162,-19.36156
24.834019,0.07257831,23.408623,24.633581,26.614555,3.2059326,25.217098,16.059265,17.657827,13.788982,0.7783437,0.59048784,0.34330136,0.74326897,1.1302732,0.78697187,9.853764,6.3024893,7.874059,4.9779053,0.3463439,1.0141255,18.471727,0.8027453,4.7079406,2.3984294,17.643873,0.72164917,-5.830924,-3.203927,0.0152855,0.7260346,1.1187954,0.6514099,4.346375,0.4204458,-4.0347505,-1.2186877,13.324293,0.6588561,549.1071,0.39733714,1229.323,0.13086987,-122.86657,-0.74476534,1626.5176,0.18940829,939.75305,0.43942267,-126.62395,-0.6773368,2599.6323,0.11390395,837.0696,0.29565516,-127.579765,-0.66196215,-12.839394,-0.53549504,19.841135,0.32672098,0.035580892,0.5020581,-0.024947442,-0.7658035,0.47917604,0.56039244,27.65564,0.3028406,4.6895404,2.841674,19.102798,0.7738333,-16.894283,-1.2227876,-5.547101,12.863541,0.013772217,0.00085641554,0.2629991,3.8155804,2.724359,0.13882352,0.11028744,0.1961111,0.12936333,-21.90871
34.469414,0.04374652,33.288143,34.799084,35.605705,2.317562,36.077583,26.88638,21.901472,7.608836,0.7405795,0.46857342,0.35372397,0.7444833,1.0429131,0.6891891,7.2260404,4.0004992,7.174992,4.1532373,0.3881375,0.7375253,25.36782,0.61627024,11.954315,0.8879321,4.9660435,2.6192472,-4.7056894,-2.1863594,0.023157816,0.9394577,1.0577077,0.7137661,8.063601,0.35306597,13.483795,0.603076,34.726948,0.36607927,632.2071,0.3222395,1386.8806,0.1471834,-106.91136,-0.8594379,1726.8254,0.119377606,1080.2899,0.28156862,-111.02037,-0.7422692,2818.6401,0.087632135,971.5712,0.2964773,-114.2122,-0.69416517,-18.458403,-0.3609093,28.81359,0.3002922,0.06793502,0.23574543,-0.024334325,-0.5699377,0.5180524,0.54125273,32.961117,0.33738258,9.435633,1.1018488,6.041074,2.59049,-9.121692,-1.1279283,-12.107123,19.861277,0.0456112,-0.016402008,0.2603148,4.0462427,3.515625,0.13611111,0.11610049,0.12833333,0.093348205,-20.80845
27.785872,0.119706385,26.26635,27.236633,28.8512,2.5848503,18.430353,9.844451,39.6401,33.328266,0.85672367,0.44391868,0.5202829,0.77664685,1.2062117,0.68592876,10.780983,6.521487,7.22749,4.92709,0.41732273,0.63698024,27.688057,0.45526785,-1.611546,-6.271136,9.023745,0.9836481,-2.2628627,-5.381264,0.018206485,0.8801422,1.1025935,0.6896135,5.6861277,0.3432157,-4.8711777,-1.1605834,23.501453,0.24916334,695.9082,0.37707686,1328.467,0.15859121,-114.59615,-0.8085284,1708.9613,0.17590559,1124.4485,0.26801535,-116.23717,-0.7444853,2769.754,0.10516983,931.443,0.28980523,-120.09932,-0.6861682,-12.39152,-0.4591497,26.00165,0.24259716,0.02910606,0.7431187,-0.010450351,-1.6904769,0.5808359,0.4712005,36.464645,0.21914479,-2.0018778,-4.2167754,10.067927,1.0213118,-6.40932,-2.275537,-5.298312,16.603727,0.006133346,0.007372293,0.28494495,3.4358048,3.1021898,0.13882352,0.11716666,0.1538889,0.10414407,-20.144121
32.835308,0.047890324,31.69706,32.78784,34.023182,2.3261223,61.718002,81.55351,35.048904,52.48953,0.64865565,0.4220057,0.428715,0.57605964,0.8605444,0.4318294,5.0314574,3.2665787,4.272623,2.7090254,0.2434235,0.52299047,25.80077,0.32036743,0.49849835,17.764444,1.4698964,7.431977,-4.085349,-2.6997163,0.017610487,1.3580736,1.1793098,0.579527,6.140517,0.35705265,-1.3404433,-6.9176188,19.171625,0.41061282,588.6129,0.34276426,1453.8021,0.13689826,-120.48691,-0.77809477,1609.4841,0.1568278,1209.0634,0.26553747,-120.54685,-0.7351234,2617.96,0.10248459,1009.1816,0.33312565,-122.8448,-0.70042425,-12.83096,-0.33147782,22.042562,0.25817105,0.02529321,0.5426817,-0.025228016,-0.53222835,0.32382485,0.3626723,30.94378,0.15503271,-2.8714035,-3.256273,0.8700345,14.772924,-12.802161,-0.76881856,-9.465392,16.982555,0.013299048,-0.005631053,0.18678056,3.3738194,2.5815217,0.15631579,0.13127755,0.21,0.24006578,-25.813368
34.178432,0.08246089,33.57391,34.27841,35.10896,1.5350494,272.3679,249.90959,153.60611,288.56918,0.88762873,0.5674063,0.3401079,0.89419746,1.3273137,0.98720574,13.232052,8.022697,11.802521,5.859371,0.52069175,0.98472345,15.337137,1.0335088,14.022348,0.75414145,1.30189,10.528819,-5.28674,-2.2096722,0.022623142,1.6974671,0.89262825,0.71541905,8.531972,0.37374,10.72017,0.9287998,31.275911,0.29407352,684.1686,0.26069662,1408.4375,0.13542436,-137.78865,-0.6257467,1766.3163,0.13885933,1018.9014,0.28706643,-140.32982,-0.5640008,2905.446,0.079525635,941.3407,0.4468384,-141.92163,-0.5409802,-18.003885,-0.37874317,29.205265,0.28729543,0.059378672,0.3199556,-0.0295899,-0.44754773,0.79666555,0.635479,29.452295,0.34040907,17.436941,0.6075717,0.42319924,43.64818,-11.839126,-1.0574726,-6.2736945,13.418932,0.028936928,-0.008329967,0.37754998,4.966443,2.5675676,0.12526315,0.11292141,0.23149998,0.22046031,-18.556198
35.425083,0.057382856,34.436638,35.359505,36.706993,2.2703552,102.95671,134.407,12.853363,14.069827,0.9653012,0.5142402,0.4953658,0.817518,1.4572256,0.96185976,10.406049,5.4277306,10.778347,8.561975,0.40561554,0.68518317,19.974226,0.59608895,4.416459,2.8740222,2.5236912,5.3035364,-11.236281,-1.2553103,0.019650158,1.6178979,1.0402342,0.72699714,8.177004,0.37129238,6.0916305,1.5870204,21.399448,0.48143739,671.3368,0.30852976,1453.6672,0.14402458,-119.554825,-0.77494794,1699.5393,0.14914358,1148.0157,0.37146842,-113.27527,-0.7805693,2747.8955,0.11102127,1074.0304,0.38947585,-115.41735,-0.7460592,-11.09334,-0.6341415,21.385008,0.40521303,0.05361815,0.3481148,-0.021936787,-0.6350655,0.58140004,0.43902287,26.664963,0.3804829,-1.1410487,-12.229871,3.299889,4.9812064,-18.7898,-0.80686134,-8.329191,15.8419,0.023223821,-0.0126380185,0.24868093,3.5139093,2.2123895,0.206,0.14249212,0.22466667,0.28783947,-20.476645
40.6222,0.062468298,39.12606,40.871544,42.24523,3.1191711,23.13748,9.300696,19.033394,15.645946,0.5543216,0.640983,0.2707942,0.4121844,0.832363,0.5615688,8.479394,7.3282285,4.3890343,2.122726,0.26712927,0.8954927,23.44632,0.5361308,12.806241,0.7551418,11.676705,0.94098556,-5.508168,-3.1920047,0.02056421,1.1139531,1.0779109,0.7893027,11.405742,0.2992006,10.933952,0.7256808,28.660883,0.27828613,775.5752,0.24944292,1353.9042,0.17386754,-149.6456,-0.5299712,1884.3071,0.1393825,1113.277,0.30942306,-144.36617,-0.5251596,2923.0576,0.07356078,969.622,0.3010972,-145.43198,-0.51026726,-21.867868,-0.2908882,31.662262,0.21208987,0.03966534,0.34738082,-0.03341,-0.48880398,0.46626627,0.5894611,31.009256,0.27845114,12.77222,0.74404883,5.031223,2.5658689,-19.893717,-0.972505,-13.4578085,21.73806,0.024133807,-0.0091472445,0.16534023,2.6528258,1.9721578,0.16294117,0.1328761,0.32294115,0.2809598,-20.967134
33.307518,0.034726676,32.143757,33.38771,34.21125,2.0674934,100.37491,108.36892,13.554153,6.7436337,0.3204946,0.52731025,0.15990002,0.29295114,0.46095148,0.30105144,3.633668,1.6327575,3.27863,1.5179942,0.1040343,0.86837417,18.12357,0.95495814,14.057525,0.8745518,12.674214,1.1465455,-0.75566953,-16.746101,0.015931401,1.0029695,1.1372297,0.9151476,8.718499,0.34284797,11.381234,0.7549152,28.758215,0.3076414,682.35297,0.31636438,1392.4238,0.1554402,-98.895515,-0.8977212,1758.5044,0.1247028,1064.5957,0.34641376,-103.91498,-0.7765624,2837.9949,0.08585718,895.51526,0.41624302,-105.748344,-0.7465738,-18.701273,-0.4005838,27.698952,0.3251631,0.05458334,0.31461677,-0.018281996,-0.7856521,0.1399819,0.66398287,29.303703,0.3802136,14.294511,0.81626016,16.609316,0.9222748,-5.30391,-2.560916,-5.243353,11.734688,0.047489394,0.0070012757,0.06058284,4.8289742,3.2520325,0.163125,0.11422121,0.11647058,0.06764451,-30.604433
26.544815,0.10907735,26.327852,27.35176,28.067337,1.7394848,168.79398,89.457085,34.703568,31.450668,0.3857421,0.5159633,0.265879,0.33862972,0.4832465,0.2173675,5.154386,3.6584744,3.528376,2.3322594,0.2576432,1.5916553,30.886816,0.3703249,10.230772,0.713968,12.3150425,0.6980972,3.5151114,2.0948036,0.0377491,1.3410472,1.6203897,0.6332616,4.963423,0.337352,4.7495894,2.4016426,31.50205,0.4156025,619.77344,0.37152603,1393.5692,0.1392667,-152.7661,-0.49942267,1697.854,0.18579368,1156.0105,0.18063498,-156.28462,-0.44834876,2796.4497,0.11373343,1104.0068,0.32755354,-158.28294,-0.42219877,-20.964628,-0.28112394,33.74237,0.15335289,0.003730511,5.803761,-0.016637117,-0.68819135,0.33100456,1.7088978,39.247143,0.1573524,13.806641,0.37987417,10.73514,1.0604223,2.7962203,3.4610445,-15.096099,25.953234,-0.006408773,-0.002523874,0.23313574,2.8397567,2.6639345,0.08923076,0.10462104,0.2646154,0.31208023,-24.943598
33.055527,0.07127461,31.11811,33.14068,34.56403,3.445919,154.23764,119.35518,26.966457,13.683199,1.0136522,0.5663105,0.38789392,0.9279628,1.615213,1.2273191,10.6159,6.0520377,10.324548,6.056089,0.4333422,0.77759385,20.495546,0.8409407,7.5986285,1.6212667,5.5114713,2.5117693,-3.0218248,-4.902949,0.011595366,1.1878828,0.78987217,1.015789,8.625969,0.34649703,7.6860595,1.0725355,25.543947,0.29428348,608.4495,0.34582916,1406.2372,0.15448432,-106.5588,-0.86608046,1647.9491,0.1639597,1009.69104,0.27047685,-107.16505,-0.80350477,2764.1125,0.074758016,892.5598,0.39316884,-110.021324,-0.7556578,-12.585177,-0.59069926,23.282858,0.36109996,0.054858427,0.34590524,-0.020850148,-0.8807215,0.6282549,0.5095222,29.721111,0.43998078,4.4297767,2.8468044,7.544452,2.0895047,-9.196264,-1.8143733,-6.8166676,14.854119,0.03746468,-0.0013656277,0.22831738,4.2121687,2.9874215,0.16368422,0.115175396,0.14299999,0.14457177,-17.939026
27.82265,0.09055688,25.183098,27.850885,30.332474,5.149376,110.19214,179.03435,12.626155,9.45955,0.95946366,0.35145167,0.6603176,0.9091179,1.2535748,0.59325725,6.061105,3.6498091,6.4115415,3.253184,0.3990483,0.59637505,24.891052,0.3589468,-10.149973,-0.64503866,11.802369,0.64530206,-0.8071394,-14.676713,0.016652819,0.8460228,0.97584444,0.53309876,5.378536,0.37302375,1.2521893,5.3929014,21.964497,0.2077833,702.4964,0.35356438,1376.4037,0.15325582,-122.297646,-0.7561821,1687.7552,0.14393666,1148.6531,0.23912618,-123.46803,-0.7160487,2687.5356,0.10049847,959.03864,0.23184878,-126.002914,-0.6780441,-12.290645,-0.2963429,21.985798,0.23276086,0.036638033,0.5110851,-0.019168925,-0.89984477,0.5515495,0.38478824,32.532322,0.1646426,-6.0295763,-0.6909136,12.176521,0.8051912,-8.994679,-1.3644748,-2.5011363,11.143467,0.014023395,0.009085741,0.29448026,3.080873,1.9379846,0.20533332,0.24096656,0.271875,0.31579697,-21.39678
35.89987,0.055053435,35.238495,36.06295,37.048946,1.8104515,34.969604,22.787977,12.618718,5.60347,0.71413827,0.68846756,0.30846813,0.5803069,1.1796136,0.8711455,10.729078,5.5253477,10.092825,5.2454405,0.37304786,0.9094701,25.875916,0.5678307,10.187463,1.3361974,9.93253,1.383988,-9.1218195,-1.5543346,0.019790614,2.0612135,1.0899154,0.9299963,9.874152,0.27475753,14.33492,0.8684015,32.39438,0.23842156,627.63245,0.32369447,1406.2665,0.1442273,-85.94015,-1.0729367,1698.0083,0.12523635,1124.3383,0.35275677,-88.438095,-0.9159244,2785.436,0.08329443,885.3672,0.39000297,-91.324684,-0.86023307,-18.457968,-0.30819154,27.916153,0.27948037,0.07314083,0.3004015,-0.0271078,-0.4735392,0.49100333,0.6915179,32.2724,0.36016223,6.720003,2.1696768,9.047831,1.7802316,-14.93707,-0.9138154,-12.235149,18.99322,0.040358517,-0.010527223,0.17876072,3.838384,2.6530612,0.23076923,0.15740499,0.11642858,0.07315416,-19.162819
36.092606,0.046603385,34.946724,36.051918,37.383728,2.437004,14.935044,7.9833646,16.548407,9.573528,1.4292158,0.57970107,0.66122556,1.134252,2.278311,1.6170855,11.320309,5.8191295,11.163236,6.5042453,0.5610886,0.6832791,22.939034,0.30799797,-11.55041,-1.3014776,6.2881823,1.7637109,-14.425984,-1.0496573,0.009725528,1.0685062,0.8620589,0.88560253,8.5401325,0.2980225,3.3694618,2.5741096,15.187209,0.73707944,715.69354,0.37849158,1391.108,0.19503132,-93.070244,-1.0051458,1707.6534,0.1464982,1136.5726,0.25122604,-78.675995,-1.12526,2720.5078,0.09526893,1077.3234,0.4101395,-81.46592,-1.061764,-6.7910624,-0.8325106,15.774856,0.34493652,0.060421545,0.26162592,-0.010566272,-1.23182,0.70343834,0.54752177,25.425308,0.22720253,-17.118153,-0.9319038,8.473358,1.468561,-20.986202,-0.7138575,-6.078972,16.379107,0.042256042,-0.0016340635,0.31804746,2.8858218,2.6548674,0.22999999,0.14589624,0.14,0.06950956,-16.986624
24.262114,0.0859592,23.153301,24.180563,25.320993,2.1676922,30.723665,22.379179,29.678247,27.376074,0.48603982,0.5669657,0.2373748,0.46107218,0.7102893,0.47291452,5.372407,2.9609272,3.8128343,2.2164721,0.18809995,0.7290031,22.888456,0.53735393,9.862434,1.3755126,8.178568,1.4785925,1.2574168,7.985537,0.02195136,0.87344736,1.2522832,0.7558565,4.3881106,0.44027692,4.378342,1.1319383,27.85771,0.26405928,598.1232,0.2886865,1378.423,0.13324787,-111.79863,-0.81121373,1632.9619,0.12913406,1095.25,0.31107563,-117.62069,-0.71401733,2727.745,0.091272995,978.42474,0.4738152,-120.413216,-0.6716877,-16.764608,-0.39440122,26.91538,0.2812003,0.013688892,1.4994788,-0.019961106,-0.79208696,0.2814066,0.4018883,30.84024,0.311141,13.717233,0.8437462,8.634717,1.7210174,0.5228449,21.919283,-7.9143476,16.143156,0.024291756,0.003257409,0.10883907,3.4188035,2.9310346,0.15058823,0.12949997,0.16055556,0.1755775,-26.807285
32.100014,0.09944381,30.71546,31.668882,34.84639,4.13093,17.638945,9.612572,15.464777,5.907016,0.48707217,0.8085092,0.093341194,0.41915718,0.76511186,0.6717707,8.763464,5.642236,3.9413352,1.7508732,0.17491557,1.0140773,20.38552,0.66952395,8.045233,1.5489423,7.3684344,1.7545455,-0.85296607,-16.865974,0.017260944,0.80203396,1.0996506,0.62008214,6.427389,0.47684994,6.0549383,1.1844604,26.259993,0.46864128,631.8241,0.31063917,1418.1343,0.13112903,-97.39366,-0.93746,1657.8687,0.1343698,1171.7251,0.22679043,-101.00861,-0.8464754,2711.9482,0.10647732,1098.0955,0.40076208,-105.462944,-0.77211905,-13.563335,-0.6170768,25.798832,0.39002195,0.047934983,0.37210903,-0.014813189,-1.1836236,0.2741747,0.64306164,27.816044,0.42496344,8.836426,1.4897697,5.042697,2.488607,-5.7955985,-2.5319843,-6.6443505,14.893484,0.024286592,0.012082656,0.052612606,2.503294,2.3872678,0.22388889,0.17240581,0.17388889,0.287907,-26.405128
31.741858,0.103646055,31.327616,32.309677,33.332317,2.0047016,87.114395,112.69334,-6.1730194,23.643175,0.5073706,0.6645551,0.13718419,0.43951294,0.7885358,0.6513516,7.346045,3.910593,5.2291155,2.1672547,0.17736593,0.7782502,24.034466,0.5354201,7.119644,1.665423,9.788376,1.5759423,-5.93435,-2.5463064,0.019855743,1.3791865,1.2730107,0.7528613,7.17858,0.3936402,1.7667438,2.8848374,26.218822,0.2958865,566.05414,0.3075266,1490.386,0.1508798,-110.34631,-0.85130304,1552.4219,0.10850541,1185.0569,0.3073278,-114.15248,-0.7703073,2677.007,0.09010898,984.3507,0.41323242,-118.82963,-0.69766074,-12.548959,-0.43248108,24.556011,0.30389857,0.041952554,0.39257127,-0.017884817,-0.74057674,0.26480556,0.49601692,32.117058,0.3164922,2.485599,4.487547,7.6042266,2.102196,-14.762149,-1.0383166,-10.8131695,19.543568,0.007461183,0.0018188582,0.10261999,3.2085564,2.6978416,0.16466667,0.14568764,0.17375,0.22967027,-26.96343
23.821714,0.18338603,21.923721,22.602583,23.660894,1.7371731,72.9692,89.54956,11.771633,7.492314,0.73702717,0.4662361,0.36473307,0.7648711,1.0698687,0.7051356,7.2590704,5.392627,6.80743,4.1534877,0.322751,0.75826544,20.073948,0.7511686,11.444282,0.76560354,3.8641565,2.5594049,4.08467,2.5683355,0.018373225,0.99929464,0.96753734,0.71240956,4.743308,0.35414445,2.024613,1.9088712,24.943684,0.27400333,593.3462,0.37380427,1353.9705,0.15376961,-124.3735,-0.73501456,1600.4265,0.17582041,1085.7898,0.2677171,-129.25337,-0.656677,2628.549,0.12274324,933.1274,0.23417479,-131.73592,-0.6208834,-17.459234,-0.2671383,24.744734,0.20955776,0.021484956,0.8609858,-0.029872831,-0.5379761,0.43013555,0.49361202,32.096203,0.25186214,13.64962,0.6350901,4.0436444,2.765187,4.851303,2.3656611,-7.2411456,14.081156,0.018267117,-0.008114392,0.25843906,4.4992743,2.1994135,0.17066666,0.18299241,0.24687499,0.2695533,-22.132183
31.678823,0.10032836,31.238268,31.926826,33.492268,2.2539997,261.0606,449.35306,-4.7179537,27.492277,0.6140835,0.50370574,0.35513765,0.5585037,0.86130244,0.5061648,6.7829213,3.6572142,6.380543,4.7888575,0.28474844,0.8135271,22.572649,0.48949873,8.941181,1.0083697,9.126872,1.1953261,-1.0196149,-10.010277,0.018904306,1.0844759,1.0907228,0.78395945,7.13779,0.39064053,4.5588703,1.5955119,29.687935,0.2280972,627.37744,0.31447122,1404.3397,0.16584015,-125.69146,-0.72926676,1707.1578,0.13164014,1083.6427,0.32970136,-130.07872,-0.6463898,2749.5962,0.0771093,930.0634,0.4355097,-131.76337,-0.62215424,-17.944935,-0.28099298,26.61663,0.2592276,0.058255304,0.297605,-0.032730628,-0.38250592,0.4410889,0.5872965,30.945528,0.2347659,10.500752,0.8683011,6.899948,1.9153109,-6.828742,-1.6361938,-10.061487,16.656033,0.0312978,-0.011125329,0.18844835,2.9895365,2.4096386,0.15375,0.121443145,0.22647057,0.25071526,-23.485344
26.10199,0.18659726,23.960663,27.30605,29.953293,5.99263,131.45265,116.538994,93.025894,119.51699,0.4219097,0.86486435,0.17155704,0.23164217,0.6766888,0.5051317,4.401176,4.084887,3.087043,2.1441956,0.19227512,1.2839669,27.439545,0.33066338,0.26892155,29.419956,10.134324,0.8608794,-2.28446,-5.2341733,0.052094996,1.9808257,1.2647102,0.77348685,4.6138835,0.71523875,0.6489654,17.187712,25.77939,0.30861554,583.07324,0.36241865,1348.3619,0.13053189,-154.78592,-0.5141764,1632.5295,0.17638741,1110.7435,0.27363616,-156.61964,-0.4763771,2680.3389,0.11455602,963.969,0.3114554,-158.35213,-0.4522331,-17.521008,-0.38346663,27.290848,0.20742242,0.039402988,0.70607495,-0.02187849,-0.95179933,0.43198705,0.5854713,37.08042,0.19448502,8.1048565,1.0090485,12.252758,1.037416,-7.4866443,-2.3172917,-7.90082,17.991156,0.026243774,0.005557689,0.11177587,1.2732615,1.4061478,0.16906977,0.14300454,0.51,0.66858053,-24.180553
29.407549,0.17717984,26.629189,28.156195,29.705608,3.0764198,136.80356,170.36423,86.18656,101.54535,0.603978,0.5156286,0.33118907,0.5166916,0.9103038,0.5791147,5.780667,3.496212,3.8263505,2.2967901,0.25488564,0.8366103,22.193857,0.6026986,1.6112108,7.3057466,2.491469,4.7618604,-3.700774,-3.6459422,0.0222119,1.0393543,1.0498767,0.52597266,5.0017776,0.5072146,-1.164981,-8.330265,21.942682,0.41557184,584.4575,0.38010684,1340.1826,0.13482118,-132.674,-0.66936165,1620.5676,0.19120252,1040.4983,0.19261543,-131.98582,-0.6352813,2692.5586,0.12799703,981.72626,0.2521366,-135.08783,-0.59214294,-14.292155,-0.4266822,25.588259,0.21463963,0.042014636,0.55917126,-0.018062128,-1.0337611,0.42081606,0.55685085,32.456646,0.23186319,6.1334295,1.5679301,3.2459228,3.7261484,-3.3622203,-4.642626,-3.3128533,13.563285,0.027068615,0.0034682252,0.15600851,3.1117399,2.5641026,0.13833332,0.15983498,0.23055555,0.2714666,-24.149778
31.884298,0.12399417,31.598127,32.74895,33.816677,2.2185497,306.2123,226.4514,23.21792,12.718805,0.6350937,0.5846873,0.33112347,0.5054988,0.95299035,0.6218669,9.114098,6.72021,6.292349,4.471167,0.2743928,0.72625935,25.968405,0.4153737,5.659202,2.0627723,9.585586,1.1759349,-5.7555623,-2.665187,0.024637569,1.7811179,1.1793119,0.5639739,6.3704443,0.43039495,2.3430943,6.1291094,25.411451,0.32749173,549.16327,0.3364064,1414.853,0.16192593,-116.02329,-0.8106585,1596.3801,0.14947249,1125.4098,0.3647774,-119.167694,-0.7329637,2683.591,0.088972874,977.87195,0.41534054,-122.15915,-0.6886036,-13.718276,-0.407878,24.00946,0.3120943,0.032133322,0.5581487,-0.020846883,-0.59885806,0.39127895,0.49839717,32.214172,0.23506641,0.802653,15.172098,10.324454,1.227868,-15.810169,-0.92899853,-12.303413,21.434818,0.0052915597,-0.0053777415,0.18469219,3.30251,2.7925532,0.14857142,0.091977514,0.18045454,0.18979599,-23.881105
35.62563,0.05172631,34.015564,35.76045,37.251667,3.236103,27.003391,6.47402,18.355162,10.941927,0.8194563,0.44957736,0.49482644,0.7177469,1.1715419,0.6767155,9.089838,5.476154,8.156678,4.614879,0.3575902,0.47372818,27.661743,0.34168354,0.33863744,32.813663,6.8025317,1.7445077,-4.2123785,-2.627047,0.016206555,1.003452,1.0877677,0.68025506,6.77721,0.33621332,5.905627,1.2364941,22.104048,0.42372614,650.3755,0.31388384,1463.834,0.120043054,-130.43585,-0.6854792,1626.1476,0.14474905,1229.0083,0.27287608,-123.4823,-0.7077841,2674.1228,0.09353924,1030.573,0.32676905,-126.46306,-0.6635433,-9.878169,-0.6757834,21.61575,0.36489248,0.020542545,0.8410414,-0.012985981,-0.9303862,0.4634498,0.34785953,32.666714,0.21738517,-6.070765,-1.7851655,5.2911334,2.8127263,-10.0472355,-1.238109,-11.2194195,20.742908,0.0024192564,-0.0057408805,0.2865761,3.4586468,2.7272727,0.14277777,0.1133238,0.20277779,0.21908408,-23.10462
33.965473,0.08064357,32.762077,33.98903,35.2074,2.445324,110.37618,138.6225,61.078465,50.95018,0.982537,0.70440173,0.3233907,0.86676997,1.5661691,1.2427784,13.83485,10.690798,12.813551,7.356455,0.5663396,1.0774467,24.906538,0.53088504,2.6977282,3.866897,5.4449034,2.6575508,5.0774755,2.4805405,0.019233154,1.4777079,0.88813555,0.8153836,8.3669,0.37585336,12.2385025,0.89285284,28.557688,0.32887694,597.6751,0.40659875,1385.5005,0.19511898,-115.523,-0.7998692,1655.442,0.159827,1053.5396,0.20137924,-112.43434,-0.7722468,2690.841,0.13391271,1017.60455,0.23770632,-116.341965,-0.71280855,-14.609682,-0.49792966,24.62745,0.28784662,0.059619136,0.3968612,-0.014934149,-1.1229225,0.7865554,0.816383,32.522053,0.24222656,2.877089,4.171167,2.3470986,7.282471,4.2448883,3.3950784,-8.295965,17.512386,0.028743962,-0.0023680185,0.3662525,3.080308,2.9900334,0.15222222,0.1312711,0.16807692,0.18625909,-16.48252
32.088444,0.046926457,30.710419,32.165424,33.319496,2.6090775,73.27363,98.12014,16.834812,10.428176,0.74275446,0.51134074,0.43745726,0.6543633,1.0827758,0.64531857,8.948449,5.308042,7.0661383,3.8020494,0.36536053,0.7424571,25.100878,0.54436725,10.665728,0.94247776,10.1795845,1.2952906,-13.245471,-1.0437068,0.014975261,0.93694466,0.9382519,0.7529564,7.9862165,0.33148143,9.3160095,0.93603516,33.285347,0.22904372,668.58545,0.26314974,1441.9895,0.11398582,-115.11791,-0.8024278,1775.7882,0.11617785,1107.1366,0.37734327,-120.45908,-0.6991635,2846.155,0.073106185,883.7731,0.46089333,-121.5599,-0.682793,-19.070997,-0.34709415,27.401585,0.27875677,0.06471033,0.17741951,-0.033828802,-0.33981848,0.51702005,0.5479326,31.86624,0.27405423,11.160445,1.0754341,15.551784,0.93661755,-21.997253,-0.6291075,-10.677766,17.750357,0.04327261,-0.018037701,0.24575588,3.840878,2.6243095,0.1631579,0.11178233,0.1875,0.19932072,-20.625412
33.084892,0.058231756,31.518927,32.763535,34.112015,2.5930882,24.28596,16.504662,25.496588,23.78206,0.454336,0.59764385,0.20756255,0.41609076,0.70882547,0.5012629,5.7587934,3.760865,3.9657404,2.0694072,0.16893475,0.78916776,25.542177,0.56663984,5.526105,2.1082156,8.890169,1.5606583,-6.4671307,-2.1567373,0.018860541,1.3609492,1.1652515,0.70156926,7.6363606,0.40758336,11.582883,0.6422341,31.352842,0.274773,647.49786,0.33301875,1408.5845,0.14693354,-93.207245,-1.0161663,1686.6514,0.12697406,1118.1118,0.26075047,-97.30818,-0.87974703,2770.2632,0.074532986,915.2695,0.3659813,-100.4508,-0.8247564,-16.354958,-0.38701844,27.237684,0.31105152,0.06533392,0.2536069,-0.021985913,-0.64273065,0.23219675,0.5301413,33.71331,0.32900906,5.2126465,2.2971833,7.086884,2.2418127,-11.664191,-1.1978104,-8.782217,16.42118,0.052281935,0.0045726574,0.087430835,3.4358048,2.189781,0.25333333,0.18454146,0.18166666,0.25155628,-27.000696
33.969666,0.07642621,33.241703,34.238827,35.537613,2.29591,287.46942,534.13196,37.902164,83.29177,0.824134,0.44360927,0.49497747,0.7291114,1.1500399,0.65506244,9.919393,6.2972302,5.986531,2.760629,0.35965708,0.6144715,23.469173,0.66253287,10.000779,1.4505541,3.6731207,4.564314,-2.1131868,-5.6583095,0.02235361,1.3484514,1.1648016,0.78722304,7.978316,0.3495959,3.7463691,2.062209,25.897772,0.52851856,626.6983,0.33483997,1447.8656,0.16372469,-100.11075,-0.90588033,1696.0052,0.16388004,1090.4816,0.22552498,-102.49836,-0.8192283,2758.104,0.10507367,1044.8212,0.32712302,-106.45265,-0.75381154,-15.679218,-0.37088045,26.074345,0.2724116,0.039199382,0.6202581,-0.022691296,-0.6008952,0.447278,0.51482916,32.610996,0.28707045,5.193807,2.1873155,2.48151,6.706411,-5.656457,-2.094393,-8.873999,15.942769,0.0147846285,-0.009665583,0.25904393,4.106776,3.526971,0.14588235,0.10852263,0.11764705,0.04479094,-21.049994
38.471157,0.051982407,37.174225,38.26235,39.867294,2.6930695,105.84588,145.67148,28.5973,51.27261,0.8523802,0.6281286,0.44489452,0.58641547,1.3908772,0.9459827,9.875313,6.1891522,7.5950265,4.8635397,0.40373608,0.7868917,25.09542,0.35942355,-0.27966005,-48.32397,-1.970094,-4.854173,-4.2129116,-2.730876,0.017532995,1.5766368,1.0076791,0.7317329,9.319591,0.31551138,11.324931,0.87506473,28.8852,0.32848033,716.56494,0.27304944,1480.8953,0.1651858,-121.42727,-0.7725714,1714.9353,0.12864915,1110.2974,0.26569912,-111.95604,-0.8051447,2780.593,0.08092444,937.8407,0.33668232,-116.57898,-0.73087627,-12.906184,-0.6449481,24.84149,0.33389875,0.07766858,0.21709801,-0.0255093,-0.50338084,0.60764426,0.5299785,30.632877,0.19670029,-7.396756,-1.9558208,-6.3214107,-1.6644628,-10.068016,-1.2355199,-10.952817,20.388754,0.05557772,-0.0091658905,0.22360368,2.5641024,2.5784752,0.17391303,0.13602234,0.19304347,0.18267183,-19.750622
33.005318,0.097173765,30.77219,33.26222,35.78543,5.013241,99.03452,129.01134,60.638626,97.57773,0.7538579,0.5488987,0.3934976,0.7056897,1.103082,0.70958436,8.54943,4.0093446,5.2061253,2.8856535,0.31700844,0.683057,28.215996,0.42368454,-2.448165,-6.2939854,5.581884,3.1439621,-4.9955487,-2.7493649,0.025075607,1.7019689,1.1330627,0.7051485,6.537412,0.5297355,7.4926224,1.3412529,22.79008,0.5702654,627.55927,0.35852322,1409.0925,0.15997164,-79.304375,-1.1297345,1661.4395,0.17023964,1143.2767,0.3000878,-79.8363,-1.0392271,2689.5288,0.110493526,973.7049,0.26083976,-83.25668,-0.96482706,-11.963144,-0.70809233,22.512909,0.4029474,0.05246772,0.44130695,-0.0138764065,-1.2976307,0.39389452,0.51575446,32.250237,0.29407427,-3.4329164,-5.020832,4.074732,4.8439283,-7.2902107,-2.0740807,-7.3764277,17.14329,0.025596164,0.002968092,0.17425443,2.9378533,2.7272727,0.23208334,0.1638083,0.12409091,0.11811623,-22.640356
21.514761,0.35766885,16.628147,17.86781,34.506577,17.87843,143.61661,235.33041,90.86476,121.669266,0.6871776,0.49873486,0.33285466,0.6517628,1.0046597,0.671805,5.9501004,3.2598276,5.4280887,3.7124012,0.35017943,0.7203932,20.500553,0.63280016,12.798304,0.8076443,-0.5928689,-18.038948,0.69330627,15.645094,0.016684655,0.7019447,1.0121951,0.9938618,2.9383032,0.7874462,1.8611678,3.949348,24.786955,0.28509104,683.50073,0.32208323,1307.286,0.14852689,-144.7435,-0.6075696,1753.5542,0.19302927,1007.6446,0.28906658,-146.69945,-0.56812686,2782.0474,0.10696688,931.2636,0.35445786,-148.76988,-0.5385678,-14.050113,-0.3536789,25.634481,0.22673997,0.034257617,0.6453339,-0.034046847,-0.42691788,0.4948587,0.4157466,32.0247,0.23198654,11.104486,0.8852178,-4.079591,-2.5872176,-4.421919,-2.7808359,-9.845052,17.817938,0.02805948,-0.012417025,0.29565418,4.181185,1.6355141,0.16357143,0.17392966,0.39866665,0.50667363,-23.822979
31.67553,0.14530613,29.177616,30.91831,32.93471,3.7570953,125.02341,136.10732,54.48904,54.39372,1.0254879,0.54973793,0.43017173,0.9869831,1.5913398,1.1611681,8.915778,5.516361,7.5089064,4.9206276,0.3953643,0.73319155,20.028889,0.69061077,10.470433,1.1298145,2.133181,7.586269,-9.834357,-1.5038763,0.023697888,1.6180459,0.7860117,0.8001761,7.18447,0.39231732,4.3038936,2.2539504,23.741316,0.49145705,652.2156,0.3010872,1369.1384,0.14631592,-91.018166,-1.053526,1733.6334,0.16446458,1058.6388,0.32817125,-95.96041,-0.9288879,2781.0398,0.09617943,1000.21625,0.36486673,-98.510796,-0.8774375,-14.328576,-0.5182978,23.987915,0.3063191,0.059621744,0.3319391,-0.031906847,-0.61486053,0.5074538,0.5738585,27.77917,0.3676475,8.125654,1.6586018,0.89166254,21.587206,-15.696037,-0.995162,-8.053602,15.257405,0.04219438,-0.008572169,0.25106406,2.8974159,1.8867925,0.29208332,0.22640264,0.21708333,0.18702671,-18.580881
35.940174,0.068129644,34.734818,35.92237,37.80488,3.0700607,42.655453,40.514915,25.017454,50.04,0.6056743,0.49682027,0.37853634,0.49730173,0.83630836,0.45777202,6.8223186,3.9213006,4.3467855,2.499737,0.27322337,0.7544946,26.667442,0.34444255,5.239364,1.5182612,4.145727,2.3838532,-5.2416997,-2.5204,0.016344307,1.0063175,1.0544978,0.7068413,8.942027,0.310776,12.989036,0.70374733,32.985973,0.30723545,667.1061,0.32790968,1481.9116,0.15491152,-133.00024,-0.66647416,1680.5369,0.13910742,1192.6932,0.26609695,-127.86056,-0.6631957,2781.0718,0.10769525,1040.5149,0.35501012,-131.66106,-0.6101502,-16.320501,-0.43213707,28.447575,0.29439357,0.04826981,0.46630684,-0.017857956,-0.70268786,0.42025036,0.57172585,31.903522,0.20270276,4.365455,1.9731358,2.5565248,5.145727,-13.97736,-1.1212137,-11.294388,20.480268,0.021622462,-0.0052179275,0.17653503,2.9288702,2.52809,0.14999999,0.098432146,0.23705882,0.22462425,-22.856895
33.857853,0.07535282,32.88213,33.87785,35.184784,2.3026543,47.00168,63.949135,55.743317,94.95826,0.38005793,0.57400817,0.17361276,0.34006658,0.5856584,0.4120456,3.0131109,2.3031402,1.8884228,1.0551189,0.11081704,0.8226585,27.670929,0.3736989,-1.3963854,-7.3289986,15.320972,0.84198445,-1.5251385,-9.601398,0.017846785,1.771255,0.8947576,0.66795564,9.027912,0.28610012,8.136736,1.0351676,27.771374,0.321036,672.519,0.32519397,1408.5967,0.15817764,-110.30371,-0.8420079,1742.0054,0.1532704,1132.1149,0.2899591,-113.311386,-0.7443667,2792.4995,0.10142354,958.55774,0.3267985,-115.06762,-0.71813726,-17.241688,-0.34889725,26.698044,0.29152858,0.048131336,0.38829765,-0.01601846,-1.056588,0.17308484,0.4828984,35.040524,0.21638377,4.5207267,1.8723738,15.006928,1.0830657,-9.614575,-1.4727464,-5.2898016,13.704482,0.025850188,0.014938151,0.04767958,2.0613375,1.6129032,0.3034375,0.21492162,0.315,0.29965258,-28.366766
24.733377,0.034443002,24.21734,24.706356,25.211353,0.99401283,26.325514,20.515842,7.3586206,8.816169,0.90864855,0.24180698,0.7659454,0.8493066,1.0426342,0.27668887,4.9384503,2.3531702,3.0428753,2.4508502,0.43068433,0.2683659,26.258234,0.19311608,-0.16955507,-30.856716,9.797545,0.6457791,-4.450673,-1.5706047,0.018308202,0.83071655,1.2683725,0.51855046,3.3364475,0.37459156,9.313445,0.65543616,25.560806,0.22176065,689.64014,0.37671563,1385.1423,0.1421869,-118.57713,-0.762777,1618.6617,0.16750884,1221.8032,0.21594672,-119.19977,-0.735833,2654.3743,0.09598352,912.8374,0.27503127,-122.64836,-0.6845484,-10.945929,-0.3071598,22.452229,0.1853551,0.017455142,0.86436534,-0.009776793,-0.9794243,0.47309515,0.2317165,29.994343,0.097347006,-1.0323162,-5.8673887,11.461773,0.6089854,-6.4897847,-1.3265296,-8.778371,20.032825,0.016472822,-0.0011916653,0.39996213,2.7722774,3.2,0.12625,0.0908897,0.15588234,0.08471813,-23.222092
28.951025,0.19264358,20.01288,31.951126,32.936554,12.923674,124.7417,138.54721,25.333424,12.944932,0.6403879,0.76349235,0.22242074,0.5028923,0.994026,0.77160525,9.526476,5.9501085,7.692047,4.2534394,0.3246546,1.0296845,28.809824,0.3913056,3.1822352,3.9438467,6.1142683,2.508992,2.1758494,5.6669097,0.023670832,0.9487703,1.1153951,0.569903,5.151783,0.46334073,-4.085202,-5.2272215,17.342535,1.4248226,557.52747,0.34174252,1430.1616,0.13621812,-101.18983,-0.9045051,1591.0205,0.1311119,1130.6233,0.24734907,-103.80288,-0.8275322,2674.852,0.099030904,1091.6619,0.25354192,-108.103874,-0.75724584,-14.310943,-0.45667136,26.477623,0.31885314,0.022363422,1.2688339,-0.016040972,-1.1376673,0.45920533,0.8476816,33.74228,0.2358269,0.8502129,14.899661,5.353306,3.2632308,2.0276754,6.489843,-10.404494,20.62552,0.008930172,-0.002527614,0.18216223,3.118503,3.1712472,0.15933333,0.12974162,0.136,0.11785867,-22.304665
26.39653,0.08785418,25.226175,25.820852,26.94961,1.7234344,65.183304,96.29004,24.251299,16.856628,0.5382356,0.41619048,0.35759968,0.49354172,0.72686106,0.36926138,5.1633334,2.9199839,3.8902156,2.7183456,0.20382096,0.6027838,21.900772,0.47825012,7.300818,1.0550209,7.9495654,1.3210549,1.338895,7.4072104,0.017494854,0.8820835,1.2542795,0.73642975,5.1046715,0.3881891,2.5354667,2.2567065,26.08936,0.4616165,599.4249,0.37038553,1387.9152,0.14428703,-114.44074,-0.82145625,1620.356,0.16003123,1068.2089,0.21933824,-118.781105,-0.74239737,2655.1902,0.10168068,1022.75934,0.2355103,-121.797104,-0.6968841,-14.2164545,-0.3294193,25.487598,0.2515004,0.04728048,0.3739071,-0.018423267,-0.7802209,0.27903786,0.4407652,30.032269,0.2266204,7.302818,1.1255364,7.4110603,1.8094784,-1.9839813,-6.3257203,-8.794378,16.977758,0.028352704,-0.0036800578,0.14764102,3.9603963,2.8,0.14785714,0.12054512,0.18857142,0.22617492,-26.926216
33.19231,0.075218484,31.930403,32.962914,33.992687,2.0622845,169.51776,245.71463,48.83248,57.283913,1.012908,0.51634306,0.48045754,0.95934075,1.5542724,1.0738149,10.361608,7.463567,10.079011,5.4314938,0.41555256,0.67375964,22.824663,0.5668775,3.8606234,3.16491,-6.431129,-1.9167321,-9.670884,-1.4110287,0.01864898,1.7541456,0.73962754,0.86314005,7.875899,0.38512158,3.9440944,1.6522976,26.488935,0.31622916,644.36145,0.32769755,1442.7405,0.14640765,-104.148994,-0.90872365,1674.2706,0.13831346,1178.2792,0.37075508,-107.44619,-0.8212386,2756.7986,0.07951571,953.1619,0.45579728,-111.338646,-0.75709826,-13.031366,-0.5133556,25.130524,0.29496592,0.06950909,0.19977565,-0.030392531,-0.44844174,0.55622846,0.5012466,29.337753,0.2981406,4.5538635,2.9124806,-7.2949033,-2.0682786,-10.783354,-1.5315214,-8.755921,17.270666,0.05546297,-0.016956883,0.2763754,3.9525692,3.0503979,0.15521738,0.13351011,0.15173912,0.15677878,-19.414944
31.404064,0.1442531,29.042446,30.744476,33.36492,4.3224754,57.22074,35.044945,53.589706,44.18363,0.97724175,0.49768135,0.4848635,0.9042203,1.4489213,0.9640578,10.3751335,6.462688,9.008251,5.714699,0.5306293,0.8044356,21.85651,0.482881,10.587347,0.803572,5.5138,2.4841058,-11.258012,-1.2555257,0.031792782,2.5677493,1.0379051,0.71356016,6.1344037,0.48233598,4.005816,2.8109617,23.425724,0.32615075,621.43005,0.34447223,1282.0396,0.14295416,-103.85238,-0.9157121,1751.2583,0.17509857,1006.0234,0.33342016,-111.23732,-0.77065074,2716.2761,0.09398245,912.2634,0.331729,-110.84553,-0.7757934,-17.681707,-0.3469321,23.826881,0.28572458,0.05417787,0.4065551,-0.045500994,-0.3622471,0.7909281,0.514742,27.548279,0.3344538,12.0494375,0.79256856,6.456092,2.6374607,-14.145678,-1.181698,-10.44978,16.210804,0.026595676,-0.022480031,0.27848825,3.840246,2.631579,0.17999999,0.1607336,0.189375,0.24722128,-17.813177
29.826344,0.07419053,28.156052,29.719463,31.086353,2.9303017,109.545944,141.60846,34.677814,36.557167,0.6528692,0.40369767,0.48372668,0.60929435,0.7699552,0.28622854,2.9451933,3.5021722,1.4661564,0.75391865,0.26289085,0.7850418,24.015715,0.29020348,-2.3359785,-3.4079576,5.706758,1.2261815,1.4226247,5.4548383,0.027955575,0.65950984,1.3250704,0.4601932,4.0878396,0.5728137,1.9790654,3.175377,22.487535,0.28918776,621.8034,0.32242504,1472.998,0.14319381,-175.15608,-0.35997134,1602.7019,0.15007554,1227.4908,0.1681713,-176.17299,-0.33738828,2644.0247,0.10896272,995.9244,0.20719102,-176.9442,-0.3255199,-14.306995,-0.2637204,23.563734,0.24508753,0.0322909,0.3442,-0.017567221,-0.66838384,0.3351902,0.24962214,31.305807,0.14323914,2.9195924,2.4127162,5.576067,1.3158224,-1.1487684,-8.885003,-7.007518,16.497217,0.020674266,-0.0015873776,0.2522776,0.9944751,1.1111112,0.11399999,0.15389606,0.69545454,0.62430125,-27.395601
31.124224,0.12963977,29.22073,30.724815,32.50052,3.279789,95.508766,104.21379,66.90753,34.437626,0.95493436,0.86349696,0.29458916,0.5932216,1.6725036,1.3779144,14.35562,12.255865,11.684482,8.846265,0.43347016,1.0811368,22.602552,0.57364196,-0.4456524,-27.038975,9.0650215,1.454521,-10.333476,-1.6281129,0.020014271,1.964991,1.02523,0.9131139,6.7148595,0.39860156,3.9455698,2.3400652,18.07696,0.702743,637.1042,0.32913643,1374.5223,0.17210545,-116.27358,-0.81396675,1673.9218,0.16788849,1100.4775,0.3067113,-117.48173,-0.76397663,2700.4485,0.09844936,924.9625,0.39329812,-118.52887,-0.74782,-12.395978,-0.68235624,20.869852,0.38593927,0.050001096,0.49177426,-0.028784348,-0.65055406,0.74747056,0.68741596,30.190096,0.31781903,-4.6501236,-2.9764621,5.9417515,2.413023,-18.309162,-1.0242424,-7.443578,15.624278,0.013752718,-0.0041774274,0.1911926,2.2702703,2.6086957,0.15958333,0.13998449,0.20291665,0.20075855,-18.029074
26.459816,0.12672614,24.927786,26.89618,28.234785,3.3069992,154.47388,149.51817,95.99111,151.29707,0.53087485,0.6473759,0.22827677,0.41293773,0.85663265,0.62835586,4.48297,3.0545402,3.2325306,1.7451323,0.3142578,0.94270205,31.686287,0.29378194,11.908398,0.8878205,7.8030696,1.2565966,1.6845112,6.2008433,0.022588003,1.4243333,1.0377797,0.7216764,5.628046,0.4643696,6.2955155,1.1671894,35.687798,0.23369515,547.4377,0.37228835,1380.6467,0.17069829,-131.14305,-0.67663413,1565.6661,0.16840631,1126.615,0.22382522,-135.76558,-0.60169065,2717.6138,0.08888828,996.8125,0.25582936,-140.30453,-0.54031587,-20.621368,-0.26378015,33.877335,0.16212676,0.023959545,0.89967,-0.018800559,-0.93377995,0.45709565,0.62848413,37.612305,0.19088922,17.931993,0.45372817,7.1403017,1.6540647,-0.67473525,-18.029224,-14.283054,25.72246,0.009475957,-0.0016602117,0.2325347,1.8706574,2.357985,0.14613636,0.13820632,0.2632558,0.32720608,-21.132774
20.974615,0.108067885,19.693153,20.91735,22.298689,2.6055355,224.5875,341.2409,60.935417,65.169,0.50590396,0.6747435,0.18684763,0.4402862,0.7781896,0.591342,6.240405,3.5429523,4.158196,2.4743009,0.28999928,0.7600136,29.870323,0.46592435,24.094963,0.38812616,-1.7021415,-11.181934,-1.8218809,-8.964865,0.02435174,2.158314,1.185943,0.71946967,3.0118654,0.6105155,2.6433508,1.7323554,35.630363,0.21454912,651.6273,0.34114942,1400.2944,0.13007966,-114.298454,-0.8091781,1715.5571,0.18912323,1127.786,0.19394961,-121.151985,-0.70290744,2845.473,0.11301916,1168.5095,0.28884012,-127.02594,-0.616987,-19.71885,-0.38561356,36.683006,0.19101153,0.0200987,1.3286467,-0.040628668,-0.54955894,0.4046123,0.5778046,37.908348,0.26470932,23.25852,0.34027916,-8.427811,-2.4670815,-8.917777,-1.9325039,-17.584589,29.001835,0.0029750569,-0.011144683,0.20715524,3.1128404,2.8795812,0.145,0.10386836,0.18227272,0.17868032,-23.036348
34.11946,0.046209633,33.065376,34.202133,35.118805,2.0534286,81.00018,77.38651,17.64771,11.657419,0.49667767,0.4365982,0.30239856,0.44864514,0.65774244,0.35534388,4.2488675,1.7232904,3.506993,2.1238031,0.1853929,0.617863,25.080324,0.47319633,8.927343,1.2837582,-5.715356,-2.0702474,-8.424843,-1.2212554,0.01836412,1.5716903,1.2885996,0.5374962,6.949613,0.42517558,6.1609874,1.5179405,31.738302,0.22511262,603.0505,0.30366436,1454.6194,0.11972736,-84.98524,-1.0959138,1638.7528,0.13341439,1109.2543,0.21584061,-90.283134,-0.93595237,2794.7122,0.08432067,988.26056,0.34700006,-96.64753,-0.8211477,-15.929644,-0.29875156,28.861588,0.22043476,0.072112374,0.18300635,-0.021801284,-0.46537983,0.23647942,0.46928507,31.295214,0.27596146,6.3510604,1.7548829,-4.7839255,-2.5737834,-11.172498,-0.9849079,-10.771464,19.669283,0.06092242,-0.011623155,0.11196576,4.480652,3.08642,0.18666665,0.20583706,0.11733333,0.09636504,-27.069424
34.18187,0.097038366,31.190725,33.799057,36.81918,5.628454,88.76352,85.44639,46.875603,42.47316,0.9946177,0.5634118,0.42787853,0.9612512,1.518043,1.0901645,14.608636,10.27744,12.013398,7.984621,0.49474514,0.90921175,14.91654,1.0641978,6.4181414,1.8537993,1.2856345,10.781161,-8.187415,-1.4953523,0.019226452,1.1125697,1.1250043,0.7699915,6.81582,0.500812,6.9714956,1.3723514,22.823278,0.43173176,672.6513,0.30200058,1348.6045,0.14657983,-113.261696,-0.8092678,1723.8901,0.14887214,1040.8835,0.34765106,-112.88517,-0.7605547,2766.6726,0.08804435,876.96124,0.36180395,-114.060295,-0.74100226,-12.075603,-0.6060361,21.14703,0.43385834,0.055464063,0.37509757,-0.022259587,-0.63785595,0.6346831,0.7685837,23.5643,0.49856564,5.574103,2.1763601,2.208077,7.0261064,-13.165752,-0.9750546,-3.903175,11.330235,0.033539686,-0.005798045,0.37015262,3.8976858,3.3088236,0.13666667,0.14386208,0.15076923,0.14049152,-18.856607
35.716946,0.05657727,34.094135,35.770737,37.05946,2.9653244,52.03873,66.19818,130.25795,192.77612,0.8357188,0.41470584,0.5603301,0.7947354,1.0808758,0.52054566,7.9728594,5.926373,5.6730084,3.8013628,0.38853687,0.57906795,25.917843,0.40032503,0.8043937,15.197539,-1.3205298,-10.475512,-9.488565,-1.238988,0.021644395,0.78148335,1.1981567,0.47889674,5.673122,0.5463078,7.180378,1.1619629,26.549265,0.31642124,731.94464,0.25844976,1468.0243,0.16039945,-106.336105,-0.87060905,1734.526,0.13079678,1158.6731,0.2699339,-106.50899,-0.8100661,2790.3667,0.06909249,919.97406,0.37190896,-109.898636,-0.75596344,-11.769498,-0.5321037,23.529043,0.28862736,0.045775775,0.47112924,-0.01994297,-0.6423971,0.4702063,0.5200817,29.497828,0.33644295,-0.954101,-13.734634,-1.993679,-6.8358054,-14.183776,-0.87722254,-9.475555,20.04954,0.027722731,-0.012835474,0.31060797,3.74415,3.6163523,0.13173912,0.12117728,0.123913035,0.08223715,-22.708313
32.93277,0.16267224,26.615395,35.111023,36.58859,9.973194,313.51105,421.37253,108.04051,119.94237,0.70782363,0.66705424,0.31150258,0.4831201,1.1644238,0.85292125,7.6723895,6.302224,4.60403,2.791126,0.28122288,0.78554314,27.69613,0.3693353,7.0340853,1.8763489,9.02735,1.3857619,-8.082164,-1.8477391,0.056064785,1.175324,1.5490142,0.7349957,5.7700315,0.68840307,9.614921,0.9935797,30.201967,0.30559814,628.00446,0.27842885,1413.7009,0.17578419,-112.10232,-0.8657219,1732.1029,0.11748114,1030.7091,0.28467053,-116.69202,-0.75355995,2795.518,0.075195625,987.8364,0.3976293,-119.0861,-0.7175296,-16.795534,-0.4527527,26.38003,0.34810722,0.062875606,0.3112908,-0.036266066,-0.5043636,0.4246889,0.54102844,34.432083,0.22356142,1.9526772,7.906565,9.514401,1.6900375,-17.735138,-0.8648759,-13.488596,21.104094,0.033384994,-0.012378225,0.15523718,1.9928827,1.8571428,0.24076922,0.1730034,0.2884,0.26992857,-20.91848
36.34356,0.25231385,29.611362,32.237434,41.134796,11.523434,273.44022,233.66469,91.54891,53.32476,0.7935223,0.52510744,0.3757423,0.764592,1.1362822,0.7605399,9.437699,5.8831444,7.0095816,4.1413217,0.38387907,0.8189946,15.45795,1.0924867,14.858467,0.7631531,-0.62746525,-19.731812,-7.6669703,-2.0135472,0.03662176,1.5063683,1.0432496,0.71392167,5.9802794,0.64576536,3.4161012,4.4256244,21.52413,0.7458819,679.8372,0.2588219,1290.053,0.14728668,-137.0929,-0.65647703,1789.2131,0.15416385,1073.8499,0.35739347,-137.66087,-0.60514903,2843.9849,0.098535895,895.0942,0.41387978,-137.6769,-0.5964601,-17.413715,-0.36585262,25.24924,0.35055065,0.05997267,0.37118664,-0.040301304,-0.34067023,0.505771,0.519538,25.330847,0.51584476,13.180358,0.8455039,-5.4954376,-2.0394478,-17.733044,-0.8148395,-7.4547276,13.619486,0.029841159,-0.017268434,0.3166867,4.409449,2.0667727,0.1623077,0.15631104,0.30153847,0.36544695,-21.171936
36.001915,0.051880017,35.32799,36.09416,37.115295,1.7873039,20.273838,12.290834,23.960907,38.590813,1.2284218,0.4468539,0.7577956,1.0269455,1.7929302,1.0351347,12.517833,6.438039,11.90745,6.3059015,0.56051326,0.5075241,22.541143,0.39648268,-4.1127086,-3.306048,5.404607,2.1712766,-12.018347,-1.327779,0.013111306,1.2276955,1.0629317,0.76542056,7.86101,0.27844557,1.1818002,7.669502,15.164961,0.8974675,643.0799,0.31924412,1457.6099,0.1600557,-110.96587,-0.82793504,1647.4491,0.14031966,1211.6082,0.43404368,-104.96914,-0.8357921,2695.9832,0.08432174,934.2901,0.4388772,-107.12172,-0.80021155,-9.001305,-0.57562625,18.22752,0.3029969,0.046995945,0.36463723,-0.015720425,-0.74935555,0.71855795,0.3765116,27.427942,0.19251211,-11.545276,-0.97430456,7.806216,1.6938196,-23.112858,-0.5222898,-7.9370403,17.719059,0.021024587,-0.006399756,0.4119642,4.4444447,4.312115,0.108095236,0.08261321,0.10380953,0.05719442,-19.24984
34.778217,0.05083702,33.511444,34.63343,36.27246,2.7610168,187.70317,340.76486,20.831013,29.502697,1.1129225,0.5107228,0.5183948,1.0974355,1.6677972,1.1494024,13.564131,8.003441,12.894343,7.311588,0.40728888,0.6548994,16.242296,0.9063404,7.436227,1.9955931,7.9042645,1.8017632,-15.192847,-1.2078462,0.0136925075,1.4188488,0.8680127,0.9141774,8.532774,0.31425855,8.80624,0.96582335,20.314331,0.43789896,618.4806,0.3717023,1407.5796,0.1602384,-90.431366,-1.0329212,1653.2211,0.16710196,1053.188,0.3521096,-88.310585,-0.9806541,2740.6172,0.083269976,939.2667,0.45336026,-90.35661,-0.9390595,-10.218859,-0.6666811,18.449558,0.4067185,0.06097022,0.2926028,-0.016782407,-0.7759719,0.507264,0.48726588,23.264576,0.34322074,2.7941833,5.301991,12.647235,1.0644425,-24.54625,-0.66211903,-4.8032017,11.812217,0.03773996,-0.006579602,0.25578657,4.850214,2.0114942,0.295,0.24115051,0.16933332,0.13363963,-19.707226
34.287704,0.062310066,33.72198,34.32637,35.37252,1.6505394,4.106945,13.086237,10.097734,3.0486684,0.6025517,0.42771745,0.3730691,0.57159853,0.8283876,0.4553185,6.768731,4.791708,6.792541,2.8263407,0.23436198,0.61304456,25.20081,0.6560718,5.4555283,2.5124993,6.3865786,2.3548675,-1.1403197,-9.820702,0.013431337,0.9752611,1.0796211,0.77163136,8.23282,0.27155206,5.984136,1.4809843,22.59442,0.5686706,647.02234,0.33484247,1441.6118,0.12837486,-101.79013,-0.89129883,1651.9554,0.15600668,1122.9564,0.385625,-101.78126,-0.8344698,2720.7832,0.094208166,959.7145,0.5118621,-105.72178,-0.76900184,-12.080237,-0.39796308,24.09846,0.29253462,0.030651681,0.6428311,-0.011802065,-1.0572672,0.27591556,0.5466964,34.63191,0.26487064,-0.59711456,-17.6403,4.912865,3.3983984,-3.4116657,-3.4091456,-7.66668,15.042684,0.0079658795,0.0023007034,0.18998767,5.647059,3.809524,0.13312499,0.08190839,0.109375,0.05344024,-25.790817
23.879263,0.058875453,22.51193,24.266441,25.108528,2.5965977,41.815365,56.03992,7.8201685,5.636014,1.129599,0.4305883,0.7160842,0.9864475,1.6103975,0.8943133,11.204159,5.2212405,11.319268,5.483004,0.52099675,0.4758705,23.924063,0.48360214,1.6807607,7.3399305,8.695598,1.3868992,-1.1120623,-8.846985,0.015610414,0.96243083,1.325827,0.80165225,3.91824,0.40925997,-0.14647838,-21.557281,16.295357,0.8289223,550.0677,0.42801738,1391.9365,0.13214059,-114.93721,-0.8003021,1541.0211,0.16963673,1055.2917,0.2279936,-117.82188,-0.75222087,2558.3591,0.098004974,938.76953,0.30414072,-121.17119,-0.70125765,-9.234102,-0.36805475,19.500957,0.2511249,0.029357554,0.56645006,-0.018502481,-0.76487803,0.6965197,0.35672545,32.775833,0.16014463,-8.037336,-1.0596569,13.902023,0.95037293,-4.8595767,-2.1446795,-9.241659,18.15753,0.013354994,-0.005931571,0.39820904,4.239402,3.5353537,0.114285715,0.052741185,0.14857142,0.07298308,-19.647276
32.43429,0.12171084,29.443808,30.970057,34.37852,4.9347134,50.094456,45.680233,13.172134,11.634406,0.97827226,0.4277072,0.62008435,0.9104667,1.3234508,0.70336646,11.308173,6.6869764,9.804551,4.682984,0.50332546,0.733033,22.633104,0.6852236,4.896927,2.2421827,1.128415,13.710133,-3.3636084,-3.0942402,0.018368894,0.8199431,1.1982021,0.6983699,6.105174,0.47833103,4.849161,1.9316556,28.107025,0.50733083,606.2441,0.37845197,1413.7474,0.14864233,-118.02653,-0.7765176,1630.1886,0.17077884,1083.9707,0.24386258,-117.02225,-0.73971236,2742.046,0.09604716,933.08057,0.33946007,-121.539024,-0.6714916,-12.839964,-0.5445085,26.449125,0.31602108,0.04867008,0.43610102,-0.018662471,-0.80345774,0.6758636,0.5618064,33.079285,0.33271998,3.5074708,3.2569504,-3.4195733,-4.873245,-2.5533824,-3.6395936,-6.6202707,14.184976,0.034019757,-0.0085138,0.36970803,4.8192773,3.652174,0.114285715,0.058192734,0.15315789,0.08163156,-19.33036
28.390722,0.034140065,27.550362,28.178232,29.14874,1.5983791,20.135656,27.173166,8.442062,6.024203,0.46294388,0.5051703,0.25357205,0.38070607,0.69210345,0.4385314,4.9173946,2.9065795,2.3443315,1.3017915,0.18095072,0.57794887,29.26403,0.3103506,8.404651,0.91059095,11.828613,0.82887304,-12.178275,-1.000159,0.010361931,1.2063116,1.1431227,0.8045605,6.017287,0.40307942,-7.260437,-0.97430104,21.448832,0.23837581,477.7097,0.33152005,1328.1575,0.115045145,-112.46691,-0.8483865,1468.5438,0.14803796,1113.0333,0.23873442,-117.603516,-0.7512993,2604.0095,0.0731612,887.54193,0.27844012,-122.242134,-0.68014455,-16.867857,-0.20285916,27.19684,0.16938049,0.052371006,0.32062683,-0.022482451,-0.5440535,0.2408582,0.37025794,34.4635,0.16697954,7.537518,0.81383425,9.387237,1.2924398,-21.12905,-0.5225791,-13.953665,23.859314,0.027195552,-0.0024281782,0.13547173,2.4279213,2.4464831,0.174375,0.11575668,0.21374999,0.20414072,-26.788311
19.17132,0.09944697,18.06422,18.957945,20.187723,2.1235027,21.741405,29.450012,29.650583,30.795528,0.7243894,0.622946,0.29794297,0.6627114,1.05393,0.75598705,10.372684,5.5177917,7.552261,5.357475,0.38202724,0.790642,22.336885,0.6615587,5.2759366,2.2704802,12.020173,1.088396,-0.5220847,-30.583906,0.018965248,0.7629992,1.5118934,0.65247506,1.9946988,0.73470503,0.7061283,6.185532,20.327261,0.38533375,547.06323,0.38375935,1333.155,0.13174118,-113.70668,-0.8097533,1561.846,0.18563847,1013.87445,0.23555577,-118.596794,-0.7304187,2606.9375,0.12607564,879.06946,0.29751238,-120.92255,-0.69513726,-14.988802,-0.4373819,23.500605,0.2602702,0.009315031,2.1809754,-0.019829877,-1.0655509,0.5654869,0.45775074,33.15563,0.26807964,4.9286804,2.1107242,13.058601,1.0340754,-4.8897943,-3.7471776,-6.7415833,15.130608,0.028551588,0.006260362,0.24158853,3.1558187,2.7888446,0.15142857,0.08838691,0.174,0.14894293,-21.557106
33.666153,0.05809784,32.07434,33.765064,35.22627,3.151928,47.077175,83.29382,25.384129,15.222572,0.9507323,0.7046832,0.34521073,0.7740614,1.5819712,1.2367604,10.199527,4.870422,9.082041,5.4535375,0.41985434,0.85952073,19.241903,0.75533986,10.982134,1.022955,4.272052,3.977817,-8.116228,-1.6981448,0.017760346,1.9292281,0.92401046,0.8843631,8.315822,0.33490676,7.3356757,1.0072542,27.009186,0.43244302,656.81104,0.31014383,1387.1005,0.1711436,-103.22949,-0.93365204,1767.3046,0.15091194,1033.6305,0.4070832,-106.78219,-0.8281181,2796.0374,0.10675625,1009.0001,0.33267954,-108.733,-0.7951949,-14.272413,-0.5655272,21.665804,0.44157887,0.07161732,0.22490804,-0.034679107,-0.46004063,0.6063577,0.58539784,26.41385,0.45160973,7.872536,1.4832265,-0.4068724,-49.14887,-11.5321045,-1.1124451,-8.288639,13.795114,0.04424232,-0.018278586,0.22976775,2.5791326,2.3584907,0.2075,0.13718145,0.18666665,0.16810806,-18.693232
31.763166,0.07166796,30.471966,31.97424,33.51723,3.0452652,116.19096,114.61976,18.52577,10.18934,0.54657584,0.63689923,0.19659808,0.49057445,0.9165401,0.719942,4.3293233,1.825362,3.1012812,1.2430217,0.23556408,0.8186339,30.819073,0.3693683,5.123533,2.2169156,11.948905,0.808123,0.95367837,12.560207,0.014169538,1.1253624,0.91583115,0.8150775,8.629565,0.305134,-3.2390084,-2.9428923,21.607971,0.43330905,539.9646,0.24942948,1318.481,0.14133048,-95.95751,-0.95898205,1610.5481,0.14218615,1057.5187,0.29352015,-102.23402,-0.82632905,2691.4841,0.07992711,930.25385,0.30402717,-105.83035,-0.76831186,-19.438126,-0.25054452,27.890059,0.21556434,0.032829404,0.5726679,-0.031801507,-0.5295742,0.31629452,0.53073114,37.25024,0.21621625,6.13602,1.7892519,12.220119,0.9095509,-2.8091156,-4.4679837,-11.183278,20.941952,0.0102094365,6.976403e-05,0.13546646,1.9536021,1.842752,0.29533333,0.22556199,0.21249999,0.20311634,-22.534765
35.08576,0.082351245,32.808823,35.1051,37.599396,4.790573,117.70213,110.52037,35.590652,21.252619,1.1586604,0.46308976,0.6551578,1.0290701,1.7609322,1.1057744,10.480908,6.980925,11.716282,6.5530605,0.49132,0.7052164,16.303276,1.0008682,7.2817965,2.1021965,-0.963864,-12.6033,-8.03622,-1.7702177,0.013612435,1.2581656,0.7421336,0.9049305,8.385826,0.36521778,4.589872,1.3240074,22.443718,0.35109827,626.63654,0.31422317,1456.3107,0.14839603,-108.69905,-0.85405505,1659.9827,0.15919916,1101.3053,0.3217175,-106.18885,-0.81911945,2686.6968,0.098945916,1010.0754,0.38596997,-109.303925,-0.76754373,-11.198443,-0.6109174,20.716036,0.36868766,0.057453766,0.3422936,-0.026964583,-0.5319422,0.67015994,0.5246781,25.352737,0.4215126,1.7343746,8.140517,-0.41987652,-30.611616,-12.637891,-1.2942032,-5.6768823,12.356252,0.033395644,-0.016118528,0.3088791,3.8291605,3.1157272,0.15619047,0.086325854,0.1447619,0.14440744,-18.63031
36.611168,0.06988423,35.40906,36.90609,38.17189,2.7628288,54.781166,44.535522,41.134388,51.02812,0.7791203,0.42474866,0.45152414,0.73701733,1.0767078,0.6251837,5.837607,3.7425487,4.3518825,3.4460979,0.26874858,0.7071256,11.350229,1.1173084,14.409327,0.7605057,-1.7025585,-6.3891854,-8.477768,-1.2235228,0.028943934,1.2998801,1.1757697,0.63547856,7.385807,0.4320964,2.8146706,2.6689675,18.658594,0.48453873,791.3911,0.2329887,1315.1001,0.18850186,-142.26779,-0.58946353,1839.6051,0.13584559,1033.8806,0.33189845,-143.46513,-0.5467543,2851.1396,0.06689796,823.3058,0.29901707,-143.98888,-0.5389163,-14.007113,-0.42822278,22.864172,0.30847797,0.041528348,0.35458568,-0.022696216,-0.5720707,0.38961166,0.47090173,17.284435,0.54382426,15.577289,0.5224796,0.060049284,211.2462,-14.585387,-0.7799034,-6.119592,12.382584,0.02906125,-0.012558837,0.21064825,3.10559,2.1468146,0.14419354,0.11238684,0.31133333,0.31976798,-23.91436
32.68679,0.067946866,31.627914,32.78575,33.78027,2.1523552,273.734,568.596,35.27606,41.716038,0.44469985,0.69061816,0.17153691,0.36173043,0.6464405,0.47490358,6.109191,2.1443076,5.088688,3.55271,0.15985869,0.98020184,25.277708,0.48041463,1.5853274,7.2772746,6.2076516,2.3213665,-9.010419,-1.5527345,0.016315052,1.0087991,1.08559,0.5199246,6.9058027,0.34599864,2.0124366,3.474507,24.285345,0.34797567,621.92676,0.3138448,1497.9989,0.15876421,-101.114174,-0.9158125,1615.9688,0.13069697,1174.3256,0.27350646,-101.9812,-0.8575629,2707.0808,0.080823526,969.6663,0.29678416,-107.06265,-0.7721184,-11.938035,-0.59703255,25.047642,0.26919198,0.050972015,0.37995443,-0.012826101,-1.0888056,0.25163358,0.6524921,33.030327,0.25406796,-0.9926792,-12.781436,5.460067,3.0336165,-14.815718,-1.0478351,-8.016942,16.065731,0.03191744,0.002694563,0.057299517,3.1307552,3.1598513,0.15941176,0.13112502,0.13588235,0.18065433,-27.64116
29.154356,0.12408378,26.152855,28.221212,32.395676,6.2428207,64.36479,86.47162,40.00507,78.10567,0.5533204,0.6176802,0.21145995,0.52104205,0.81002015,0.5985602,7.0713964,4.0497046,5.0235624,2.6651678,0.21811299,0.8095877,23.927042,0.5464902,9.99773,1.1015011,7.6821938,1.7992129,0.30853224,41.433628,0.018169032,0.873867,1.1858957,0.6375989,5.508009,0.6055052,3.647156,1.5515293,25.898561,0.348785,580.3094,0.36804077,1335.5665,0.1364442,-104.0826,-0.88888377,1629.4105,0.14726548,1059.2013,0.2357047,-108.1429,-0.7918973,2704.2783,0.095227286,943.3552,0.28426886,-112.03186,-0.73074037,-14.610758,-0.48174152,26.510561,0.29750603,0.04952173,0.35467884,-0.016549457,-0.9769203,0.3096772,0.5672807,30.906105,0.35201302,8.816059,1.346145,6.714456,2.1759584,-3.573857,-4.1477895,-10.288154,20.938366,0.03626152,0.0035494198,0.122514844,3.1837916,2.915452,0.166,0.13566135,0.14904761,0.1077433,-25.240705
30.050611,0.062591396,29.099762,30.120556,31.387646,2.2878838,109.24782,214.04018,26.542864,33.20744,0.5262921,0.5658422,0.2507862,0.50450116,0.76268816,0.511902,5.7716026,3.2140381,4.7370434,3.6464028,0.2208985,0.7499976,26.20981,0.5808577,12.283391,0.95275563,2.4265728,6.1903644,-3.8444252,-2.6368551,0.015449909,0.82191634,1.1685408,0.6590981,6.3097687,0.46013653,-0.79519594,-5.853565,30.425419,0.20452863,551.5615,0.28393146,1416.9845,0.12027395,-95.15747,-0.97667634,1552.8612,0.12826382,1057.0721,0.2101691,-102.02817,-0.83666295,2740.2927,0.071926,901.791,0.40466663,-108.97654,-0.7243971,-14.686817,-0.43665805,27.4259,0.30296642,0.057609703,0.28238788,-0.020332608,-0.736606,0.30323645,0.5162079,33.272636,0.3809832,13.563682,0.8427822,-0.0071601905,-2397.2063,-5.569954,-2.0479455,-8.906271,17.48816,0.040623486,-8.6895074e-05,0.12765111,3.5643566,3.0,0.17266665,0.116759956,0.13125,0.07548799,-25.319256
21.400963,0.07967806,19.842096,21.1436,23.2478,3.4057045,73.01299,79.70264,18.727379,10.791398,0.27686498,0.4862447,0.15230964,0.24316788,0.40436658,0.25205696,2.2058127,1.1164293,1.6777568,1.0707437,0.09191603,0.7273783,26.010174,0.3936251,1.1508948,6.084595,15.0695715,0.6074185,3.5273745,2.359922,0.019496128,0.67797196,1.1181966,0.79625994,5.146541,0.277512,-0.06275357,-197.1241,23.892483,0.53192335,755.2586,0.30751386,1328.202,0.14693403,-147.69571,-0.5348134,1825.6459,0.15547518,1091.6927,0.21892062,-149.96318,-0.49836707,2931.873,0.11416589,1030.4929,0.25733662,-151.93907,-0.47240695,-20.709816,-0.2417051,31.02541,0.20294511,-0.02445215,-0.8613852,-0.0061235363,-2.5905242,0.1641673,0.29271182,36.547054,0.18640521,7.3277626,0.96742254,20.434086,0.4176358,9.292658,1.1124511,-8.24743,20.390211,-0.005843399,0.010679106,0.06106247,2.7262814,1.5350877,0.18785715,0.12066356,0.4133333,0.42910242,-29.414122
31.946812,0.10393054,29.60168,31.932434,34.228443,4.6267624,31.901659,14.683093,47.085922,41.592148,0.5036171,0.7190945,0.14281558,0.45166838,0.7701178,0.6273022,7.1084156,3.8005717,3.4464386,2.2995965,0.20125665,1.0537436,24.433031,0.59714186,3.2468276,3.4598298,10.882454,1.23135,-4.6803927,-3.1268682,0.019788131,1.2015191,1.0815644,0.71999395,7.34884,0.4008968,5.8076754,1.734301,25.390493,0.37808332,654.3608,0.30422333,1356.9764,0.13609841,-109.533066,-0.84441584,1735.7611,0.15471014,1060.7172,0.3317658,-113.00421,-0.7541972,2775.3599,0.08607168,932.9732,0.3415624,-115.11654,-0.72069305,-17.018042,-0.39471698,26.165852,0.2911255,0.04047461,0.5689989,-0.026333377,-0.6321025,0.32544065,0.65024805,34.300972,0.30838573,5.4559617,2.3857756,9.524429,1.7583262,-10.771777,-1.5212946,-6.7882686,15.522431,0.008111509,0.0066828383,0.07714834,2.0503263,2.4367385,0.19346152,0.12009425,0.21249999,0.22550407,-24.102453
31.72112,0.21879026,25.810347,28.577793,38.473927,12.66358,128.051,119.85643,266.4329,434.49707,0.64704406,0.5315648,0.36612576,0.5264902,0.9621736,0.5960478,6.20332,5.6238403,5.0987186,5.4518466,0.23494002,0.75737864,17.989174,0.5824296,6.4676404,1.6617185,3.1210215,4.246018,-3.932009,-2.315317,0.028188223,1.4994175,1.2168665,0.65186256,5.241752,0.54999536,6.46076,1.4008503,20.21619,0.4272246,627.80096,0.33780184,1375.9728,0.16571812,-137.03658,-0.6415091,1678.479,0.12828925,1050.8309,0.30569938,-132.9625,-0.63922554,2669.1565,0.096789606,1030.9513,0.33852717,-134.16763,-0.62185156,-11.876241,-0.45604357,19.821257,0.34195387,0.044467334,0.46005285,-0.02626141,-0.5094521,0.30368918,0.5726014,24.004501,0.38535124,2.741111,3.7780845,5.588046,2.6249318,-5.132092,-1.9298626,-9.090281,16.911343,0.03419805,-0.014677989,0.19619699,2.9072957,2.6967528,0.12591837,0.14413597,0.22489795,0.19644931,-25.571066
28.607992,0.08421158,26.515621,29.074503,30.663195,4.1475735,128.42432,130.87656,27.620481,9.127831,0.90828997,0.5362025,0.3931646,0.84746367,1.3823589,0.9891943,9.882213,7.0432906,8.742877,4.817964,0.42119345,0.71259445,25.574196,0.6310437,6.76255,1.374063,10.479266,1.190519,-2.5952902,-5.272237,0.016944136,0.9714215,1.0176678,0.8501681,6.33172,0.41698366,-3.5424314,-1.2636614,21.296186,0.40399304,572.3017,0.35269508,1299.7164,0.16033949,-91.77497,-1.0148479,1642.6644,0.15293889,1004.27356,0.325599,-100.1906,-0.84882003,2662.1357,0.11474414,962.29175,0.22894046,-102.37777,-0.8117005,-15.765769,-0.4173776,21.977617,0.332658,0.05407832,0.33240926,-0.037761573,-0.46925542,0.5669192,0.48265746,34.514866,0.32917127,4.1264157,2.465998,13.849188,0.9485101,-6.6584163,-2.3756328,-8.63216,15.533584,0.034133993,-0.0150158685,0.24625993,2.9126213,2.9411764,0.17999999,0.120554276,0.130625,0.10720709,-18.914652
33.26413,0.08155285,31.403484,33.51155,35.342354,3.9388695,160.06639,161.01015,30.698559,33.093674,0.90887463,0.5960704,0.29544517,0.88556,1.3746507,1.0792055,10.371538,6.798665,10.52898,6.0939846,0.39959368,0.9314389,19.393873,0.7204856,9.004323,1.063188,2.1462173,5.4423265,-1.6702724,-7.715981,0.01630262,1.4058211,0.85910946,0.8924372,8.291603,0.35648298,4.764676,1.7809432,27.645996,0.27934718,591.8259,0.3457595,1403.3118,0.19207114,-115.20664,-0.8085609,1651.4868,0.15107511,1037.8424,0.34986714,-114.6883,-0.7571347,2752.1785,0.077968694,822.73,0.32446155,-117.89782,-0.70724213,-15.161967,-0.3765231,25.551327,0.3095688,0.058430284,0.32215956,-0.031324342,-0.5017235,0.6027304,0.62692887,29.01297,0.37953788,8.778774,1.1409189,-0.9226057,-14.758386,-6.3414483,-2.3217516,-7.165394,14.221956,0.018602254,-0.0077518895,0.22149828,3.523694,2.6894867,0.16636364,0.14673863,0.17695652,0.22595565,-18.599571
35.54858,0.12780532,34.084503,35.978973,38.22276,4.138256,163.19214,159.60313,265.41272,440.05457,0.62850666,0.58692193,0.29756135,0.5245445,0.9866049,0.6890436,5.91303,3.411377,4.121369,2.0693662,0.2614923,0.7522217,27.544256,0.36518434,-3.8296022,-2.4857728,5.329331,2.4473758,-10.664758,-1.1009196,0.047486994,1.4023366,1.6883878,0.58321196,5.851719,0.6357618,8.16331,1.1250323,26.13366,0.37348992,691.37555,0.29502404,1374.8846,0.13380861,-106.076904,-0.8734115,1738.4136,0.14261009,1085.2285,0.28006285,-106.34729,-0.8039196,2784.1824,0.08305723,917.2276,0.29923603,-109.51169,-0.75259274,-15.072386,-0.473326,25.6598,0.30813712,0.06957841,0.2940176,-0.023903916,-0.69530344,0.35656187,0.51354796,33.422928,0.22575182,-2.8956857,-3.5849843,3.8215122,3.8147755,-15.790789,-0.7593831,-8.029265,16.799784,0.042628802,-0.0021479244,0.1601943,3.0978935,2.7431424,0.18272728,0.12728572,0.1609091,0.10727658,-23.627546
32.40203,0.055146445,31.442291,32.31935,33.536488,2.0941963,13.234813,10.441177,24.564722,25.277277,0.5304096,0.8493155,0.15254623,0.3325599,0.9183948,0.7658486,10.019107,6.497864,7.5391264,4.428417,0.16637681,1.0644617,14.645838,0.819703,15.178766,0.8646063,7.2633133,1.7323276,2.1911507,6.879267,0.01321621,1.2205833,0.9716133,0.79585284,7.2407823,0.4320277,5.28825,1.7990305,21.617842,0.48863617,626.0643,0.39041045,1318.4225,0.16842946,-135.06337,-0.667045,1693.0574,0.17883784,1023.05286,0.32577717,-133.13889,-0.6505568,2696.8208,0.09678372,909.1897,0.28258708,-133.54233,-0.64390033,-11.064099,-0.7569888,19.62675,0.42592457,0.05864404,0.3799227,-0.01695349,-1.0107088,0.32002935,0.5629275,19.597849,0.50742424,8.646819,1.9720296,4.410334,3.816943,-9.536889,-1.8242433,-12.03611,21.619345,0.012881684,0.00033489577,0.07809575,2.7692308,1.7543861,0.19941176,0.17621748,0.33055556,0.47980866,-26.180134
35.266094,0.07403258,33.879948,35.53766,37.266663,3.386715,23.8595,10.53486,24.414505,11.518572,0.8390563,0.65435636,0.31979766,0.66485554,1.392078,1.0722804,14.65064,8.550643,12.180246,7.064484,0.38473737,0.85092235,21.919708,0.46240172,-1.1976594,-12.651342,4.266594,3.2752383,-7.945701,-1.7514969,0.016658694,1.0543116,1.0448759,0.7658979,7.778674,0.375404,8.807201,1.1687332,21.486233,0.35440767,617.0925,0.36104947,1433.334,0.17256267,-101.099144,-0.9278428,1666.6934,0.14111364,1047.8673,0.29695463,-89.701004,-0.9689936,2718.294,0.09524094,972.77655,0.3199851,-92.22752,-0.9195673,-10.985559,-0.5341675,19.890478,0.30988833,0.08322322,0.21026874,-0.018437143,-0.52348477,0.54276484,0.5908185,25.235172,0.33980396,-5.3835335,-3.009816,7.2527285,2.0437095,-11.6988945,-1.34232,-9.488623,17.989756,0.07446267,-0.007743365,0.15966423,3.9761434,2.811245,0.20285715,0.09113792,0.13142857,0.1468652,-21.100983
32.901726,0.118492,31.320488,32.59094,34.27181,2.9513206,282.97104,511.08417,349.11484,600.6494,0.69577193,0.39080814,0.43387747,0.66364795,0.94039917,0.5065217,4.7699695,3.5420802,4.2918367,2.7550824,0.30659476,0.51859015,31.772024,0.3407299,4.742649,2.0125606,6.254668,1.618312,-11.062439,-0.84144086,0.020446796,0.9251232,1.1650764,0.6601886,6.8145885,0.4061105,4.204337,1.9756573,27.626003,0.42013875,628.6449,0.27085555,1401.457,0.13250086,-117.95681,-0.7930067,1687.2865,0.16529818,1158.955,0.32064706,-122.95523,-0.69313693,2760.3928,0.0778195,867.1538,0.29057172,-125.38361,-0.6576152,-17.577518,-0.2545273,26.264088,0.26941288,0.02973595,0.5292343,-0.036918923,-0.30318758,0.39388293,0.45570725,39.150803,0.15609999,2.37933,3.7093918,5.6924515,1.9722811,-14.479845,-0.6774896,-13.7142935,21.226944,0.01562886,-0.021811485,0.24065025,2.695418,2.166065,0.1925,0.17383541,0.2595652,0.2734558,-23.306892
26.613022,0.06821931,25.283886,26.372868,28.15353,2.8696442,15.00405,6.1011643,11.3424,23.2365,0.8166156,0.2531088,0.6602682,0.75007755,0.9942238,0.3339556,4.1988907,2.3487291,3.4588554,2.0093842,0.41898194,0.32765156,29.006662,0.1712047,-0.5266562,-8.187773,10.886821,0.7118379,-5.9847913,-1.1738193,0.017355064,1.1433958,1.1393111,0.46447626,3.6272151,0.44077328,1.855935,2.2805965,26.27942,0.2051215,543.3834,0.33756128,1419.9268,0.1296242,-130.48018,-0.69609195,1513.3319,0.12745869,1188.0778,0.22445744,-132.74475,-0.651425,2568.168,0.08894766,1059.0194,0.2549711,-136.63939,-0.59600073,-12.829038,-0.31312805,25.321173,0.14660808,0.030747456,0.4094588,-0.016226342,-0.66170293,0.5379805,0.21378337,33.762455,0.08093424,-0.46005085,-11.651429,8.319622,1.2902707,-10.269091,-0.7817202,-10.461272,21.945698,0.017227355,-0.0026269269,0.35332578,2.7510316,2.3545706,0.14411765,0.12199608,0.24555555,0.2513347,-23.63132
33.02172,0.1078252,32.515724,33.656002,35.2979,2.782177,111.14175,117.94038,110.292274,213.77147,0.93180096,0.53804016,0.44240323,0.8060789,1.4277576,0.9853544,10.732074,8.166326,10.266772,6.6614876,0.3753909,0.74476326,13.5296335,1.1390113,10.5651455,1.0137377,-3.2338393,-4.624984,-3.805213,-2.6678214,0.030915769,1.8820941,0.94388855,0.99474394,7.5196486,0.48112354,5.5828743,1.5692134,25.548159,0.30296335,682.51526,0.27848628,1464.1073,0.17901303,-120.327156,-0.77313745,1740.9945,0.16224176,1076.8091,0.32664722,-119.9065,-0.725725,2785.7688,0.12406346,1076.0339,0.29820508,-122.65914,-0.68396133,-12.134649,-0.4812388,22.119404,0.30673197,0.07439243,0.18513422,-0.029265216,-0.5026169,0.5557908,0.47212452,24.94618,0.3286254,9.530105,1.0739937,-11.465733,-1.4443372,-6.5118155,-1.8017346,-3.371085,10.079313,0.048112873,-0.0073770965,0.24117771,3.8034866,2.88,0.14277777,0.09561528,0.18333334,0.17999999,-20.684374
31.667528,0.072406664,31.242088,31.89501,32.67271,1.4306221,246.6241,487.21072,143.4591,260.69543,0.53161466,0.50954825,0.27019155,0.48569384,0.81216747,0.5419759,7.677399,5.3078594,4.9218755,3.2415307,0.22506636,0.8371735,21.016842,0.6635001,11.925512,0.86160594,8.504127,1.2410729,4.069081,2.3732002,0.030063221,2.0632892,1.2341475,0.828083,7.396258,0.37531373,9.473914,1.0489473,31.463963,0.24980602,575.6059,0.35420865,1451.3826,0.16790265,-121.21153,-0.7621983,1659.4281,0.15474728,1053.9894,0.22047295,-124.45145,-0.68125355,2708.433,0.08977886,1021.13135,0.36421522,-126.523994,-0.64971834,-17.485708,-0.40364146,27.154085,0.30171704,0.062427513,0.23799925,-0.021257905,-0.5865596,0.36254364,0.5396532,31.251041,0.27325696,10.931946,0.9719247,7.0387063,1.8206453,1.4611026,6.954139,-9.032475,16.526316,0.036239967,-6.389418e-05,0.12798397,4.2584434,2.810651,0.14105262,0.106814876,0.18450001,0.19790086,-24.645035
34.48109,0.06666632,33.37395,34.70968,36.28672,2.9127693,27.82775,17.487207,31.01185,31.928368,0.841232,0.710254,0.35492125,0.5838097,1.4056206,1.0506994,9.854687,6.652565,9.967272,6.3144727,0.38088235,0.93522155,27.649223,0.3886635,-2.1230767,-7.2542458,-1.6908981,-7.360258,-4.7484746,-3.745317,0.013478342,1.369666,0.90556693,0.90348536,8.292141,0.39191103,5.9055133,1.6719033,23.991863,0.52390647,701.0732,0.31994212,1462.4796,0.16486995,-113.54336,-0.8285777,1723.116,0.1503833,1188.3969,0.26214027,-111.34075,-0.8028509,2755.902,0.1151547,1115.2996,0.36280808,-114.49132,-0.7530561,-9.8826065,-0.9459564,21.957607,0.3978925,0.04766023,0.42645612,-0.015386914,-1.1049868,0.5833524,0.67684084,32.68082,0.22854611,-8.791767,-1.9360034,-1.2506869,-12.648242,-14.063136,-1.4242835,-9.398734,18.352522,0.025401255,-0.0038113547,0.20035197,3.0842233,2.74463,0.1647826,0.14622405,0.17166665,0.13116995,-20.241673
21.08953,0.13278659,18.76824,21.185001,23.994522,5.226282,55.17443,42.914062,73.53431,93.494965,0.5420234,0.69257253,0.18702236,0.47726712,0.8251955,0.6381731,9.245027,7.6350093,6.167073,3.2362087,0.37671894,1.1424298,30.460484,0.4548746,4.3150597,3.1533365,18.835827,0.63982415,1.0685718,10.832157,0.028795477,1.1677743,1.5145723,0.73865014,2.9555323,0.71227324,1.8858447,4.235086,23.191948,0.6225864,591.50806,0.34971654,1351.8212,0.1337921,-130.09203,-0.67662483,1659.298,0.1688955,1054.7965,0.22771478,-135.09999,-0.6049498,2656.0833,0.1066496,945.8672,0.23542565,-136.87292,-0.58055055,-17.899946,-0.42671925,26.95826,0.24366993,0.0050835833,4.9513865,-0.0129398,-1.6492752,0.46056125,0.7597158,39.63337,0.22276327,3.2532299,4.750978,22.059586,0.597063,1.9351077,7.119344,-12.281782,22.268988,-0.0059408033,0.0017084385,0.3314552,3.4965036,2.6760564,0.12894736,0.09216089,0.22473684,0.263546,-21.921576
32.11378,0.08555365,30.350521,32.159615,34.31092,3.9603996,107.394325,161.72137,26.247042,12.741027,0.4047045,0.7931405,0.106692284,0.29125047,0.75504106,0.6483488,5.1736274,2.403695,3.7056873,1.6655902,0.1774445,0.9283074,32.15619,0.45253608,3.8594844,2.7573166,15.494762,0.83707565,2.8334265,4.795445,0.01620809,0.96114224,1.0545847,0.9192806,8.977932,0.2596538,8.84467,1.0581234,33.222958,0.26327774,629.8999,0.38132176,1357.5469,0.13788931,-99.475105,-0.9215029,1703.6082,0.18353763,1141.8707,0.24447538,-103.37992,-0.79736406,2767.531,0.13276725,1046.953,0.29470944,-107.7175,-0.72952443,-20.842203,-0.32104293,30.276081,0.23797674,0.04319192,0.62729746,-0.018367982,-1.2489609,0.2610338,0.5609756,41.684784,0.23885733,7.1387024,1.4492972,13.95164,1.0978847,1.128475,14.392772,-8.958652,18.158983,0.011696084,0.012964681,0.071499825,2.8368795,2.142857,0.25399998,0.16197942,0.17999999,0.15842979,-23.76232
36.512123,0.038502574,35.523308,36.50086,37.90816,2.3848534,38.974323,30.942078,23.412363,10.704554,0.6089582,0.61614275,0.28658336,0.48394135,0.98060256,0.6940192,8.194432,5.7445874,7.993947,5.106574,0.26948735,0.75760525,27.778957,0.47915366,4.956746,2.1929812,9.955962,1.3586996,-4.853463,-2.5747337,0.020409362,0.93929416,1.0323588,0.9382784,9.962937,0.23771362,8.571324,1.0614347,30.002869,0.26102316,623.31195,0.27651224,1417.204,0.123594515,-125.74466,-0.71343255,1689.0764,0.14835234,1102.0762,0.33342797,-124.16167,-0.6713987,2774.0247,0.09592892,997.15857,0.306825,-127.35567,-0.6239937,-17.718826,-0.3974385,27.929478,0.32000482,0.03285652,0.67425716,-0.025933333,-0.5741645,0.3943188,0.5137661,38.183098,0.2682004,1.7451503,7.227407,6.8028607,2.470692,-12.021099,-1.1312795,-11.977971,18.518137,-0.0057391375,-0.004287261,0.17662005,3.6565979,2.724359,0.15058823,0.116894655,0.185,0.3010583,-22.314955
29.26443,0.12086793,27.33699,28.366116,30.204868,2.867878,98.042076,93.524574,163.94913,243.76051,0.56367,0.5327557,0.30006537,0.5115993,0.82961273,0.52954733,5.952639,3.8326116,4.699737,2.854701,0.23952675,0.77750885,26.907728,0.5252228,2.671892,4.2311263,7.824674,1.6108828,-6.595025,-1.6559662,0.026768541,0.8164593,1.1864939,0.57063687,5.1883764,0.44814938,-1.342213,-5.1313357,15.597242,0.58776224,565.549,0.28709087,1322.0613,0.13431066,-151.01315,-0.53099024,1579.8733,0.1529854,1105.1249,0.2989437,-152.27704,-0.4973199,2652.6528,0.082494296,906.71246,0.3430583,-153.67259,-0.47847328,-14.519943,-0.35440633,23.725441,0.32154998,0.020301774,0.8528692,-0.029775416,-0.5394963,0.3507346,0.50337374,36.852222,0.28295454,-0.35873613,-28.21969,8.588752,1.6508904,-9.639934,-1.269342,-10.602797,18.477116,0.012449672,-0.013718692,0.20029019,3.250271,2.505447,0.0973913,0.068156935,0.2931818,0.2104192,-25.786947
31.542902,0.057137243,30.694141,31.823847,32.51262,1.8184776,59.193935,94.594406,19.49358,12.664176,0.67729145,0.5111752,0.38372293,0.60379285,1.0218838,0.63816094,8.437718,5.5649323,6.9324408,4.6698995,0.28917378,0.80497146,26.64402,0.5639958,11.703331,1.09763,2.3620725,4.39167,-3.9985738,-3.2375124,0.013759137,1.1734011,0.816685,0.71273094,7.7545156,0.36317924,3.4685647,1.9556688,33.41667,0.27097592,622.3688,0.28148192,1467.6204,0.13586551,-97.04589,-0.98144853,1689.182,0.14129369,1159.6365,0.20637849,-104.09716,-0.82592595,2764.3123,0.088780075,999.7631,0.33548293,-108.29767,-0.7572727,-17.691212,-0.38200754,29.733835,0.2867456,0.06020132,0.24827453,-0.032364924,-0.46505284,0.3789896,0.5941125,34.81241,0.34145987,11.384933,1.2181414,0.4874656,24.571089,-10.162253,-1.2320163,-10.334056,17.709507,0.038927626,-0.010796005,0.18672247,3.9938557,2.3219814,0.22266667,0.14040259,0.175625,0.11779053,-21.935928
33.97885,0.10948754,32.690353,33.366425,34.747303,2.0569496,538.898,504.08203,9.669217,6.041995,0.44372988,0.5020987,0.24131447,0.38020006,0.67551327,0.4341988,4.838134,2.7566478,3.9968054,3.0504704,0.17786731,0.8026432,19.41043,0.568635,20.593372,0.38868144,6.19947,1.740379,3.6932738,3.2612185,0.027507463,1.44776,1.1361498,0.64816076,8.184433,0.3511402,3.3683245,1.5211619,29.065422,0.26337418,657.9171,0.26963353,1414.902,0.14884008,-114.19537,-0.7927109,1753.148,0.12187032,1095.3705,0.32704872,-118.43193,-0.6935282,2856.9055,0.08349078,876.3221,0.34517902,-120.98446,-0.65660805,-19.573145,-0.29550695,29.738968,0.26195717,0.048717227,0.3368782,-0.029171256,-0.4673696,0.24966286,0.62929857,27.93807,0.30925995,19.94496,0.45741782,4.3593426,3.004138,-3.8665402,-2.8166368,-12.370938,20.194923,0.032744013,-0.006222857,0.111876644,3.5555556,2.5373135,0.17941177,0.12799221,0.19352941,0.17122194,-26.840412
26.041191,0.2090461,22.070108,24.099081,31.99176,9.921652,241.48335,450.84012,54.494892,82.45782,0.96236473,0.43990237,0.51217014,0.9391732,1.3454602,0.83329004,6.990355,4.3334537,6.203725,3.8905048,0.39903235,0.52832466,21.154516,0.5939299,9.1684265,1.3481939,4.6070495,3.1046298,-1.3097484,-8.419691,0.01944701,1.1209489,1.0112789,0.9787452,4.5225906,0.47966474,4.3961287,1.4079647,24.501753,0.30840063,627.8986,0.37843758,1315.735,0.16180763,-110.01998,-0.84871095,1649.6152,0.1575997,1012.6853,0.31550816,-114.200134,-0.76565623,2658.9866,0.114034705,836.63116,0.35484114,-116.06618,-0.73637474,-12.799412,-0.47245565,21.133905,0.28916672,0.033494566,0.5950766,-0.024011469,-0.59659016,0.45996648,0.46524632,27.258799,0.36119255,5.6923456,2.2771142,7.970242,1.8817729,1.2471459,9.6918955,-9.883791,18.395489,0.036421116,-0.018499713,0.34921542,4.1025643,3.405573,0.1269697,0.12573384,0.14205882,0.17492485,-20.455091
35.161327,0.057281,34.009583,35.282265,36.611984,2.6024017,24.98275,11.092438,33.929638,36.319775,0.75538534,0.6696336,0.36726168,0.5570941,1.2186599,0.8513982,9.757,9.110674,7.218063,4.296498,0.2917423,0.8326483,26.064713,0.36128402,-3.3000488,-3.7955408,8.136898,1.5262682,-8.706543,-1.4387286,0.013521355,1.092629,0.97324,0.7613699,8.408126,0.3333878,6.039031,1.499996,24.7499,0.3955116,615.45557,0.37472284,1429.2748,0.16292453,-117.67067,-0.79389757,1654.1141,0.15841882,1124.6326,0.29467002,-109.61721,-0.8163424,2724.2893,0.10072365,1045.8668,0.26417595,-113.20072,-0.75889313,-10.951189,-0.5885571,21.98975,0.3778677,0.05448475,0.3625425,-0.015990335,-0.88086593,0.43375823,0.59497184,32.380646,0.20312351,-8.725912,-1.6623495,5.962601,2.4885569,-13.480475,-1.0835977,-8.982285,17.43297,0.023388175,-0.003758536,0.1585344,2.4417315,2.5669644,0.18043478,0.14335963,0.18826085,0.13964714,-21.934477
32.92813,0.082301036,31.511627,33.41455,34.729733,3.2181053,66.08742,81.33588,144.7222,214.89043,0.67188704,0.67098904,0.25813136,0.5504625,1.0420977,0.7839663,8.2224655,5.060673,6.710196,3.5543482,0.32894188,0.8541707,24.340034,0.49858427,10.735097,1.1088927,2.7423418,4.513616,-8.017941,-1.6171639,0.023039808,1.4308769,1.093075,0.78096396,7.302456,0.4779586,6.784913,1.3675848,28.693993,0.35362294,698.7763,0.29423714,1354.6272,0.13498989,-141.86574,-0.6063943,1772.7781,0.16535172,1099.321,0.31503648,-142.99466,-0.56496114,2842.5889,0.121460095,970.29865,0.35992682,-144.63588,-0.5420299,-15.705176,-0.50641054,25.300493,0.3493395,0.064006075,0.2728092,-0.034798365,-0.47102523,0.51231027,0.50430834,30.90689,0.3479848,9.333051,1.2550452,0.49564144,26.42534,-15.188105,-0.9038188,-12.39801,19.469286,0.038220286,-0.017296435,0.24524085,3.2831738,1.9283748,0.15785713,0.1409751,0.3392857,0.33762753,-22.367203
34.550743,0.033845637,33.686756,34.643356,35.53984,1.8530846,48.023327,54.175087,15.092197,9.865444,0.76604307,0.5544271,0.3719708,0.61663216,1.1762583,0.80428755,7.3701954,5.4116826,9.999301,5.7918816,0.30205864,0.70593363,18.898819,0.61357594,7.257822,1.6378895,2.9590397,3.7375963,-9.9625025,-1.47747,0.021234334,0.7652966,1.1482589,0.8751307,7.1142,0.34971854,2.8574498,2.745867,21.667967,0.3273373,608.756,0.33493966,1429.191,0.1380244,-117.15305,-0.7792104,1645.6663,0.16185011,1218.138,0.44228938,-115.66587,-0.7520213,2665.327,0.08463059,988.49554,0.46474046,-118.08683,-0.71317136,-11.1682415,-0.5127116,20.959492,0.29978773,0.05365503,0.3429238,-0.021333247,-0.5750248,0.42109293,0.46621254,25.771944,0.31080365,1.8732438,7.3267665,2.7854924,4.645512,-18.332363,-0.8484736,-8.466338,15.823414,0.027682072,-0.008271074,0.20234898,3.8785837,3.4013608,0.126,0.08627862,0.14047618,0.15270501,-23.49542
26.370554,0.10594618,24.698185,26.496044,28.361519,3.663334,137.16522,167.99002,37.822598,36.442787,0.48501784,0.6149548,0.18256594,0.4459026,0.7820281,0.59946215,6.6407137,4.345723,4.150371,2.4079103,0.21210504,0.8849006,17.025648,0.7635935,15.959229,0.64287037,10.192145,1.0509428,3.3023596,3.6223028,0.029982038,1.1775715,1.1394739,0.6167535,5.090584,0.41784406,5.8393264,1.0610535,28.446638,0.31526354,761.5687,0.28369325,1393.5891,0.15803027,-150.99106,-0.52188116,1780.8209,0.1463148,1196.3975,0.23717171,-152.79277,-0.4856425,2842.0925,0.10557947,1008.42865,0.36752832,-153.90031,-0.47010514,-18.107317,-0.39799932,27.626776,0.26156753,0.02022444,1.0695682,-0.024149943,-0.8281119,0.35751054,0.48080754,27.82522,0.33538148,20.195023,0.54823625,8.928344,1.5320804,-2.937212,-5.449203,-9.624355,18.302528,0.013914599,0.00020566022,0.15650547,3.1413612,1.7894737,0.14764705,0.12954806,0.36888888,0.33544147,-26.400698
34.085278,0.062488083,33.312504,34.04679,35.502888,2.190384,159.65396,387.29544,104.992455,165.70152,0.8009189,0.708326,0.40243736,0.55165046,1.1277677,0.72533035,11.674347,8.6006155,12.111095,8.666514,0.34477898,0.91101843,23.780859,0.41980702,-2.852592,-3.6262767,4.6165032,2.534423,-4.564953,-2.0868883,0.014161732,1.1237701,1.1185954,0.9039208,7.0614877,0.3907731,8.11493,1.2065895,23.241234,0.45371622,738.8979,0.33674687,1496.7273,0.19270515,-143.1362,-0.604065,1704.1018,0.14906432,1190.5321,0.2676204,-137.53857,-0.62589747,2764.8042,0.10626735,1005.6867,0.37243053,-140.1046,-0.58830893,-7.3581057,-1.0424489,20.911383,0.4038844,0.044007752,0.3771605,-0.009360801,-1.3083153,0.63849515,0.5573109,28.435146,0.33569008,-8.004107,-1.5150349,0.68985647,22.619389,-11.500388,-0.9106532,-7.996414,17.02253,0.018441852,-0.0044693244,0.19991519,2.7465668,2.1356783,0.14705881,0.10127218,0.28388888,0.3951953,-22.118286
29.946684,0.08563348,28.156385,30.027073,31.844534,3.6881485,43.07793,24.231173,14.988314,3.4893901,0.5970578,0.3087707,0.45667315,0.5374453,0.7472013,0.29052818,3.22556,2.142894,2.738742,1.8073103,0.20098898,0.43924966,25.048681,0.31518117,-4.8387995,-1.8009366,8.217779,0.9373864,8.1274805,1.0010197,0.023384385,0.9423252,0.98156583,0.59275776,6.7729883,0.3429816,4.891083,1.4782575,25.559275,0.20842072,664.4852,0.37130663,1370.5796,0.14135748,-135.48358,-0.63809264,1668.5562,0.15461972,1189.415,0.2425843,-136.09608,-0.60737085,2735.7788,0.09393439,1060.9028,0.3695963,-139.25566,-0.5642771,-13.783536,-0.28311476,25.921835,0.20585108,0.02952821,0.54978025,-0.0070624636,-2.072725,0.27767044,0.2911686,31.948172,0.18131031,3.1945217,1.522171,9.027511,0.95302826,6.5458574,1.4259022,-3.0723653,13.937136,0.023119744,0.015893755,0.15831283,2.4757805,1.948052,0.17666666,0.16792856,0.31555554,0.3475345,-26.714794
22.62481,0.10092506,20.803976,22.559187,24.061914,3.2579384,27.381437,14.412499,49.276783,52.9857,0.5138346,0.5869711,0.2005568,0.45451394,0.80332494,0.6027681,5.266493,3.308845,4.349908,3.026519,0.19926317,0.86021835,18.292463,0.85360014,13.552932,0.72312856,8.595004,1.493167,0.8035463,11.6076,0.018815039,0.86465174,0.8973438,0.92399746,4.4352403,0.4259593,2.1002712,1.8540206,28.999783,0.2869973,626.73395,0.35575175,1312.2896,0.17234054,-135.58095,-0.6594526,1685.7561,0.17653652,1048.332,0.46291462,-140.18861,-0.58755606,2739.2124,0.13139436,926.83966,0.3130648,-141.64812,-0.56730574,-19.144918,-0.36729014,25.552069,0.269382,0.02115895,1.0020152,-0.031382047,-0.60007805,0.34842536,0.47563002,32.21718,0.23856069,15.51805,0.69322044,14.650711,1.096783,-1.1985575,-9.5376,-6.7986183,13.7605,0.011295872,-0.0052441778,0.12574543,3.423968,1.8218623,0.175,0.10899796,0.33473682,0.27865028,-24.674665
20.341515,0.09749925,19.188147,20.092663,21.036608,1.8484612,39.61743,30.658007,22.438723,21.050732,0.6781333,0.512076,0.36354077,0.68852633,0.9631398,0.599599,8.308661,6.407728,6.222341,4.491078,0.41589567,1.0065271,28.025393,0.50425184,8.264263,1.2150359,9.439914,0.9346113,6.951455,1.5044789,0.024097292,1.652687,1.1002287,0.6150374,3.632119,0.38251394,4.1870203,0.899528,26.867823,0.2743441,544.0903,0.37092975,1319.4606,0.14138068,-110.07716,-0.81553847,1549.9227,0.17416121,1080.0924,0.24219628,-116.7894,-0.7111347,2627.5103,0.12084677,947.50336,0.30640945,-120.7781,-0.6540684,-18.396816,-0.3100318,28.892086,0.20423397,-0.011770333,-1.6607572,-0.018594958,-0.9563956,0.5063927,0.7301287,36.117123,0.26900598,11.10987,0.7642694,9.832316,1.0261521,9.050976,1.2187607,-10.516385,20.38789,-0.005356393,-0.0012072774,0.3385478,3.3850496,3.2670455,0.13608696,0.11705588,0.14333333,0.11596215,-20.029728
34.589985,0.06957735,33.41322,34.717068,36.020004,2.6067848,22.324167,18.932722,25.802322,19.630798,0.85270727,0.55668354,0.33917058,0.77907366,1.3320477,0.9928771,12.673982,8.623999,9.690129,5.7251806,0.35756198,0.83638144,18.342318,0.8667479,13.738533,0.87190354,-1.0472267,-13.706238,-1.7210988,-7.166602,0.013425281,1.1045574,0.7987893,0.953281,9.278485,0.35672298,6.2744937,1.3509994,29.250689,0.29958645,641.5692,0.2869885,1408.7686,0.1390456,-112.13268,-0.83647096,1678.7334,0.14379285,1110.1497,0.254112,-115.175095,-0.7451806,2770.0798,0.07740931,969.1384,0.42555293,-119.09442,-0.6857116,-15.387173,-0.5147906,26.386318,0.35233924,0.05023356,0.3694002,-0.024175713,-0.6368458,0.5089094,0.59022146,27.855534,0.4409254,12.410558,1.0432343,-4.919947,-3.5850153,-7.3351173,-1.8835336,-7.8660793,15.067451,0.021815768,-0.0066456716,0.22138062,4.116866,2.2727273,0.20176469,0.1499896,0.20555554,0.28800505,-20.243885
24.38739,0.10013803,23.188257,23.86532,24.728792,1.540535,126.29511,86.32057,46.922073,64.94128,0.6614629,0.56855464,0.34719554,0.5561753,0.92158234,0.57438684,6.974282,3.6191597,7.322625,4.5532007,0.3538504,0.6502631,34.9978,0.40803155,9.910627,1.1351954,7.472828,1.5787807,-4.2634134,-2.5023773,0.019443281,1.2760053,1.3157086,0.67307436,4.3617716,0.4213869,0.52098775,10.288953,27.993593,0.23444925,607.921,0.33740827,1336.4885,0.12838903,-93.52398,-0.9923835,1659.449,0.15026177,1070.617,0.19304755,-102.499725,-0.82781696,2740.0242,0.09820453,1010.7185,0.32998335,-107.42972,-0.7500098,-17.803867,-0.27531844,29.29616,0.2091089,0.039417136,0.42320144,-0.031496413,-0.5825041,0.47584465,0.48284572,43.523396,0.22646636,5.325551,2.0872204,5.8468785,2.2121282,-4.5598116,-2.507852,-15.377307,23.241089,0.030822495,-0.014730099,0.2131279,4.1749506,3.219316,0.158125,0.11539165,0.13,0.06373774,-20.891296
32.16898,0.043852326,31.083355,32.084316,33.353107,2.2697525,65.80886,104.95052,14.13629,10.0082245,0.43103677,0.6447525,0.16413319,0.38062644,0.6464283,0.4822951,5.912923,4.097742,4.2682533,3.6219108,0.15244904,0.7987804,26.288713,0.42707607,6.1441345,1.3914733,11.624964,0.98837477,-1.3663043,-9.118866,0.017969862,0.917325,1.0040283,0.65579206,7.576095,0.28340888,5.6952763,1.3458476,27.48367,0.21184017,577.28033,0.33040318,1464.655,0.15063192,-126.053085,-0.7232067,1595.3666,0.13904712,1127.3035,0.34597436,-128.04985,-0.6674516,2721.105,0.07759982,1003.82983,0.443177,-131.82846,-0.6130898,-14.925943,-0.31992775,27.310684,0.1927372,0.0286323,0.6898573,-0.016005673,-0.7158059,0.23887257,0.558649,34.644077,0.18956852,3.7788198,2.4209409,10.70255,1.2392578,-10.160764,-1.1695344,-11.661993,21.491007,0.0035041005,0.0026620475,0.09642107,2.5356576,2.2364218,0.17,0.10616698,0.23933332,0.31938413,-27.828737
32.121,0.093572065,31.080181,32.2831,34.086937,3.0067558,185.6348,240.11996,102.86708,148.43373,0.8288524,0.5495333,0.4423654,0.6663478,1.2515695,0.8092041,10.192036,7.140333,6.4743247,3.9810739,0.42726743,0.8416069,22.29437,0.53332645,13.485181,0.8041661,1.2993567,10.830193,-7.656579,-1.5695474,0.029300654,2.7219183,1.1390421,0.813281,7.1642613,0.48743716,4.8957906,1.4418024,27.298838,0.35039598,666.6082,0.2589255,1399.222,0.14576274,-140.71622,-0.62029594,1768.9811,0.15548609,1058.8121,0.37718588,-142.45413,-0.56871885,2812.7026,0.09504327,991.8981,0.36052212,-143.66191,-0.5516008,-16.444183,-0.42595083,24.5038,0.33781615,0.06717566,0.2345354,-0.043772925,-0.33629748,0.6501192,0.6370126,29.677542,0.28206003,12.114992,0.81722623,-2.3950973,-7.0420423,-12.06744,-1.2422667,-12.728759,19.573036,0.052898727,-0.027120074,0.3219249,3.062302,2.0169852,0.15210526,0.15000278,0.307,0.22496888,-20.403204
26.442162,0.12214458,24.68985,26.998796,28.980623,4.2907734,132.39806,226.83327,28.322546,15.127909,0.4462382,0.5667975,0.16474101,0.43416068,0.64316416,0.47842315,3.9670696,2.1119983,3.6151848,2.388838,0.19008748,0.76293176,28.003119,0.4891967,6.2789,1.6192114,16.355846,0.62595445,5.2246547,1.8499271,0.019870818,0.8804132,1.148195,0.85174936,6.5950866,0.29648215,4.0494366,1.7554989,25.172672,0.34237123,719.57385,0.33418235,1378.2936,0.15240368,-102.900444,-0.8472624,1748.0538,0.1647751,1172.1115,0.24964184,-108.23318,-0.75553614,2801.3518,0.11079847,964.4649,0.29662532,-111.06926,-0.71278155,-20.110357,-0.2859534,30.216455,0.22084247,0.004749434,6.7050314,-0.012294432,-1.6563691,0.24318813,0.5088511,35.000973,0.32211953,9.955228,0.9901884,18.117085,0.640799,5.637093,1.9434795,-9.126163,19.330025,-0.0013802776,0.009206262,0.13115881,2.9895365,2.2590363,0.23066667,0.13650234,0.179375,0.13188389,-25.111525
24.897106,0.1354945,23.252342,25.327768,27.061144,3.8088017,60.97747,50.855972,44.506145,26.379383,0.5468806,0.64034075,0.17862356,0.5050965,0.83245444,0.6538309,5.8137445,2.8879175,3.9411685,1.8097662,0.21533488,0.74520457,23.629887,0.45090115,9.134268,1.1469569,15.584461,0.6500616,1.8624773,7.6265,0.030701,1.3830849,1.1641179,0.5569703,3.7949345,0.5389591,-0.029375704,-165.50322,19.454014,0.45149434,574.4126,0.40538836,1314.4946,0.17599396,-117.29072,-0.77464247,1605.482,0.18271047,961.6417,0.28451726,-121.017044,-0.70616364,2670.07,0.10102515,885.25195,0.38752484,-122.45662,-0.68463445,-14.106884,-0.3890786,21.217997,0.30971175,0.028665673,0.8454597,-0.020872476,-0.83831483,0.32242355,0.5002311,29.381186,0.29327634,5.561645,2.1973758,16.990358,0.68078977,-3.755375,-3.955113,-12.952867,22.017279,0.0070824646,-0.0026763938,0.1328309,2.3839397,2.7848103,0.15045455,0.13133846,0.17999999,0.14960818,-25.952679
33.45532,0.18447433,29.996819,32.634186,39.763657,9.766838,163.52751,115.006676,134.79506,82.32958,0.7158556,0.6475761,0.34015954,0.5590872,1.1264089,0.7862494,8.334374,4.63364,8.109907,5.290936,0.41874006,0.97275007,24.117413,0.49237555,9.146759,1.3180366,-2.7388072,-4.5933676,-0.47016406,-28.975101,0.040812496,1.4231231,1.4869531,0.5380146,5.139813,0.6383733,6.942339,1.5383773,29.300291,0.34684122,657.34576,0.36175403,1383.2803,0.1614669,-139.81935,-0.6170598,1696.8455,0.17285635,1087.6777,0.23148303,-131.87366,-0.6353553,2801.0962,0.12128531,1025.777,0.28231376,-135.69725,-0.58223826,-13.967464,-0.5857064,27.417587,0.23458888,0.043795057,0.6417209,-0.016150815,-1.2592226,0.5763885,0.78489095,30.055727,0.29697168,7.7788773,1.5984056,-5.704214,-2.4459476,-4.9267597,-3.3275094,-11.198681,20.237892,0.03283664,-0.008440583,0.33328763,3.1047866,3.3854167,0.10076923,0.0857511,0.17384614,0.15949625,-20.631193
33.11136,0.09960883,31.757378,32.628,33.457714,1.7003365,75.79764,79.7243,364.2707,704.95844,0.8028913,0.60522294,0.3413062,0.6880925,1.2785006,0.93719435,10.3920765,8.005741,7.93016,6.098117,0.30940625,0.909558,18.436777,0.804777,7.7404366,1.709734,3.3530176,4.347861,-4.7349834,-3.182754,0.013108089,1.2954112,0.78464854,0.8475744,8.510183,0.3331662,5.126605,1.8654392,25.164318,0.41086096,583.04144,0.37073696,1405.1726,0.17448337,-120.758606,-0.78177744,1667.1241,0.1511654,1019.5847,0.31276238,-121.634285,-0.71843195,2717.4292,0.101805285,976.07275,0.3660885,-123.59404,-0.68762314,-13.820236,-0.47590804,24.22637,0.28351656,0.057499144,0.3089798,-0.028396165,-0.5586888,0.48739704,0.6560816,29.103844,0.39173034,4.9936123,2.9701464,5.2320933,3.6139622,-12.142931,-1.5327172,-6.7535524,14.613381,0.026655314,-0.0076464307,0.17518175,3.4052215,2.1689496,0.1905263,0.18251096,0.2375,0.2634554,-20.58083
32.03603,0.10892913,29.863697,31.803892,33.304165,3.4404678,57.426834,90.48205,27.473934,33.112293,0.87070245,0.31571817,0.635694,0.8273847,1.0594391,0.42374504,5.848052,4.629904,2.639175,1.6956463,0.3126529,0.43431482,23.406008,0.37739325,-6.3237753,-0.96301675,6.61469,1.3571473,-4.979206,-2.1191275,0.016969785,1.1594591,1.0530308,0.44490385,5.8924675,0.33773363,2.2041948,3.055034,21.880455,0.37606588,693.67676,0.36675778,1467.6519,0.19083233,-119.224525,-0.7715948,1655.6998,0.14973289,1231.084,0.19429891,-116.258766,-0.7524662,2668.8872,0.085534155,1049.4646,0.28722194,-118.697075,-0.7156991,-10.936275,-0.31298408,21.910095,0.24563828,0.032205034,0.49677125,-0.013709831,-0.8019703,0.40469176,0.3250012,29.253407,0.25927258,-4.1681256,-1.3059747,7.8199162,1.3542744,-9.661607,-1.2275119,-3.8232856,13.684533,0.01391021,0.0016094132,0.23688862,1.9428571,2.413793,0.18142857,0.12422276,0.20272727,0.1593219,-24.106466
32.046894,0.07181073,31.58744,32.110104,33.159557,1.5721169,35.057842,29.562635,9.417973,1.7851536,0.2815341,0.5113321,0.14789785,0.24680363,0.40807307,0.26017523,3.0910532,1.8795455,2.1787612,0.723656,0.08480066,0.6494162,30.257795,0.35806993,5.802471,1.1802106,12.006884,0.89134765,-2.9696226,-3.164048,0.018508574,1.5925074,1.0166686,0.7470309,8.253235,0.2858929,-1.8534517,-3.9953535,28.197975,0.23309335,547.9424,0.2873437,1373.5244,0.12564896,-111.32892,-0.8328845,1627.5018,0.14189965,1142.768,0.2635417,-118.27539,-0.7100651,2709.8374,0.071091466,997.1653,0.22253607,-121.971634,-0.6564797,-18.60985,-0.22858705,29.913649,0.208153,0.039885063,0.38917074,-0.022707133,-0.5212646,0.120170265,0.4115511,39.131866,0.18597794,5.948798,1.2501519,9.613763,1.2998751,-8.140318,-1.0870159,-12.144032,22.274979,0.013513037,0.0041088113,0.054324448,3.286385,2.5236595,0.1775,0.14566657,0.18647058,0.22736189,-32.494957
35.965183,0.07866507,35.27622,36.45776,37.279232,2.0030136,121.784004,122.66472,94.03468,93.584206,0.7714344,0.4783124,0.46085733,0.6571076,1.0926282,0.6317709,7.856817,3.1519847,8.430024,5.31583,0.33033177,0.56047654,24.20467,0.4198973,2.62197,5.176099,1.8755803,6.7765603,-4.4717975,-2.012726,0.037901606,2.5151532,1.2538652,0.7494375,7.524781,0.4255595,10.494125,0.7696545,23.40318,0.31753597,695.79834,0.28500006,1486.1437,0.15048094,-113.33114,-0.8011035,1687.5864,0.10961754,1093.5586,0.33000582,-107.75775,-0.7947097,2770.5469,0.07549787,859.06696,0.34379953,-110.33266,-0.753285,-11.570306,-0.46856648,21.293512,0.3321366,0.069726884,0.21971065,-0.018712541,-0.5092922,0.42447767,0.4310133,29.365108,0.25148118,-3.748703,-3.4586294,1.7815348,8.003519,-7.031117,-1.3762479,-11.121824,18.497011,0.051507212,-0.014502546,0.24479994,4.710921,4.357299,0.106,0.09494208,0.1025,0.07967904,-23.3294
23.275175,0.053324595,22.245028,23.037905,24.470724,2.2256966,62.64491,69.87966,13.877074,6.50363,0.64691,0.5115119,0.29438862,0.6499271,0.9375577,0.64316905,8.071779,4.616108,6.870821,4.100707,0.29069012,0.74274474,25.207548,0.57415783,7.5033574,1.2217524,14.475562,0.8215639,-3.2760575,-3.7656777,0.015510955,0.68023735,1.2640579,0.7084276,3.832296,0.48607495,-5.553323,-1.1147025,20.413816,0.43085355,546.27325,0.36799845,1339.3632,0.15425105,-102.88932,-0.90551656,1602.9437,0.16234799,1001.288,0.25263458,-110.59257,-0.77292514,2666.7542,0.11462556,961.3507,0.3829107,-112.97934,-0.73512936,-16.40444,-0.33140805,24.61462,0.26197252,0.039732814,0.45689803,-0.022541476,-0.578637,0.38138947,0.6235914,33.204903,0.27464378,5.8129735,1.4951108,17.91791,0.70704275,-8.749508,-1.4638101,-9.123666,16.13782,0.037249643,-0.0077682836,0.20655438,4.038772,3.257329,0.14299999,0.10426407,0.13666667,0.1611664,-22.775862
31.147589,0.07650377,30.070225,31.617384,32.773026,2.7028008,36.271744,42.567802,17.260418,9.803434,0.83395004,0.7259273,0.29306975,0.68167925,1.2478504,0.9547807,12.0876255,7.7394004,10.576592,5.9634295,0.33628446,0.8486293,22.466194,0.56532156,0.64454323,22.45806,8.856393,1.769906,-5.896267,-2.7840734,0.017172812,1.0184022,1.2149572,0.7806626,6.0707116,0.45204076,1.4887314,4.3212867,20.073395,0.4192288,620.4848,0.40537506,1304.7997,0.15095276,-90.77867,-1.0314779,1650.6233,0.17834245,1068.0317,0.30563322,-92.09138,-0.956507,2657.0027,0.10800026,926.2864,0.2308428,-95.359825,-0.89394724,-9.289378,-0.743376,20.064192,0.36138666,0.0450343,0.43390492,-0.01562762,-0.9285504,0.4695529,0.6011215,27.16887,0.36357474,-2.541736,-6.0220327,6.9793115,2.3615117,-12.228643,-1.3898265,-7.173958,16.329203,0.017308809,0.004702121,0.16030104,3.8528895,2.8268552,0.19562499,0.13806559,0.12941176,0.13143866,-21.806158
31.902794,0.046960134,30.53009,31.961172,33.218136,2.6880455,21.00528,8.6371565,35.35795,37.365723,0.9353522,0.463076,0.5066928,0.8551774,1.41891,0.9122172,9.65193,5.4255886,6.485456,3.3342764,0.3922682,0.53674483,22.687454,0.50905186,14.359146,0.7308471,5.961494,2.1232476,-11.749843,-1.1229293,0.014133352,1.0392677,0.84810835,0.7641772,7.668839,0.3249818,5.5873394,1.0011814,24.143957,0.28162658,685.33936,0.21812843,1361.7363,0.13893549,-94.37434,-0.97913533,1812.4103,0.15204164,993.8286,0.320089,-100.96211,-0.83787835,2759.747,0.079947,942.1195,0.39006725,-101.88357,-0.8211017,-15.734071,-0.34944162,21.676105,0.26669085,0.0467057,0.3637652,-0.03891999,-0.36467683,0.4660776,0.4229275,28.298874,0.2678185,12.11147,0.9057118,7.492594,1.9865434,-16.448689,-0.86285365,-11.534076,18.76225,0.02684434,-0.022223866,0.3057797,4.447633,3.1791906,0.16499999,0.12737739,0.123478256,0.07754991,-20.446545
35.723743,0.06793136,34.90078,36.211098,37.34901,2.4482307,121.35928,188.23828,84.00937,115.95196,0.8011301,0.5775428,0.43625936,0.63803893,1.1306883,0.6944289,9.060469,4.479135,8.192089,5.128938,0.35260355,0.6920263,24.031006,0.464594,8.1511965,1.9181751,10.589897,1.2925252,-7.7637105,-1.8023498,0.018312497,0.8581938,1.1774653,0.65602404,8.1675,0.34960368,7.300842,1.3919237,25.469584,0.3218554,564.2472,0.2930942,1374.5933,0.13608192,-92.23371,-0.9871716,1642.1216,0.107363015,998.01874,0.30422688,-92.012596,-0.9072375,2719.9604,0.07651924,907.83606,0.5100107,-95.46022,-0.84684,-14.733006,-0.3036666,22.478085,0.27932912,0.06398165,0.23594382,-0.026706606,-0.39577565,0.44683468,0.572192,28.97073,0.32538953,2.7888563,5.5422425,10.373704,1.452505,-12.548595,-1.1907963,-12.701164,19.166752,0.039033353,-0.015922198,0.21692525,3.8817008,3.7383177,0.1505,0.14104874,0.10157895,0.07740959,-20.90189
31.987694,0.06915329,30.266342,31.96769,33.59021,3.3238678,301.1081,568.35065,37.76607,29.417097,0.89707553,0.5558696,0.38846058,0.83583933,1.3808357,0.9923751,8.689302,5.9095893,7.014134,4.9053345,0.3295912,0.81163025,15.18298,1.1237775,13.011952,0.89020646,1.4653398,9.221786,2.1176176,7.2013497,0.016953016,1.7240807,0.79668623,1.1291866,8.069563,0.39164746,4.453329,1.4842877,25.82444,0.31811777,586.9912,0.3431049,1378.2443,0.13675447,-116.23741,-0.8054272,1681.8265,0.19068061,1046.6443,0.30751452,-118.96971,-0.7385409,2730.054,0.102220945,1045.5992,0.4413486,-121.94323,-0.6919289,-13.492059,-0.59096855,23.727934,0.32155564,0.057187207,0.34889993,-0.026561527,-0.69508046,0.473592,0.5295643,27.393513,0.43592003,10.593957,1.2773339,-3.0460856,-5.326321,-3.179372,-5.9122024,-5.4645934,13.323025,0.029157221,-0.0024289724,0.21642023,3.1510658,2.3299162,0.18239999,0.16135128,0.23666665,0.24049716,-20.32327
33.88755,0.04864724,32.625656,33.882492,35.445793,2.820137,17.171024,4.280023,32.888237,23.62085,0.6036856,0.53795815,0.34915432,0.5045968,0.8555907,0.50643635,6.912074,6.0558906,5.82479,4.321017,0.26269016,0.531997,17.801552,0.60624915,19.464634,0.73966444,1.5108,6.9524937,-0.80221057,-16.947405,0.023187174,0.9706096,1.1085987,0.4990769,6.289275,0.4272777,9.243393,0.78512853,26.968632,0.4996134,610.7117,0.26497853,1361.8839,0.1275104,-129.21175,-0.69501513,1738.2727,0.12999113,1125.9069,0.3128005,-133.01526,-0.6197076,2714.4531,0.11087453,1100.8411,0.31318593,-134.07635,-0.6052857,-15.532951,-0.5997154,22.826393,0.46094948,0.010787457,1.9092177,-0.028951753,-0.45277983,0.34446102,0.37658602,22.549486,0.39839992,16.72609,0.92108715,0.10099146,119.66408,-7.981669,-1.7242167,-14.957828,22.243877,-0.0025956035,-0.013730548,0.22196303,3.4482758,2.777778,0.12699999,0.0996544,0.212,0.13611025,-26.196236
35.512245,0.12887332,35.51088,36.817505,37.68984,2.178959,236.62991,170.56519,84.04439,73.08445,0.76082,0.4780739,0.44148856,0.7004747,1.063807,0.62231845,9.000802,7.613043,8.262313,4.8412066,0.33343327,0.7137097,27.910736,0.49922356,8.484426,1.8081709,11.291501,1.4166559,-5.369052,-3.103461,0.025301963,1.7542028,1.1769683,0.559938,7.2118206,0.4363252,11.322132,1.0676061,29.263384,0.3265572,624.2659,0.30009654,1370.1538,0.14470156,-89.127396,-1.0212667,1682.3323,0.12088808,1106.4307,0.35745478,-91.6112,-0.8851144,2744.5815,0.092373244,888.15405,0.3959293,-95.03902,-0.821899,-15.929513,-0.44792065,25.574862,0.34202546,0.04749885,0.43000045,-0.027533302,-0.44373378,0.40465572,0.6433562,33.684704,0.3061602,2.9248602,5.042295,10.922681,1.607641,-12.099315,-1.3495733,-13.339029,20.595175,0.025140392,-0.01613296,0.22394985,4.097117,3.9755352,0.14423077,0.15036297,0.0973913,0.06904425,-21.489294
32.500576,0.21460044,29.32391,30.78785,32.379642,3.0557327,316.49002,328.4994,145.65468,179.28452,1.0193815,0.42000765,0.6476612,0.9366598,1.4406041,0.7929429,10.908068,6.797349,7.8865566,3.7004352,0.540522,0.6467229,29.11092,0.5089254,1.3390043,7.2152033,5.274913,2.3036475,-10.388761,-1.2307485,0.024703912,1.4049839,1.0778446,0.7870738,7.1890054,0.40549758,-0.07378087,-91.994225,29.205502,0.30137107,563.7994,0.36305952,1379.9211,0.13975482,-103.81635,-0.89219666,1609.6709,0.16045822,1149.9906,0.19112384,-105.23345,-0.80582774,2718.3,0.109621465,1107.9827,0.2782014,-111.167046,-0.7141752,-16.78711,-0.4205595,30.680212,0.2644214,0.047600847,0.46776283,-0.029930362,-0.6121977,0.69061124,0.5176597,38.330925,0.22225511,0.9446727,10.954888,4.6121006,3.0263526,-16.124317,-0.75463307,-7.361373,17.230463,0.028229997,-0.0067483773,0.3802815,4.506066,3.3274956,0.14947368,0.12335118,0.13105263,0.06797017,-17.397123
30.129017,0.046036493,29.18964,30.285946,31.24746,2.0578194,31.769333,49.382393,14.34282,5.784987,0.31807283,0.5790461,0.12757404,0.29555368,0.48782974,0.36025572,3.7163053,2.3990276,2.4308486,1.363676,0.102381796,0.7232973,26.4333,0.46767372,11.95282,0.90417385,1.807231,5.995136,2.4273088,5.363912,0.012966181,1.0828074,1.085136,0.7781475,6.4866314,0.322079,0.5969263,10.062333,28.968624,0.43629962,634.7536,0.2953287,1427.267,0.12977938,-115.17854,-0.82670903,1716.5721,0.1382591,1139.9336,0.2842401,-119.41747,-0.7407779,2767.0515,0.11138165,1118.6722,0.3280325,-122.780624,-0.69052756,-16.871904,-0.47953933,26.217365,0.37416258,0.041009575,0.37631372,-0.025751183,-0.6058361,0.15808058,0.43892646,32.35813,0.3000205,10.117965,1.27714,-0.9125806,-13.160069,-4.117595,-3.433992,-12.808962,20.72619,0.014463526,-0.0017987165,0.06091805,3.007519,2.1212122,0.19857143,0.15394141,0.23533332,0.20658708,-32.2848
38.972736,0.1008508,36.24793,38.366276,41.280796,5.0328674,63.34649,75.21093,144.1358,334.18472,0.5223214,0.8582837,0.16351685,0.32419932,0.87906325,0.71554637,6.7180667,5.3302627,4.4081016,3.6901155,0.20042698,1.1510059,22.945326,0.3908604,-3.4934175,-3.009064,9.766273,1.1599606,-1.1132966,-14.963191,0.020916292,1.2187898,0.8907572,0.604006,9.314044,0.3432331,11.358269,0.8335566,22.964851,0.50216526,719.3865,0.32531866,1351.3586,0.18825944,-144.0922,-0.58750755,1771.4824,0.14093204,1057.5481,0.3258325,-132.458,-0.64893425,2792.9302,0.10369251,1058.1901,0.34023774,-134.20512,-0.6231227,-12.913446,-0.6164431,23.15151,0.35769388,0.044904575,0.6108166,-0.014172018,-1.3110281,0.3832094,0.66210896,28.651997,0.3166355,-5.406849,-2.4355495,9.465177,1.6957252,-13.981632,-1.1750861,-7.363685,18.62305,-0.0010427535,0.014109859,0.089825034,1.2646222,1.3299557,0.2747619,0.18859428,0.44627905,0.5295238,-23.60867
26.220549,0.17798316,23.103712,25.234882,29.32557,6.221857,32.509075,10.121403,23.531599,37.367397,0.7759342,0.6332327,0.32421455,0.6472419,1.2237897,0.8995751,7.73098,5.766482,6.532073,3.6824126,0.32133225,0.9001568,22.662394,0.6844102,5.988722,1.8061886,10.262333,1.3462807,-4.98498,-2.3144577,0.014140962,0.8173044,0.9066512,0.88562864,5.745047,0.43192434,1.8738136,2.8829405,24.822174,0.4289233,634.90546,0.35266146,1343.24,0.16024363,-116.92522,-0.80816966,1666.8453,0.16079201,1000.8782,0.26961854,-119.8282,-0.7380314,2744.0188,0.12947646,895.1054,0.30768543,-122.049835,-0.70424694,-15.627018,-0.51012504,23.178732,0.3810003,0.047164626,0.48049262,-0.029055677,-0.7033216,0.51085764,0.6313779,31.980818,0.30504924,8.941889,1.2117199,7.4702616,2.4192538,-6.3094106,-2.2399714,-5.694946,11.270663,0.034621928,-0.005362591,0.1732081,2.6208026,1.8092105,0.23454545,0.17882766,0.2847826,0.25208467,-19.69928
39.277912,0.04175825,37.974422,38.94803,40.86534,2.8909187,25.21598,11.851606,15.326301,28.548025,1.3435258,0.5702933,0.6954218,1.0088872,2.1439304,1.4485086,15.992103,7.599161,15.530551,7.403764,0.6262337,0.6994213,21.346571,0.4532304,-9.009463,-1.4246148,5.0160875,2.6489515,-3.7934632,-4.4229646,0.0123043535,1.2693396,0.7723369,0.77338696,9.000112,0.32429758,7.123775,1.1907647,15.826941,0.54623204,757.1531,0.33407703,1399.676,0.18652387,-123.08635,-0.73329395,1713.6643,0.15090929,1210.8594,0.32578486,-104.762115,-0.8560542,2732.7754,0.1005252,1046.9412,0.34819725,-107.84178,-0.8035219,-5.124393,-1.2913972,17.423029,0.4366557,0.022992572,0.7409286,-0.009403741,-1.3725047,0.8683016,0.5223199,24.156979,0.33610475,-14.529103,-0.9125518,5.71982,2.7511673,-13.56866,-1.1945796,-5.2496,15.949814,-0.004939951,0.0044982973,0.38450643,3.8674035,3.1598513,0.15117647,0.116965674,0.13666667,0.15972197,-17.316292
35.616993,0.057297032,33.846,36.198547,37.44469,3.59869,66.99023,78.08787,38.68013,70.53646,0.7432947,0.49405864,0.4491049,0.6021858,1.0820134,0.63290846,8.359908,4.6612167,7.696103,6.4654565,0.32893503,0.8423764,28.470364,0.40661964,2.4998677,4.708661,9.513048,1.2630945,-8.934724,-1.5707254,0.02971418,0.9562098,1.1445193,0.6285689,7.1636662,0.5941581,6.2833056,1.2749025,27.432981,0.48842758,576.8974,0.3136331,1477.2179,0.14598265,-118.510895,-0.786308,1612.6229,0.1699852,1195.3143,0.3196584,-118.938354,-0.72700685,2651.2446,0.10148075,1044.5309,0.40200183,-121.98558,-0.68177956,-14.646235,-0.41694474,26.18589,0.3637997,0.042655498,0.4501337,-0.024339313,-0.520901,0.41140512,0.4698117,36.271534,0.21561924,-1.5958134,-7.9540696,7.604891,1.893513,-18.394915,-0.6859827,-10.986947,19.477465,0.010332837,-0.008538971,0.26411965,3.0513177,2.3743017,0.18176469,0.172771,0.2325,0.21518886,-22.251575
32.230423,0.09207531,30.832275,32.56561,34.2773,3.4450264,152.52779,235.47342,145.126,304.02893,0.6525098,0.5425746,0.30084094,0.60170573,0.9867195,0.6858785,7.1446815,4.5965953,7.363757,5.6090064,0.32413283,0.9886412,24.315516,0.6049818,9.0216255,1.4592564,6.5477457,1.9428431,-7.092158,-2.180195,0.015812619,1.3303988,1.1224068,0.99735355,8.007934,0.4059237,6.596092,1.7358757,33.101364,0.2722438,673.67706,0.29077223,1359.9835,0.15052846,-128.63666,-0.7017709,1755.1608,0.15352367,1115.4083,0.37045747,-133.89417,-0.61000776,2857.3684,0.09356982,918.66754,0.35010213,-135.6994,-0.58419806,-18.02667,-0.4592699,28.753448,0.31192154,0.043107767,0.56009614,-0.02811869,-0.67747116,0.49045846,0.58451045,34.055088,0.35024267,11.812624,1.0010114,7.846943,1.8169552,-18.357767,-0.77650243,-8.836138,17.692194,0.015362635,-0.0037454946,0.22416951,3.4528553,2.2727273,0.15882352,0.12489442,0.2461111,0.300687,-21.398817
33.52532,0.049182177,31.858246,33.906563,34.825123,2.966877,61.163647,96.36,10.076125,16.979492,0.83734983,0.48923033,0.48606148,0.69084054,1.1690444,0.6829829,8.395427,5.7086983,8.07265,6.1581054,0.39453146,0.7278826,24.637856,0.4352308,4.1975956,2.1321473,3.154356,4.0909586,-1.3784297,-8.478135,0.012116552,0.93957746,0.92984504,0.57140267,7.599344,0.30368587,5.6255097,1.4568444,27.696432,0.31576687,607.927,0.3190807,1501.1923,0.13611226,-119.106804,-0.7718515,1639.0743,0.13478814,1161.1605,0.2561644,-120.07327,-0.72156405,2722.6536,0.09958585,1023.5133,0.3376729,-123.78998,-0.6664403,-12.680576,-0.5066402,24.769794,0.33208472,0.027856143,0.635412,-0.018327376,-0.69538945,0.5422342,0.6166267,30.437202,0.25636002,3.4213512,2.8426056,-0.008764705,-1839.375,-6.226872,-2.1874182,-9.333759,18.578264,0.00540593,-0.0061784126,0.28254995,3.4277198,3.0030031,0.13649999,0.084810086,0.17549999,0.15419063,-21.547735
33.161015,0.04830127,31.65982,32.90043,34.714504,3.0546837,14.786033,5.110472,83.88959,105.27477,0.9308134,0.29488418,0.70702636,0.8365038,1.1784301,0.47140372,5.858192,3.139961,3.295938,1.6641704,0.4133857,0.2866825,25.947159,0.20963363,-3.9506717,-2.2724266,7.984444,1.0713384,-4.0789175,-1.7770848,0.013085781,1.0941638,1.2433861,0.60549515,5.0064588,0.32267168,6.1992087,1.4539057,17.336536,0.7460185,638.084,0.37032238,1429.366,0.13756713,-132.57191,-0.6710483,1619.0546,0.17587042,1229.7207,0.28035286,-130.13113,-0.6727435,2600.0815,0.10634343,1097.1188,0.2592638,-132.22427,-0.64234155,-8.13553,-0.6175402,17.899218,0.40828755,0.026019122,0.6090148,-0.0106508685,-1.1035094,0.47924834,0.24058953,30.208715,0.10885057,-9.954172,-1.0239241,6.271334,1.7630937,-8.017651,-1.0652833,-9.45317,20.180807,0.008494706,-0.0027506936,0.37766245,2.7027028,2.9792747,0.11434783,0.06240304,0.2195238,0.13506527,-23.618776
34.800545,0.05745998,34.395912,35.0932,35.715767,1.3198547,234.34004,454.10254,48.1369,80.920525,0.7923314,0.48649105,0.43411052,0.7198073,1.1772475,0.743137,11.170135,7.425875,8.728526,5.513831,0.38603872,0.6273789,26.833117,0.43550155,5.554519,2.0924358,5.801776,2.1225376,-7.0185823,-1.5226092,0.014720325,0.93095857,1.1452,0.67896944,7.9765153,0.37108245,9.603603,0.88331366,30.4382,0.21544753,599.9835,0.3262263,1434.8512,0.14686212,-108.21007,-0.85341525,1638.0803,0.14360616,1074.925,0.21290727,-107.87514,-0.79412556,2746.6377,0.079621375,905.1954,0.28114292,-112.09488,-0.72665375,-14.340762,-0.38161412,26.17443,0.25084084,0.04893194,0.41470894,-0.016742857,-0.5907737,0.5086589,0.44902304,34.054665,0.22895077,-0.16216399,-66.39093,4.699784,2.9916248,-12.074842,-0.82365274,-12.025226,20.295683,0.021292748,-0.0072748107,0.26449603,4.3912177,3.830645,0.12263157,0.105473466,0.111999996,0.067052215,-20.972103
31.525173,0.07107874,30.352785,31.56327,33.001625,2.64884,109.78683,137.20795,16.322952,12.828456,0.6937423,0.51173633,0.40361696,0.5425164,1.0130452,0.6094282,6.1562786,4.265546,3.4559352,1.765187,0.25652483,0.8922817,14.282979,0.86665857,4.7579036,1.4936845,10.162606,1.1449969,0.75401664,16.185526,0.02010385,1.0969025,1.117434,0.70888036,6.9147344,0.40233895,1.8751897,4.4196897,25.637962,0.27998033,597.10736,0.353533,1362.5793,0.14650555,-140.08481,-0.62519896,1643.1342,0.15933883,1133.2329,0.2302029,-143.37422,-0.5652099,2652.2776,0.09820709,1003.99005,0.28233483,-145.03493,-0.5413604,-15.54817,-0.3694419,24.720013,0.24676515,0.032473326,0.6536318,-0.028864881,-0.64661413,0.48785156,0.45331195,29.250172,0.27053764,8.470607,0.8838853,6.571054,2.3664057,-7.3288317,-1.8079044,-4.412439,11.108176,0.0030211248,0.001393179,0.1479524,1.8961253,1.5728477,0.19473684,0.1354279,0.3995,0.32088122,-22.637945
31.902891,0.050768014,30.466852,31.699442,33.087513,2.6206608,54.972042,78.53149,28.721659,23.786396,0.6338195,0.4740158,0.3589254,0.57087064,0.9230493,0.56412387,6.5314274,3.2160134,6.4275165,4.414755,0.22522596,0.7572347,16.600702,0.80321443,9.762986,1.3384236,-1.6766168,-7.2736764,-6.3084702,-2.1225326,0.016976397,0.9100454,0.95892733,0.84860206,6.783313,0.3929043,4.672983,1.6293559,26.27781,0.25883293,598.90906,0.33771104,1427.1636,0.14717321,-116.642166,-0.7962999,1642.2031,0.16610068,1070.4586,0.24096774,-117.96414,-0.74206686,2749.0715,0.09067841,938.4499,0.37035263,-121.267845,-0.69117737,-12.693405,-0.4694429,24.312069,0.26761025,0.059636086,0.2442006,-0.021520486,-0.6623936,0.33738387,0.47547618,27.175198,0.29240042,8.340265,1.4580784,0.33867714,40.39511,-10.157835,-1.3833381,-5.663085,13.33448,0.03670124,-0.0057388307,0.137162,4.028777,2.7536232,0.1536842,0.13002875,0.18842106,0.19767764,-25.644382
29.927395,0.046797153,29.193449,30.076195,30.776857,1.5834084,11.639726,6.771196,18.230413,9.007078,0.79168624,0.5218168,0.3738522,0.72811013,1.1941555,0.82030326,9.69,5.6331615,8.068106,4.3451333,0.33427534,0.7359093,28.86202,0.5152225,4.7918735,2.29671,9.001786,1.3053645,0.90221715,12.084416,0.016364746,1.5926648,1.0579021,0.91524434,7.4538713,0.30065873,-0.11988238,-30.422363,24.025887,0.49390876,496.17923,0.3255532,1368.2961,0.12662236,-80.257195,-1.1304498,1541.5593,0.15040565,1059.6239,0.28941768,-87.18653,-0.96365404,2615.6836,0.091154344,938.31177,0.3479892,-92.45058,-0.8644359,-13.581773,-0.39392814,25.069391,0.22818388,0.042038307,0.42441753,-0.01880028,-0.65461886,0.38437274,0.45627424,36.5086,0.25527272,1.7397772,7.081727,7.7196307,1.7494552,-1.3187191,-8.20977,-10.277143,19.956966,0.002860119,-0.0021434703,0.25981152,5.032823,3.097345,0.19142856,0.10063066,0.11923076,0.06556987,-21.51892
34.337803,0.17220224,30.47164,32.29216,37.510773,7.039133,84.415474,94.525696,91.181114,50.744617,0.90594393,0.53547907,0.44479507,0.82232136,1.3224275,0.87763244,11.818711,9.077979,8.43849,3.8682666,0.3887046,0.542142,21.25625,0.44679925,12.569036,1.0395362,-0.8635574,-14.588667,-0.50819796,-28.188318,0.026165316,1.4410297,0.99377185,0.578922,6.0547986,0.36824003,7.334817,1.5189427,19.255005,1.0485173,592.5869,0.31830853,1337.1031,0.1605237,-100.28647,-0.9445539,1614.329,0.16449416,1053.0499,0.28167745,-98.99372,-0.8938015,2655.89,0.10623112,935.701,0.2931879,-101.48315,-0.84694886,-13.083655,-0.59790534,20.042171,0.37818614,0.001243191,13.632671,-0.026942076,-0.7342695,0.47490427,0.46063396,24.245106,0.3032114,8.420818,1.5411572,-1.5629302,-9.238375,-2.6555011,-6.407448,-14.745256,22.774633,-0.0032052759,-0.015324016,0.30488998,3.2786887,2.9187818,0.17826086,0.17143008,0.14954545,0.11030855,-21.70992
31.77788,0.09893121,31.747852,32.49042,33.36938,1.6215286,95.82345,97.29576,94.49868,108.23223,0.44405168,0.4700464,0.25967932,0.41451988,0.61896485,0.35928553,3.7417004,2.3237302,3.3638053,2.2990737,0.15953335,0.5879032,22.673784,0.5094165,9.380323,1.1880552,12.4725895,0.98002666,5.455844,2.0391107,0.027469741,1.9513243,1.3208817,0.587857,5.490972,0.42944923,4.7134433,1.4853314,25.272243,0.3773749,536.7523,0.34489223,1421.5399,0.1417372,-121.84047,-0.7476967,1590.7056,0.13787776,1166.121,0.39370334,-126.22468,-0.66706043,2616.621,0.08805553,1015.0268,0.36145335,-128.37062,-0.6352513,-14.570343,-0.40884343,23.094479,0.3593253,0.016576793,1.0441905,-0.015548432,-0.70655733,0.20076944,0.4889807,29.318157,0.29281265,8.609016,1.5073333,10.088312,1.3665599,1.1932822,10.150423,-10.561087,16.694576,0.0025706391,-0.002403234,0.1337597,3.5935564,3.3665838,0.112222224,0.09836943,0.1768,0.17908032,-30.246964
27.883652,0.13784157,25.298746,26.790573,32.248425,6.9496784,111.23174,202.25822,37.526997,21.00862,1.1924009,0.5049085,0.66067535,1.0803627,1.7556881,1.0950127,10.7493515,7.166406,10.481051,5.246414,0.5870877,0.6459545,27.937447,0.42656365,0.021973751,419.1558,8.172983,1.5224227,-8.041551,-1.632048,0.017127441,0.905854,1.0210038,0.6549658,5.3177075,0.40945938,4.0823145,1.5578878,24.626234,0.2917417,589.27606,0.4032836,1376.0708,0.13539962,-85.1098,-1.0665916,1595.9359,0.17333406,1072.267,0.2763212,-89.0559,-0.9627975,2700.722,0.10038738,973.6386,0.30036455,-94.39382,-0.8635167,-12.270591,-0.40917474,23.658195,0.28397527,0.041814677,0.4636145,-0.021477897,-0.8183551,0.7260756,0.5090076,33.795788,0.24094696,-0.14274456,-69.18802,8.944094,1.531222,-9.207764,-1.6352298,-7.459326,16.611605,0.038798198,-0.0065293713,0.3869289,3.3383918,3.058104,0.1875,0.15968329,0.11333333,0.08207624,-16.724455
33.032784,0.08183916,31.65025,32.853336,35.07965,3.4294014,195.33713,265.94626,87.92626,106.45706,0.85625976,0.51715463,0.48334184,0.7044945,1.2122941,0.7289523,9.441312,6.2214203,10.159505,4.7448006,0.38552386,0.68988895,23.95716,0.50343126,5.2011538,2.2808664,4.14162,3.1227367,-13.2908945,-1.3387748,0.022086842,1.5275178,1.0889301,0.852981,7.2219915,0.40004718,5.616007,1.5785782,28.617928,0.31866395,670.6769,0.3528204,1446.2129,0.17017376,-117.72683,-0.77745926,1707.2855,0.15001711,1192.6704,0.3337499,-118.668785,-0.7195594,2738.396,0.112323545,1275.0204,0.4808124,-121.88193,-0.6710687,-12.880023,-0.43872082,24.781504,0.30103803,0.055259697,0.3530431,-0.024216807,-0.5602965,0.49832836,0.57895374,30.898016,0.2716059,1.5223677,7.6185794,4.3888073,3.2852523,-23.85633,-0.6923592,-9.832213,18.475727,0.032199547,-0.011119848,0.30100843,4.047218,3.9115648,0.104347825,0.10957729,0.12541667,0.06422481,-21.161657
33.67155,0.09943239,32.39142,34.136875,36.329613,3.9381943,59.671917,69.17729,53.178024,109.89614,0.64207137,0.8214733,0.21205117,0.4470048,1.0281448,0.8160937,8.062769,4.6747813,6.925277,4.471517,0.2794705,1.0356538,23.639107,0.5194557,5.104697,2.4319715,8.938238,1.5504051,-10.726741,-1.3048631,0.028277585,1.8932409,1.376169,0.6499943,7.755512,0.36460075,3.252394,2.5220058,24.82496,0.37403312,650.4044,0.31751472,1351.0132,0.15251626,-106.64117,-0.8681799,1720.6986,0.17592227,1149.3485,0.28736755,-108.32589,-0.7904276,2774.855,0.09422566,891.8738,0.3615253,-110.59996,-0.7521384,-15.915535,-0.4631474,25.974031,0.3005894,0.053022955,0.39446646,-0.023807704,-0.78747714,0.40301386,0.7186104,31.45744,0.2778699,7.2315435,1.7623405,4.6314507,3.5611253,-16.948824,-0.8876937,-7.32116,14.414404,0.028087828,0.0008716275,0.14695291,2.8500621,1.9950126,0.25312498,0.1708332,0.21411763,0.26475427,-21.729761
30.582739,0.07297527,28.922459,30.471039,32.257565,3.335106,36.968735,45.437145,17.389349,15.452841,0.9459223,0.44646838,0.52890456,0.9221294,1.2874029,0.7584983,9.715921,7.6062427,6.995444,4.988134,0.4218383,0.7231518,18.601162,0.9477187,11.773679,1.2781967,1.8618263,7.5098114,-9.133816,-1.4554807,0.016182918,0.90256876,0.8838936,0.8721582,7.076413,0.3628807,5.3133097,1.432129,30.437927,0.31099477,635.91675,0.31376433,1411.6843,0.15252262,-116.45148,-0.80875576,1701.4126,0.1485921,1112.1871,0.36091012,-120.66699,-0.72011006,2806.6084,0.09409866,969.23914,0.38395602,-123.42006,-0.67787176,-15.750194,-0.46831068,27.115881,0.29314053,0.057488102,0.25872645,-0.029041281,-0.47948855,0.60519105,0.5111663,31.880278,0.2786735,8.930887,1.6115837,4.0600266,3.973283,-15.755564,-0.8864346,-5.6278296,12.522147,0.037851825,-0.011589555,0.28272998,4.0053406,2.419355,0.17222221,0.13066307,0.20894736,0.15999654,-19.680634
28.443476,0.09396133,26.187431,28.288261,30.6881,4.5006695,34.5624,25.42,66.04562,100.1954,0.5928213,0.5907182,0.2785666,0.5051085,0.8665974,0.5880308,7.1757207,5.191507,4.2749114,2.8783965,0.2360434,0.8843587,24.180586,0.6399095,5.5918007,2.2544522,10.247241,1.2587935,-1.8904983,-5.7687225,0.017336838,1.23715,1.0572377,0.8229647,6.4590554,0.40917182,2.6202238,2.5232508,28.125845,0.36269936,565.64465,0.31406948,1372.2241,0.13810979,-115.66653,-0.79635847,1636.8401,0.15826102,1092.9641,0.2681682,-120.59778,-0.7041811,2684.6365,0.09258046,982.54956,0.28296793,-123.832535,-0.6562404,-16.224072,-0.43665782,27.90539,0.33415383,0.045029324,0.51448196,-0.025219308,-0.645556,0.37077042,0.60135126,34.35741,0.34283128,9.974307,1.1786249,8.217873,1.9594325,-3.742712,-3.2981682,-6.907573,15.743209,0.037725706,0.0007213543,0.12627786,3.012746,2.5641026,0.16681817,0.14242658,0.19391304,0.12443748,-23.336714
29.915945,0.09834017,27.122002,29.520187,32.854084,5.7320824,219.35834,447.56146,82.23445,90.08281,0.53899926,0.4516632,0.33395147,0.45818818,0.743479,0.40952754,4.7751956,2.9192402,3.0367794,1.8594197,0.26734227,0.5430663,21.431381,0.46827775,14.378489,0.47237933,25.068155,0.4457955,-8.943244,-1.3513832,0.025047395,1.6444033,1.0598704,0.6207788,6.8062954,0.2522149,3.0511472,2.6516755,27.866312,0.25498596,583.6049,0.33740863,1348.1152,0.13754259,-134.0847,-0.65490305,1652.5856,0.15266882,1087.5426,0.26158398,-139.1563,-0.57272124,2762.5176,0.063681684,891.56976,0.39110026,-141.1171,-0.54482543,-19.520433,-0.23693618,28.62713,0.17475013,0.0022907115,8.193256,-0.027786005,-0.58974683,0.39668965,0.3460935,31.93198,0.1880914,16.112953,0.55232996,20.248756,0.68028754,-18.567755,-0.6639039,-12.51698,19.047642,-0.034053877,0.004986386,0.19547689,2.1668472,2.069717,0.1631579,0.11069411,0.315,0.3570286,-24.291386
34.124813,0.07021822,33.27603,34.645927,35.382175,2.106144,156.92802,172.93259,34.197895,13.193589,0.623746,0.4440035,0.37646684,0.560793,0.8945119,0.51804507,5.6514254,3.0255258,5.942856,3.9082139,0.22982655,0.5994547,23.119278,0.55207086,2.6891086,4.031795,13.331691,0.7955821,-5.3229876,-2.3204556,0.034897923,3.0827744,1.0949883,0.847222,7.935805,0.32423082,9.505575,0.7370679,26.714886,0.2552762,605.07837,0.3557979,1465.7856,0.15111022,-122.735466,-0.72510576,1636.9478,0.14874288,1098.8593,0.22399953,-119.24772,-0.7093631,2680.9565,0.092131846,1031.2631,0.42204353,-121.865135,-0.669547,-13.449539,-0.45709813,24.58195,0.3084935,0.029297348,0.6176,-0.011878739,-0.9543613,0.29032737,0.45880476,32.360046,0.24428165,-0.66989493,-17.999748,13.541458,0.8981667,-12.044892,-0.972005,-8.255884,15.962738,0.0077152145,0.0002673745,0.18440868,4.805915,3.5447764,0.11736842,0.08213224,0.1511111,0.16041227,-25.696499
32.78109,0.052739825,31.421362,32.815933,34.12062,2.6992588,52.500317,73.41882,23.589188,28.5049,0.8949632,0.44062147,0.5675838,0.787344,1.2146554,0.6470716,9.575629,5.979424,7.995972,5.2807655,0.38890836,0.5933633,25.784039,0.51794285,3.5025046,3.136418,5.048061,2.33169,-6.245406,-1.7034839,0.01088972,0.88256174,0.9643896,0.8644772,8.486763,0.27658066,11.909883,0.73964584,31.71746,0.26014373,643.69525,0.33257154,1476.7067,0.14428687,-106.86658,-0.871043,1656.5569,0.13666467,1139.4546,0.263274,-108.64073,-0.7991435,2757.927,0.08734311,940.84674,0.34568483,-113.27499,-0.72619545,-13.879518,-0.45305485,26.798216,0.29505286,0.030451406,0.4932991,-0.016845157,-0.63404685,0.50115997,0.47451532,34.06532,0.2657184,1.2966462,8.308142,5.9902277,2.2622216,-9.801593,-1.204498,-8.351565,17.086742,0.010529892,-0.006853773,0.28192326,4.0665436,3.171642,0.14882353,0.09904736,0.13777778,0.11482138,-20.07139
36.46612,0.06828252,35.588398,36.223736,37.2049,1.6165009,201.14876,420.6497,167.87903,297.5772,0.87518907,0.4139113,0.5188659,0.84672165,1.2282021,0.7093362,6.9441977,5.283933,5.7412395,3.098386,0.36082354,0.60651386,20.603266,0.643142,7.6646476,1.3864923,7.8941827,1.7293727,-3.9917104,-3.6114357,0.015887141,1.1135763,0.99255085,0.74934214,9.32831,0.3819195,13.962339,0.7554525,26.832283,0.3574371,659.0226,0.34982532,1399.2,0.16207317,-106.13962,-0.8482151,1702.7235,0.13870144,1085.627,0.29123303,-101.7894,-0.8070685,2761.4421,0.08831133,968.7749,0.33325377,-104.9634,-0.75625575,-15.663178,-0.5154907,25.656967,0.35493532,0.06832988,0.24006777,-0.018374689,-0.74276793,0.45167834,0.45318097,26.684078,0.43687716,6.8031945,1.4226446,8.603806,1.7906201,-8.469383,-1.8701221,-8.445851,15.965891,0.05382608,-0.009248475,0.24862908,4.2674255,3.2951288,0.16086955,0.14640364,0.12173913,0.12009605,-19.279789
35.25382,0.042484164,34.16733,35.167515,36.41196,2.244629,12.932002,4.1457014,20.174547,11.084444,1.0374991,0.5239848,0.5564664,0.90910625,1.5007032,0.9442368,9.380046,5.016474,8.038369,4.7542176,0.40892896,0.68673307,14.736354,0.66381586,9.875552,1.2239109,-0.4587887,-24.768597,-1.9461524,-6.5331483,0.014324841,1.4244566,0.8058318,0.76013625,8.726845,0.2722975,2.7773495,3.7813087,21.149406,0.4066823,535.0536,0.38589084,1301.1763,0.1878318,-113.00963,-0.84564,1595.8301,0.15273261,988.4022,0.3424479,-105.43772,-0.85457313,2609.264,0.09294356,980.84955,0.27310267,-108.49441,-0.8025954,-11.98875,-0.44875816,21.867748,0.27499846,0.054491665,0.3104587,-0.025421882,-0.41078243,0.5576391,0.4892482,20.956009,0.30676365,5.111034,2.6737437,-2.7260997,-5.3709893,-6.9663615,-2.1050918,-7.8074365,15.190755,0.020661663,-0.012731239,0.26163712,4.08472,2.5914633,0.18647058,0.09380463,0.1688889,0.15683994,-19.851662
34.442833,0.09097989,33.24696,34.828854,36.317818,3.070858,19.511356,44.486706,193.61432,292.62122,1.1341556,0.5477832,0.5176371,1.0066879,1.7546408,1.2370038,13.508808,9.772243,14.824838,11.0256195,0.6048198,0.85762835,20.118622,0.6762242,5.4769893,2.603685,2.677571,5.756956,-13.564779,-1.4359479,0.018295186,2.081606,0.9845486,0.9095735,7.968157,0.4583403,5.3990335,1.650465,22.472668,0.41663563,641.2168,0.32676566,1371.7812,0.18358815,-114.97195,-0.8076806,1720.9701,0.13692006,1026.5953,0.41317585,-114.850716,-0.7570522,2792.9424,0.0892317,963.4792,0.39210805,-116.62438,-0.72922474,-12.95003,-0.5483798,22.560719,0.35857892,0.062796734,0.3471897,-0.028484236,-0.51428396,0.7611345,0.56813574,26.765789,0.31628078,0.19689672,77.795296,4.964382,3.70884,-23.578966,-0.8876788,-8.874276,17.44915,0.038307656,-0.017183341,0.47605312,3.930636,2.906977,0.15239999,0.13309485,0.1716,0.19499084,-17.684738
34.519478,0.054417703,33.298748,34.618374,35.91312,2.6143723,51.78162,86.7576,34.06976,29.836708,0.875311,0.7932653,0.32352984,0.55462974,1.5331523,1.2096225,16.601316,12.253908,11.238547,6.4974403,0.44699928,1.065687,24.105778,0.4781386,6.8765635,2.1516757,2.0667007,6.5663104,0.54297954,24.870281,0.017245399,1.0716193,1.0867609,0.8909293,7.97288,0.4282387,10.912697,0.9040508,25.741316,0.4277303,637.56604,0.37957218,1478.5757,0.1786052,-123.37325,-0.74613696,1628.2439,0.14215267,1204.3439,0.24462882,-119.97602,-0.7286564,2669.849,0.11190021,964.4086,0.27600718,-122.69809,-0.6878714,-12.183974,-0.7130758,22.736036,0.42799294,0.045502845,0.47206423,-0.010969613,-1.2293339,0.7115137,0.7616333,28.48896,0.3411671,1.3292845,12.050391,3.5429003,4.81336,-6.756168,-2.1970387,-12.103238,21.211418,0.019083576,-0.0028313713,0.24172464,2.7027028,2.3408241,0.1792,0.13502355,0.22719999,0.21833035,-18.905005
26.246681,0.07020668,24.458544,26.422297,28.03409,3.5755463,17.725225,7.051232,3.8803954,8.650799,0.5336,0.52464616,0.25493342,0.5262838,0.78479576,0.52986234,4.923747,2.3682883,3.8579824,1.7111306,0.21079405,0.7343011,25.633287,0.48378348,11.387424,0.9438263,0.12982318,118.43434,-1.6371636,-6.280276,0.015256847,0.8117288,1.2435553,0.78291863,4.8889174,0.46665043,4.226804,1.6824745,27.627647,0.31690618,552.73627,0.29907,1396.8082,0.19643208,-89.29314,-1.0431005,1572.0225,0.14600265,1093.3816,0.22716472,-97.288666,-0.8839765,2678.397,0.07125975,826.37756,0.3487568,-101.43046,-0.8102882,-16.283596,-0.31932902,26.360743,0.2998129,0.0455007,0.43644845,-0.02690281,-0.54009926,0.2968304,0.48384073,32.80359,0.29118577,13.74509,0.65199065,-3.8127122,-4.511504,-2.7421687,-4.192565,-8.515513,15.770615,0.041523535,0.0005592705,0.10380789,3.1613977,3.1879194,0.16736841,0.12143191,0.12526315,0.12844692,-25.48242
33.32215,0.05879143,32.379185,33.151775,34.33954,1.9603539,73.117096,94.41278,20.656315,12.837731,0.699212,0.4650875,0.3893772,0.6451003,1.0280639,0.63868666,6.5046983,5.800509,5.8859963,3.1003168,0.33632705,0.6573495,32.357075,0.43139997,12.400932,0.9179919,4.147789,3.5395002,-5.0680285,-2.8179736,0.019221164,0.9984956,1.1661679,0.7713869,8.042153,0.36281365,7.1362495,1.149657,33.17851,0.34618104,605.04956,0.30765274,1407.9656,0.15291266,-58.754826,-1.4290879,1693.2339,0.14935839,1088.765,0.3140752,-70.351105,-1.0537734,2767.5002,0.102282055,1049.952,0.36856753,-75.45413,-0.940448,-18.872463,-0.31661138,29.023094,0.2674811,0.06729965,0.18713044,-0.031956133,-0.53721905,0.3796611,0.5797789,36.440784,0.34328935,10.205404,1.1397166,3.0842419,5.300615,-8.301085,-1.7318711,-17.150133,25.661253,0.05459767,-0.015953539,0.22464845,3.4941766,3.0201342,0.23277777,0.16795519,0.086875,0.044960916,-20.676254
34.994793,0.028650813,34.29322,34.98861,35.82187,1.5286484,84.44943,86.20421,11.622523,5.5969763,0.653836,0.5575725,0.31525022,0.55346066,1.0155039,0.70025367,10.753555,6.7311616,6.2431483,2.9408367,0.27426183,0.7782443,19.88741,0.63304347,9.280071,1.1904473,6.013768,2.2419376,3.0669713,3.615445,0.02260741,0.875707,1.2389398,0.5921827,7.669318,0.3730118,8.192652,0.9149205,28.95355,0.242355,512.5426,0.36947492,1406.8135,0.15131421,-116.84961,-0.80224997,1574.1752,0.122588865,1045.5315,0.25993288,-113.37866,-0.75890076,2647.3857,0.084772915,1001.7509,0.3275774,-116.72053,-0.70590657,-13.471543,-0.49555624,24.541807,0.2898343,0.06808875,0.26325062,-0.017173914,-0.73595876,0.42381006,0.4892683,28.431562,0.30043787,4.5656624,2.2340841,5.2226877,3.139546,-1.3937567,-8.433448,-9.147748,17.0865,0.036821775,-0.0040082647,0.13952239,4.6242776,3.1128407,0.145,0.07729813,0.14647058,0.13235164,-22.719034
33.30018,0.044879083,32.66531,33.229465,34.37731,1.7120018,216.60179,464.5977,16.977058,7.4463096,0.63399976,0.39765048,0.4227343,0.6242506,0.81129396,0.38855967,5.918841,4.225035,4.494201,2.7817833,0.24431382,0.6279859,24.764286,0.55298024,8.841162,1.1380708,12.630517,0.9241144,-2.3765156,-4.912501,0.019264994,1.1703944,0.9305463,0.6198049,8.272111,0.3070064,5.68358,1.1693734,28.393728,0.27219152,571.23376,0.3496438,1447.6488,0.16074608,-95.40528,-0.96543956,1633.5459,0.14584552,1165.993,0.29634807,-100.98094,-0.8252769,2712.0886,0.08703243,1028.085,0.3372952,-104.68004,-0.7646977,-16.70681,-0.32546067,27.454487,0.26372018,0.028554171,0.5275263,-0.017536823,-0.7058396,0.2991499,0.46326545,33.220104,0.27062407,8.354084,1.3294349,12.638835,0.99495393,-6.8796964,-1.698743,-8.332806,15.089814,0.011579257,-0.00031335253,0.17633565,3.8189535,2.4216523,0.22529411,0.16719547,0.15777777,0.13998236,-24.149311
24.001804,0.064265594,23.03705,24.022087,25.386786,2.3497353,36.749214,40.424088,25.646988,22.02879,0.7537529,0.6655258,0.2328836,0.6497714,1.2480617,1.0151781,10.81633,5.1412883,7.9574914,4.633225,0.33862942,0.90919507,26.157434,0.5772144,-0.35530072,-28.40696,7.423483,1.7699189,3.885928,2.8225203,0.015568907,0.939761,1.1311849,0.74212956,4.4522705,0.41646993,3.6529534,1.6105845,20.788261,0.37298137,581.612,0.40777034,1269.1327,0.12896594,-102.087814,-0.92466754,1613.8077,0.1861291,942.6923,0.30853143,-104.659134,-0.8611874,2643.853,0.13351841,909.9557,0.3329908,-108.04287,-0.8035971,-11.579589,-0.43138814,20.614445,0.2630735,0.030907582,0.8138424,-0.012770489,-1.2599612,0.5257498,0.58363974,34.876072,0.30455646,-0.91026235,-11.473632,9.030262,1.7307365,4.7624054,2.7142832,-5.872179,14.280261,0.018250614,0.003804174,0.14834324,3.508772,2.3622048,0.2075,0.14635146,0.17999999,0.13850854,-20.505276
29.626343,0.07657006,27.805851,29.78808,31.729662,3.923811,39.36011,45.713966,23.758192,17.186525,0.37151366,0.4849789,0.18663877,0.35210788,0.5245066,0.33786786,3.6261098,2.204656,2.4487848,1.3025526,0.13071866,0.6810491,25.59308,0.4882242,4.0224075,2.1452575,17.72524,0.8994492,1.1141402,9.333003,0.019796003,0.8289677,1.0812466,0.74171346,7.002954,0.36726686,0.890892,7.6317754,23.494005,0.59717387,628.4864,0.35786355,1353.1013,0.15873729,-124.73319,-0.7098442,1702.9377,0.16682047,1170.216,0.28930992,-128.8214,-0.63367516,2731.4324,0.10243688,1116.4644,0.25518334,-131.34108,-0.59848374,-16.8512,-0.3451748,27.968004,0.2758684,0.018768221,1.1389117,-0.017574511,-1.0225816,0.18364863,0.48836297,34.77493,0.27233115,7.1876206,1.2541343,10.663834,1.6812568,-1.3952025,-7.2142367,-9.285153,17.17649,-0.0070640803,0.0057153264,0.0948617,2.894356,2.7696795,0.14,0.10935216,0.20105262,0.18953946,-30.098642
34.472393,0.108461455,33.163597,34.771942,36.40845,3.244854,105.365005,140.98715,53.95981,79.75284,0.71928716,0.5546028,0.34268248,0.6305191,1.1096588,0.76697636,6.2833414,4.096348,7.5602407,4.4000483,0.29809994,0.79976416,19.950441,0.6651372,13.396337,0.7261321,5.6023355,2.2700932,-5.413471,-2.6710112,0.018404163,2.1583288,0.9535951,0.97377276,9.34849,0.3565377,5.669105,1.3753737,28.736092,0.27467638,721.1462,0.25684234,1338.8582,0.15358745,-123.306854,-0.73230624,1775.0206,0.13573913,1052.1979,0.3316834,-126.59645,-0.65207016,2871.7014,0.080279656,783.2818,0.3409828,-128.59894,-0.623384,-17.737026,-0.395062,27.79435,0.3167058,0.046765495,0.44114763,-0.03272742,-0.47930443,0.45233506,0.543596,29.577234,0.383768,12.264371,0.7967158,3.862341,4.0648794,-15.119624,-0.94781256,-9.470275,15.549509,0.018623281,-0.012432392,0.18588877,3.5758324,2.4813898,0.16149999,0.16131568,0.21047619,0.2227635,-20.592167
31.842253,0.06292085,30.750187,32.01178,33.037964,2.287777,64.33503,98.35008,19.662205,4.3091187,0.6002714,0.5082654,0.32851723,0.54303426,0.88470405,0.5561868,5.7125278,3.6027281,5.164569,3.7443137,0.23824999,0.8455931,20.313253,0.7198906,17.85983,0.5427541,5.3102713,3.0242145,1.8370893,7.6692634,0.018288,1.0187635,1.2078054,0.8354197,7.554227,0.37724864,0.58459294,15.112677,26.75018,0.4862809,572.0247,0.29864207,1363.412,0.13127796,-103.42732,-0.8967724,1675.3599,0.15968691,1024.7999,0.2976681,-110.480934,-0.75630015,2754.7732,0.09610387,890.8826,0.32607144,-112.99631,-0.7161382,-19.070866,-0.325993,27.374334,0.2896822,0.05532492,0.29580274,-0.037207585,-0.4893378,0.3148002,0.7217123,30.393286,0.2478818,17.987535,0.46069998,-0.35772684,-50.97494,-0.3496973,-46.23075,-9.263737,15.629733,0.03359079,-0.012430107,0.15908451,3.4865294,3.0351439,0.16,0.15321124,0.14947368,0.09355402,-23.10656
33.15089,0.101334326,31.119251,33.586273,35.5796,4.46035,144.89131,153.45432,54.154465,89.29554,0.8266306,0.5428004,0.36369386,0.76988286,1.2288976,0.86520374,8.529627,5.3805313,9.712993,6.6366687,0.38530314,0.7773791,18.858671,0.70693237,12.765879,0.99782765,3.5910385,3.8229942,-16.228043,-1.0115302,0.026865065,1.8146303,1.070325,0.82857853,6.8539467,0.48747385,0.027555231,227.38562,21.39598,0.41938794,611.86914,0.30883843,1296.2144,0.17546399,-120.38958,-0.7612372,1715.6002,0.17824203,1065.3268,0.37565446,-125.99212,-0.656106,2770.7434,0.086277045,851.6792,0.42628527,-125.74179,-0.6592706,-16.235514,-0.4309655,22.598974,0.36601347,0.057832204,0.29998684,-0.041710276,-0.40478143,0.56817573,0.50642157,27.34174,0.2519354,10.885767,1.3347578,4.645794,3.551224,-27.095177,-0.6627319,-8.908349,15.031198,0.0371922,-0.021813298,0.25694358,4.238411,3.2042725,0.12208333,0.123692445,0.17,0.17944358,-21.267149
27.267542,0.06541575,25.81432,26.850973,29.10251,3.2881908,79.09342,126.805374,24.409319,11.386956,0.5082802,0.47197515,0.31403753,0.4444765,0.7035882,0.38955066,6.048425,4.362823,4.6552973,2.6054702,0.24015394,0.61787117,30.661434,0.35368755,4.43013,2.117221,6.10976,1.8264451,2.517151,4.2482853,0.018303819,0.83046675,1.2939129,0.611323,4.6509786,0.4172232,-2.5510278,-1.8878324,19.388714,0.46937427,538.3654,0.29205528,1364.1246,0.14507692,-143.6479,-0.59026444,1576.7745,0.14407322,1063.0977,0.24807604,-147.62209,-0.5278807,2629.476,0.10608919,927.9138,0.21648414,-148.91695,-0.51058847,-17.450949,-0.3000026,24.40403,0.29781678,0.015745126,1.0528591,-0.033263993,-0.4919045,0.4028541,0.3812873,39.541126,0.15997882,1.4998249,5.510619,8.286562,1.7076999,-5.201012,-2.6761432,-12.018144,20.672,-0.0011737037,-0.004981197,0.17451057,2.9806259,2.5525527,0.10588235,0.106166296,0.25055555,0.26418576,-25.832783
21.55611,0.08302081,20.507927,21.485792,22.96611,2.4581833,13.184349,6.5230813,23.662271,19.305592,0.61779565,0.6008954,0.23576269,0.58150625,0.94879365,0.71303093,7.4663687,4.1045685,4.6108656,2.6647332,0.25380838,0.79143757,27.741287,0.5369634,0.746917,12.46445,8.316606,1.5158498,1.5250679,9.242165,0.015152615,0.86280084,1.1645998,0.5855852,3.2965038,0.5365323,-1.8376162,-2.454782,22.727655,0.34749377,669.77295,0.33885434,1319.9613,0.13486125,-100.2828,-0.9185784,1652.5726,0.16196452,1058.9891,0.18253888,-103.89679,-0.846332,2712.9949,0.12505947,894.08466,0.31113157,-108.89238,-0.76498914,-13.393012,-0.4426129,23.471407,0.24774152,0.017287644,1.3402164,-0.0137658985,-1.5390021,0.3739723,0.48276734,37.238136,0.2610391,0.45277095,23.58315,7.542923,1.8879818,3.5373003,4.4935327,-5.7108636,13.830425,0.025367066,0.00900802,0.1260707,3.1496062,2.698413,0.18470588,0.1752013,0.1561111,0.21876264,-23.289911
26.024517,0.1585357,23.677273,24.937254,27.219946,3.542673,50.585884,34.964634,8.158205,43.450787,0.5955697,0.41856217,0.3562014,0.59784245,0.8123647,0.4561633,5.4811177,3.337889,3.8910651,2.5454519,0.2295488,0.5187471,22.942081,0.52452546,7.901315,1.2564158,11.470319,1.0775038,-3.7359853,-2.6082907,0.020456398,1.0729,1.3917388,0.5780961,4.2629757,0.480622,6.7697344,0.96471685,24.401094,0.25271142,610.2901,0.36967355,1279.5923,0.13728724,-117.70658,-0.7830562,1651.5103,0.15907115,1009.63525,0.31332248,-120.78786,-0.72049785,2658.1929,0.11138705,892.10547,0.32117766,-122.68213,-0.6918828,-14.325143,-0.36728433,22.258726,0.25827956,0.031353958,0.47555247,-0.023962623,-0.5831909,0.2788514,0.34188938,30.152475,0.24759766,4.33838,2.3752809,15.656053,0.83989894,-6.5227222,-1.7044319,-11.061573,18.7515,0.030351328,-0.010435743,0.1945099,3.460838,2.5735295,0.15928571,0.15590583,0.19466667,0.17696954,-26.656513
36.69006,0.08903831,35.779896,36.770172,37.913998,2.1341019,91.68671,86.60125,83.77055,133.24033,0.7166526,0.64885,0.34812766,0.5430619,1.1409256,0.792798,11.251703,6.192009,6.755457,3.155677,0.33008918,0.80143577,24.67706,0.4853286,12.800189,0.8104837,-2.5100675,-6.0478897,-3.8700874,-3.224278,0.03613229,1.3717571,1.2919663,0.690183,8.247454,0.36199856,11.223022,0.7589084,34.24453,0.28184733,658.2992,0.32957214,1402.4954,0.1425296,-112.3387,-0.8258925,1722.8561,0.15302327,1114.3923,0.25865594,-109.78093,-0.7656545,2809.8547,0.11586471,1037.6118,0.26920107,-113.98544,-0.7009452,-18.223438,-0.4106569,29.308126,0.2632353,0.07855633,0.2715444,-0.030957771,-0.4735415,0.46631506,0.57448006,30.17582,0.32815292,11.249762,0.8863796,-5.6606646,-3.080472,-9.783646,-1.2006204,-12.996509,20.84769,0.051486515,-0.014698113,0.18807232,3.0894308,2.7868853,0.17588235,0.13146499,0.1617647,0.16814683,-19.889353
35.619232,0.066099636,34.32197,35.67583,36.774437,2.452465,21.602976,4.466771,6.1261063,22.356874,0.9320129,0.34106845,0.67706203,0.802463,1.2311547,0.55409265,7.430847,4.794288,6.247231,2.7478778,0.39691573,0.38810146,24.947294,0.28434554,-4.7644725,-1.9099196,10.022778,1.0398608,-7.3408623,-1.3364762,0.015507451,0.98844033,1.3161647,0.64891964,5.7868123,0.30201575,3.4976113,2.16128,16.949047,0.7486015,654.0709,0.39676872,1323.2434,0.14495893,-140.24655,-0.6228027,1642.6589,0.18621139,1050.3827,0.18760796,-132.18343,-0.6570382,2660.8752,0.10288571,921.46216,0.27510637,-133.83,-0.6315629,-8.8742285,-0.47259036,18.691378,0.31385905,0.03806976,0.393392,-0.010877991,-1.0784838,0.49245203,0.32895607,30.66829,0.15827769,-11.329701,-0.8395474,9.041169,1.3699589,-14.920608,-0.56991434,-8.260714,17.77581,0.019187225,-0.0037278978,0.34692657,3.7735848,2.7681663,0.121249996,0.06836254,0.22,0.22096379,-23.479063
33.204773,0.08076678,31.55075,32.98946,34.10962,2.5588684,52.18389,78.22339,32.309883,19.56553,0.9540814,0.45153973,0.5555754,0.86944765,1.3364393,0.7808639,8.869225,5.4097953,8.623064,6.264678,0.38672736,0.7132472,18.689714,0.6703787,8.517253,1.3303356,-3.7523012,-3.631412,-4.0774236,-3.2962978,0.017098593,1.187845,0.9674018,0.72629,7.527282,0.33497778,4.008195,1.7203199,24.673264,0.39300677,662.1118,0.32826412,1382.2874,0.123033635,-100.198,-0.9332082,1723.6981,0.15001038,1086.3118,0.27658984,-103.21331,-0.8375346,2803.448,0.10483187,959.6381,0.38121438,-106.17545,-0.78705686,-13.218753,-0.48061955,23.923992,0.30315056,0.062116932,0.2739355,-0.026794804,-0.5862891,0.50855887,0.5559878,25.52221,0.35828173,9.572873,1.2704037,-4.286389,-3.5580223,-4.9358172,-3.214144,-6.6424756,14.791225,0.05075054,-0.012709305,0.24761954,4.160247,2.484472,0.208125,0.13225065,0.16352941,0.16879995,-20.649927
32.269844,0.063752286,30.346226,32.271908,33.990143,3.643917,70.366684,79.16678,23.408787,26.39426,0.5423757,0.45745382,0.3000978,0.51852936,0.7849664,0.48486862,6.1226025,3.6843789,5.844686,3.9190319,0.18655144,0.7143809,18.166473,0.7090337,13.771568,0.6727141,3.5910332,3.2078195,-3.1714902,-3.8909628,0.015715925,0.80863225,0.9947228,0.7738922,7.5053577,0.31062216,5.687901,1.303388,28.229464,0.25189877,571.75397,0.32274756,1386.8699,0.14303029,-109.488045,-0.8484,1612.5499,0.16092475,1046.4191,0.24116276,-112.06976,-0.7684877,2729.0044,0.092859514,970.9586,0.36227593,-115.721344,-0.7122836,-15.021014,-0.37215558,24.818373,0.2912072,0.050636508,0.35130972,-0.025145873,-0.6008007,0.25781742,0.5116481,26.850138,0.34664413,12.864186,0.72759926,2.9930387,4.119763,-11.106983,-0.94996285,-8.356222,16.728216,0.017177599,-0.0049790833,0.1212822,4.477612,2.8688526,0.16095237,0.10927922,0.16666666,0.22960284,-26.843874
35.625343,0.09234194,34.41107,36.174572,37.883118,3.472046,65.66725,95.95781,29.300396,43.292915,0.7211064,0.6820949,0.2755499,0.60571045,1.1359706,0.8604207,10.446322,5.9530725,7.348392,3.9170215,0.28635472,1.0257752,21.411781,0.6558382,1.5055968,10.1280155,6.1861143,2.8030865,-7.826108,-1.8954471,0.019024191,2.304622,1.053745,0.7805564,8.555129,0.36948425,3.5534675,2.4117663,21.323936,0.4060405,653.08276,0.2892128,1470.368,0.15406276,-88.66079,-1.0292317,1634.5035,0.13227728,1153.966,0.37317204,-85.27645,-0.99623936,2750.8044,0.08118901,886.9874,0.4188107,-90.08616,-0.8978397,-10.571521,-0.6625291,22.722332,0.3603927,0.055139087,0.49914086,-0.013630818,-0.995722,0.36891723,0.56901926,28.057915,0.40072185,-0.5715657,-24.768446,0.9414657,18.877613,-10.943841,-1.509961,-4.2691445,10.960325,0.029184077,0.006017357,0.1512314,3.1205676,2.432046,0.25,0.21771541,0.14117646,0.16697593,-22.247093
36.412212,0.08068202,36.153538,37.105,37.81723,1.6636925,27.476362,22.837513,40.982643,54.36926,0.69378346,0.5084619,0.35514116,0.63968366,1.0001632,0.64502203,7.7378106,4.6869884,8.208072,4.459461,0.29601374,0.76494735,23.923563,0.5968606,7.07235,1.6165444,5.0742254,2.7294505,-5.720232,-2.4899848,0.029618224,1.8953551,1.0296342,0.8808362,9.6798725,0.33550903,8.289988,1.132169,29.024984,0.32035843,761.4219,0.2698585,1417.9044,0.17269334,-120.47678,-0.7412454,1770.1407,0.15067644,1166.5739,0.23006883,-119.9285,-0.6960015,2890.9458,0.102386855,1014.16785,0.48589256,-123.82689,-0.64089084,-15.23114,-0.5296827,28.07478,0.27898836,0.04089548,0.4447475,-0.014743579,-1.1761212,0.39941603,0.60231394,33.167107,0.30725914,4.850763,2.4549,4.6852846,3.3992789,-14.264232,-0.90666026,-9.153794,17.56046,0.014476772,-0.0034887656,0.21060635,4.900182,2.389706,0.18461537,0.13931786,0.19785714,0.20850416,-21.991966
29.934088,0.09770786,28.344069,30.01271,31.774002,3.4299335,36.338474,28.76396,52.685036,26.677752,0.5514008,0.6696058,0.2016008,0.4519429,0.88944924,0.68784845,7.6735325,4.777679,3.432738,1.6093664,0.2617857,0.89489186,24.729862,0.4880533,5.9747696,1.3582038,11.787584,0.9419835,-2.5857265,-5.310683,0.023248032,1.2114916,1.3312898,0.7202328,5.986747,0.46533337,2.1435935,3.258819,26.517931,0.2626972,557.5177,0.30215427,1320.5795,0.11350274,-132.2802,-0.69085175,1640.8855,0.15532024,1088.7449,0.32343632,-136.35626,-0.6161637,2685.0088,0.07946091,872.6395,0.32066905,-137.98285,-0.59311604,-17.554869,-0.32447737,25.821564,0.23526038,0.046335954,0.4148857,-0.032182835,-0.50577426,0.47052392,0.46749178,34.85948,0.22814517,7.205166,1.4138197,10.42703,1.3661417,-13.133696,-1.0765221,-9.883153,18.842848,0.010433584,0.0020989412,0.14831989,2.9453018,1.6949153,0.20083334,0.16306737,0.36749998,0.30954602,-23.614477
33.51066,0.09771526,32.42811,34.254,35.622524,3.194416,117.58203,152.1818,54.67304,79.88396,0.5816489,0.5691085,0.2992204,0.48043832,0.90162617,0.6024058,4.885794,3.5434496,4.7739296,2.8742363,0.19616345,0.7675463,20.455393,0.5522346,16.63742,0.5671455,-4.6051364,-2.7961268,-3.1602807,-3.8529444,0.020188019,1.3479707,1.1291704,0.8089286,7.4882417,0.48375523,8.730949,1.1070149,30.665302,0.27475724,696.1346,0.29196176,1385.4646,0.12637614,-93.30774,-0.99045587,1749.5437,0.14866059,1108.8381,0.24055767,-97.643974,-0.8643338,2805.366,0.09172737,1006.4451,0.27514476,-101.93213,-0.7913191,-15.710442,-0.41948906,25.908085,0.28756368,0.06139875,0.2991326,-0.022817004,-0.66047007,0.25600836,0.6050111,25.57974,0.34558487,16.398058,0.6205829,-7.712903,-1.8856616,-6.753027,-1.937286,-10.663327,17.711168,0.03430335,-0.009999804,0.11847624,3.1016045,3.0107527,0.18107143,0.1364169,0.1456,0.12825225,-24.735336
32.212082,0.0745124,30.300438,32.38289,34.117058,3.8166199,49.19435,55.771347,16.809877,12.9339485,1.0971577,0.46259183,0.59902716,0.960275,1.6285822,1.0295551,8.896926,5.059693,9.699874,6.6900826,0.39043865,0.60467327,17.13812,0.6833192,10.2389555,1.3987225,0.5672344,24.27511,-3.9767325,-3.3219287,0.011617921,1.1361724,0.81436366,0.8797757,7.8781447,0.32332063,2.8521073,2.826356,19.533669,0.39062998,560.5367,0.36375764,1387.4592,0.15847868,-92.75862,-1.0041807,1584.515,0.16000894,1018.94354,0.2952759,-92.54202,-0.94954515,2665.3875,0.0901633,983.0961,0.4302117,-96.27796,-0.87759954,-10.310818,-0.60056514,20.29881,0.32802397,0.040064868,0.50008154,-0.020552512,-0.58305943,0.48281643,0.4744329,22.567986,0.40190762,5.851175,2.6393435,0.45767686,35.2701,-8.216298,-1.7237756,-8.658339,16.056406,0.017397678,-0.013003253,0.26628986,3.308271,2.7355623,0.20333333,0.14940622,0.14999999,0.079705335,-20.024635
22.524014,0.07788841,21.438652,22.384888,23.640486,2.2018337,24.549498,8.205885,21.127176,13.893429,0.75400823,0.5143612,0.3990216,0.6743579,1.0620296,0.663008,8.753371,6.100963,8.237605,6.05322,0.30906302,0.5858182,24.142082,0.510989,4.2453523,2.3163137,12.167137,0.8635633,-2.5648408,-4.22238,0.019801829,0.80715895,0.9997283,0.6193825,3.3872097,0.45233408,6.4710135,0.65213245,22.28413,0.22836727,523.7277,0.37740144,1313.123,0.15848419,-113.31684,-0.8100362,1509.9119,0.17830049,998.1584,0.2608002,-116.96752,-0.74895024,2588.7437,0.08498183,849.74536,0.33530104,-120.74718,-0.6909983,-12.017418,-0.41594112,21.946995,0.20443706,0.009665864,2.0115666,-0.018561557,-0.91456825,0.41077554,0.43678114,31.41525,0.24488968,1.5234984,6.7307763,14.104456,0.8894841,-7.74682,-1.6290469,-8.728591,18.045485,-0.0024435706,0.0008818442,0.22843024,3.5294118,3.0508473,0.13833332,0.13965234,0.16,0.09931343,-23.395403
35.627743,0.0680469,34.56263,35.822376,37.225605,2.6629753,20.922756,11.496981,11.784199,28.018589,0.6034633,0.58498913,0.30432713,0.49320483,0.89931923,0.5949921,6.536307,3.5465593,3.4032426,1.1743588,0.25107482,0.79271406,27.733269,0.35217953,2.7029297,3.5899363,2.7834222,4.7438564,-7.725576,-1.941629,0.019527547,1.0558252,1.0890725,0.57653975,7.997761,0.3691659,4.793682,1.709378,25.795774,0.42403692,676.964,0.26997375,1439.8644,0.18132189,-91.72616,-1.0120257,1690.8562,0.12583259,1120.4111,0.28116414,-95.8082,-0.88157886,2777.497,0.07147162,855.9026,0.42792657,-99.292145,-0.82141846,-15.855405,-0.3661053,25.951721,0.27848798,0.058140207,0.32311285,-0.02140371,-0.7453394,0.34888634,0.5833315,32.604744,0.2331188,2.170976,4.7708015,2.9911108,5.030691,-14.643044,-1.0161626,-9.30807,19.122498,0.0297081,-0.001920061,0.11472621,2.951192,2.402746,0.23523809,0.15749887,0.16095237,0.13201387,-23.9325
35.916073,0.048332326,34.986782,36.099846,37.117535,2.1307526,142.7233,306.4194,15.547416,8.707832,0.76744217,0.56419903,0.36407435,0.65218383,1.1539245,0.7898501,9.309998,5.234924,6.7253656,4.2572217,0.2807536,0.7329863,21.065361,0.5407467,10.648606,1.2348887,4.634748,2.5272057,-17.223625,-1.0303612,0.014352821,1.1597016,0.9281145,0.97612125,9.284068,0.3291389,0.9858755,8.125673,22.885967,0.44565725,627.95026,0.26003775,1349.1298,0.16813137,-108.62668,-0.8490774,1703.3129,0.14867638,1040.6392,0.3536207,-110.86109,-0.7702262,2803.108,0.08183612,925.6944,0.43192866,-112.958206,-0.7370289,-14.607902,-0.41510552,23.41478,0.31051227,0.051972654,0.3300253,-0.028306713,-0.40898016,0.34896663,0.5951068,26.498491,0.31267205,6.7774754,2.090239,7.5024323,1.8513721,-28.735388,-0.58925617,-11.108798,18.334406,0.035736118,-0.01879307,0.21421045,3.6450078,2.715655,0.17588235,0.15882134,0.1622222,0.13994268,-22.246326
33.576664,0.06918696,32.986675,33.649548,34.92799,1.9413147,255.8461,410.27536,86.78317,145.20328,0.95353305,0.6178574,0.45679992,0.76021606,1.4550855,0.9982856,11.0339365,6.145663,9.101373,6.484353,0.4621558,0.8167837,26.827152,0.49852574,0.7939806,16.56251,4.0319386,3.341134,-6.332387,-1.8537648,0.019083818,1.3122073,1.0124876,0.84260267,7.9749956,0.32941604,4.4247985,1.8936054,23.968231,0.414665,660.0512,0.3266126,1451.7473,0.16813296,-110.93149,-0.84103656,1706.0541,0.15139422,1091.9949,0.29222792,-112.31189,-0.7776009,2755.094,0.101971954,988.319,0.43914267,-115.02528,-0.734331,-13.938309,-0.51194924,24.095182,0.3482306,0.05013049,0.32281715,-0.023768725,-0.6334408,0.69250256,0.566235,34.1997,0.27601522,-3.0220878,-4.9653625,2.4979742,6.4315495,-7.4720592,-1.872437,-9.7955,17.461744,0.03495572,-0.012884329,0.2533825,2.8608582,3.0104713,0.15043478,0.09997732,0.17523809,0.111509934,-18.707008
23.78065,0.11503047,21.908882,23.60181,25.55894,3.6500587,35.29982,37.85678,22.367418,14.438685,0.6037755,0.7561112,0.17336516,0.47735795,1.0348123,0.86144716,9.385281,5.552483,6.8266373,2.7509403,0.2540344,0.9128518,26.071218,0.43116534,3.2580009,3.106743,14.110525,0.9147002,-1.6371944,-8.712841,0.016903281,0.82058907,1.3610277,0.6253322,3.706087,0.5339318,0.26877448,18.090744,21.04349,0.36736912,573.4391,0.41393882,1302.7714,0.12923862,-108.77644,-0.8688161,1592.2832,0.17531458,1016.559,0.27785414,-112.38025,-0.79400307,2605.3552,0.110981725,854.13727,0.24548502,-114.92604,-0.75393134,-13.659013,-0.4490396,22.264482,0.25989586,0.027647577,0.96188545,-0.015323757,-1.2500608,0.4243557,0.5192699,32.518066,0.24424231,1.4781255,8.014389,14.166723,1.033523,-3.5942373,-4.9079576,-10.2684,19.188013,0.008191091,0.0035774629,0.103420295,3.0257187,2.4390244,0.185,0.13038404,0.19235294,0.26895288,-23.165539
22.977438,0.07423,21.73196,22.62329,23.722326,1.990366,62.66327,86.76632,14.169545,8.906696,0.44399577,0.56497705,0.20444603,0.45090505,0.6403462,0.4359002,5.7612615,3.0897787,3.6346858,2.5894074,0.22733068,0.8539786,22.979912,0.63102674,17.326733,0.78073406,9.942286,1.4665744,7.210488,1.9609112,0.025329953,1.3033968,1.235244,0.6407158,3.9889183,0.41577327,2.986078,1.5853112,36.40002,0.23853724,538.89056,0.37883782,1397.8015,0.118809395,-115.60214,-0.7877816,1598.177,0.1677218,1116.5264,0.19997717,-121.94388,-0.67761,2713.4517,0.103889994,1109.6786,0.3005707,-126.49293,-0.6148805,-20.877184,-0.29128686,32.471043,0.227511,0.008838507,2.5531085,-0.013856282,-1.388126,0.3432168,0.5698826,33.403423,0.31011316,23.139961,0.36393362,8.865404,1.9371779,5.821834,2.5964527,-9.52155,18.150545,0.012989519,0.011641686,0.13678746,3.6559138,2.6086957,0.16416666,0.11842425,0.18307692,0.18116647,-24.877897
32.432087,0.047427602,31.383497,32.05422,33.12867,1.7451725,42.67675,55.29197,12.040005,7.862258,0.7135419,0.62080306,0.31175062,0.59613144,1.0419292,0.7301786,10.508336,7.2905536,8.324421,8.232987,0.29066643,1.2267065,22.29466,0.62715864,6.245254,2.2251027,12.669773,1.1593838,-5.644354,-2.6267335,0.013352068,1.0181829,0.92339736,0.93009984,7.9161186,0.3519498,7.9582286,0.8961811,25.283478,0.3349932,575.58105,0.33177248,1449.4836,0.1487582,-115.91613,-0.8049884,1626.222,0.15698895,1119.6986,0.32449898,-115.19594,-0.7592786,2711.91,0.08325827,1017.3861,0.3976933,-117.71271,-0.71972436,-12.396752,-0.5439879,22.263353,0.35424048,0.04046737,0.39246926,-0.016531508,-0.7860128,0.35074005,0.5556483,30.706055,0.3056426,1.8835541,6.5914383,15.069842,1.0530407,-15.87819,-0.79332495,-8.777358,17.07311,0.012305959,0.0053455587,0.23995607,3.4805892,2.2911053,0.19588235,0.11324409,0.20777778,0.17840512,-22.515749
34.805237,0.07852878,33.171886,35.031277,36.713223,3.541336,204.0035,387.2985,23.935556,18.906391,0.40831155,0.706703,0.13485903,0.33864263,0.6465739,0.5117149,6.1623597,3.8777573,2.949928,1.3616179,0.183686,0.9658958,30.36885,0.373696,3.8065307,2.6328523,19.785902,0.6702169,3.8145146,2.7810388,0.01970188,1.3955867,1.1385764,0.8521184,9.349299,0.30760247,12.045707,1.0606059,29.905426,0.3280779,567.0308,0.35557,1388.6796,0.13696451,-124.220894,-0.72073466,1672.9238,0.14994158,1081.82,0.2777387,-123.032974,-0.66997725,2728.6213,0.09657297,1057.0837,0.33123836,-125.70461,-0.6318762,-19.393875,-0.41594052,30.205864,0.30470464,0.031896584,0.7726483,-0.012239417,-1.1897599,0.2820309,0.57847977,38.58813,0.21721114,4.937611,2.5751064,16.911198,0.88612705,0.0101850135,1135.4062,-12.530418,21.328072,-0.003807771,0.0048706615,0.10556982,2.68757,2.3648648,0.18142857,0.15452804,0.22047618,0.17645925,-24.788885
26.367445,0.13784197,24.613285,25.605797,26.68778,2.0744953,34.540207,14.845594,23.83552,16.2789,0.7457131,0.5101354,0.38173842,0.6531348,1.0991672,0.7174288,8.164709,5.560432,5.0393205,3.1055717,0.330523,0.6965465,21.700579,0.52202326,16.396439,0.6265311,1.1510972,9.045427,-4.685132,-2.7080457,0.018068634,0.8472719,0.93854433,0.90672445,5.198212,0.427416,0.8271859,7.100494,23.6764,0.35717368,573.77924,0.38917065,1333.6411,0.14197645,-114.91656,-0.8200043,1639.0443,0.18567894,982.91644,0.23361744,-118.7876,-0.7394968,2687.4656,0.122125484,873.1408,0.25900695,-120.92643,-0.70582,-15.906441,-0.26934403,24.089104,0.20863129,0.044668254,0.43007287,-0.030459765,-0.4668997,0.46347246,0.4822541,29.030909,0.28191158,11.832672,0.9158069,1.2709223,9.392811,-4.769331,-3.2841597,-13.1328,20.103506,0.028289463,-0.021331169,0.23074724,3.1837916,2.915452,0.14199999,0.11263215,0.181,0.244477,-21.81629
24.371964,0.04773403,23.716393,24.564936,25.201647,1.4852543,45.231995,57.022675,14.860018,5.9927225,0.8969251,0.5551223,0.43990037,0.7685115,1.320173,0.8802726,7.127327,4.8806534,8.242418,2.9990017,0.36772913,0.59991115,30.213432,0.4125872,-0.27042353,-40.403282,8.999009,1.3201864,-4.1389403,-2.0973055,0.012443001,0.96079415,0.88549143,0.8072036,5.2627454,0.38107982,0.82177556,3.477496,23.775324,0.3497499,629.8134,0.3783539,1331.4155,0.15254389,-112.80955,-0.8394533,1633.6562,0.15368125,969.8686,0.18965058,-115.93809,-0.77867305,2719.2783,0.11912276,903.21985,0.30942723,-119.93705,-0.71726674,-11.594018,-0.39191437,20.47476,0.2526005,0.034896582,0.49225932,-0.020135505,-0.6402127,0.5106638,0.4081567,37.348423,0.2459668,-4.9678655,-2.3156698,9.410862,1.677865,-1.9891998,-4.420632,-10.675558,18.611698,0.017296994,-0.012433102,0.25550994,2.6415095,2.278481,0.18777779,0.14793225,0.21842106,0.2062258,-20.022146
36.042213,0.084959656,34.157032,35.588566,37.77114,3.614109,112.41534,136.08774,55.97961,54.63952,0.87407386,0.4839261,0.4945947,0.7613838,1.2733643,0.7787696,8.087792,5.5454125,7.440701,5.9100933,0.32897842,0.5568399,18.979856,0.44336098,3.70828,2.9661162,0.5294008,22.485178,-9.979816,-1.1900524,0.02451997,1.1666222,1.1351991,0.6235861,6.0633497,0.4948876,4.8239293,1.7148263,17.793442,0.42961076,633.0491,0.36012128,1399.1317,0.20595866,-109.813576,-0.8329418,1656.8534,0.16003147,1062.4034,0.27529424,-103.70142,-0.83248436,2696.2397,0.08021031,973.8135,0.36359173,-105.36825,-0.80441254,-9.6387205,-0.54096645,18.764751,0.3390588,0.05763877,0.26485577,-0.019957755,-0.5590032,0.41041058,0.4406538,21.584156,0.33843982,-0.5644853,-19.335913,2.6085527,5.3104057,-13.894271,-0.9179909,-10.192624,18.822083,0.049286097,-0.015951177,0.2430484,4.1604753,3.742515,0.1308,0.1357916,0.12565216,0.08535481,-23.303654
32.1846,0.049846023,30.77585,32.267776,33.285255,2.5094051,99.13884,124.2921,21.838299,21.98221,0.6434149,0.51262355,0.3387775,0.60664934,0.92679834,0.5880208,6.184479,4.5900726,6.2526135,3.9240901,0.33241302,0.6324297,17.037077,0.7701381,26.00893,0.533071,6.54407,2.0633442,-3.3545005,-4.482463,0.03540302,0.687867,1.1123468,0.62661135,5.625513,0.51344573,8.626683,1.0256078,32.54488,0.28220564,655.2618,0.266942,1390.1302,0.13710892,-135.10893,-0.6453614,1778.1476,0.14011718,1100.2007,0.30045366,-140.35263,-0.5584885,2819.7886,0.09129116,1043.7688,0.34146255,-141.83423,-0.5381949,-19.619606,-0.33098787,26.86779,0.26735413,0.006886491,2.1337395,-0.038666803,-0.40952194,0.47582644,0.46162015,26.190985,0.32192248,22.874659,0.4691334,2.9771438,5.363037,-13.818092,-1.0267447,-16.055828,22.833773,-0.015736861,-0.015878897,0.2681572,3.6818852,2.8189912,0.1136842,0.08785219,0.22,0.14071247,-23.433643
30.052927,0.10184274,29.766304,31.034851,31.711012,1.9447079,323.4787,411.8296,58.14612,90.399376,0.6474359,0.30008438,0.51739097,0.5638843,0.786323,0.26893204,4.5244365,4.168393,3.1100316,2.1399894,0.2516025,0.5136612,30.272915,0.2615635,-6.001247,-1.0318973,8.118635,0.7933859,10.821583,0.885902,0.021684036,1.3195673,1.2354736,0.4571821,4.0122275,0.42498374,1.4188849,5.637357,24.885801,0.32862028,576.88855,0.3745301,1421.2236,0.13805418,-156.7939,-0.5016294,1563.7147,0.12704255,1164.3583,0.22642322,-158.6887,-0.46347365,2658.653,0.08923298,1068.9006,0.3653659,-160.67271,-0.4365291,-14.115191,-0.25373688,25.882309,0.20334134,0.016338527,1.0366565,-0.012415987,-1.0903693,0.40147728,0.33830762,38.138607,0.14285819,-2.7159593,-1.8184714,10.768095,0.9248295,-1.2263759,-7.9157324,-8.484802,24.170803,-0.01741362,0.014738657,0.20736547,1.8815331,1.7482518,0.12279999,0.100777775,0.41230768,0.60462517,-25.523273
22.967506,0.23496835,20.776897,21.842535,24.517944,3.741047,287.922,283.78757,-93.04208,138.46631,0.7822231,0.5321302,0.34313208,0.77887875,1.1414974,0.7983653,9.660437,5.1580877,9.153022,3.782563,0.41757768,0.7188018,21.99509,0.8436363,9.1808405,1.0810143,11.021145,1.172879,0.5502212,21.801205,0.022448396,0.7956459,1.4537234,0.7521732,3.7323658,0.5485022,5.57491,1.6623695,27.526604,0.2930137,543.8541,0.38384926,1321.7592,0.14343205,-123.88259,-0.7088539,1559.5548,0.18837576,1049.0284,0.26018357,-127.53531,-0.64294857,2620.3342,0.10298571,927.5547,0.28962582,-130.06366,-0.60477334,-16.438358,-0.4810219,25.631641,0.36376786,0.0014245104,17.383873,-0.02268492,-0.7754134,0.5517874,0.46251476,34.073715,0.38211313,10.568173,0.8130223,13.351352,0.97628486,1.0662419,12.97716,-6.2399373,14.149712,0.0017673039,-0.0019203231,0.33095196,4.2671614,3.5580525,0.10631579,0.095708475,0.14649999,0.17701057,-20.2421
28.738268,0.07164061,27.049274,28.979284,30.640358,3.5910835,22.667706,11.354517,19.246443,9.484689,0.7426804,0.6136553,0.3292816,0.6312753,1.1452603,0.81597877,7.8634353,5.3184905,6.917914,3.3997314,0.32270178,0.818402,21.892632,0.5369547,10.975394,0.9156925,8.436679,1.6146206,-2.8156307,-4.7600045,0.0190536,0.9733952,1.0040612,0.59819543,6.075469,0.39466926,2.7160323,2.0454159,26.555126,0.21285114,582.9142,0.3748494,1383.9863,0.14871556,-111.54217,-0.84399545,1630.8145,0.18311173,1124.8905,0.26469868,-116.744774,-0.7431713,2665.949,0.10269696,935.131,0.35755563,-119.60638,-0.6991815,-14.769214,-0.41805476,25.006165,0.23116282,0.04287054,0.49383685,-0.02248984,-0.75771064,0.49369037,0.5414144,28.54896,0.31767276,12.058189,0.9270365,4.330214,3.7020056,-9.112183,-1.6593162,-9.247512,18.43458,0.014409572,0.002462017,0.18021484,2.5780191,2.4590166,0.17888889,0.12626642,0.19631578,0.19233224,-21.504082
35.04523,0.049134288,33.70851,35.00222,36.37586,2.667347,26.401134,14.6781225,0.22024536,22.500786,0.8267232,0.6636716,0.32883197,0.6343095,1.3561095,1.0272775,10.445449,5.82794,10.053744,4.903005,0.2986728,0.9107514,16.84782,0.75910085,0.88711196,14.876161,5.7345357,2.3059936,-11.003346,-1.635129,0.011528803,1.0849407,0.80941236,0.8971664,8.694076,0.29029495,7.2715025,1.3002363,21.525314,0.35753575,557.09985,0.43798977,1307.3047,0.15236546,-110.749626,-0.85928476,1633.4347,0.1792583,940.8882,0.34045988,-102.84913,-0.86661595,2680.711,0.107596114,932.1507,0.29457864,-104.71822,-0.8336102,-9.854922,-0.45874152,18.98293,0.3300556,0.06817369,0.26309615,-0.018690852,-0.64066184,0.4430748,0.6436091,24.036291,0.34727558,-4.6066895,-2.9709225,8.63216,1.7650611,-21.992529,-0.7960446,-5.0364947,12.206703,0.033217836,-0.0011717278,0.1430189,3.9355996,2.7075813,0.18466666,0.14407714,0.16466667,0.17723306,-22.078394
33.6775,0.05254341,32.367214,33.463272,34.946674,2.5794601,143.28033,197.90097,46.85066,62.311867,0.768849,0.5720289,0.3627378,0.67794466,1.1437961,0.7810583,7.2995167,4.8669486,5.5742555,2.4483304,0.35276753,0.73704773,31.738031,0.43008894,5.99363,1.773,5.996943,2.47245,-5.435547,-2.5539198,0.017038766,0.9195917,0.98527205,0.6513624,8.193536,0.34408984,6.727069,1.0852474,29.995304,0.32344055,549.35406,0.335549,1378.284,0.122562125,-88.17827,-1.0578651,1606.3224,0.16707386,1080.0463,0.3532507,-93.35583,-0.89715594,2695.0747,0.08609227,962.8765,0.2975346,-98.33276,-0.8090205,-16.65018,-0.37317124,27.711687,0.30203083,0.045924783,0.388296,-0.026981479,-0.59371525,0.46548185,0.5674498,38.074734,0.2909798,5.231795,2.2127352,3.21599,5.1566267,-8.263134,-1.8356746,-11.815979,20.085571,0.022576896,-0.0075879684,0.19024098,2.9375765,2.955665,0.1925,0.18673176,0.13,0.10894753,-19.806204
0.0,0.0,0.0,0.0,0.0,0.0,0.0,0.0,0.0,0.0,0.061814126,0.1695244,0.058989353,0.06327584,0.06638755,0.0073981956,0.080837466,0.052925047,0.07002864,0.0,0.008596268,0.24395028,21.406395,0.12676165,4.464957,0.47958404,13.3900385,0.26330632,4.3806834,0.8222128,0.0,0.0,0.0,0.0,0.0,0.0,0.0,0.0,0.0,0.0,0.0,0.0,0.0,0.0,-201.0,0.0,0.0,0.0,0.0,0.0,-201.0,0.0,0.0,0.0,0.0,0.0,-201.0,0.0,0.0,0.0,0.0,0.0,0.0,0.0,0.0,0.0,0.0,0.0,0.0,0.0,0.0,0.0,0.0,0.0,0.0,0.0,-11.215182,19.71549,0.028127031,0.009485554,0.008613322,0.42194095,0.0,0.0,0.0,2.31,0.0,-59.084576
33.15626,0.13489063,30.091574,34.184143,36.058895,5.9673214,100.9784,159.2795,76.29842,149.30109,0.58503735,0.802268,0.24476229,0.38272974,0.87530565,0.63054335,7.79296,6.7034936,5.4448333,3.6261396,0.24222924,1.0461128,22.959978,0.43312782,10.437981,1.0200688,1.0706314,12.884136,-3.938203,-4.172233,0.020237966,1.9209569,1.047985,0.7281012,7.5503783,0.40930164,1.2482545,5.801904,25.53096,0.34375712,650.5003,0.26428998,1399.2488,0.17786509,-133.60078,-0.67802066,1701.375,0.16103949,1110.5798,0.30993304,-135.83713,-0.62408537,2789.3606,0.08061571,933.42957,0.42360193,-138.75381,-0.5818136,-13.870602,-0.5248976,26.87577,0.26757598,0.041241106,0.489761,-0.026271092,-0.6193705,0.4396612,0.6842404,30.887196,0.2797782,6.6913424,2.0849648,-3.475417,-5.244952,-18.527468,-0.8714342,-11.706313,21.24608,0.006470859,-0.004551464,0.132889,1.7208413,1.534527,0.22458333,0.15866578,0.3904,0.48341686,-22.84939
34.442116,0.04804372,33.57676,34.280045,35.363903,1.7871437,47.689796,86.997635,94.28851,148.89038,0.5720542,0.5150949,0.32586342,0.49944302,0.83992255,0.5140591,7.575426,5.194587,5.7853007,3.2450135,0.21944363,0.6332671,25.87798,0.42357272,9.435152,1.3099302,6.9532332,1.8393809,-2.7133446,-4.1607475,0.021120848,1.7396061,1.0871614,0.6832798,8.427327,0.34774113,10.712402,0.8504141,29.373758,0.3332005,625.3749,0.33274677,1440.4758,0.13834547,-96.06874,-0.9604548,1680.9785,0.12621766,1156.0034,0.35433227,-99.33963,-0.8556143,2745.5593,0.092753254,1106.0524,0.4722714,-103.66369,-0.782309,-15.250158,-0.48301554,26.409317,0.32974136,0.05816682,0.25982475,-0.019695478,-0.64951503,0.28048375,0.4946402,31.436209,0.2690977,5.989554,2.1288977,6.859455,2.1376636,-6.953956,-1.7069819,-12.383558,20.542395,0.041331716,-0.010911616,0.14272638,3.7369208,3.0120482,0.177,0.13483694,0.12809524,0.13102596,-25.20499
32.576355,0.056457587,31.231386,32.87059,34.01491,2.7835255,83.037766,80.125946,16.004272,8.067003,0.97656304,0.5790343,0.51741725,0.78744006,1.3829995,0.8655823,10.542603,7.3344936,9.490265,5.8458805,0.4127431,0.7566265,26.621386,0.5724767,-0.50477433,-29.89387,5.7866745,2.7120807,-9.032546,-1.7078644,0.011682444,1.1836987,1.0225605,1.0039312,8.372301,0.30579713,2.0024183,3.6255488,23.667732,0.40781116,569.9695,0.3598772,1461.4315,0.14951107,-99.954445,-0.93879646,1590.1407,0.1375629,1192.6836,0.26823562,-100.16554,-0.88151604,2632.1646,0.102027796,1045.5465,0.30719343,-104.454704,-0.8080432,-11.5080595,-0.6335789,23.648592,0.34852713,0.053724136,0.3251581,-0.017081177,-0.9171103,0.55497164,0.59566575,35.031918,0.26317513,-5.753113,-2.748009,8.96649,2.0141513,-13.032426,-1.2269834,-6.9685154,16.282188,0.038697068,-0.0042926683,0.24646866,3.762663,2.7737226,0.18631577,0.124232836,0.1622222,0.118535295,-19.301376
39.708065,0.04975247,39.30478,39.98955,40.917023,1.6122437,43.45542,29.88705,20.410475,22.91079,0.9622838,0.46043447,0.60138696,0.9172845,1.3392348,0.73784786,9.528509,5.1797523,10.172871,6.297309,0.43116096,0.59049356,23.453903,0.5525413,1.5273036,9.501672,6.9292665,1.7740929,-13.266882,-1.050768,0.019337855,1.0132991,1.0584081,0.6271231,9.551311,0.3162957,7.371341,1.2486414,18.893934,0.46972188,759.0386,0.28028235,1376.8267,0.16441643,-107.00494,-0.82628036,1805.5264,0.12541246,1069.6545,0.27009997,-99.93882,-0.82330805,2773.8774,0.096447505,1036.784,0.34979355,-101.57408,-0.7978672,-12.187594,-0.56885403,20.799974,0.45117426,0.06226208,0.2207109,-0.023444757,-0.57403517,0.50489396,0.46294284,27.972023,0.32431197,-5.7675753,-2.2813926,7.3362713,2.0026698,-17.782393,-0.8691279,-11.101313,18.510698,0.06052784,-0.014748736,0.34576085,4.096834,3.5714288,0.14947368,0.12663555,0.104499996,0.0971841,-19.603586
32.658844,0.056877296,31.568981,32.28403,34.43424,2.8652573,87.324196,129.63066,14.718783,7.859634,0.6600808,0.435769,0.41205812,0.5964318,0.90586364,0.49380553,6.6949625,3.6908255,7.450335,3.9210215,0.30785906,0.63953114,25.975746,0.49013174,5.386937,1.72381,10.893497,1.1259508,-4.721887,-2.641389,0.019147279,0.7260422,1.1036308,0.65836275,6.7967863,0.26981258,2.7300048,2.6143878,26.391054,0.26293886,623.89545,0.2814648,1420.382,0.14075777,-128.09082,-0.6987835,1681.0463,0.15790272,1094.0768,0.23226726,-132.31877,-0.6217357,2733.833,0.09525062,864.7969,0.30541864,-134.32263,-0.593612,-16.39042,-0.2552459,26.02297,0.2324635,0.02580476,0.60602516,-0.032072764,-0.35185805,0.45769057,0.43604589,37.075367,0.16283269,2.3635514,3.2493088,9.362772,1.4806162,-14.520595,-0.67705244,-10.853895,17.80416,-1.4362927e-05,-0.009741115,0.21915439,5.214153,2.819549,0.12666667,0.09314266,0.194375,0.16427752,-23.923756
32.38284,0.13993429,30.686441,31.549627,32.394047,1.7076054,170.86873,221.97171,37.421494,30.978067,0.87980574,0.50512695,0.42854616,0.7836642,1.3277949,0.8992487,8.811571,7.190856,6.701592,4.0975285,0.32540908,0.72558045,19.68587,0.7408153,8.720635,1.2205058,3.5007026,3.8382382,-5.3992224,-2.2738616,0.0116661005,1.0799851,0.70147693,0.89528555,8.377239,0.3098195,5.8534255,1.2449608,25.554256,0.36521652,642.49207,0.34720027,1384.357,0.16881631,-108.378204,-0.87622523,1738.8834,0.18407355,996.5492,0.30731043,-112.51589,-0.7805464,2757.3809,0.09759554,990.52124,0.46898988,-114.792816,-0.7433637,-13.935431,-0.5038677,23.556635,0.3453778,0.06245481,0.2500893,-0.030744985,-0.53551036,0.4470833,0.5035033,30.638702,0.29333487,5.8299727,1.9706949,2.4000847,6.634312,-7.2650976,-1.6573095,-6.8666596,12.007247,0.030842202,-0.010165349,0.21607307,3.567182,2.6315792,0.17318182,0.13586043,0.1942857,0.20875075,-20.235792
35.197742,0.06090314,33.76526,34.883266,36.592785,2.827526,126.37683,293.14212,98.361176,154.30704,0.7498723,0.33786196,0.5730946,0.64091283,0.9474559,0.37436128,3.4857306,2.9051957,2.5869462,1.8405857,0.2738936,0.62358975,23.72892,0.2920789,-11.535802,-0.5322301,0.75380296,8.579683,-5.898932,-1.2961445,0.022113169,1.238753,1.2037565,0.4198298,5.72173,0.42364228,4.9905324,1.4609326,23.683142,0.37513807,693.85583,0.30515066,1431.8318,0.14768647,-160.27602,-0.48325303,1671.2241,0.14332509,1275.8431,0.20200378,-158.0395,-0.4820876,2693.0537,0.08938151,1055.3041,0.2858988,-159.93881,-0.4549953,-9.731694,-0.5247648,23.248203,0.23209016,0.030357925,0.5325074,-0.012477168,-1.0470617,0.45341343,0.40894037,31.944666,0.16644098,-9.719479,-0.8943491,-2.4889297,-3.4767632,-12.597554,-0.73841,-3.3634684,14.13986,0.011992524,0.0011065245,0.2207525,1.4351615,1.1819117,0.1852174,0.12562431,0.64,0.93335766,-26.049976
34.43378,0.06511434,33.38142,35.14898,36.035133,2.6537132,264.82776,411.04807,73.4446,166.12955,0.6959771,0.6035641,0.33053902,0.53697526,1.0890557,0.75851667,7.5810275,5.0027122,7.939376,4.936259,0.3185299,0.7799965,24.325937,0.55310816,8.018053,1.774098,6.511878,2.2428567,-2.6395428,-6.112559,0.020320967,1.3924725,1.0659428,0.83808714,7.808229,0.3830644,13.780068,0.7799052,32.03876,0.27130944,715.2871,0.33136678,1447.292,0.15606272,-102.05063,-0.9178923,1685.9296,0.1216206,1191.3555,0.23472059,-99.60696,-0.8790012,2799.978,0.09121174,946.1575,0.30743232,-105.40152,-0.7789109,-12.710551,-0.6448187,25.735075,0.32825002,0.043443393,0.5137735,-0.007953185,-1.4859761,0.4380173,0.59664625,30.837023,0.28786495,1.9308145,7.3648877,3.2270231,5.3315473,-11.161349,-1.3493637,-11.233821,17.84035,0.01168066,-6.24302e-05,0.18033572,3.2258065,3.0959752,0.16700001,0.12008746,0.13499999,0.09102198,-22.004086
33.40804,0.06531929,32.08179,33.261078,35.206795,3.1250038,29.616701,21.802177,39.065178,29.235416,0.63723904,0.53111863,0.32182056,0.56491834,0.9668456,0.645025,8.625499,6.832041,6.759756,4.4393387,0.29889593,0.84281874,25.928625,0.5523753,8.48722,1.3616229,9.698694,1.3751214,-10.412554,-1.5865178,0.014994131,0.9984499,0.90960056,0.783302,8.543838,0.32109973,10.9030695,0.81798947,32.817593,0.25087327,640.0345,0.30731338,1418.7238,0.16544072,-124.17634,-0.73320335,1710.3877,0.15585716,1095.0967,0.35140565,-125.67259,-0.66505307,2836.1902,0.07617844,829.43823,0.39984322,-127.403564,-0.6396615,-17.710522,-0.42645812,27.890614,0.3174397,0.04646711,0.45194593,-0.02751666,-0.6277501,0.47607446,0.56125724,35.803047,0.2977848,8.029123,1.3980036,10.514348,1.4587172,-21.126797,-0.75751096,-10.575893,17.487541,0.015087029,-0.010152876,0.17164513,3.7257824,2.4024024,0.168125,0.12826821,0.21411763,0.2547446,-21.430063
30.370052,0.043560807,29.562263,30.28376,31.53767,1.9754066,16.596052,4.254143,8.141079,5.3591113,0.9574689,0.4040147,0.6203685,0.8410966,1.3146498,0.69428134,8.713034,5.5181293,7.2723756,3.2132812,0.43296984,0.46377063,26.866255,0.36294377,1.9204037,4.4152703,9.199433,1.1168022,-10.213683,-0.8569241,0.015833901,0.99835414,0.9986398,0.8387756,6.868549,0.27993765,0.85039324,6.8190274,21.391329,0.33235696,589.4918,0.3176477,1366.0962,0.1615864,-108.85004,-0.84338367,1627.3783,0.16549245,1046.8645,0.3012839,-113.85612,-0.75167537,2673.462,0.09772828,844.8852,0.24044384,-115.89309,-0.72020143,-13.960373,-0.30472267,22.63274,0.27601102,0.035557006,0.410109,-0.027997136,-0.46136826,0.5370742,0.37094703,32.792316,0.21938668,0.35952052,26.935509,11.603807,1.0679508,-12.635126,-0.79116416,-10.205397,17.880157,0.020699743,-0.015564839,0.34352335,3.8800704,3.202847,0.14,0.07363574,0.15166667,0.06379219,-20.565252
30.169994,0.08762616,28.012358,30.403984,32.35905,4.346693,43.39151,32.264767,52.991337,67.35419,0.68357664,0.45928192,0.42519286,0.5951275,0.91409117,0.4888983,4.10207,2.9287488,2.8955183,1.9935058,0.31508723,0.67854244,26.599325,0.34723803,3.5904844,2.2476928,12.033391,0.8545987,-1.9754497,-6.1572676,0.018696109,1.2644982,1.0165864,0.6574421,6.994623,0.3577519,0.5651291,18.471529,29.982862,0.267383,606.1768,0.34466708,1408.1215,0.15526228,-138.98688,-0.6278975,1631.1298,0.1434973,1154.5507,0.2355648,-142.09085,-0.5659056,2765.6487,0.089084215,977.5802,0.29394835,-145.23634,-0.52337533,-18.624514,-0.26393104,30.216232,0.19073711,0.033798788,0.62200534,-0.024064327,-0.8286328,0.49956194,0.46758354,35.62362,0.19368389,8.939279,0.80481386,9.091524,1.3765255,-9.334563,-1.5750027,-9.115232,18.26802,0.013485674,0.004742683,0.22406177,2.2649279,1.8595042,0.16851851,0.1582006,0.33642855,0.3192873,-21.644281
33.63502,0.06423387,32.777122,33.529404,34.960556,2.1834335,17.300327,6.8370166,30.507334,13.622048,0.8421731,0.46572667,0.4683639,0.7281399,1.2281522,0.7597883,7.221625,4.8804407,6.0309453,4.453863,0.40062988,0.6194639,24.705168,0.42733407,10.530863,0.9700153,3.236294,3.6150503,-2.741494,-4.216325,0.019518686,1.2635828,0.83845395,0.779142,8.390527,0.30546865,4.96166,1.6099027,29.596819,0.26705423,640.5852,0.28375262,1457.5217,0.1791177,-126.80845,-0.71476394,1695.3824,0.15372716,1157.1123,0.26698115,-129.96982,-0.6440026,2772.0537,0.08613646,954.0805,0.30824012,-133.04543,-0.6000065,-15.553654,-0.45059007,28.346842,0.24816811,0.042641632,0.4057051,-0.026607221,-0.5538325,0.54813725,0.48073143,30.703016,0.261766,11.311967,0.98769766,-0.7485026,-19.999338,-8.456794,-1.6969655,-11.810451,20.836784,0.013222992,-0.013870392,0.30545926,3.3245847,2.28471,0.16499999,0.11385719,0.2616,0.4253345,-20.673311
34.461834,0.21165873,31.635689,32.530174,33.766098,2.1304092,432.77023,312.37244,17.454222,16.533403,0.61987644,0.54813516,0.33780318,0.51678675,0.9416506,0.60384744,5.6169434,3.1604939,4.3497443,2.186304,0.27315176,0.7412471,26.915071,0.46523434,14.435313,0.6686348,-0.17388323,-81.542786,1.2994,9.604966,0.02189441,1.4132239,1.0311508,0.6489627,8.081442,0.38669452,2.4720328,2.8793137,31.168716,0.6506737,596.81104,0.32216665,1402.057,0.12622441,-89.630035,-1.0162318,1651.5575,0.13880268,1092.5878,0.24375424,-93.67731,-0.8748921,2822.6975,0.08618784,1074.0275,0.24104679,-101.943665,-0.73804283,-18.602713,-0.2866375,32.12883,0.22485125,0.046240132,0.41417262,-0.029073935,-0.5887065,0.34649268,0.5998762,34.070423,0.2519965,13.908571,0.7142358,-5.0270076,-2.87867,-3.0753183,-4.042753,-12.5969925,20.863249,0.019964248,-0.0019573998,0.17173588,3.0927835,3.264095,0.17636363,0.16466342,0.10909091,0.0719791,-22.030163
32.808197,0.05162534,31.93118,32.877796,34.03041,2.0992317,25.241934,10.790004,32.386936,51.27871,0.6016698,0.5030727,0.31454748,0.5675455,0.8257148,0.51116735,9.273164,5.7662325,6.476928,6.615866,0.27067098,0.62299836,24.70831,0.5429093,11.376512,1.0539095,6.5682745,1.7500813,2.8562245,4.741319,0.025026746,0.855202,1.2600912,0.62102634,7.1512003,0.3250151,8.696809,0.7799947,31.133654,0.24281016,697.93933,0.25110486,1471.0399,0.15075357,-139.02684,-0.61249775,1708.5685,0.12706818,1138.4204,0.24691784,-141.56258,-0.5554186,2836.6445,0.08092704,946.3105,0.40456235,-144.00615,-0.52230525,-16.307472,-0.3338968,27.84372,0.24278675,0.024252769,0.6698808,-0.017915916,-0.71065974,0.359017,0.3654626,34.678295,0.23837051,8.50691,1.3549584,5.084561,2.5297081,-6.9834256,-1.9213924,-12.36501,20.205128,0.010712146,-0.0017614007,0.23009478,3.5222054,2.7777777,0.111666664,0.10029125,0.21578947,0.2124126,-25.05009
29.648247,0.056396455,28.770292,29.879133,30.969698,2.1994057,117.565575,136.95757,11.62748,6.541043,0.9985859,0.53779656,0.5616343,0.80086297,1.4402704,0.8786361,8.5084305,4.6570587,7.664897,3.9281354,0.39466932,0.69237435,23.59159,0.38821343,-5.5721107,-1.9365633,8.879854,0.96121067,-0.40791488,-26.670803,0.015195066,0.98785144,1.0155027,0.67652863,5.9012194,0.4308203,-5.416688,-1.4019026,11.396803,0.7444269,751.12427,0.31696036,1311.2998,0.33513838,-125.89221,-0.71371734,1775.2726,0.15175383,1084.2432,0.25824854,-124.82217,-0.7001648,2734.0815,0.084614746,838.2292,0.32988608,-125.91908,-0.6838396,-8.721597,-0.7611723,16.95117,0.45270213,0.030220157,0.5768691,-0.01449931,-1.0801437,0.5999695,0.4817535,29.701376,0.24566,-6.7757335,-1.8725514,11.836115,0.8886163,-3.3930736,-4.2063346,-5.380671,15.024351,0.003003637,0.0005579855,0.25353193,2.366127,2.255639,0.17277779,0.1515771,0.2368421,0.23017277,-20.82155
25.890787,0.06786139,24.892538,25.979935,27.121042,2.2285042,53.06034,91.181046,15.886957,8.488243,0.51745254,0.6318381,0.18876584,0.43983722,0.8174517,0.6286859,7.1203947,4.714397,4.9358044,3.9739032,0.22634192,0.79232895,26.962109,0.4857068,9.579161,0.87958676,8.276969,1.401729,3.1598678,3.4094644,0.017596802,0.8893853,1.2199268,0.70274895,5.3215814,0.3746598,-4.2866044,-1.2434423,26.805962,0.29411736,545.9875,0.3782636,1362.6719,0.23889105,-109.13732,-0.85594636,1568.6923,0.15671313,1060.9727,0.20546968,-115.116486,-0.7487307,2640.2683,0.12147426,1048.2052,0.24707092,-120.533554,-0.6684144,-16.067877,-0.36641985,27.607906,0.25373435,0.028432766,0.7471259,-0.014525029,-1.2801886,0.351287,0.46565,36.572308,0.28614122,10.009201,0.9912727,5.6201696,2.4005163,2.8846793,4.712398,-10.246791,18.451485,0.013030281,0.006974749,0.11533794,2.5641026,2.4456522,0.185,0.14182344,0.19263159,0.20973271,-23.822182
20.161026,0.07738693,18.837276,20.301723,21.326914,2.4896374,69.106125,106.045334,25.406267,15.871076,0.6501552,0.67732537,0.16900454,0.6290864,1.0180554,0.8490509,9.79399,6.795044,7.425174,4.110818,0.29854017,0.85469335,22.679272,0.85844105,4.6553006,2.6342235,11.869849,1.0734274,-2.19889,-6.351744,0.01708695,0.69061303,1.2639576,0.7102789,3.3478343,0.48019293,4.5207176,0.78148705,24.588829,0.35571817,585.03754,0.39758503,1287.697,0.13283227,-122.21435,-0.7393082,1590.7163,0.19055575,1026.7822,0.21179472,-126.43138,-0.67486286,2637.0454,0.12443873,891.8794,0.2948517,-129.47581,-0.6308896,-15.012906,-0.4859563,24.648577,0.296668,0.0019951134,11.633291,-0.014798907,-1.5653529,0.4524481,0.53432333,37.017075,0.2745654,3.372712,3.7070453,15.237807,0.9092877,-1.9867104,-9.0924,-4.2631054,12.038755,0.018697597,0.0057770447,0.19624679,3.9097745,2.4242425,0.16,0.12980755,0.2182353,0.2415936,-21.832191
26.493896,0.12218035,24.89606,25.833473,26.957268,2.0612068,80.416084,157.46274,68.64537,107.14039,0.7790472,0.5591143,0.35517764,0.72051066,1.2407862,0.88560855,8.425369,3.9266808,5.0721507,2.1040173,0.3483702,0.71658796,27.528454,0.48100802,11.838851,0.8938273,11.082366,1.1542395,-1.785733,-7.831777,0.020289276,2.2650013,0.93478125,0.7756728,6.016505,0.3508267,3.7962134,1.4492687,27.89458,0.2400102,553.4328,0.3157471,1381.0708,0.15998271,-76.43552,-1.1707097,1604.8599,0.12710318,1041.8157,0.276199,-84.81213,-0.96354824,2718.39,0.07587886,926.8064,0.43033913,-89.00115,-0.8827442,-18.175058,-0.27881035,27.026335,0.2244277,0.03947222,0.3998843,-0.033892527,-0.5282952,0.44624844,0.5357387,32.929287,0.3294836,12.216472,0.9058575,12.909562,1.0859104,-4.5789847,-3.4594855,-11.681895,19.768702,0.041879322,-0.0119985,0.17901611,2.673797,2.5270758,0.24642856,0.16731523,0.12,0.10751744,-19.28609
32.62508,0.11327701,31.923634,33.2585,35.015694,3.09206,112.88951,138.8326,64.87112,86.63052,0.45459506,0.51351494,0.22425091,0.428627,0.6702265,0.4459756,5.664719,3.6580026,2.3771183,0.9425608,0.1875384,0.72871983,27.678015,0.5103972,9.513468,1.164212,10.5670805,1.2187462,-8.469083,-1.8319502,0.028554177,2.676518,1.0917722,0.8553619,7.385851,0.43147406,4.409103,1.9453548,30.425144,0.28174403,578.88074,0.3249901,1351.2598,0.11685516,-105.702644,-0.88730365,1667.8815,0.18286672,1091.9954,0.28135782,-111.88716,-0.7504554,2719.749,0.08417635,936.8724,0.2987964,-114.61767,-0.70957285,-20.02713,-0.31051442,28.944723,0.26941597,0.039944243,0.47022665,-0.029994052,-0.5723526,0.2611516,0.44298953,36.582516,0.26665282,10.577754,1.0320754,10.339548,1.4374357,-16.361334,-0.8808969,-10.808566,18.731,0.01560947,-0.0006986653,0.11483897,2.6890757,2.7118645,0.17625,0.15925117,0.17125,0.13237612,-26.58166
33.468758,0.06416581,32.62811,33.571182,34.644146,2.016037,58.64361,104.53024,187.31319,400.4268,0.5646692,0.45177755,0.34187388,0.524642,0.75351405,0.41164017,5.6110406,4.4042306,3.7694967,1.9838973,0.20755458,0.5564336,26.022026,0.36994228,10.158861,1.0988649,-1.9414777,-5.574912,-10.276372,-1.4580219,0.019404434,1.8758668,1.1194305,0.6519066,7.0916295,0.3961268,4.1936,2.290959,30.94699,0.27443674,703.2161,0.28230867,1381.9113,0.13948245,-85.898834,-1.089755,1786.4355,0.14473854,1051.1587,0.27336287,-91.79959,-0.9331835,2860.315,0.11081314,1038.5989,0.36926106,-96.057,-0.8555558,-16.34698,-0.34113505,27.251587,0.27099726,0.055405576,0.28425312,-0.03203469,-0.42856038,0.2505073,0.48451492,30.080162,0.24055642,6.607016,1.590707,-4.6161523,-2.3395646,-17.059847,-0.8733892,-13.404306,21.132647,0.03952298,-0.016622826,0.15035631,3.286385,3.6392407,0.15173912,0.13063897,0.11190476,0.04614873,-26.137726
30.034168,0.06483781,28.31046,30.226614,31.459974,3.1495152,93.40994,113.88456,20.098064,14.9004755,0.89002293,0.6085279,0.43375593,0.7033437,1.2582219,0.82446593,10.768152,6.897107,9.474063,4.4898305,0.39705402,0.79805243,23.913986,0.6477115,8.715241,1.6111157,12.459194,1.1109933,-11.542433,-1.3909819,0.012977515,0.9028747,0.88086444,0.8948991,7.348822,0.36610892,5.1831565,1.2131603,27.27721,0.38131234,639.4101,0.2827903,1408.1012,0.15645133,-109.18281,-0.8410196,1730.5304,0.16291787,1152.6588,0.33144984,-115.19568,-0.7389428,2784.718,0.09201409,978.7468,0.39718634,-117.363434,-0.7053601,-14.856989,-0.5755984,24.993113,0.3361775,0.030879576,0.55371845,-0.027126295,-0.6415433,0.55101943,0.6045569,33.35089,0.29607075,6.0840445,2.6276188,15.432594,1.0627017,-21.68611,-0.71839607,-8.785124,16.266884,0.009928429,-0.006706728,0.25849134,3.38295,2.588556,0.17631578,0.1483669,0.17999999,0.120124936,-19.378847
34.479122,0.10712643,32.99727,33.802124,34.570972,1.5737038,173.06444,114.21596,177.50125,161.98956,0.52784574,0.55109066,0.25533372,0.46675768,0.79471904,0.5393853,4.921946,2.82362,3.5015228,1.8077134,0.18360342,0.7680434,22.67506,0.5984694,14.300548,0.68600285,1.2828109,11.231815,0.3771661,30.08315,0.018423947,1.8744503,0.96670437,0.95961237,9.339107,0.2880581,8.630418,0.81125516,31.207048,0.32310402,686.78314,0.30985355,1413.4095,0.17202498,-123.27709,-0.73020667,1761.8378,0.15467,1088.7124,0.31446278,-126.83516,-0.6493909,2845.2983,0.09212364,941.81726,0.39147344,-129.1932,-0.6159289,-17.52786,-0.3377851,28.849627,0.3015715,0.052565727,0.3089404,-0.026438616,-0.6291692,0.25781995,0.60653216,31.508528,0.37186342,14.713454,0.5150429,0.92056745,19.664465,-5.2905855,-2.3481238,-10.506118,19.055168,0.04188433,-0.00893454,0.13027506,2.8858218,2.5252526,0.1575,0.12719572,0.20761906,0.20639546,-24.366434
35.93438,0.2011587,32.13734,34.20678,41.075912,8.938572,194.7369,184.95258,50.382614,28.199509,0.79252857,0.64522964,0.29223076,0.6500984,1.2941341,1.0019034,7.5745335,4.554285,7.23546,5.1537056,0.3146595,0.9183768,26.355474,0.42354143,1.5465271,7.4958763,7.1627393,1.6794547,-12.084022,-1.2709165,0.033789326,1.4423076,1.1561174,0.6146987,6.7601686,0.47549003,1.4353513,6.934863,22.481243,0.6365938,633.21643,0.30839193,1409.2045,0.16459702,-97.12152,-1.0273044,1680.2786,0.15627216,1152.2505,0.29080847,-97.942535,-0.9396747,2712.7273,0.10581439,1008.2989,0.3429918,-99.96036,-0.8969725,-15.63665,-0.37230226,24.088745,0.3102103,0.050080206,0.42784867,-0.02917342,-0.47092462,0.46706542,0.6534527,31.629194,0.2900922,-2.5328877,-4.6654577,2.4170105,5.248287,-20.656015,-0.6317208,-10.997397,18.684572,0.0070191305,-0.005905076,0.13141437,2.2411954,1.5053763,0.3557143,0.3411266,0.28857142,0.2639496,-20.016794
34.63043,0.13643172,33.24794,33.911892,34.762554,1.5146141,161.57144,111.53889,179.69156,294.2513,0.38020512,0.5393595,0.1939774,0.33601364,0.5501427,0.3561653,5.038116,2.0227582,3.383429,2.0071964,0.120170355,0.79117537,21.16564,0.6504237,19.046766,0.6177834,-4.106235,-3.093255,-16.538046,-0.76566434,0.023372319,1.4847015,1.1636809,0.7614955,8.376698,0.4184089,4.9345236,1.6585028,30.875713,0.26356357,643.4234,0.29886773,1474.831,0.14999568,-93.63655,-0.95574254,1688.4075,0.15938248,1225.1449,0.2139048,-99.34151,-0.7941997,2846.809,0.07887517,913.57294,0.39818949,-102.58576,-0.740311,-18.774916,-0.27543536,29.66297,0.21320632,0.0642813,0.24237658,-0.025996288,-0.63876104,0.15401275,0.6705725,29.383911,0.31083503,20.209305,0.44487518,-1.4166348,-9.327636,-19.606882,-0.6791236,-7.198049,15.132074,0.048736595,-0.005838631,0.07659168,4.4585986,4.291846,0.1265,0.12764306,0.08947369,0.049786247,-28.738388
27.005838,0.07661809,25.36639,27.071274,28.34186,2.9754696,61.77855,68.7191,267.64328,556.00885,0.5368436,0.64745164,0.20010746,0.4721845,0.81045294,0.6103455,7.2687845,3.9185803,5.2064457,3.0759873,0.24943158,0.9573381,22.941895,0.65661234,8.423889,1.162243,9.003435,1.4920088,1.4643915,7.5201287,0.026074465,1.1031857,1.1653614,0.7343834,5.0858207,0.4556758,3.7432284,1.3446789,26.664593,0.26313603,561.3978,0.34366885,1335.38,0.14792055,-117.0773,-0.78089046,1583.7043,0.1639134,1073.5842,0.21730462,-120.977974,-0.70771635,2641.7725,0.12118719,967.2619,0.24882363,-124.657364,-0.6543429,-16.401398,-0.32578424,26.07271,0.23247601,0.031851865,0.60316414,-0.022668745,-0.7926049,0.41278765,0.5992527,34.450405,0.24900296,10.367318,0.7843198,7.171856,2.1438282,-2.5271251,-4.6215396,-5.728199,13.203164,0.021101851,0.0073813233,0.122803256,3.5523982,2.1505377,0.19833334,0.15915574,0.22692308,0.23354739,-23.92347
35.45578,0.08993234,33.815235,35.935856,37.808624,3.9933891,88.25633,117.93769,20.994442,17.622013,0.8981522,0.51881754,0.44395453,0.81686753,1.3236028,0.87964827,11.475299,9.095761,8.836199,4.311467,0.41929665,0.5891391,25.86805,0.4224176,2.733859,5.6901913,9.854122,1.412655,-4.470496,-3.7913942,0.01915223,1.2190782,1.1264259,0.6336823,6.970099,0.43861172,10.963053,0.73285717,22.175318,0.44066736,758.4315,0.31051698,1384.1246,0.19764325,-102.74216,-0.8749397,1753.4396,0.12479445,1185.3892,0.37885448,-96.93624,-0.87050194,2797.2227,0.07382342,914.8609,0.39514756,-99.02183,-0.8353431,-11.117907,-0.6892606,21.419893,0.35976255,0.062173605,0.27158713,-0.0135711245,-1.0806907,0.52288395,0.4651743,29.894432,0.30401787,-3.3866577,-4.8225355,11.204857,1.4458345,-10.561566,-1.6590651,-12.644733,22.33417,0.046728168,-0.006455856,0.28956679,3.9694657,3.6923077,0.14458333,0.11105475,0.114090905,0.11320371,-21.135805
33.119072,0.11831462,31.466032,34.20729,35.80522,4.3391895,206.93546,324.1798,293.3504,418.20807,0.7983764,0.5697636,0.348787,0.7287307,1.2534372,0.90465015,9.987462,6.394733,7.372443,3.9542396,0.41528156,0.8279718,23.105074,0.6224712,13.770325,0.84352803,9.486502,1.403949,-6.477439,-2.504158,0.027744127,1.7659938,0.870398,0.77358925,7.656021,0.47755393,7.4159827,1.0107157,32.031116,0.3246901,609.1576,0.31223366,1364.8202,0.14802562,-118.19028,-0.78495723,1726.7501,0.16053171,1034.1923,0.3106498,-122.009415,-0.6883931,2813.8018,0.106539205,1069.9467,0.37985823,-124.29932,-0.65615314,-18.658712,-0.37581146,27.451118,0.31794322,0.064845316,0.259713,-0.03793381,-0.3336465,0.6227037,0.54587996,30.828144,0.33965805,13.534042,0.81331706,8.068363,1.9231291,-16.68234,-0.9606268,-11.916103,18.567678,0.041006055,-0.018260868,0.2535989,3.471295,2.69179,0.1555,0.1226978,0.21666665,0.21977262,-19.242332
32.78501,0.038523465,32.036617,32.80162,33.721115,1.6844978,159.96841,171.33939,25.626986,14.573764,0.9673956,0.4265672,0.6202055,0.89308006,1.3588316,0.7386261,10.3314495,7.627284,9.182251,5.6910763,0.4594418,0.62692285,20.98817,0.74231577,9.134659,1.1503638,7.0554442,2.1277223,-1.5476091,-7.629064,0.021074798,1.3637292,1.1305608,0.739295,7.329913,0.39594105,14.882375,0.61066335,32.156506,0.39388564,662.6988,0.3947212,1455.8171,0.2000544,-87.452896,-1.0493826,1701.6367,0.15726377,1087.3174,0.23362125,-89.26304,-0.9382719,2808.3992,0.11681571,997.8308,0.3132268,-94.03847,-0.84914315,-14.688157,-0.51149875,27.252178,0.31538397,0.041277576,0.45931324,-0.011580511,-1.2491612,0.5442626,0.42764574,28.006384,0.39255565,10.525876,1.0415632,6.18252,2.7428963,-3.6047244,-3.2851536,-5.4491453,13.473005,0.013051754,0.0013757022,0.3341065,4.6153846,2.9360967,0.20058823,0.11037213,0.136,0.091053106,-18.961042
26.261843,0.06332976,25.062529,26.060684,27.398191,2.3356628,32.009872,44.643997,15.383835,6.2404747,0.6264882,0.702648,0.21278809,0.54156744,1.0496129,0.8368248,9.965611,6.3523655,7.7219324,3.1759677,0.27743486,0.9101697,27.965889,0.52337724,8.737727,1.0901709,13.298243,0.9789296,-12.958748,-1.3119252,0.014705354,1.0996348,1.0357087,0.82885706,6.156323,0.31680408,3.2160375,3.380203,24.647778,0.29426697,560.0944,0.37360242,1320.1901,0.14731473,-75.70425,-1.1671846,1594.1167,0.19690411,1092.632,0.27529734,-82.80165,-0.98620206,2666.5818,0.09126333,793.7983,0.302118,-86.442055,-0.9123155,-16.856548,-0.35636547,26.734728,0.2611577,0.03358553,0.71940017,-0.024535974,-0.8422454,0.37116966,0.6826956,35.080093,0.27772912,9.455097,1.0610124,13.140655,1.1116691,-15.9199095,-1.2179034,-8.469322,15.245351,0.03771692,0.0019922552,0.10540663,4.008016,2.4291499,0.26083332,0.16535105,0.12,0.06950373,-21.45701
31.171112,0.07130678,29.355268,31.300331,33.23184,3.8765697,83.14991,138.43138,21.3724,10.9369,0.55950737,0.52403694,0.3200796,0.47196552,0.7938545,0.47377488,5.3080893,2.3670688,4.2822833,2.6594183,0.24361646,0.7509465,28.816185,0.43820786,6.848928,1.2672019,-0.44429484,-21.737299,7.5217357,2.158194,0.019391278,1.2089823,1.0540954,0.7481065,7.7798533,0.32280996,2.6836998,3.3746214,30.213213,0.4416766,697.208,0.36467576,1355.5165,0.14811987,-98.60582,-0.9264626,1718.8313,0.18023029,1161.378,0.20025566,-103.606766,-0.8166166,2805.3435,0.11888126,1071.4089,0.22841844,-109.43455,-0.72644645,-16.622826,-0.2763899,30.048492,0.1856436,0.026679933,1.0366225,-0.013719747,-1.4362429,0.31977743,0.579467,36.218628,0.26475164,8.315882,0.75933045,0.13504261,82.37334,2.1611168,8.383703,-8.912464,21.678978,-0.012710989,0.0086522,0.15569931,2.9259896,2.6041667,0.20066667,0.18873143,0.16333334,0.14225173,-23.06733
31.867477,0.18093716,30.511747,31.883636,33.210045,2.6982975,690.0958,609.2813,76.16776,104.686165,0.73742056,0.47896147,0.40542692,0.6286063,1.1215585,0.7161316,6.385056,3.3834574,2.9280841,1.2463148,0.2850027,0.58611125,29.835243,0.32924312,-1.8794663,-3.7587154,8.630507,1.6263243,-9.206428,-1.1478553,0.021343872,1.7073047,1.0811105,0.5829212,5.8889055,0.41024187,1.0137122,17.923937,26.476202,0.461151,558.8149,0.40176076,1426.1158,0.14479826,-109.94537,-0.8631536,1514.3643,0.16834249,1135.0748,0.23212832,-105.65874,-0.8619774,2665.224,0.10379765,1041.032,0.34691167,-113.72843,-0.729387,-10.991388,-0.49196526,29.096352,0.21628177,0.016476743,1.2961181,-0.011427377,-1.289063,0.37571275,0.42826074,37.363945,0.17503977,-1.5335568,-4.8604183,0.6502581,22.054522,-14.342129,-0.75029844,-9.741013,21.101513,-0.023095801,0.0064034583,0.1958352,2.2026434,2.3893805,0.20074074,0.16741885,0.20423076,0.17097397,-22.168188
25.97229,0.057118237,24.999527,25.833815,27.08636,2.086834,37.0519,37.10441,45.43451,67.96136,0.9550981,0.6047071,0.4180816,0.82250357,1.5098279,1.0917462,10.286266,6.559649,7.7583776,3.215476,0.42310637,0.7754503,29.064053,0.5417391,3.1044393,3.585716,4.10381,3.145797,-9.804003,-1.2710613,0.012683818,1.0298939,0.9122035,1.0533985,6.15931,0.34723008,0.089435354,50.78547,28.4503,0.2974348,570.18427,0.31104344,1366.515,0.11124069,-92.48297,-1.0342687,1599.2341,0.14408205,1076.6986,0.27801347,-98.978165,-0.9031468,2723.8633,0.088045046,1057.2498,0.36856887,-105.81118,-0.78489435,-15.423284,-0.41697648,28.998716,0.25255066,0.047583517,0.29297823,-0.032419913,-0.47658026,0.60592145,0.5332318,39.15447,0.22667506,4.0480614,2.6909747,2.5387442,5.9977756,-13.380231,-0.99839044,-6.5897417,13.932582,0.036413647,-0.008255015,0.20407145,3.366059,2.40113,0.21764705,0.1626085,0.17764705,0.12075884,-17.830023
35.0364,0.06817324,34.829693,35.376686,36.226624,1.3969307,87.29217,62.37856,208.7878,502.55576,0.65813553,0.6026228,0.28644633,0.56406647,1.0090731,0.7226268,10.227756,5.6344595,7.416039,3.8136094,0.32244492,0.80599505,29.972761,0.43237552,10.213529,1.0816559,3.890262,3.240392,-5.7916365,-1.9612316,0.021856532,1.6216114,1.0634052,0.83621067,9.424555,0.3010921,8.814564,0.9941328,31.509787,0.20864244,659.5352,0.2615971,1454.5953,0.17884363,-103.560265,-0.8942233,1718.7194,0.13021584,1140.2108,0.24796695,-108.546036,-0.7745199,2802.542,0.07915854,937.5162,0.35076132,-112.4471,-0.71308434,-17.979685,-0.38669467,29.828869,0.23256668,0.06075176,0.26133946,-0.028474353,-0.40151837,0.44745114,0.6049974,37.395702,0.23484491,6.349216,1.8651491,1.9567531,7.954679,-11.532547,-0.9277954,-13.776004,22.266273,0.033685826,-0.015421111,0.1882006,3.6682615,2.8938909,0.1711111,0.11570503,0.15333332,0.16141734,-21.252108
34.118973,0.075238414,32.24475,34.047726,35.842815,3.5980644,38.545116,37.60519,45.777622,50.51496,0.9280347,0.5079573,0.49959707,0.78920937,1.383245,0.8836479,10.430195,7.06943,9.213046,5.0962715,0.37439117,0.7545113,16.699102,0.7047959,4.6563654,2.7974448,-0.5207854,-29.10438,-5.591241,-2.028803,0.016659237,1.119216,1.0002279,0.8108066,7.0915613,0.44125792,2.42705,3.9400835,18.733976,0.53526765,600.7196,0.36013108,1360.7208,0.1723773,-108.25951,-0.86002773,1675.7117,0.16409785,1031.5406,0.3511484,-107.1828,-0.8246828,2666.883,0.10245543,1100.7008,0.41177243,-109.40566,-0.7865476,-10.390379,-0.7111462,20.352861,0.39765072,0.057371605,0.33972862,-0.023112373,-0.7079465,0.5370837,0.5271063,23.77973,0.41203144,0.40900058,36.97209,0.9787296,19.576185,-7.4046288,-1.8331485,-6.6418214,14.0832,0.04311545,-0.010264439,0.21125951,3.4762456,2.7972028,0.17125,0.13207676,0.1592,0.13281326,-21.053246
29.361683,0.14147657,28.422756,30.744171,31.94645,3.523693,194.15202,301.12698,96.00909,101.915245,0.50294745,0.7077835,0.21572961,0.3353262,0.82902753,0.61329794,4.993397,3.5319855,3.8856437,2.2060087,0.19335468,0.90785426,28.114857,0.35610658,-2.6543703,-3.2392612,10.731784,1.1817437,-11.063764,-1.4203877,0.030123936,2.8753805,1.1430244,0.74852425,5.9940233,0.5399091,3.0191927,2.9991567,22.521357,0.45172817,614.1039,0.3090592,1384.0912,0.17846482,-139.83055,-0.64087975,1675.9161,0.16236883,1004.1369,0.3605044,-141.62497,-0.599322,2775.3591,0.091361985,967.82007,0.44396028,-143.7755,-0.5681634,-13.794614,-0.3856102,24.415016,0.2915969,0.04139943,0.4438006,-0.032319464,-0.42799243,0.35692397,0.46230558,36.998737,0.19089758,-5.061791,-2.0900695,10.245748,1.5381194,-27.030668,-0.50120085,-9.258214,18.623743,0.011673267,-0.0016939493,0.11961003,1.8867924,1.4440433,0.209375,0.1627294,0.4352941,0.3557778,-25.83426
30.234344,0.18440604,21.920418,32.751625,33.840824,11.920406,239.94414,342.0516,134.12811,102.34358,0.40891767,0.5671426,0.19846958,0.33996454,0.610625,0.41215545,5.7542067,3.656293,4.4366493,2.924934,0.16713765,0.70377034,27.98104,0.43504003,12.726507,0.8384966,8.906311,1.2342863,0.644548,18.04038,0.037041284,1.6866975,1.1052033,0.8099392,6.169759,0.55526364,4.820627,1.4554055,29.973356,0.3179372,634.79877,0.266224,1362.9635,0.1202306,-128.24098,-0.7022763,1747.1404,0.13522121,1047.5394,0.31290236,-134.26372,-0.60816526,2818.536,0.09159641,913.643,0.41125548,-135.87903,-0.58637655,-18.244516,-0.2691629,26.612988,0.31604353,0.029714193,0.53257823,-0.033414576,-0.35974243,0.25096288,0.49171978,36.62663,0.25727168,9.242601,1.1560427,7.53948,1.9364364,-8.946497,-1.1429491,-15.614657,22.436924,0.002726071,-0.008867931,0.11957978,3.828484,2.7777777,0.125,0.11734327,0.22588235,0.19174305,-27.942236
26.657541,0.068997614,25.660934,26.94831,27.978916,2.3179817,145.48384,151.72,20.071745,4.899491,0.7527056,0.43468973,0.40751234,0.7117601,1.0427772,0.6352649,6.4897795,4.110564,6.011072,3.6459913,0.38807845,0.7110848,26.18098,0.5197736,12.269653,0.7222311,2.8228154,4.5417476,-2.4937885,-4.1203685,0.016124787,1.0188031,0.9933983,0.8938363,6.2083917,0.35421908,4.067014,1.6037108,32.359688,0.2740813,567.4857,0.38268113,1412.0566,0.12163484,-121.69076,-0.7625539,1613.2555,0.17566435,1101.1858,0.2273922,-126.18245,-0.6764788,2657.8552,0.13924757,1014.6866,0.35104918,-129.28621,-0.6318288,-19.01431,-0.29588515,28.182737,0.19482058,0.04623662,0.4545253,-0.028696865,-0.50259894,0.5579341,0.49814048,37.332523,0.19908635,11.957479,0.8216579,1.8965245,9.017708,0.53564435,21.577183,-11.379332,17.956148,0.026302682,-0.016163424,0.27414414,3.8748138,2.7027028,0.14222223,0.08337036,0.20777778,0.20721848,-20.627752
30.035458,0.14651032,29.465744,31.318018,32.662537,3.1967926,85.9281,117.083984,72.279106,49.70164,0.58207715,0.7402458,0.24713087,0.4456856,0.88316554,0.63603467,7.615484,4.4502697,5.000475,3.056698,0.23325998,0.9325863,27.00359,0.4905094,4.7556944,2.7518249,6.534399,1.6658667,-1.019133,-14.665721,0.05198857,2.3459485,1.0622511,0.72203225,6.4370255,0.51725364,1.435454,4.308317,24.881292,0.31937692,546.88605,0.393055,1364.8203,0.13337086,-101.22234,-0.9296514,1582.0836,0.17857282,1048.3219,0.26170307,-104.88505,-0.842486,2671.5642,0.09777202,993.5239,0.32834744,-109.36109,-0.7682465,-14.792625,-0.44998953,26.207073,0.28818524,0.04962119,0.39267892,-0.019258326,-0.6913873,0.33483502,0.6932856,33.620274,0.28972232,3.331769,4.340074,5.2635727,2.3569217,-3.2650812,-4.574007,-9.816521,19.543251,0.028142363,2.682133e-05,0.12573847,2.354788,2.6898735,0.1835294,0.13907008,0.16705883,0.14759901,-24.054045
30.321606,0.07421343,28.269798,30.234375,32.153652,3.883854,14.429883,5.3927817,51.310547,79.237076,0.66036224,0.650361,0.20970133,0.61243546,1.0814277,0.8717264,10.011924,8.778452,7.1452603,5.799954,0.27094954,0.9452518,18.303308,0.81661963,13.112909,0.96844107,1.7626579,7.71116,3.9417093,3.0358436,0.015847964,1.086792,0.88820523,0.9976492,7.587927,0.34524688,5.4632726,1.1483028,29.597168,0.3750082,621.548,0.31536,1396.0636,0.12822099,-129.22765,-0.700518,1657.4448,0.16760656,1124.1073,0.32887277,-134.07146,-0.61979467,2751.772,0.082856365,870.65405,0.33867514,-135.98926,-0.5919371,-16.740158,-0.50422436,26.889078,0.3520996,0.0541319,0.33580533,-0.025857758,-0.690557,0.46406695,0.5377529,29.738596,0.3258663,17.161205,0.79041106,-1.6233075,-10.246298,-0.49357396,-31.7639,-7.473361,15.931608,0.025201501,-0.0018135869,0.15597554,3.3437827,1.9957985,0.17894737,0.17146105,0.30105263,0.33362278,-22.179644
29.41857,0.10876459,26.80262,29.634064,31.059355,4.256735,238.34929,574.7393,12.677818,77.829834,0.63465595,0.46602413,0.3156079,0.6035819,0.9146657,0.5990578,7.045003,5.643694,5.919972,3.7695851,0.24921009,0.7167971,21.402288,0.6562506,16.302132,0.6054605,6.2353153,1.7314548,-4.999575,-2.1053662,0.018078208,1.2303141,0.94291145,0.8979547,7.5308948,0.3261651,6.721767,1.2896926,32.3425,0.27999684,602.62177,0.28313094,1406.2206,0.1613158,-120.498146,-0.76397014,1690.6464,0.16413568,1082.6211,0.3248216,-126.11548,-0.6637337,2778.7297,0.09602744,994.3855,0.2943747,-128.316,-0.6313253,-19.829655,-0.36500677,27.90093,0.31040114,0.04165571,0.4535168,-0.0373906,-0.40162322,0.33759,0.47573903,31.14734,0.29221344,19.511396,0.46910033,6.996757,1.8221035,-9.591413,-1.3547101,-9.073171,14.641838,0.018604519,-0.017485648,0.17976159,3.2786887,2.0348837,0.19999999,0.21087119,0.25863636,0.2925483,-23.585989
36.78234,0.071517624,35.908253,37.102806,38.25441,2.346157,110.6889,117.41888,48.20566,61.87168,0.8907445,0.26385644,0.7105129,0.835355,1.0551816,0.34466875,6.1343484,2.6440918,3.6454942,1.8148273,0.43618223,0.38476488,26.679075,0.2192623,-2.0964398,-3.751935,8.013969,1.2088008,-9.538723,-1.0098474,0.028923674,1.3697125,1.5623151,0.4249211,5.329672,0.30122516,-0.18949947,-52.761055,14.253344,1.045751,730.8786,0.26851964,1333.8506,0.14959656,-149.76619,-0.53478146,1714.4034,0.14182405,1096.5768,0.20375164,-143.94427,-0.54775804,2770.178,0.074538894,902.6927,0.48642653,-145.46431,-0.52709293,-10.923636,-0.31666937,21.61376,0.19457592,0.03275437,0.50015664,-0.013374175,-0.86253667,0.53172225,0.3413209,30.23123,0.12546185,-6.9760327,-1.0161356,7.8795896,1.3528981,-16.510859,-0.5039309,-10.500093,21.032825,0.026916876,-0.0070802034,0.39710653,3.5643566,3.6,0.07666666,0.045582645,0.1811111,0.14055008,-23.26861
33.491005,0.045467097,32.378708,33.570797,34.83872,2.4600105,51.636703,58.182087,20.768345,14.072914,0.60491127,0.60445386,0.30083352,0.5175724,0.89252186,0.59168833,8.187863,4.606072,6.0112705,7.1263323,0.23523039,0.992876,21.114357,0.59202856,-1.6863582,-6.265479,13.938151,0.85415155,0.15145051,75.807755,0.015126575,0.86231244,1.0865331,0.7271462,7.862368,0.3717005,10.345625,1.042551,21.59823,0.36292124,629.4522,0.39502478,1425.6104,0.23635308,-124.92197,-0.7140046,1615.6149,0.1647946,1104.5486,0.29916587,-121.18488,-0.71290475,2715.6406,0.075462185,877.7844,0.39855358,-123.81677,-0.6732203,-12.091819,-0.6346412,22.50385,0.33039236,0.029390195,0.5830343,-0.0034741606,-3.7506046,0.38753828,0.68242866,31.051544,0.26920906,-1.0654047,-11.068866,15.659477,0.8277138,-0.37928858,-36.677418,-4.1422873,11.787505,0.011916934,0.010625404,0.119047135,2.488336,2.3510973,0.17733333,0.14585228,0.21312499,0.21568839,-23.875479
32.91643,0.03894329,32.57772,33.042904,33.560074,0.9823532,-12.452283,17.650675,13.770202,8.392056,0.6519062,0.4405462,0.33066937,0.6436013,0.8901593,0.55948997,6.9170866,4.177964,5.2344685,3.5919704,0.25816852,0.57883114,27.117449,0.5654243,11.372824,0.9017395,7.159011,1.5322092,1.1639719,9.697543,0.018383749,1.283247,0.9806256,0.75968724,8.384701,0.26939845,7.6165977,0.90416104,34.76789,0.15255594,576.30426,0.31268397,1465.3792,0.14835183,-105.84822,-0.8766609,1590.1252,0.13827041,1155.628,0.25445953,-111.68405,-0.7498546,2750.957,0.07218427,948.36646,0.34185004,-116.53902,-0.67659265,-17.731226,-0.3040722,29.990398,0.24052525,0.01726314,0.85911834,-0.021054178,-0.6344924,0.3177715,0.45534995,36.009575,0.29652524,10.255154,0.80697364,6.168048,1.9608346,-4.109029,-2.5711675,-11.38626,20.734627,-0.0026540752,-0.0016291334,0.20042539,3.7209303,3.1250002,0.15149999,0.11367827,0.1475,0.17073004,-22.60171
35.90344,0.10860524,34.619972,36.78745,37.727455,3.107483,83.277435,99.48372,68.74412,56.859413,0.74187297,0.52405447,0.29014653,0.7573056,1.1025507,0.8124042,7.0990944,4.979892,5.66315,4.7826123,0.29558182,0.84148765,19.726442,0.7620371,12.810086,0.8370835,-1.2258627,-12.4946575,-3.512983,-3.8861024,0.023726875,2.330636,0.85754573,0.91022056,9.528541,0.36762765,5.785598,2.074745,25.008186,0.54744834,754.66516,0.25857303,1367.1086,0.16598313,-98.39484,-0.94227666,1796.1688,0.13830708,1102.187,0.2474612,-100.471016,-0.8422247,2878.7688,0.086560145,919.0307,0.3303695,-103.94947,-0.78713137,-16.667023,-0.43897516,28.314892,0.3375544,0.058924507,0.33603123,-0.023238765,-0.5724008,0.36884293,0.67870814,27.165215,0.43308634,10.538435,1.1330714,-6.9977274,-2.4090629,-9.145287,-1.5739827,-9.233558,16.87149,0.025289455,-0.005650913,0.20419377,3.4594595,2.2826087,0.23904762,0.2214649,0.1865,0.1785574,-20.51843
30.696186,0.085328594,29.577984,31.119814,32.33266,2.7546768,49.75446,89.48589,73.48684,90.53462,0.6259849,0.74434346,0.18271925,0.5578847,0.96833205,0.7856128,6.6637864,4.0653343,4.158748,2.0715923,0.25868818,0.997137,22.06294,0.539721,8.123413,1.48122,7.2615037,2.617377,-6.0258775,-2.344796,0.02108719,2.0540693,1.1054535,0.7787872,6.3880563,0.4570094,4.545689,1.680657,26.506987,0.36675972,654.8161,0.2989883,1411.0598,0.1457109,-118.75566,-0.78784764,1682.7922,0.14964846,1164.7607,0.3317318,-121.569084,-0.71841234,2801.8596,0.09657239,875.6307,0.42877945,-124.34276,-0.6750143,-12.350974,-0.63405955,25.1136,0.32654232,0.04629204,0.4636877,-0.018037241,-0.95404553,0.41345897,0.6861267,28.42486,0.3712215,10.107664,1.331741,1.1386695,20.102455,-14.679057,-0.92344373,-9.221653,18.772387,0.008964244,0.003150596,0.14206405,2.006336,2.3354564,0.1759091,0.14720607,0.22173913,0.38524586,-23.213547
28.038424,0.04488819,27.054092,28.030838,29.18668,2.1325874,69.24175,83.00454,17.235218,6.2263494,0.6054511,0.37708583,0.42341125,0.5171527,0.78687125,0.36346,3.2783282,2.6256027,2.5806,2.2490118,0.2517812,0.4598816,25.058111,0.35459003,-0.98717904,-7.267279,14.172132,0.5908601,3.5750277,2.0501673,0.02424071,0.7202659,1.1124158,0.4957185,6.127671,0.20864515,5.700067,0.9182137,21.049995,0.3858504,791.64136,0.2827636,1348.0848,0.18141337,-172.18056,-0.37620443,1798.1461,0.13187325,1191.7499,0.30493566,-172.47551,-0.36023468,2776.642,0.08783925,996.5581,0.29112402,-172.80109,-0.35547552,-16.463211,-0.2788754,25.598276,0.20406663,-0.0041043498,-4.623102,-0.014171596,-0.96174973,0.40882874,0.24045534,29.098978,0.23436184,6.8657064,0.8754009,17.942924,0.7015889,3.0911126,3.7066748,-8.7076645,17.236477,0.0013992941,0.00077381957,0.2211094,1.4621742,0.8928572,0.17571428,0.15596311,0.8619999,0.79606694,-26.234472
37.760723,0.083227076,37.1356,38.103348,39.489754,2.3541527,155.42972,208.27255,95.72485,102.61658,0.85740393,0.52424514,0.4842197,0.71675533,1.203937,0.7197174,7.92971,6.713855,6.1795897,3.3822231,0.37317654,0.70125645,23.204582,0.35655963,5.4075575,1.7303871,7.575382,1.5520774,-6.5152316,-1.7348992,0.018624373,1.5168445,1.0546496,0.7309396,8.095469,0.33680776,8.20774,1.1354561,23.301075,0.3225986,685.1918,0.3162064,1490.555,0.14621642,-138.61641,-0.6292297,1657.4194,0.14118883,1229.4536,0.33334678,-130.60535,-0.6565285,2734.3386,0.10187692,951.429,0.41256338,-133.66718,-0.6122929,-11.803897,-0.5213848,24.235191,0.25242653,0.023447437,0.75028175,-0.016757686,-0.7290226,0.5332747,0.61513954,28.212103,0.23792174,1.3898201,8.092778,2.9937048,5.2794785,-14.789966,-0.7559085,-11.425352,21.208193,-0.0023692336,-0.005773919,0.2756248,2.5236592,2.2198732,0.16333334,0.16412348,0.25454545,0.2818563,-21.321815
31.368944,0.071296856,29.986576,31.593224,32.963806,2.97723,36.438786,35.661827,20.310434,14.561744,0.61210394,0.5297535,0.32472274,0.55319715,0.8739212,0.5491985,7.045026,5.547805,4.2016006,2.3654306,0.25993982,0.704962,25.60673,0.35403997,3.713726,2.7704065,5.5442557,2.3855057,-0.07470331,-129.48375,0.023386918,0.91740745,1.2462281,0.51268333,5.6024485,0.54421115,8.636159,1.0952253,27.876173,0.3233591,614.017,0.3596211,1461.0233,0.15974952,-84.44192,-1.0931776,1648.7604,0.13919713,1154.9443,0.26936334,-87.261696,-0.9729673,2705.7126,0.10151169,1033.2595,0.32216907,-91.49907,-0.89184976,-13.837215,-0.5305206,25.409071,0.28618926,0.053063978,0.33946988,-0.009924566,-1.3351893,0.34056258,0.5138305,29.128199,0.2761969,4.7409906,2.134457,7.1697087,1.9796166,-1.5651988,-6.47092,-7.9190674,19.038034,0.03355367,0.002268305,0.13240956,2.7144408,2.6200874,0.22666666,0.2403412,0.13416667,0.12342057,-24.799973
25.669846,0.09423646,24.35939,25.48354,27.121038,2.7616482,114.97762,112.802574,26.980518,23.374739,0.7016369,0.6000775,0.24352346,0.6589584,1.1148684,0.8713449,8.930799,6.727104,6.0754375,3.6593025,0.28633007,0.7954978,14.217478,1.2040888,11.749355,0.93634754,7.354826,2.278968,2.2141771,4.8350954,0.017399793,0.7748988,1.0305914,0.6240658,5.1096334,0.41192254,3.8012483,1.6234881,25.398636,0.38998508,620.6184,0.38386312,1298.0845,0.16219912,-131.93767,-0.67473763,1694.3033,0.1693767,914.3031,0.28920785,-135.89731,-0.60945106,2706.5457,0.13268575,936.6921,0.19094248,-136.69435,-0.5981055,-15.42915,-0.43530115,22.091963,0.34006533,0.034900628,0.66272026,-0.028759569,-0.6227199,0.42294085,0.3750383,28.648771,0.34890696,12.509381,0.96573216,10.219975,2.0435977,1.1241719,12.441738,-4.261542,10.4231415,0.03357655,-0.004030376,0.2137942,3.8007865,2.5065963,0.1331579,0.111593835,0.23299998,0.32338986,-23.446651
34.162697,0.08690341,33.031036,33.7162,34.737244,1.7062073,316.8129,638.8171,48.765408,49.923927,0.7889073,0.5546593,0.3800637,0.6813957,1.1872126,0.8071489,11.123237,5.5168147,9.283323,5.2016516,0.40526614,0.751317,21.64518,0.64634144,10.012045,1.3523161,2.6029818,5.0503244,-0.890886,-13.314471,0.023808561,1.5738248,0.97582394,0.9870557,8.960548,0.32972392,14.148251,0.6979675,31.10172,0.36818948,755.6625,0.35743454,1460.9785,0.20970616,-107.780685,-0.8628099,1792.8729,0.15290743,1187.4366,0.32360354,-104.384705,-0.8364653,2861.749,0.100632824,976.1505,0.33017072,-107.16116,-0.78761095,-17.006363,-0.4398745,28.96769,0.22391813,0.07693883,0.15966551,-0.017831093,-0.70099235,0.5505104,0.52935386,31.336784,0.22323975,3.7158682,3.5888445,0.9904774,15.600352,-3.6186125,-3.4895377,-10.309445,17.180979,0.05829618,-0.008890899,0.23599166,4.474273,3.393665,0.144,0.117462054,0.121874996,0.03908624,-18.503393
31.3777,0.08554352,29.303421,31.649933,33.51165,4.208229,115.81627,229.40826,60.237186,47.09716,0.75381124,0.73547214,0.23496804,0.6130398,1.2859408,1.0509727,9.522358,7.566077,7.827967,7.61411,0.30907765,0.8991477,24.710197,0.5101462,13.266952,0.83725774,2.501445,6.8469667,-3.0971258,-4.303028,0.019950556,2.2889426,0.6667285,0.9412336,8.072967,0.4006705,5.5461674,1.457773,31.098478,0.37558308,610.94714,0.35384724,1389.1436,0.14634264,-115.770546,-0.81110436,1702.1868,0.16720566,1080.9598,0.23818186,-118.332504,-0.7319417,2787.3127,0.10249041,999.1359,0.27518368,-122.09728,-0.6757118,-15.4953375,-0.5338433,28.404297,0.35870254,0.05363382,0.39679968,-0.028073613,-0.69610184,0.47042504,0.57312906,31.836483,0.34598625,12.454751,1.0496808,-0.24915826,-87.31167,-8.679398,-1.6881181,-11.797036,21.059195,0.023213558,-0.00624568,0.17352934,2.4026513,1.9983349,0.22083333,0.16449206,0.25958332,0.31637898,-19.88005
28.104588,0.05651437,26.865963,27.769876,29.815014,2.949051,29.714815,27.232143,27.658981,26.572748,1.0496689,0.5281446,0.57389253,0.8476266,1.6251382,1.0512457,12.120148,3.8014855,8.557374,3.1947725,0.5062254,0.64718115,28.898315,0.44679698,-1.1887413,-9.599057,6.6279597,1.85818,-4.3012576,-2.23483,0.017719135,1.1184859,1.0556216,0.78936195,6.1008286,0.33267924,-0.23660947,-21.492397,23.832361,0.5427777,587.2157,0.43443948,1363.5289,0.14645934,-96.14983,-0.9885537,1594.5919,0.15796906,1147.619,0.32696083,-100.61094,-0.88637483,2648.6006,0.122994065,1054.4119,0.29915816,-105.818085,-0.7978116,-11.488086,-0.4261856,24.253275,0.20820388,0.045287274,0.43027645,-0.01739101,-0.8097723,0.68784374,0.4579935,37.924625,0.18943326,-6.2732267,-1.6823865,8.308029,1.7741938,-6.682125,-1.6197594,-7.687303,15.916732,0.020807985,-0.0040980484,0.30808595,3.4802785,2.8169017,0.18083334,0.059785496,0.15416667,0.08169641,-18.244486
34.16409,0.14088486,32.424973,33.433685,34.38544,1.9604683,16.051212,13.181468,216.12947,212.3604,0.7732752,0.49399883,0.41534922,0.67830473,1.1472907,0.73194146,7.784837,5.96223,7.0142236,3.958335,0.29905146,0.6567339,21.372305,0.56187564,12.20155,0.8603354,0.8214603,13.921323,-4.785529,-2.6877294,0.016377898,2.5731232,0.80966246,0.8510929,8.732832,0.30297017,3.9728978,2.3114862,25.320623,0.34865028,614.8328,0.30363297,1380.4012,0.2434939,-117.53194,-0.79326475,1697.123,0.15266393,1117.6898,0.3497401,-120.828384,-0.71735156,2744.059,0.1047733,1004.47363,0.34713104,-122.59404,-0.68540007,-15.002453,-0.4834632,23.992495,0.34689605,0.047544703,0.3732708,-0.0360923,-0.36289522,0.42772898,0.46700782,29.027372,0.30218577,9.036767,1.3186055,0.39687866,37.49937,-10.113321,-1.534784,-10.728673,17.759714,0.024685081,-0.018262966,0.19873434,3.6775107,2.2792022,0.185625,0.14039981,0.21882352,0.1979567,-22.07687
33.49584,0.06701587,32.958687,33.85821,34.68928,1.7305946,134.80156,126.4026,21.96766,18.40237,0.393127,0.44727895,0.24563469,0.3608466,0.5331556,0.28752095,4.179823,2.5463607,3.6816943,1.6798604,0.1467334,0.6961829,22.417221,0.6394833,11.767758,0.8400901,6.4784136,2.0973868,-4.6973524,-2.348797,0.0385427,1.5693932,1.3819181,0.65495634,7.489006,0.44677633,2.084991,3.7716122,26.68294,0.23397203,620.3252,0.30338007,1368.6315,0.10698936,-94.8369,-0.9430832,1706.4382,0.14304085,1085.1787,0.28544357,-101.14947,-0.79032403,2769.9812,0.08487539,872.44196,0.28948358,-103.3815,-0.75272226,-19.574682,-0.2865744,28.943321,0.26011413,0.05751112,0.30476448,-0.026952034,-0.5110946,0.18998055,0.5447036,30.919825,0.31970242,13.046787,0.7077743,9.934915,1.3707106,-7.6754823,-1.5392442,-8.115092,15.597785,0.04737703,-0.008104357,0.089911856,4.6908317,3.2327588,0.17,0.1065833,0.11125,0.06411659,-28.190838
22.835659,0.08223255,21.525797,22.516853,24.0538,2.5280037,58.45661,83.49216,21.05324,23.07797,0.55784065,0.5920764,0.22897401,0.5464783,0.84598005,0.61700606,6.752445,3.570296,5.6808386,2.9605892,0.2522148,0.7824066,25.325232,0.5496829,5.2675033,1.8798157,19.144691,0.8291413,-4.8757873,-2.9105792,0.01715854,0.7689839,1.3918483,0.58970374,3.410157,0.5891312,-0.92402333,-6.897492,20.657448,0.367052,536.452,0.34475732,1334.3303,0.17593601,-117.35981,-0.7959709,1614.9358,0.16284652,1004.2031,0.29955876,-124.265785,-0.6852136,2620.1523,0.14441165,962.196,0.30312333,-125.88456,-0.6608835,-17.858883,-0.2630988,22.64527,0.2064651,0.029533066,0.58489764,-0.030364573,-0.59899545,0.37749898,0.4930348,35.512886,0.24344192,4.234367,2.436295,21.925245,0.8013134,-13.224258,-1.0460203,-9.53794,16.17147,0.01627637,-0.0031625226,0.165725,4.1144905,2.8880866,0.13625,0.08788309,0.17823529,0.1678667,-24.215593
31.236341,0.08940588,30.28211,31.29375,32.826973,2.5448627,138.64807,143.46085,40.1962,29.71389,0.55187094,0.64863306,0.24497491,0.4330338,0.86849594,0.62352103,7.23167,5.5022984,4.8500013,3.2794771,0.23913865,0.99447125,22.40169,0.6745803,9.21749,1.1203197,11.403864,1.1178004,-8.529836,-1.4967184,0.02665355,1.033445,1.042617,0.7463822,6.906796,0.37706268,4.429967,1.6444066,29.148106,0.31911132,632.48267,0.24509904,1362.9929,0.16465198,-151.73758,-0.5372603,1727.0697,0.14849743,1056.2012,0.39247078,-154.925,-0.48085606,2820.43,0.07617724,830.878,0.36672544,-155.91058,-0.46673015,-18.976183,-0.37380975,27.894241,0.30643907,0.033347655,0.64342785,-0.04007357,-0.4047049,0.5223516,0.49940264,38.035973,0.2442885,8.260218,1.4291387,14.811495,1.1632568,-21.937935,-0.61120325,-10.087493,18.194368,-0.0020425688,-0.008019932,0.13845614,2.6294165,1.4026402,0.17882353,0.15597443,0.48499998,0.6099021,-23.441643
34.865265,0.06478024,34.18402,35.079563,36.30703,2.1230087,283.4372,393.04816,17.432762,18.7386,0.6096294,0.57044053,0.3424368,0.47971138,0.8594019,0.5169651,5.609821,3.5973682,5.4759912,3.419496,0.24307603,0.6884727,21.953882,0.4641372,8.240193,1.2942262,7.490473,1.4293854,-6.0489774,-2.2391255,0.013162545,0.7625118,1.0178078,0.75585264,7.833391,0.331504,9.381756,0.9294058,29.11345,0.34489754,704.7981,0.26042837,1398.5471,0.15486853,-145.06134,-0.5967961,1762.9951,0.13820241,1152.5477,0.30486077,-144.59468,-0.5644055,2801.199,0.1044439,1034.9926,0.37768313,-146.5113,-0.53719926,-12.6075115,-0.5633265,23.817842,0.40214938,0.057824112,0.2509427,-0.023875227,-0.61056924,0.3951498,0.46782073,29.178122,0.29527038,2.587159,5.247881,3.2882464,4.7554874,-20.078373,-0.68438345,-11.181803,18.84158,0.032196388,-0.009464334,0.1767078,3.060306,1.7179024,0.17,0.12965542,0.372,0.39274165,-25.226969
33.624847,0.09219374,32.38103,33.47856,35.131214,2.750183,114.149376,149.11047,75.82248,63.486534,0.6602042,0.6355124,0.25340992,0.5568659,1.0893631,0.8359532,8.021849,7.5445037,5.730062,5.3453984,0.30472097,1.03137,26.048882,0.6174207,11.872582,1.0548484,9.241154,1.3019704,-4.615943,-2.5189314,0.018750327,1.8673902,0.7942695,0.9886672,9.0600195,0.3619495,11.200591,0.7455033,33.86105,0.32082954,588.02545,0.326093,1403.5475,0.12372539,-117.321014,-0.8007592,1703.2643,0.1508333,1145.8514,0.2753906,-122.47639,-0.6814352,2745.809,0.091430366,975.5855,0.3007388,-123.747,-0.6620997,-21.888117,-0.36210853,30.500233,0.3359851,0.052416366,0.35563952,-0.030678334,-0.4763108,0.4454679,0.6706171,35.90964,0.29406816,13.1870365,1.0154101,9.143375,1.3899462,-7.8254113,-1.588425,-11.191237,18.90627,0.019766672,-0.008777329,0.1902834,2.892885,2.0408163,0.21153846,0.23192659,0.2580769,0.2641098,-19.237844
26.652136,0.08808152,25.217855,26.388374,27.768509,2.5506535,22.774305,6.7320776,26.9025,22.251755,0.7581731,0.49363446,0.36178803,0.73867106,1.1328578,0.77106977,7.970337,5.165245,8.369397,4.8761663,0.2943715,0.7096367,17.20099,0.8895746,11.676068,0.9322768,5.476184,2.1584845,-1.4343514,-7.960451,0.019293418,1.0540563,0.8899116,0.785525,5.3897953,0.4562528,4.673781,1.2428747,25.545496,0.26802093,575.40137,0.34591022,1362.0594,0.13300043,-127.241844,-0.7151234,1647.2855,0.18105137,1028.1624,0.24615079,-130.96182,-0.64899254,2683.0784,0.0844038,900.5044,0.35907423,-132.95999,-0.6195465,-14.837983,-0.43345767,22.737389,0.26602563,0.033755966,0.5249505,-0.027453486,-0.6224711,0.42054546,0.43281904,28.805937,0.40146306,11.9702015,1.0653682,7.217983,2.2134738,-2.5591862,-5.924395,-6.4210224,13.306202,0.023374336,-0.0073644854,0.21968389,4.4058747,2.2849462,0.15823528,0.13120416,0.2582353,0.30306736,-22.764088
27.47248,0.145562,25.349907,26.401075,28.421423,3.071516,267.7773,539.5271,54.110294,44.241913,0.90472645,0.47489995,0.4402299,0.95004016,1.2928268,0.8525969,8.905294,7.4751754,8.346599,8.131833,0.43237668,0.76855195,19.574413,0.8547737,19.520971,0.5422992,2.8095567,4.473432,-2.8649013,-4.56924,0.017152427,0.98499763,0.9980777,0.9198414,5.9067965,0.43509802,0.9591448,7.127975,29.401627,0.29449168,612.53253,0.36179814,1363.4855,0.13275346,-103.903336,-0.8961316,1685.1198,0.18077196,1063.1051,0.3269461,-109.22253,-0.7777849,2782.086,0.11710099,951.0135,0.27167162,-112.70845,-0.72295946,-18.652832,-0.338766,28.137129,0.25552636,0.04674725,0.39196208,-0.030173283,-0.6080096,0.51746184,0.48666456,29.20778,0.33377466,21.096899,0.3865579,0.97652644,15.064987,-5.1859097,-2.9415808,-7.9943986,15.113201,0.036163673,-0.008542736,0.3493148,4.181601,3.125,0.15346155,0.15163068,0.14576922,0.19052908,-19.223026
24.4584,0.06760275,23.657364,24.094358,24.976116,1.3187523,105.330696,216.80374,29.600653,36.34369,0.7673981,0.48961633,0.35949492,0.78965646,1.1198328,0.7603378,6.1563773,3.2891948,6.4700866,3.8733077,0.32322872,0.69376814,19.192265,0.80005074,13.8134365,0.7781038,5.15228,2.372003,-6.235909,-1.3622149,0.01613919,0.92719847,0.9115982,0.6859525,4.6204605,0.4374005,1.4451718,2.5204864,26.651136,0.2192497,602.0334,0.3544749,1326.5365,0.159299,-128.93788,-0.7076838,1662.156,0.16020855,977.2052,0.29804778,-133.41455,-0.63392025,2715.392,0.10760979,885.9213,0.30526885,-135.42972,-0.60553485,-16.700258,-0.28083917,24.518606,0.21479282,0.043758657,0.42248544,-0.033762995,-0.42186388,0.5071456,0.39355963,32.97469,0.29619902,8.425531,1.0077165,11.02422,1.1250917,-3.886127,-2.3504813,-8.693755,15.59996,0.037647456,-0.01807961,0.22038111,5.12,2.419355,0.14199999,0.11708685,0.235,0.29169762,-21.513775
33.45132,0.07075007,31.666803,33.36281,35.18328,3.5164776,25.250336,23.78172,31.874437,34.98879,0.7269673,0.62184733,0.31470084,0.60480124,1.1651568,0.850456,11.9066,7.549894,9.4005,6.096499,0.34905568,0.908779,26.420963,0.55578864,9.111745,1.2568654,6.3631697,1.8447334,-10.092017,-1.715034,0.0140845645,0.9368524,0.919769,0.85332435,8.422722,0.33603388,5.7093587,1.549989,30.496744,0.28596243,625.9924,0.28573522,1390.8411,0.13427834,-105.64206,-0.89787555,1717.0259,0.13790075,1013.44196,0.2737391,-111.19737,-0.7740824,2829.6167,0.08501194,895.29333,0.35434192,-113.884674,-0.7310789,-17.771048,-0.352022,27.00319,0.28826272,0.06665707,0.26850617,-0.041782364,-0.36568186,0.52142555,0.67435825,33.540894,0.30549192,6.906892,1.8505801,5.4484506,2.3675244,-20.697124,-0.768049,-11.803189,19.06092,0.03978375,-0.01831615,0.18281999,3.9187229,2.777778,0.16947368,0.13148838,0.16149999,0.16380705,-20.10208
30.366861,0.04401394,29.447819,30.309887,31.283318,1.8354988,73.53387,94.01391,-0.12670898,18.135271,0.5981518,0.49310207,0.35001785,0.5216474,0.826802,0.47678417,4.994123,3.1783774,4.042537,2.4236696,0.28128543,0.58633804,29.689684,0.33953553,9.222299,0.95555216,12.351809,0.8222983,-5.6669765,-1.9392089,0.022611622,1.087801,1.0888844,0.6922222,7.2093716,0.31342697,3.3801277,1.9780544,31.995256,0.23443304,565.9966,0.3041539,1448.238,0.11271527,-133.26443,-0.6726108,1648.1041,0.14422254,1129.7028,0.2153443,-137.11972,-0.5959209,2750.571,0.09161087,945.0732,0.28962266,-139.16609,-0.56718284,-18.826351,-0.27834028,28.640175,0.22506957,0.05447399,0.27743307,-0.03415938,-0.40675235,0.41139346,0.39646214,37.377895,0.21442983,9.549316,0.89757544,13.462282,0.9455196,-13.150183,-0.8679715,-14.2810135,22.070051,0.034705933,-0.01594143,0.20948161,3.1431897,2.1077282,0.1611111,0.13609184,0.2773684,0.2807854,-23.019667
28.93239,0.05963832,27.619232,28.874405,30.361252,2.7420197,21.413372,8.501115,10.264324,7.01066,0.49502614,0.56008655,0.23117055,0.4686983,0.7427949,0.51162434,5.6085057,3.335846,3.6529977,2.1645,0.19492108,0.7896838,29.020996,0.42460087,1.3284837,8.684878,10.557734,1.2672096,0.3923995,31.06995,0.021011923,1.0636773,1.1036804,0.6466192,6.0152297,0.4357509,6.295097,0.9392319,28.733717,0.31387478,645.9593,0.3037134,1406.5406,0.13509078,-102.684586,-0.9045267,1685.0493,0.13482966,1133.0541,0.28527412,-107.991875,-0.80209875,2754.5266,0.08616645,965.5191,0.3245558,-110.992714,-0.75424504,-16.129164,-0.41626886,26.650614,0.27154368,0.035386804,0.6143388,-0.015878793,-0.88947064,0.2815527,0.5045706,37.174656,0.21357739,2.2587986,5.2808743,14.401356,1.0514622,-3.4920752,-3.6219962,-8.122044,18.223331,0.013994077,0.0061520957,0.10439571,3.057325,2.0512822,0.24249999,0.15998046,0.21117647,0.17782615,-26.110756
32.268654,0.084706396,30.55158,32.533966,33.80698,3.2553997,110.78722,171.35287,72.96241,77.849724,0.6614535,0.6833231,0.26977476,0.48176217,1.0963818,0.826607,8.258247,5.75109,7.015442,5.399546,0.2721191,0.9128229,21.836294,0.5760405,9.837044,1.0594586,-1.7859151,-5.730493,3.3933415,3.4608219,0.034552433,2.0346456,0.98078007,0.8797911,7.6234093,0.3710018,2.1990926,3.7399402,28.163546,0.33944607,574.47375,0.39443785,1335.6647,0.1322428,-134.37898,-0.66501045,1574.0688,0.16712235,1055.0825,0.23359588,-134.71918,-0.6274131,2643.2178,0.13130794,963.0082,0.29541928,-138.69379,-0.57247174,-14.762815,-0.37603357,27.362518,0.24539037,0.055175375,0.36288536,-0.02500617,-0.59430724,0.48917243,0.4845168,32.50292,0.32992116,9.378296,1.106284,-5.757791,-2.2261124,0.8976193,16.532185,-9.229859,19.11196,0.026435824,-0.003218463,0.15078585,3.0705395,2.001668,0.17166665,0.1456785,0.2952,0.28523842,-21.44832
34.12702,0.07669091,32.712116,34.48015,35.56859,2.856472,163.61932,149.83264,50.353638,65.266174,0.6788266,0.64625037,0.29727685,0.565727,1.0381387,0.7408619,11.454148,5.9891477,5.3383293,2.986326,0.30987337,0.818544,28.15519,0.42099234,-2.1978629,-5.5227733,9.27164,1.4778271,-8.542808,-1.8645222,0.04081048,2.0025039,1.3611059,0.6993814,6.3413787,0.542298,6.8521113,1.2839592,25.281874,0.3007238,600.0861,0.3579377,1402.5864,0.13602237,-85.68605,-1.059977,1625.0656,0.13641492,1159.2985,0.3528825,-87.532684,-0.9468133,2677.659,0.09159936,1039.1235,0.44263056,-91.15773,-0.8792159,-14.01373,-0.4554377,24.150068,0.3025933,0.056197904,0.37085092,-0.017537842,-0.81686383,0.39629853,0.61567646,32.65353,0.30276525,-1.5172807,-9.106546,10.858711,1.4334269,-10.892857,-1.6605332,-7.4199295,17.087742,0.035338245,-0.00261991,0.17158033,2.9668412,2.640845,0.22866666,0.16696773,0.12866667,0.09098473,-22.746592
37.801105,0.11519113,33.812492,39.422592,40.206528,6.3940353,184.05391,279.81342,55.858414,59.751743,1.0529071,0.49747378,0.47892025,1.030982,1.6124194,1.1334991,8.955391,6.134139,8.01833,8.035553,0.42380774,0.796133,19.186033,0.7224621,8.183112,1.4064488,-6.736184,-2.0761814,-7.3405404,-1.7198923,0.02121047,1.786495,0.9764935,0.78239,9.291428,0.49987227,4.792195,2.3134701,23.397802,0.41899076,814.19794,0.20272847,1328.2717,0.18471639,-81.69275,-1.0885181,1843.6367,0.12044017,1072.7661,0.33688167,-83.72241,-0.97595894,2887.015,0.0738714,968.20404,0.3051921,-88.3324,-0.88719493,-14.729079,-0.4881452,26.291407,0.3405003,0.05743905,0.29739872,-0.02659704,-0.50385386,0.46460062,0.65946203,24.877222,0.41723198,5.693282,2.0065854,-10.504873,-1.4579959,-9.655073,-1.3605435,-7.4498262,14.260013,0.03640833,-0.012421536,0.352584,3.687151,2.027027,0.31555554,0.30793616,0.15777777,0.119375944,-16.857557
24.894838,0.1023637,23.159668,25.132328,27.072271,3.9126034,21.504477,7.424577,18.207209,10.417161,0.61870193,0.7670397,0.16684219,0.53385746,0.9335416,0.76669943,7.5616684,4.155525,6.2658834,3.4120731,0.32525086,1.1526569,26.614758,0.55861115,6.360553,1.8686512,16.07633,0.6752166,-4.4234443,-2.720025,0.022470957,1.0182213,1.4114293,0.6838535,4.1883097,0.5663508,-3.4118488,-1.444911,21.368793,0.37361926,586.4563,0.32829908,1292.9701,0.14246048,-103.04227,-0.90486526,1674.582,0.16538054,995.7749,0.2779047,-110.46053,-0.7727018,2692.206,0.11022852,968.68713,0.38593814,-112.70787,-0.7376734,-18.774868,-0.31564102,25.062798,0.2541963,0.037469424,0.6620687,-0.03386667,-0.5894183,0.51142025,0.7965333,35.86343,0.30203977,9.796936,1.1443137,15.45358,0.83028764,-8.468953,-1.6374906,-7.596221,14.783287,0.031945214,0.0024685073,0.13728115,2.8263795,2.303523,0.21117647,0.16135027,0.1911111,0.44852698,-20.740557
33.75207,0.16295935,27.24375,35.69542,38.647785,11.404036,215.1156,333.27942,89.97429,91.568375,0.9260338,0.6103564,0.34453726,0.81979513,1.4890352,1.144498,13.149962,8.965302,9.885463,6.234155,0.43601444,0.79939604,18.952806,0.7909413,9.447291,1.3769814,7.9529343,1.53163,-5.394979,-1.84911,0.043432023,1.4299468,1.0706857,0.86401576,6.9669704,0.58120364,7.043581,1.207069,20.614244,0.40303907,618.0606,0.37933514,1302.2025,0.15992679,-126.74704,-0.7301734,1676.2539,0.17517415,911.2857,0.27994066,-121.94901,-0.72545624,2697.6467,0.12401448,933.71375,0.3188618,-122.639175,-0.71456623,-15.283612,-0.45868248,21.456085,0.34118092,0.060226448,0.3550329,-0.030482385,-0.4813994,0.692396,0.463674,27.117765,0.3674752,2.2014213,5.9659996,9.227797,1.8069587,-9.103054,-1.3082236,-9.12016,15.925208,0.02789816,-0.015428512,0.24867311,3.121516,1.6816143,0.24733333,0.21662462,0.30625,0.41034853,-18.671297
35.868572,0.077640824,34.501556,35.582226,37.393555,2.8919983,149.67683,159.27794,46.74246,51.85323,1.0467448,0.43351275,0.66944957,0.9317561,1.396417,0.72696745,9.027273,7.4573164,7.9137874,4.4243774,0.5399346,0.7442604,28.462822,0.41650093,-5.5947423,-2.086452,3.1157835,3.9148126,-13.445678,-0.8390329,0.019511716,1.5537099,0.93711436,0.6108835,8.58933,0.36554173,8.249409,1.2469282,27.763235,0.3129476,657.9078,0.3235492,1413.3127,0.1660554,-126.22202,-0.7235796,1701.5913,0.15929796,1091.3739,0.27253744,-123.61913,-0.7007814,2759.0303,0.09280348,994.66003,0.3867917,-126.70601,-0.6560797,-14.437484,-0.4653302,26.46727,0.2756077,0.065371744,0.27090138,-0.023383176,-0.5512799,0.7511339,0.5890863,35.598995,0.24237739,-4.4944468,-2.4453409,6.313614,2.3042629,-19.193346,-0.61627334,-7.197674,17.270576,0.04300418,-0.012997446,0.38882485,2.4582105,2.0812685,0.1942857,0.18290175,0.25363636,0.26523653,-18.102413
34.58358,0.068844445,33.249664,34.666435,36.133224,2.8835602,95.71509,108.576485,38.152283,45.005795,0.82640946,0.5222832,0.39107037,0.75337696,1.2461557,0.8550854,9.28765,5.483044,7.230175,4.398043,0.36372656,0.7427803,19.979912,0.6689022,15.029776,0.70089424,1.905855,6.4458523,-11.740182,-1.1692863,0.024814568,2.782288,0.7738051,0.81538266,9.141222,0.30815002,7.238849,1.0648308,30.288109,0.2921615,656.6393,0.27141654,1375.6082,0.14167508,-122.89109,-0.745329,1750.3452,0.16924813,1011.11865,0.34780195,-125.201836,-0.6733511,2834.8943,0.09540182,926.68896,0.35289285,-127.57058,-0.6383762,-17.5837,-0.39233547,27.008179,0.2685783,0.058157455,0.2790829,-0.036838334,-0.29810485,0.5146258,0.47789037,28.042162,0.3386575,15.04053,0.780957,-0.53256553,-27.44278,-19.266113,-0.7592835,-10.382545,15.829812,0.032453824,-0.021838203,0.25625908,3.7943697,2.4630542,0.16299999,0.10977704,0.222,0.28835046,-20.448715
33.108746,0.07817103,31.39881,33.025814,34.932625,3.5338154,47.373844,83.70128,34.064545,22.438492,1.1226826,0.5750493,0.38552237,1.0528764,1.7946358,1.4091134,14.56588,10.128031,13.88694,6.980114,0.5429362,0.8861892,17.274187,0.7995808,10.489264,1.1097951,-1.0564992,-13.372211,1.0773412,10.089956,0.019426111,1.1596768,1.1194997,0.9247311,7.4853635,0.3881242,4.9859757,1.6441083,21.774574,0.36437684,605.78314,0.29548103,1468.9393,0.1546698,-113.75427,-0.81882167,1642.402,0.14569335,1036.6608,0.21776073,-114.32641,-0.77429086,2693.61,0.09750538,1014.8467,0.32470867,-117.605446,-0.72119695,-9.817096,-0.5898499,20.680313,0.35255647,0.045557298,0.49771252,-0.021861086,-0.5395958,0.7488664,0.5118029,24.502298,0.41063708,4.9461784,2.2570944,-5.824681,-2.8914628,-2.717311,-4.3487,-8.573667,15.785563,0.018470202,-0.01076767,0.3696796,4.5234246,3.0944626,0.14,0.07960428,0.1545,0.19676065,-18.571081
35.283985,0.04895651,34.143898,35.54031,36.5486,2.4047012,247.39822,415.02332,25.851885,21.266949,0.4309012,0.50967664,0.24566656,0.3736596,0.58602023,0.34035367,4.8250537,2.9311986,4.3649325,2.2503448,0.13383351,0.6617898,22.406927,0.53643334,6.670276,1.643684,5.89894,2.0883305,-4.611709,-3.5891752,0.021760376,1.2837237,1.123851,0.6956359,8.983167,0.3110275,5.010315,1.7433988,23.593735,0.28170347,616.66766,0.35598853,1388.5323,0.13207144,-102.63002,-0.8789076,1635.9553,0.14737256,1078.2566,0.30410388,-100.68377,-0.82946175,2750.8406,0.078540556,817.4615,0.30714175,-103.53943,-0.78074795,-15.0917,-0.36644235,25.450958,0.25349516,0.052338578,0.37885693,-0.017052745,-0.56873065,0.1700223,0.52202356,29.18878,0.24330294,4.1146393,2.6944726,8.234419,1.631272,-13.048161,-1.2079618,-8.343133,15.937136,0.03271172,-0.0025289299,0.0900485,4.6511626,3.4188035,0.154375,0.08388748,0.11058823,0.08460779,-29.223946
39.046707,0.06764977,36.824097,38.45483,41.562523,4.738426,52.837063,57.42257,59.156033,68.88322,0.80931306,0.55874926,0.4673011,0.63493866,1.2450982,0.7777971,9.571039,7.2730513,6.7749996,3.0441399,0.39744192,0.7652973,24.316916,0.42453212,2.2614193,4.9575877,2.056334,5.9035444,-9.612466,-1.2404151,0.016510328,1.0197982,0.9520823,0.8762524,10.113294,0.25367615,11.341551,0.797974,26.518833,0.41126946,721.9509,0.28121004,1426.3827,0.15527384,-128.93573,-0.69920087,1774.6433,0.12361551,1073.8206,0.27975547,-121.897545,-0.7050013,2823.7202,0.09439521,980.27313,0.3602433,-125.00892,-0.65865207,-14.278372,-0.48690653,25.383152,0.33301902,0.06631565,0.28175417,-0.026851088,-0.46423846,0.5964144,0.5339963,29.773298,0.30443108,-2.915399,-4.4186497,-0.17679891,-93.02837,-16.207851,-0.8510664,-11.061599,19.129158,0.04926262,-0.017067488,0.2455348,3.2509754,2.6178012,0.15699999,0.11824128,0.1947619,0.22190987,-20.132767
23.894081,0.108171254,22.439611,23.39429,24.302097,1.8624859,178.5843,310.06073,18.658472,13.557402,0.92208093,0.52795064,0.38244072,0.95811325,1.4044535,1.0220128,8.107682,5.9934535,8.614199,5.559441,0.33279613,0.67801446,20.089108,0.6748206,4.986805,2.2343085,2.6109662,4.889555,-7.6093807,-1.4611181,0.019085327,2.1203701,0.75816774,0.9080729,3.7589867,0.5874623,-0.69168,-8.056137,14.782259,0.38562763,611.529,0.36978307,1296.3812,0.14565775,-113.442055,-0.8291182,1701.2805,0.20098522,917.65234,0.27088237,-116.3446,-0.76855975,2675.5815,0.09203888,941.1202,0.36453784,-118.150345,-0.7398652,-11.045659,-0.4726462,20.261295,0.29226,0.04410394,0.29331836,-0.029654542,-0.52243227,0.4525904,0.46079537,29.35126,0.29390028,0.735946,16.019615,5.1121254,2.6876738,-10.94489,-1.1329628,-6.700001,14.848696,0.036085583,-0.008622038,0.24035186,4.076433,2.9525032,0.14130434,0.1397608,0.17739129,0.13661173,-21.44513
30.819666,0.110599525,28.481085,31.054708,33.27972,4.7986355,45.39881,38.264328,31.059784,18.080591,0.43507504,0.7210579,0.22105224,0.2991792,0.64093226,0.41988003,5.0406013,3.9928958,3.2312229,2.3390396,0.14582077,1.1787627,20.927286,0.45315832,-4.43262,-2.0951598,15.725561,0.6415761,0.42103752,24.158533,0.017823258,0.91379464,1.0807145,0.63065284,6.9249487,0.3633882,2.3226955,3.4999406,23.866127,0.39204177,584.7358,0.34917146,1367.235,0.14974743,-150.95824,-0.54882205,1631.754,0.13961087,1123.9666,0.27441317,-152.8179,-0.5076709,2661.2136,0.104524344,1023.922,0.29424095,-154.42152,-0.4853774,-15.575646,-0.34764004,23.984272,0.28399408,0.03656478,0.6674411,-0.021638159,-0.73771405,0.35070404,0.54416513,32.956875,0.26640972,2.0450537,4.9913373,13.227784,0.9943735,-4.8095865,-2.7523766,-3.9006681,10.657294,0.009929213,0.006999901,0.070997596,1.2130035,1.1673152,0.21958333,0.1900105,0.592,0.84166026,-26.379744
32.879032,0.12160074,31.108452,32.33755,35.432594,4.3241425,474.97888,486.83023,100.93536,166.89825,1.0161455,0.42096576,0.6094519,0.9310732,1.4615018,0.85204995,10.228234,6.892489,8.153428,4.539923,0.4816402,0.54155684,21.225489,0.5742373,12.0142565,0.8605783,1.7238507,7.807958,-12.700163,-0.8791062,0.034165923,2.3843243,1.1419246,0.6834557,5.955418,0.4986032,1.3355751,5.3510447,24.437704,0.33628717,585.9876,0.30682117,1394.8467,0.14410992,-95.084694,-0.96846884,1648.6985,0.1554635,1046.8083,0.2623755,-99.074974,-0.858854,2723.114,0.08440525,1013.17395,0.40779972,-102.50887,-0.800494,-15.199452,-0.37829772,24.645554,0.2781717,0.06269844,0.26819167,-0.03516948,-0.4257784,0.5707894,0.46978232,27.213594,0.34557703,9.870627,0.9981155,2.0608528,7.3806825,-15.229902,-0.73710346,-10.92017,17.62694,0.05339884,-0.026256269,0.37819383,3.8297875,3.7142856,0.14,0.12465336,0.109230764,0.06360473,-19.786951
32.721474,0.046453334,31.192783,32.52341,33.896458,2.7036743,86.14738,102.82789,22.910147,19.011026,0.78737575,0.45675823,0.43902618,0.736214,1.1316106,0.69258446,5.526664,4.2265244,5.3842416,2.8038743,0.30201805,0.8479369,18.950457,0.8311124,14.53996,0.8793689,1.9131724,6.4191,-1.364731,-9.415334,0.01695142,1.1908952,0.80910504,0.86054015,8.576779,0.33881018,4.830653,1.2229902,26.361792,0.29548475,641.9147,0.27692315,1409.5863,0.1347507,-108.4973,-0.85400796,1696.856,0.15360306,1153.1042,0.29722086,-113.208984,-0.7570492,2771.2505,0.08456598,929.94507,0.33454174,-116.24081,-0.7094097,-15.856688,-0.44167367,27.06927,0.25496885,0.046761405,0.32408398,-0.024606572,-0.62412786,0.3550176,0.5893602,29.991907,0.3081054,12.580673,1.1081699,2.1944246,6.1203794,-4.187761,-3.5682154,-8.063756,15.640369,0.031414513,-0.0075506372,0.2520419,3.1639504,1.8304431,0.26210526,0.1449711,0.2505,0.20790564,-21.811354
32.39745,0.10886652,31.145123,32.362934,34.032837,2.8877144,68.10621,69.25327,42.27895,30.616323,0.7555805,0.6214704,0.29506522,0.69189554,1.1687483,0.87368304,9.81885,7.9383907,8.283447,7.2914515,0.37476185,1.0302162,22.103537,0.74131614,9.915585,1.3396103,7.8900614,1.9077592,1.7546244,8.125401,0.020555597,1.67004,0.8573197,0.93170106,7.6694956,0.3856213,8.64168,0.9379968,29.393925,0.3872952,629.88464,0.34664688,1321.5112,0.15266252,-120.80469,-0.7695291,1769.8676,0.1729213,953.2953,0.3361688,-125.04308,-0.67801297,2784.7622,0.115698926,995.13135,0.32651538,-126.41882,-0.6588486,-17.636469,-0.48922935,24.977064,0.4006762,0.042440955,0.52324325,-0.030099591,-0.5625406,0.56372184,0.6316769,33.15364,0.31063062,10.684218,1.2834072,8.760041,1.9604614,0.32648557,44.825554,-8.167902,15.958272,0.011180661,-0.0050257975,0.23788628,3.0599754,2.093596,0.19411764,0.1614296,0.24833333,0.25018325,-19.81433
28.679968,0.06683534,27.491426,28.818039,29.96255,2.4711227,230.77463,402.83432,37.39636,70.05732,0.8465244,0.48570526,0.5335786,0.77249146,1.1176345,0.58405596,9.273003,4.8205495,5.9714565,3.4732628,0.36947584,0.604226,24.760748,0.56199265,9.418889,1.3634017,13.331806,1.0458279,-6.5918064,-1.9213259,0.023179159,2.0046768,0.9768561,0.7332801,6.2744145,0.4454316,2.68864,2.3686714,24.684034,0.36996862,585.41626,0.30741704,1443.3499,0.12696348,-104.087524,-0.8676207,1621.6783,0.15003924,1145.0157,0.3204835,-109.66962,-0.76500916,2722.1772,0.094046526,953.76843,0.4238119,-112.75247,-0.7164212,-14.62053,-0.5682331,24.53876,0.32310215,0.028248997,0.5206691,-0.020256994,-0.8645498,0.4586076,0.54118973,32.359436,0.29677126,6.8653426,1.8425655,15.434496,0.9653031,-11.263857,-1.1524948,-9.777478,17.070826,0.019782737,-0.009381301,0.28303754,3.7257824,3.7593987,0.1256,0.09952205,0.125,0.07921489,-20.982357
31.243715,0.091469035,29.086634,30.827667,33.577736,4.491102,32.783176,14.300437,125.16381,237.32004,0.74217016,0.7791676,0.267286,0.5236681,1.2622288,0.99494284,10.806942,7.8012557,7.4393973,4.2056565,0.34124795,0.94849336,25.132526,0.52316207,10.095842,1.3593382,4.926129,2.9228072,-4.782601,-2.769314,0.017115543,1.110816,0.9355774,1.0429487,7.534047,0.37655333,-0.33596045,-31.139767,24.32354,0.41934928,589.3044,0.34081012,1407.5952,0.16575661,-112.64467,-0.84937966,1692.0847,0.14751266,1062.1561,0.3335382,-117.55822,-0.745789,2717.3018,0.10206854,949.14624,0.36081323,-118.86431,-0.7254212,-17.032751,-0.4663828,24.930805,0.34451544,0.07212035,0.25058743,-0.037384406,-0.41437435,0.5597668,0.60636574,30.423935,0.31452787,7.038556,2.048413,4.8029876,3.7003267,-8.741054,-1.8100702,-12.713749,19.716576,0.044657134,-0.019261762,0.1589624,2.4442084,2.2435899,0.19380952,0.1074588,0.22090909,0.20562339,-19.736832
29.992651,0.19044816,23.700748,32.697624,35.340485,11.639736,335.8785,373.21005,191.91927,262.17722,0.9001666,0.51260346,0.45251653,0.8192616,1.3341684,0.8816519,8.634737,5.5978875,7.1833043,4.6262074,0.4271869,0.68203807,22.952023,0.56212693,5.6430984,2.172626,5.852714,2.2976058,-2.728415,-3.2808552,0.039872006,1.3776412,1.3310742,0.6548912,4.709314,0.6072704,8.054812,1.1658926,25.56953,0.2846292,548.3551,0.36263558,1366.9872,0.13571322,-109.17805,-0.8703051,1593.23,0.14496468,999.4108,0.20725952,-110.23902,-0.80085355,2624.569,0.10111451,956.5793,0.3199395,-112.2597,-0.7678735,-14.391805,-0.3871964,22.216814,0.3069726,0.07167234,0.20755474,-0.027555605,-0.47711173,0.582569,0.5139556,29.258797,0.363078,3.1418738,3.716616,7.183756,2.0236542,-3.8384588,-2.6471665,-9.737521,18.463621,0.062385954,-0.014182539,0.29127723,3.7453182,3.6569989,0.121724136,0.10198271,0.13103448,0.112321734,-19.667421
34.980995,0.035102483,34.21209,34.889492,35.723663,1.5115738,18.851501,12.669133,23.746435,33.54382,0.9044184,0.42847517,0.47927752,0.8451731,1.3310541,0.8517766,7.519529,4.573018,6.9169374,4.746252,0.36487275,0.6401597,20.590698,0.68197316,8.4978075,1.3171885,-0.21586913,-69.30502,-2.5938745,-4.142524,0.017827505,1.1109617,0.6918683,0.7489238,9.0026655,0.3091585,9.395657,1.0132445,26.122696,0.31102198,658.21436,0.34808776,1434.5409,0.13989763,-121.32147,-0.7577272,1676.7438,0.16018496,1081.3552,0.28460452,-119.32758,-0.72977835,2766.8613,0.10195512,900.0115,0.3255902,-122.09407,-0.68838954,-13.250987,-0.4499296,24.116346,0.32391047,0.045356587,0.4457407,-0.020287558,-0.6690911,0.473352,0.4524113,28.96542,0.34843826,5.384916,1.9243298,1.3384131,14.974368,-6.9118466,-1.7610581,-7.6880145,15.890314,0.01634002,-0.009845769,0.279967,3.6540804,2.0833333,0.20647058,0.19235204,0.23888889,0.23685177,-20.713707
36.10978,0.06031631,35.09034,36.188828,37.65294,2.5625992,6.5850635,11.281296,15.034434,9.00908,0.70415276,0.61456156,0.27153525,0.59431267,1.1353424,0.8638071,9.242933,4.886353,7.7047033,3.9370677,0.28263912,0.85715294,18.843462,0.65706855,12.798752,1.0986687,-3.6614296,-3.799495,-7.393742,-1.5989491,0.016351929,1.5749491,0.9951536,0.934241,9.420083,0.31649458,6.4129987,1.3673152,26.480167,0.28028405,644.5972,0.26921496,1387.298,0.12781835,-114.612236,-0.8122276,1716.9464,0.14547426,1066.3201,0.34780252,-116.32808,-0.7392532,2763.8398,0.08648633,924.2089,0.3500891,-118.69465,-0.7017742,-15.224885,-0.497997,24.42894,0.32607588,0.07098702,0.2681576,-0.030056944,-0.4675321,0.43271014,0.5532524,24.731485,0.4019294,10.168855,1.4118974,-7.5263124,-2.1920285,-12.314974,-1.0629148,-10.265314,17.72941,0.041615587,-0.0154146915,0.15327697,3.5567715,2.61708,0.17,0.1180544,0.182,0.34197363,-22.589382
24.626,0.036684852,24.129612,24.728079,25.233463,1.1038513,16.352285,10.464246,21.322853,24.10407,0.6224792,0.49725172,0.27983713,0.5985937,0.9041909,0.62435377,6.0458965,3.4244847,5.531274,2.4299664,0.26161754,0.6766775,28.317177,0.51974547,4.6002083,2.2504578,13.451931,0.89349675,-1.011778,-10.082824,0.022087084,1.2732096,1.038417,0.79973125,5.1989956,0.34782183,4.4876447,1.1365926,28.787363,0.26705456,661.6636,0.32358572,1324.4088,0.15599394,-125.346695,-0.7169148,1703.8677,0.13934906,1009.58105,0.25781265,-130.24698,-0.64251196,2765.3472,0.11432289,949.4562,0.28375366,-132.70319,-0.60880435,-17.015984,-0.27730814,24.155739,0.21215418,0.016925678,1.0845336,-0.025926929,-0.6086893,0.37240615,0.43432203,40.00185,0.22414894,2.1780715,3.4258645,17.142569,0.823699,3.603116,3.1415136,-9.908833,17.572062,0.011045014,-0.010822357,0.19332133,4.2881646,2.249135,0.16615385,0.13194045,0.23928571,0.1942555,-23.517855
25.484518,0.15819705,23.193077,24.542194,26.752533,3.5594559,68.10484,80.04772,193.93538,305.66953,0.41514516,0.8115037,0.16415945,0.26594839,0.6398338,0.47567436,5.565515,4.3409557,3.1197107,1.8602337,0.16859245,1.0271121,24.783371,0.42821342,5.4680314,1.7204334,17.01337,0.6863508,4.9691863,2.1827726,0.021629144,1.2813511,0.9575527,0.7067774,5.3756886,0.36930555,3.4171746,1.4566911,24.019287,0.3328112,540.7909,0.34125075,1356.5653,0.12757465,-147.2778,-0.5624698,1619.6527,0.15080523,1039.5033,0.32029593,-150.35263,-0.51289076,2622.8696,0.101525396,1037.4529,0.3601538,-151.45567,-0.49739093,-17.267597,-0.34352288,25.626163,0.2644108,0.009410664,2.5300863,-0.017173344,-0.87333524,0.314349,0.609401,34.067783,0.22570431,5.671628,2.096597,18.929892,0.82245725,4.7940984,2.9198148,-11.614595,20.39231,-0.002276816,0.0037817897,0.11091147,1.6393443,1.7430279,0.154,0.12257242,0.39914286,0.5426778,-25.678247
35.733833,0.02872873,34.857918,35.679386,36.37552,1.517601,38.119854,28.19543,11.926566,5.2571025,0.35080174,0.53578234,0.13655986,0.33738193,0.5151634,0.37860358,3.385147,2.1511023,3.2272892,2.1846926,0.09368955,0.64232373,26.08437,0.39075968,3.9619565,2.3247542,9.665454,1.2633455,-2.2750313,-3.7757258,0.017251572,0.88755316,1.0008848,0.6835601,9.134904,0.27107024,8.899166,0.8392214,27.538807,0.1882961,535.33716,0.35158774,1482.7102,0.192156,-95.14915,-0.9745301,1569.2786,0.11876853,1090.1641,0.34840256,-90.87371,-0.9342164,2698.1062,0.071309604,1007.39185,0.3925669,-97.35639,-0.8178692,-13.944644,-0.33768344,26.826296,0.2156099,0.052858364,0.35653406,-0.0051885475,-1.6652075,0.12214119,0.4320297,31.319637,0.25320336,2.306139,4.0347085,7.53951,1.7689538,-4.7011228,-1.967807,-10.358099,19.67356,0.02599873,0.008382376,0.051032346,3.7433157,2.1582735,0.2725,0.22880577,0.16916665,0.19640343,-31.490646
35.49545,0.18478183,32.17682,34.22216,37.079468,4.902649,97.30447,47.244904,108.09703,82.88676,0.76957357,0.5120219,0.39213672,0.6774287,1.1552678,0.76313114,6.679219,4.330306,5.8811207,3.0186694,0.2599849,0.78670985,22.837322,0.4954319,3.698603,2.995464,7.9732704,1.5792254,-12.896721,-1.1082546,0.036709834,1.7016854,1.0710108,0.7393096,7.5974975,0.4380618,4.6278296,2.8258545,21.910906,0.4961218,640.1042,0.31121355,1479.0543,0.19049048,-101.18813,-0.95924634,1698.0461,0.14634162,1143.6863,0.29090378,-101.66953,-0.8747505,2770.738,0.09985102,949.60205,0.44565398,-103.958435,-0.8317383,-15.509099,-0.42531788,24.791302,0.30196115,0.03934061,0.5318478,-0.02484816,-0.6430581,0.32486302,0.6733331,28.034372,0.33221203,3.5886188,3.2079027,4.5295477,3.2525377,-22.181433,-0.5392353,-7.6956515,16.056559,0.008029946,-0.0014318628,0.18705179,3.2459426,2.0100503,0.259375,0.27711615,0.20470588,0.16514228,-21.529627
37.318542,0.06930936,36.31035,37.739273,38.96703,2.656681,22.418976,14.344493,22.418516,17.23926,0.84114903,0.5328629,0.4556715,0.7409036,1.2596161,0.80394465,9.760772,4.795307,7.2871103,3.3201015,0.37255406,0.6813522,21.767591,0.47164166,7.9788246,1.3448812,3.4802568,4.048264,-6.3708663,-2.0742948,0.014018836,0.9594758,1.0115013,0.8204592,9.094235,0.29137376,13.505811,0.7418718,26.8741,0.3620948,634.4234,0.35005492,1483.2104,0.14335608,-119.50538,-0.76603806,1624.6748,0.12655652,1232.0464,0.32320303,-109.689384,-0.7833256,2699.833,0.09642038,936.1459,0.41787082,-112.37556,-0.7404882,-13.471359,-0.5752262,24.308859,0.35900363,0.060157597,0.28351012,-0.021283418,-0.6358743,0.48208877,0.5041178,25.732883,0.3225284,5.972377,2.0561836,2.6196153,6.5093584,-13.64629,-0.9428652,-10.478796,19.213245,0.03898883,-0.011508052,0.2655168,3.5058432,3.030303,0.15666667,0.12110599,0.14473684,0.09789191,-20.975086
36.5706,0.038156144,35.590485,36.29218,37.594856,2.0043716,25.873331,24.55957,11.15564,4.5253415,0.8212323,0.6574903,0.3517494,0.6381637,1.3780798,1.0263304,11.249648,5.6538773,10.386539,4.192117,0.30101582,0.81752926,22.847128,0.4299553,5.6765056,2.209089,-0.21266787,-70.910286,-2.1420352,-5.215682,0.012671153,1.1862062,0.9137739,0.78553647,9.668752,0.37029597,5.0308733,1.760276,23.435242,0.3348202,699.46265,0.29956245,1471.0481,0.16558672,-70.48248,-1.1941648,1718.9427,0.1295911,1098.2415,0.27557686,-73.23639,-1.0538198,2773.9963,0.09428923,1009.0221,0.4371781,-78.648865,-0.93465817,-13.083082,-0.56044674,23.81832,0.38070503,0.06341106,0.31058666,-0.015309106,-0.7284513,0.37615886,0.6611448,26.074146,0.30102935,3.6908414,3.5386705,-2.2651584,-7.1178493,-3.395356,-3.522805,-10.517113,18.986969,0.03945001,-0.009616609,0.13062617,3.74415,3.301887,0.20380953,0.13909492,0.074999996,0.06733566,-20.302166
37.96129,0.029486865,37.055264,38.15826,38.8161,1.7608376,41.10177,41.856033,23.035608,12.964734,0.8038916,0.5640216,0.35943332,0.6944261,1.2273787,0.86794543,9.747235,7.6904907,8.344009,5.6521487,0.33604667,0.96320754,18.66567,0.6697259,15.49322,0.68922055,0.9803092,15.115206,-15.131817,-1.2284335,0.014682587,1.145496,0.7923386,0.97875994,10.86336,0.23309943,8.520572,1.1005833,28.272526,0.3076278,737.7144,0.2008872,1396.7524,0.14973469,-124.96238,-0.71788126,1798.1854,0.12712777,1116.3484,0.35770893,-126.77412,-0.6439246,2934.1472,0.06557322,785.03284,0.44415945,-127.75504,-0.63057244,-16.820698,-0.39019528,26.023426,0.30890098,0.054165002,0.4229064,-0.034447275,-0.3718216,0.4723319,0.50560194,24.388365,0.39422756,16.773386,0.59679997,-0.8920147,-21.811369,-29.537922,-0.60945046,-10.183647,16.481087,0.020152278,-0.01930048,0.23441796,3.4042554,2.0,0.20785715,0.16742498,0.27071428,0.3798019,-19.992006
24.598951,0.08193791,23.607986,24.617777,25.92492,2.3169327,75.09764,126.27017,13.726072,10.973771,0.6083314,0.63734305,0.19245887,0.5646188,0.97895896,0.7865001,8.106759,5.734566,4.87571,3.185446,0.21714135,0.79470223,20.33726,0.7383694,14.225825,0.7852482,0.8669976,13.777868,-1.0865772,-11.084641,0.017261663,0.8964495,1.0359406,0.7275421,4.313655,0.58405036,-0.4219547,-11.50158,23.810091,0.40620235,680.8997,0.3586127,1270.6448,0.13728128,-110.36289,-0.8413543,1707.5375,0.18678506,1012.3859,0.2433154,-115.01589,-0.7611199,2716.0093,0.13450155,930.04407,0.36744997,-117.8278,-0.7168022,-14.183808,-0.5723282,22.536917,0.34550005,0.029518232,0.7316721,-0.024998903,-0.852502,0.30909708,0.5489479,29.641869,0.34447765,11.231949,1.2203935,0.54840577,26.175528,-2.1871262,-6.936756,-9.021465,16.282187,0.016124766,-0.008382074,0.14018136,2.9224906,2.557545,0.1735,0.12807322,0.18761905,0.1849042,-24.575432
29.791765,0.08382204,28.30946,29.434063,31.064585,2.755125,76.82819,89.90316,38.63365,32.812607,0.6549722,0.61299765,0.32523903,0.5381592,0.9610126,0.63577354,8.641699,6.8233776,6.066077,3.9381745,0.30486265,0.8989009,28.036955,0.50778246,6.342942,1.8386112,12.304286,1.109717,-4.4880633,-2.4310012,0.024600694,1.77783,0.89593655,0.9311103,7.206862,0.4116244,8.088076,1.3030037,31.530346,0.31858584,579.12305,0.34451917,1422.9557,0.15106972,-121.20499,-0.76394504,1649.658,0.15840651,1081.7505,0.3038295,-125.33574,-0.6793175,2730.8115,0.10216319,956.4883,0.34242865,-128.04218,-0.6400866,-18.431837,-0.44927064,28.602602,0.3058659,0.033399116,0.55649763,-0.02662591,-0.514343,0.46406034,0.60098636,38.530212,0.22267152,7.061503,1.9708749,15.302624,1.0800989,-7.7499056,-1.6219996,-10.342323,18.090242,0.007676639,-0.010613113,0.19239515,3.0508478,2.1590908,0.18578947,0.12140908,0.24399999,0.17258039,-21.228529
32.821865,0.11259119,32.36914,33.8842,35.170795,2.8016548,132.64896,137.82619,95.67261,132.91498,0.8166277,0.45386636,0.40723825,0.81820697,1.1759919,0.76875365,7.448178,4.4250994,6.9999533,4.5611515,0.38624933,0.7009059,19.625467,0.7359383,15.733863,0.77347094,1.2960472,10.869263,-2.6169057,-4.2140894,0.04301138,1.4269193,1.2155179,0.73256403,6.36723,0.52306265,9.22526,0.82099056,28.203924,0.3192012,626.4523,0.34652042,1390.9978,0.121544346,-100.203705,-0.9192848,1703.738,0.16122812,1115.9069,0.3251253,-104.85197,-0.7959409,2731.1724,0.10710097,1012.6834,0.44075793,-106.445206,-0.77025455,-16.36378,-0.4554901,25.10219,0.33873898,0.05326656,0.36776173,-0.027322646,-0.52942145,0.506693,0.48856235,26.167469,0.46297383,17.53383,0.756091,4.177927,3.8850687,-4.979703,-2.5642345,-7.830044,16.59729,0.03260156,-0.010696709,0.24703081,4.647676,2.7190332,0.1911111,0.19626763,0.14789473,0.11883552,-20.5085
32.169247,0.07102234,30.679995,31.710566,33.19049,2.5104961,176.22949,158.43488,26.537247,18.074018,0.7765739,0.69280547,0.33338884,0.58929825,1.2451066,0.9117178,12.015063,7.620937,9.287879,5.3711677,0.3854321,0.87664515,25.473528,0.44250402,1.6746483,7.9720597,8.864577,1.3105187,-12.249439,-1.5528202,0.018633604,0.8709977,1.1705117,0.715377,5.986382,0.46008328,2.000159,3.1365588,23.46065,0.46006465,605.6595,0.36728442,1330.1183,0.15246443,-128.71774,-0.7161658,1717.6887,0.1732282,1032.325,0.30879292,-129.92148,-0.6623145,2759.8953,0.10036588,1022.92633,0.3567396,-130.85736,-0.6483647,-13.293541,-0.55591017,21.549248,0.40210488,0.0436092,0.42620096,-0.032571863,-0.4990785,0.6642492,0.5152032,32.55444,0.26684016,-3.5281103,-4.2884207,9.360998,1.46625,-28.106867,-0.6896117,-10.992671,18.994799,0.011157651,-0.009864936,0.21988836,3.3379693,2.9411764,0.11904762,0.11467988,0.19136363,0.1694723,-20.91949
34.336147,0.03990892,33.471123,34.257217,35.22972,1.7585983,41.849552,58.22147,11.470797,6.857996,0.7359334,0.463219,0.38844424,0.6784441,1.0674413,0.6789971,9.637993,6.910493,7.2686343,5.778624,0.27558643,0.7103646,23.331196,0.6094571,14.766549,0.7022085,-2.1933172,-5.7776017,-9.303147,-1.0695547,0.013849989,1.577158,0.93037426,1.1057695,9.82006,0.25447398,1.6998427,4.075614,25.24774,0.42210746,688.8565,0.23646742,1345.9152,0.121547736,-102.362175,-0.9040016,1768.8859,0.15450081,1047.7587,0.32132524,-109.83551,-0.7639325,2837.4888,0.08545507,864.2573,0.34470227,-111.81811,-0.7322648,-16.284784,-0.39888883,27.225657,0.32202578,0.043256156,0.4258996,-0.03245774,-0.38479853,0.35232726,0.58361304,31.674994,0.31260428,11.94752,0.92350566,-2.81119,-5.6131897,-12.29812,-0.8561882,-10.728737,17.956573,0.029731875,-0.01762708,0.19478601,4.018547,2.4922118,0.19937499,0.17340231,0.18062499,0.19872935,-22.217848
38.119354,0.10284754,35.848614,39.409954,40.98462,5.1360054,131.39229,182.46648,69.04086,77.54364,1.1060834,0.52612805,0.5733969,1.0040559,1.6526057,1.0792087,9.392939,5.3595076,9.888259,5.3837047,0.61388516,0.75312227,17.34169,0.8047597,4.551441,3.0358813,-2.093602,-5.8651814,-11.676037,-1.4843578,0.03584681,1.5206513,1.1452454,0.7415271,7.4611397,0.46978992,9.062797,1.2049445,23.698006,0.38250387,720.783,0.31653133,1445.9625,0.19014645,-118.644035,-0.768744,1770.7804,0.15331511,1079.7826,0.39373446,-111.33264,-0.7763641,2839.9275,0.08028085,927.06134,0.41901323,-114.00636,-0.7339012,-14.175688,-0.48542666,24.79766,0.27680218,0.07371541,0.29753223,-0.027985606,-0.5349849,0.8843127,0.46700892,24.677492,0.3907755,-0.1595093,-89.11203,-2.7987998,-5.151628,-21.54397,-0.7930648,-6.704119,14.473888,0.039839473,-0.01239152,0.35478926,3.6544852,2.672606,0.17583333,0.114306465,0.1775,0.21413098,-17.191414
27.913483,0.053334665,26.863674,27.794172,29.122677,2.2590027,35.11287,30.392603,9.676664,8.334486,1.0565279,0.3049986,0.7470423,1.0069875,1.3546151,0.6075728,7.187603,4.4412966,5.8396893,3.5775254,0.55690885,0.48440093,27.705639,0.45796216,6.12577,1.0517683,6.4629655,1.3837262,-9.251198,-1.0865436,0.015054455,0.9318798,0.9768916,0.72356415,6.2222514,0.33572927,1.5136911,3.972646,30.726538,0.1538439,576.9041,0.31156927,1440.0187,0.113887854,-105.82343,-0.8816151,1589.1548,0.15143423,1244.7102,0.22503796,-112.13175,-0.7676765,2682.8567,0.09344676,1093.0149,0.28600258,-117.280365,-0.68916714,-16.924473,-0.30888095,29.53337,0.21773785,0.03690729,0.52238744,-0.032864053,-0.46322027,0.70763046,0.37491637,36.76023,0.20485985,6.1696105,0.89040214,4.1775427,2.470471,-12.765849,-0.94966614,-9.033687,16.537106,0.018454796,-0.012582083,0.42057064,3.112314,2.9972754,0.15318182,0.15760674,0.15304348,0.101013765,-17.979292
37.937122,0.040476937,37.00015,37.93246,39.11083,2.1106796,45.531532,65.93421,20.932997,15.999962,0.67097,0.63064474,0.27985013,0.5484037,1.0834565,0.8036064,8.760532,6.9066916,5.6914406,3.900549,0.27874586,1.0161874,22.77483,0.5863464,5.651749,2.037845,3.5160847,3.0049071,-4.7376857,-2.8192766,0.0160649,1.0044782,0.87575144,0.8372146,10.318616,0.29975736,9.37589,0.78798354,29.377682,0.35535377,720.44995,0.2605188,1350.1937,0.14474238,-139.53593,-0.6171981,1792.2589,0.11432625,1061.1598,0.3494065,-138.99254,-0.57893705,2858.334,0.08426085,1011.88477,0.2624814,-141.35144,-0.54676986,-16.982462,-0.48500842,27.47625,0.38175702,0.06144946,0.2680708,-0.031420287,-0.57901543,0.49104953,0.6456716,30.198908,0.4298884,6.4393992,2.007653,2.6229315,5.225778,-14.446327,-1.0046706,-9.12014,16.330473,0.04373538,-0.013085933,0.16179088,2.2932594,1.6039052,0.21391304,0.15415236,0.37291667,0.32347694,-20.664865
34.488987,0.052255597,33.473305,34.638424,35.93074,2.4574356,14.65826,13.400033,14.333501,27.134022,0.62597424,0.49422738,0.40186816,0.5027985,0.8323598,0.43049163,8.488006,5.5382953,4.0016084,2.3075576,0.23645838,0.588969,26.996662,0.2903568,-2.2009761,-4.475362,-0.13274695,-78.845535,-1.3078965,-6.0493765,0.015969189,0.92911184,1.1016564,0.81816417,7.164765,0.32655114,-0.070321016,-74.848625,18.757893,0.73957926,666.56665,0.29360327,1417.5275,0.127901,-137.8464,-0.6284557,1655.9633,0.12733929,1204.7429,0.22174479,-137.60753,-0.6130795,2700.394,0.09857643,1221.5374,0.43066195,-141.45236,-0.55934197,-8.166849,-0.61828095,22.874825,0.28510174,0.043250374,0.34877637,-0.00916531,-1.2016326,0.34516266,0.4280045,33.626087,0.16546564,-9.17094,-1.0654072,-5.5538926,-2.3627682,-3.7553463,-2.6538777,-8.909807,19.479605,0.03033238,-0.00451496,0.18240479,3.2457497,2.4922118,0.126875,0.06487668,0.25437498,0.34624717,-26.285099
35.350437,0.062225554,33.842453,35.466602,36.673084,2.8306313,23.666653,5.24146,17.303368,18.537346,0.8593255,0.5596448,0.39636967,0.7168661,1.3711921,0.9748224,10.507796,5.8694153,10.753435,6.160174,0.32063028,0.7088991,18.756304,0.74362403,1.4882663,10.441484,7.5177264,1.7581711,-7.0607343,-2.2859852,0.013366618,1.3443732,0.939119,1.025504,8.380455,0.40252978,7.5041833,0.95754987,21.120066,0.39799428,680.1652,0.34063917,1412.6069,0.18857402,-115.546036,-0.805403,1695.3851,0.1467458,1157.3412,0.3904825,-110.27271,-0.802971,2753.797,0.0887326,960.17633,0.4003371,-112.39232,-0.76860213,-9.207437,-0.78346956,18.611828,0.4262815,0.057979003,0.36324057,-0.017094027,-0.900592,0.46004,0.45535988,28.37736,0.3363291,-7.600848,-1.9630425,6.7085743,2.2687364,-17.97648,-0.815935,-6.584727,14.09782,0.019954365,-0.0024889854,0.19061458,4.409673,2.8653295,0.16049999,0.098156765,0.16749999,0.12972568,-22.373457
36.20586,0.059869293,34.763332,36.075825,37.728363,2.9650307,69.26111,75.19581,67.688675,120.72587,0.81799686,0.40827268,0.54418486,0.7152229,1.1090045,0.56481963,9.445643,7.0813193,5.4716,4.2129064,0.3862457,0.49703422,25.122265,0.32201794,4.6832776,2.2943797,2.2309294,4.230078,-12.203535,-1.120298,0.024803864,0.71324915,1.2574661,0.47233805,5.6566353,0.4921381,6.908392,1.4197294,26.315144,0.350818,656.71094,0.27399713,1527.9154,0.1313018,-136.63797,-0.6379568,1684.2782,0.12839475,1198.257,0.33034962,-129.10757,-0.6531251,2786.326,0.09651544,965.2812,0.48513776,-131.39963,-0.6201961,-13.952805,-0.3346605,23.210007,0.22416689,0.06441398,0.24439822,-0.027756296,-0.32561475,0.48792946,0.41067827,29.083935,0.20322333,-0.2453587,-39.326363,4.3964715,2.0277438,-21.716259,-0.58655953,-12.945816,21.682863,0.05135224,-0.021252472,0.32454097,3.2258067,3.3898306,0.105,0.09023118,0.1628,0.12404903,-23.169075
22.613665,0.08652297,21.241852,22.244793,24.286612,3.0447598,52.77362,60.97463,19.649456,14.625422,0.48715568,0.5208968,0.25065523,0.45967492,0.70631844,0.4556632,5.4488597,4.3088245,4.054008,2.7362058,0.16499564,0.696949,25.539574,0.5031683,3.2266,2.9249394,9.92892,1.281826,4.825206,2.5795178,0.017823804,0.85006994,1.2592801,0.804344,4.3800335,0.3976178,1.0379742,5.195311,19.613104,0.39681348,616.09314,0.39571002,1321.852,0.1385086,-106.02526,-0.86066115,1603.2439,0.1764991,1044.1561,0.24911577,-110.233284,-0.7823716,2649.168,0.13389021,903.62164,0.22831914,-114.09319,-0.72313535,-14.013909,-0.3340357,23.226978,0.25990412,0.010077058,2.0665014,-0.0090296585,-2.116249,0.21563244,0.4516614,34.070034,0.27561468,3.0977812,3.1198378,11.814613,1.1722826,4.0607333,3.3509774,-7.0115385,15.777397,0.0041946685,0.009406095,0.11669378,2.7914615,2.4834437,0.19266666,0.11997037,0.1775,0.13235842,-26.988684
26.969032,0.12273457,25.098877,26.419754,28.2781,3.179222,157.36179,236.37389,45.861183,47.63578,0.4999603,0.7002554,0.20466086,0.3701172,0.79912573,0.5944649,5.5135493,3.2304533,4.555544,2.8936179,0.21024953,0.96323836,24.558212,0.45594734,6.4236593,1.3909929,11.629627,1.1807262,-2.3224423,-4.9646573,0.025634319,1.0503373,1.2202615,0.6721197,5.1783104,0.4010075,1.3681679,5.4089303,25.384256,0.30786708,612.8092,0.3977025,1321.8287,0.15576802,-125.09634,-0.7107558,1659.7096,0.18299505,1073.8247,0.2854906,-128.24608,-0.64544576,2721.4895,0.10802455,941.37396,0.25366944,-130.87689,-0.6079977,-15.459456,-0.38639098,26.678886,0.23001996,0.02896306,0.77821976,-0.014382726,-1.3500789,0.33605245,0.6217636,30.806509,0.289623,10.235501,0.8987289,10.698819,1.6603595,-0.4853453,-27.83918,-9.537493,18.327257,0.028239673,-0.0005960708,0.12529601,2.20662,2.923387,0.13,0.11611528,0.19137931,0.3217809,-24.473711
33.598,0.102071516,32.629623,33.742672,35.999546,3.3699226,98.49351,76.86162,257.4774,368.1304,0.8640373,0.59384775,0.49552044,0.6640885,1.2003765,0.70485604,10.571378,6.257915,7.1705923,3.917557,0.39684838,0.77190745,26.859509,0.42099002,-1.5933807,-9.8428335,7.929627,1.7811995,-9.215978,-1.7820888,0.029198807,1.3858386,1.4000211,0.79094034,5.329222,0.7291243,-0.16464625,-49.69005,19.619602,0.65455663,636.4635,0.32155633,1380.8667,0.14188822,-132.1962,-0.67622226,1673.4053,0.15654242,1251.9138,0.31945822,-131.34578,-0.6483947,2703.1064,0.104326,1110.0044,0.3587015,-133.28215,-0.62198347,-10.667936,-0.832992,21.168682,0.5034684,0.02298508,0.81148773,-0.023485182,-0.78442985,0.60833514,0.59233004,33.09945,0.22011179,-9.760628,-1.5780163,13.23525,1.1536105,-22.019175,-0.717837,-9.831785,19.36381,0.0060452432,-0.010029663,0.27408475,2.4623804,2.6243095,0.1336842,0.12670772,0.21549998,0.16841838,-21.558989
32.266205,0.053569876,30.968946,32.344036,33.567837,2.5988903,40.205204,19.90774,15.609811,8.20566,0.8036485,0.54073757,0.40875444,0.68258744,1.1718589,0.76310444,14.122386,7.3117323,9.467166,5.9843955,0.41276565,0.8633829,23.719593,0.6613015,6.910151,1.874644,12.759561,1.1138513,-5.5456967,-2.7600293,0.014808636,0.7595124,0.9418499,0.8570242,7.0865183,0.34370023,4.9324408,1.5828851,25.588388,0.5774184,601.4231,0.3276646,1481.2021,0.2721201,-123.04064,-0.7470131,1649.2865,0.14241378,1099.9265,0.36985317,-124.46463,-0.6851909,2757.0603,0.07897313,964.9872,0.4069232,-126.80272,-0.649925,-13.114095,-0.59021914,24.376932,0.37339938,0.03852578,0.47069496,-0.01710558,-0.9570444,0.55551696,0.5980248,34.69251,0.30010334,-0.04448776,-313.4986,15.02627,1.1492509,-16.321995,-0.8569831,-10.086178,18.43577,0.010495175,-0.003321958,0.31539768,4.3643265,2.8735633,0.13733333,0.07460711,0.19066668,0.16018601,-21.15417
36.48258,0.045253344,35.400085,36.299114,37.882946,2.4828606,27.411585,13.341271,24.082392,17.897602,0.63832086,0.541723,0.34163937,0.58168626,0.9362464,0.594607,6.49138,3.267137,5.055984,2.0626106,0.27172622,0.6512952,26.53751,0.37476006,0.17272976,68.5275,6.9676347,1.8731753,-7.9463024,-1.6010317,0.015328433,0.9826694,1.0049938,0.7865619,8.416837,0.37913784,0.018603,443.39197,21.66766,0.3892828,654.7874,0.31952518,1378.9823,0.13652931,-124.31162,-0.7351954,1701.463,0.15453118,1082.191,0.23541832,-119.83953,-0.72445536,2788.0994,0.09729178,919.7916,0.39633152,-122.83621,-0.6785022,-12.51297,-0.46503505,23.69222,0.36040872,0.056648027,0.32344925,-0.018388096,-0.5154829,0.34883276,0.48340505,33.1788,0.2494721,-6.5308747,-1.9374874,2.1537187,7.0886126,-16.835047,-0.69250727,-11.418166,20.277758,0.038272575,0.0014656051,0.212739,3.220036,2.5270758,0.16642857,0.21389608,0.20785715,0.23078062,-24.625164
30.532679,0.088809304,29.814135,30.642897,31.728373,1.914238,28.764526,44.0717,195.67249,239.89732,0.748262,0.48870736,0.4252173,0.6785118,1.0283884,0.6031711,10.101392,5.10191,5.9519506,3.9174392,0.4048894,0.7269513,29.389734,0.49002296,9.124875,1.2842667,1.7541401,6.378424,-5.091044,-2.1457942,0.028679345,2.178884,1.114567,0.7797659,6.6416054,0.46352282,-0.26306653,-28.125574,32.27157,0.24234112,606.79645,0.3127258,1430.5093,0.13631916,-135.1483,-0.64983505,1657.9213,0.15051298,1108.5945,0.20681693,-137.73346,-0.58403385,2769.414,0.103904136,1088.5839,0.35802212,-141.35667,-0.5348894,-17.624842,-0.31163785,29.923649,0.2458331,0.044245128,0.39392883,-0.032342095,-0.39062524,0.5995318,0.5156308,39.588448,0.24584515,7.2053523,1.2142558,1.4264888,9.3513975,-11.218518,-1.1320188,-11.983435,18.82835,0.026100906,-0.015210654,0.3051871,2.894356,3.2069972,0.099999994,0.10744978,0.1909091,0.22958279,-20.678457
32.63052,0.08394199,31.619797,32.74893,33.433903,1.814106,403.75308,546.07263,115.94688,190.49966,0.8219101,0.47709656,0.48749712,0.73157245,1.1934677,0.70597064,7.849453,6.132211,4.994624,2.8647728,0.39168298,0.657261,26.07802,0.3298088,6.2491236,1.7108053,4.141226,3.0520544,-10.532691,-1.1726043,0.021595724,1.2156968,1.1450853,0.5966692,6.4381084,0.4915798,2.2685814,3.2639532,26.86644,0.2981065,638.2622,0.29506308,1426.0889,0.13312449,-117.132545,-0.80916655,1705.3585,0.13776518,1118.3494,0.26800454,-119.975914,-0.7270801,2736.8865,0.088285565,973.10425,0.28798628,-121.8106,-0.6991086,-16.797476,-0.33933625,25.243883,0.23490517,0.06867544,0.19585642,-0.036982466,-0.40052152,0.5437254,0.5044938,29.760157,0.243295,7.199856,1.3109198,2.298696,5.657203,-15.6734085,-0.83268046,-11.449746,20.382133,0.052960116,-0.017921893,0.27246457,3.0039527,2.5416996,0.1634375,0.15581658,0.21,0.16833745,-20.730568
32.0961,0.089109264,30.348877,32.118385,34.330334,3.9814568,48.96076,34.69858,50.52655,34.288208,0.7561327,0.58856934,0.37094277,0.64091915,1.0670613,0.69611853,11.484931,7.454422,7.371111,5.4222918,0.38652596,0.7836684,22.067377,0.5484733,10.87859,1.0768878,6.3220143,1.6428906,-5.7541227,-2.06038,0.02586608,1.1971104,1.1784612,0.5156937,5.5687923,0.4609016,5.9429073,2.3337724,26.246208,0.34760514,628.1569,0.2857193,1432.3724,0.14738344,-132.36699,-0.66657007,1710.331,0.11811396,1144.755,0.40901506,-135.83362,-0.60118264,2766.7285,0.098059274,1010.2042,0.33669612,-138.05716,-0.5706411,-14.534751,-0.40917084,24.7074,0.28095797,0.05856616,0.21836081,-0.034913793,-0.38032106,0.6311261,0.5189047,29.448801,0.33562875,4.6099424,3.0192864,6.2516227,2.0676827,-14.947822,-0.8494386,-12.722202,20.260315,0.036909666,-0.019295529,0.260121,3.508772,3.7401576,0.08473684,0.04838099,0.16157894,0.1871184,-22.127943
36.702198,0.038871855,35.755722,36.788933,37.65197,1.8962479,20.44231,9.701749,22.707584,21.627155,0.9088513,0.6237639,0.31661528,0.80857325,1.5004742,1.1838589,13.826244,7.851895,13.227997,9.3789015,0.3300135,0.7404588,16.308918,0.8131368,1.8837639,8.299021,7.7183585,1.8753543,-7.027719,-2.6621697,0.01357354,0.96317214,0.78726107,0.9962175,9.265909,0.2940793,7.8322487,1.1438862,17.056614,0.50231856,660.16003,0.35607687,1375.732,0.1707141,-109.662224,-0.8302847,1728.773,0.14498872,1058.0598,0.37564078,-99.806206,-0.8838239,2719.0757,0.09420055,1097.5873,0.35046688,-101.46522,-0.8544755,-8.711028,-0.66141415,17.391945,0.44216037,0.0588142,0.36277252,-0.012499828,-0.952936,0.43637377,0.5101102,21.711884,0.42884773,-5.2486777,-2.9245167,10.2008095,1.6771476,-18.222391,-1.0061085,-5.862598,13.488468,0.013349459,0.0010686835,0.20748723,3.9861352,2.4475524,0.21428572,0.16590503,0.162,0.21163492,-21.937237
35.205406,0.10126573,34.75709,35.625587,36.676968,1.9198761,139.56218,110.41381,10.036133,2.548511,0.6372145,0.6868122,0.2533728,0.48458695,1.0219035,0.7685307,10.215615,6.6035852,8.105549,5.0419364,0.33008397,1.0071304,30.570328,0.43590188,6.8532605,2.0487967,6.384314,2.416147,9.319266,1.4718487,0.021028971,1.9940192,1.0575787,0.8067075,8.555025,0.32312316,11.436522,1.858893,30.157864,0.32541594,603.19147,0.37552416,1526.4972,0.16906793,-116.84307,-0.7947965,1621.2119,0.12717542,1181.2943,0.2630001,-111.86007,-0.7836714,2714.1921,0.11112393,1101.6471,0.37134197,-117.61199,-0.69622517,-14.031937,-0.6001159,27.60052,0.31982645,0.02858258,0.70073974,-0.010385733,-1.2389203,0.46005115,0.6540734,37.15572,0.25855455,1.2661079,12.282312,0.79762346,22.61686,4.3130374,3.5608299,-14.6397085,24.478062,-0.0017978403,0.0035729667,0.21521814,3.6918137,2.588997,0.17875,0.16714045,0.17588235,0.17462765,-21.921844
30.515352,0.04311715,29.586697,30.753057,31.537134,1.9504375,67.94512,98.65717,22.50116,20.945478,0.9028081,0.46989983,0.45766714,0.85930806,1.2993991,0.841732,9.409615,5.0713253,8.456874,3.8612723,0.35738933,0.5985641,19.05544,0.83509344,13.82538,0.8888314,1.9308017,6.742333,-7.2728977,-1.5266291,0.013571235,1.161907,0.8223247,0.7646889,7.514935,0.32249343,2.5829058,2.2996507,23.579216,0.31074715,540.3917,0.29282302,1300.8275,0.12517409,-101.18299,-0.9302995,1622.4089,0.15899862,969.35175,0.33027086,-107.25343,-0.8061482,2696.6135,0.0698418,803.6697,0.42242834,-108.618645,-0.78274405,-15.480846,-0.3312841,22.349058,0.2705223,0.057290144,0.29504797,-0.038746256,-0.2925316,0.4704766,0.43460992,28.165047,0.35789204,12.304553,0.90173274,3.2537737,4.584023,-9.556508,-1.3355185,-6.6600385,12.49902,0.030338785,-0.020116622,0.2455238,5.3333335,3.2692308,0.14705881,0.13375854,0.13055556,0.10041426,-20.755417
23.034098,0.100271456,21.29572,23.413017,24.968405,3.6726856,77.471016,110.811806,45.400227,35.40092,0.35871953,0.7002709,0.16049853,0.26040676,0.5360012,0.37550268,4.2137456,3.829224,2.4421291,1.1270132,0.13685921,1.0073279,26.93928,0.32104024,-0.796007,-11.038472,12.611423,0.7817515,-7.219302,-1.5220782,0.034681488,0.83378047,1.2919275,0.7290693,3.226977,0.59268343,2.2044098,2.1851737,23.403156,0.24530338,554.6147,0.35668933,1351.0687,0.17099845,-153.97772,-0.5088854,1563.8389,0.16856843,1117.295,0.25872427,-156.76712,-0.46884328,2645.704,0.074254125,960.8433,0.438672,-158.7513,-0.44174632,-15.830099,-0.3824717,27.020317,0.19994639,0.008831757,2.573664,-0.016060906,-0.9757172,0.28225955,0.5076515,33.740345,0.23049535,4.0234156,2.851882,17.152372,0.84049386,-12.947675,-0.9720644,-8.753204,19.66684,0.0057147024,0.00484992,0.08921633,1.6938112,1.895425,0.12103447,0.08679523,0.3733333,0.3907457,-29.219797
35.413654,0.10763962,33.664608,35.852665,37.9976,4.3329926,132.81068,130.99786,171.35489,261.56464,0.86792964,0.36458337,0.6153837,0.7739566,1.0995829,0.48419923,4.275864,2.138183,3.671433,2.3535964,0.4407661,0.5127659,30.140972,0.18433562,-2.810289,-2.1842496,7.232555,1.254216,-11.7157955,-0.68753463,0.03590615,1.5266243,1.2469065,0.47772944,5.7201023,0.48653224,3.9567094,2.431936,24.595585,0.3747756,629.4157,0.35304353,1388.9084,0.12613037,-148.9767,-0.55343133,1606.269,0.16555212,1162.5269,0.27472043,-144.86592,-0.56185263,2699.1914,0.095848836,995.17224,0.40039572,-147.67757,-0.52307403,-13.05274,-0.3531173,24.9469,0.23957771,0.037138384,0.4330207,-0.019671256,-0.47369564,0.5804268,0.36415443,34.005966,0.12105155,-4.1565804,-2.0951536,2.458361,4.11726,-16.541353,-0.52778226,-10.637679,21.35083,0.02871312,-0.009309068,0.3816353,1.7777778,1.9642857,0.14545454,0.14742416,0.34272727,0.3881914,-22.039381
34.785686,0.07856173,33.980717,35.128025,36.418568,2.437851,108.061195,109.70899,71.829544,84.87911,0.78574824,0.47685266,0.45919085,0.6888884,1.078687,0.6194961,7.1740475,4.1451216,6.7992063,3.2700539,0.4188598,0.61728346,30.633823,0.25307885,6.0789256,1.2794183,1.3967358,8.5576,-10.859291,-1.0101354,0.031417683,1.5951108,1.1610547,0.6529423,7.5967884,0.43436375,9.086925,0.9117777,31.172874,0.24044558,668.6999,0.2555465,1411.6167,0.13044053,-103.166176,-0.9097304,1756.4813,0.14420092,1121.7816,0.24186347,-109.68121,-0.7689959,2776.1477,0.0924225,977.62427,0.35362473,-111.5902,-0.73853576,-18.484795,-0.29531446,27.521782,0.22571607,0.06814864,0.22121383,-0.03326973,-0.351745,0.5495524,0.4744029,34.20746,0.15591052,6.647203,1.2531011,-0.22681107,-66.120255,-14.577073,-0.89552134,-13.757592,22.608307,0.047082257,-0.023610309,0.28675586,3.7094283,2.8037384,0.17388889,0.14083634,0.17058823,0.20057185,-20.13162
26.76482,0.039013613,26.095324,26.58255,27.220598,1.1252747,122.88511,159.67387,17.801006,6.684333,0.55823845,0.43402684,0.33909926,0.5389657,0.76968247,0.4305832,6.238326,3.404732,6.4272747,4.036677,0.25626704,0.54239106,26.717896,0.5194552,9.975893,1.0043198,10.690417,1.1608524,4.985408,2.0837395,0.017813927,0.7475695,1.1661712,0.805465,5.8919353,0.24424908,2.1895094,1.4033804,27.967056,0.21719612,561.3736,0.37679982,1366.3094,0.13554376,-114.19792,-0.78047353,1561.4419,0.17762281,1106.2975,0.2907837,-119.450584,-0.6984399,2648.563,0.09842557,990.66473,0.25541773,-124.143,-0.6311343,-15.976046,-0.31716195,29.42278,0.20543277,0.015846808,1.0071284,-0.017092394,-0.92089665,0.3221323,0.3674018,35.583218,0.22474545,10.658144,0.6493939,8.791622,1.7007102,2.87581,4.2988896,-10.1865835,20.314222,0.00012313259,0.00549069,0.20538113,6.2344146,3.2828283,0.13,0.119935885,0.14285713,0.10713333,-25.567455
37.622707,0.0005092169,37.60875,37.623787,37.636883,0.028133392,0.0,0.0,-0.015630087,0.0,0.50537974,0.229572,0.45449993,0.5153062,0.5828873,0.12838736,1.6693717,1.0471921,0.45523953,0.46706104,0.16535234,0.29149157,25.012024,0.14644867,-8.471273,-0.5388874,-0.89294773,-4.7430134,0.21544807,23.632963,0.06881121,0.0,2.5370007,0.0,3.5257056,0.17907085,18.176388,0.021908151,21.686089,0.01835777,1077.5372,0.01613965,1154.7839,0.018228495,-196.87892,-0.11635163,2042.2539,0.010765366,1381.1945,0.071140826,-197.03767,-0.11162688,2915.5508,0.0035029713,703.60864,0.051882204,-196.9527,-0.114247665,-9.588963,-0.04732225,21.361496,0.013410177,0.040350176,0.21559305,-0.00073999795,-0.5447423,0.19004513,0.007672224,24.895185,0.043622818,0.35562503,1.3875369,1.8437712,1.2368257,-1.5020293,-1.979053,-4.4262238,17.405785,0.027552493,0.0062660696,0.16410981,2.8368795,0.7352941,0.02,0.0,0.655,0.42499998,-33.425625
37.70292,0.06328487,35.812347,37.35454,39.070007,3.25766,106.6885,104.04389,31.99998,24.54237,1.1479013,0.46670046,0.6013698,1.0393437,1.7278713,1.1265016,12.331234,7.8218646,13.422766,7.9659443,0.56556636,0.7679595,15.458697,0.89695334,8.425035,1.4403824,1.0142573,15.0126,-0.5018991,-30.25376,0.012934462,1.3192091,0.74267477,0.8818699,10.256439,0.24960724,5.0103035,1.7076678,25.37259,0.33849052,669.66895,0.3049635,1355.325,0.1423584,-129.79771,-0.6908174,1707.9357,0.14350858,1102.4237,0.36375967,-125.32937,-0.684584,2744.9258,0.09772035,960.19305,0.3406135,-128.8715,-0.6320674,-11.515555,-0.6126088,23.562334,0.3548959,0.048861336,0.4720675,-0.022162383,-0.65989715,0.7624286,0.48416275,24.509531,0.46589515,3.7762835,3.709146,-8.9200535,-1.7966595,-9.893128,-1.6027122,-7.5429792,15.139332,0.01158871,-0.004358013,0.43303317,4.0756917,2.4926686,0.15764706,0.12646922,0.21055555,0.34614497,-17.793865
34.52185,0.105333365,34.391228,35.29633,36.10762,1.7163925,85.223915,121.72955,49.965363,27.558935,0.816174,0.7427372,0.4090765,0.5580918,1.1269226,0.7178461,13.497145,10.333816,11.909339,5.6136227,0.39407277,0.8192159,26.453459,0.40942746,1.3281486,8.998082,5.74326,2.0255497,0.7781725,13.094087,0.015676903,1.7354543,1.0867801,0.8351599,8.144933,0.39048856,8.4689245,0.941851,23.971827,0.453204,714.4139,0.36852986,1439.0852,0.223295,-144.81172,-0.5873411,1744.4613,0.16069908,1128.0919,0.30069277,-140.27538,-0.59971243,2775.995,0.11161185,1118.6646,0.3801497,-142.08784,-0.57379067,-11.0775585,-0.76211447,21.380877,0.45391828,0.04435465,0.5224927,-0.01677251,-0.85591435,0.6818629,0.50546837,30.599874,0.3363944,-4.3561335,-3.3990374,1.0235713,15.554616,-2.8300555,-4.4539857,-11.970108,21.137133,0.0015386689,-0.008179687,0.25782552,2.3939066,2.0787747,0.1468421,0.11016985,0.3131579,0.6865095,-20.344444
23.646797,0.092691734,22.604511,23.39102,24.570314,1.9658031,124.76448,140.56989,28.367325,16.699541,0.66023695,0.71819204,0.17752013,0.60315365,1.0557933,0.8782731,8.527419,5.017719,9.659716,4.918079,0.2455748,0.9194813,15.990101,1.0513031,3.6570952,3.474305,10.770196,1.3665671,1.4831542,8.812528,0.017068787,0.8811164,1.0668473,1.0397475,3.8667698,0.69017386,3.080614,1.3041414,19.098175,0.5459512,614.77344,0.38513196,1199.2941,0.15110856,-133.63835,-0.67113316,1700.44,0.19019182,894.8524,0.38839298,-137.10818,-0.6152574,2693.0132,0.1204179,746.8573,0.30367908,-136.89659,-0.6181054,-13.667635,-0.6178596,19.091202,0.41185987,0.027826792,0.68449014,-0.028699286,-0.75098675,0.42731574,0.4779211,31.887806,0.24742113,2.5703995,6.261228,19.737099,0.81122756,-4.972445,-3.5729795,-2.876973,10.637964,0.017216625,0.0034998574,0.15114284,3.9653037,1.9950126,0.16437499,0.12810975,0.29764706,0.3825538,-23.139915
35.093426,0.0691613,33.993446,35.032642,36.717678,2.7242317,17.80647,10.356777,-13.988047,34.201454,0.60987496,0.60025674,0.25174427,0.54148954,0.96347374,0.71172947,7.1949997,3.9837549,5.5624585,2.5154562,0.24957342,0.75805336,34.08045,0.3128383,-3.6938312,-3.6145508,2.7777638,5.200776,-0.2972571,-40.899235,0.01561215,1.6055528,1.0243667,0.8118445,8.882264,0.31879202,8.6376915,0.9586623,27.978275,0.3575833,647.5614,0.28987712,1515.2683,0.14708991,-89.678566,-1.0174793,1642.6821,0.11686033,1173.0283,0.20191146,-87.191345,-0.968115,2725.712,0.09509983,1063.0642,0.25249267,-93.97281,-0.84240776,-12.952877,-0.5968764,26.892456,0.33818194,0.05242178,0.3750916,-0.011137116,-1.0693804,0.33325928,0.513236,39.203533,0.20969094,-5.8739257,-2.4955447,1.7548255,9.222268,-1.9762639,-6.884853,-9.633749,21.846563,0.021049734,0.00683802,0.119451635,3.6144578,2.6041667,0.22999999,0.18121809,0.14142857,0.16906705,-23.831673
34.133465,0.100166194,33.625698,34.910683,36.064552,2.4388542,163.63339,172.95786,75.81455,71.87777,0.7864436,0.6565462,0.3561861,0.60628843,1.2197886,0.86360246,13.394805,9.8268,12.53861,9.900567,0.43154043,0.9726585,25.942215,0.59269446,4.613926,2.6863685,5.1380076,2.7125535,-0.15974176,-72.55553,0.03195199,1.7374797,1.2231165,0.9561868,8.26455,0.41035986,8.095257,1.2110728,29.25084,0.30872545,557.36176,0.36218265,1389.9666,0.13000207,-134.20471,-0.6580548,1633.8527,0.170912,1037.6045,0.26947552,-132.14894,-0.6267399,2728.7927,0.09903325,974.06085,0.307461,-135.10448,-0.58561224,-15.9115,-0.45725667,27.886639,0.28540605,0.04059968,0.51199377,-0.01873916,-0.7483263,0.712366,0.630638,36.80047,0.24004762,2.8104541,4.009945,4.738924,3.5467854,-4.1348076,-3.5247505,-8.587552,17.516087,0.0043715667,-0.0033454415,0.2621706,3.8314176,2.5706942,0.14,0.09460443,0.22799999,0.27014068,-19.292145
33.02134,0.20103678,29.076471,33.946884,36.073727,6.9972553,315.53577,459.74826,126.64291,109.62448,0.66812766,0.5762234,0.33427823,0.5872398,0.9076326,0.57335436,7.05063,5.6840672,4.6462445,2.5851185,0.25946602,0.7864511,26.591558,0.43517113,4.4225416,2.1480625,5.8392253,1.8549654,-11.225671,-1.1891229,0.028343447,1.9837766,0.93260616,0.6924351,7.1796374,0.47072425,3.3972197,2.9139442,25.28996,0.49489933,652.72144,0.3148928,1445.3823,0.21840854,-107.468094,-0.8911594,1648.2445,0.14505984,1127.2551,0.28132743,-109.017784,-0.81920123,2798.103,0.08463168,801.63257,0.3240493,-112.184715,-0.76809907,-14.215665,-0.5346649,25.609768,0.26391834,0.043843966,0.42219675,-0.022158321,-0.6865293,0.3659806,0.63093424,32.306087,0.27272162,1.7829242,5.7886376,3.0274632,4.293,-18.958847,-0.72028595,-10.590153,19.650625,0.016748795,-0.006318165,0.15698358,2.5027204,2.8477547,0.16384615,0.16205592,0.1744,0.18308641,-23.021164
34.054646,0.064357184,33.028122,34.31611,35.133766,2.1056442,58.139973,114.44062,120.26623,252.35715,0.6716875,0.62154305,0.2701504,0.57609314,1.0553447,0.7851943,6.689897,3.2667117,5.788918,3.9615946,0.2666017,0.75882196,23.881464,0.41831106,2.8352516,4.6604385,1.5049077,9.013241,-2.1402137,-7.4770026,0.015610763,1.1224905,1.0129608,0.60651135,7.2046113,0.3958875,6.15585,1.3731121,24.423506,0.29793546,619.7677,0.37629414,1405.5691,0.16307127,-104.25448,-0.91444695,1658.8552,0.17419146,1069.1815,0.26250103,-103.492386,-0.86314887,2699.2007,0.104951374,995.74945,0.29015845,-106.812805,-0.80750084,-11.76765,-0.52498573,21.816195,0.2746128,0.054289695,0.31051123,-0.015299001,-0.8612452,0.39457035,0.4474379,27.64143,0.27905992,0.29105815,47.270573,3.951249,3.7727342,-9.090112,-1.8765974,-9.013088,17.585112,0.032920174,-0.002564904,0.13209757,3.286385,2.3659308,0.21133333,0.1572627,0.17875,0.15491429,-23.764
35.439754,0.06430154,33.706783,35.06716,37.207653,3.5008698,24.423056,8.198818,137.76122,246.56053,0.59207934,0.62757844,0.27503005,0.43130946,0.9882394,0.7132094,6.9038806,4.2296004,4.3521442,1.9177452,0.23886223,0.8162368,29.43774,0.27841163,0.9226623,9.320691,0.5385258,21.829144,-3.4115674,-3.301046,0.014360042,0.79068834,0.95247716,0.693939,8.199395,0.34657955,4.5760913,1.6249465,27.39305,0.32863703,689.269,0.26540488,1445.4115,0.16356453,-116.62475,-0.8099201,1736.668,0.13339081,1053.4546,0.2464512,-116.474846,-0.76512784,2820.541,0.08856805,950.839,0.3315317,-120.574844,-0.70326525,-12.947364,-0.42840406,23.743011,0.33019185,0.055424955,0.32051492,-0.02514321,-0.523605,0.3645497,0.5567695,34.850384,0.17231724,-2.4843833,-4.1043887,-3.4448967,-4.2068343,-7.4435997,-1.8211993,-11.213138,19.551018,0.03297279,-0.011190312,0.13464053,2.3928216,1.8036073,0.24444444,0.1691555,0.2742105,0.24305765,-24.182337
30.172274,0.10598726,26.787262,30.313242,33.221966,6.434704,58.5297,67.36924,27.307823,12.842016,0.7099569,0.8329792,0.21979004,0.5017394,1.1696713,0.94988126,13.649399,9.58953,8.511971,4.75674,0.33491138,1.0143464,26.204557,0.43362662,0.29141918,46.799625,9.569013,1.1014522,-10.304054,-1.2885386,0.020186568,1.0887048,1.2147771,0.70309234,5.9319005,0.47650334,2.2769735,3.7791424,24.645702,0.39432964,659.1812,0.37865382,1379.8823,0.16078858,-101.20415,-0.9410491,1731.2762,0.15539879,1037.808,0.24149217,-104.19718,-0.8495431,2777.5352,0.08995436,978.1575,0.30209163,-106.40774,-0.8126824,-14.100859,-0.5757474,22.923048,0.3508617,0.071112946,0.2717414,-0.025673999,-0.6720939,0.537905,0.65213424,30.331448,0.2872264,-1.3507133,-12.643711,12.684818,0.97873074,-15.090772,-1.0542021,-9.879149,18.616205,0.06549701,-0.005881842,0.121215336,2.6687598,2.8481014,0.17277779,0.114056796,0.14947368,0.14720103,-20.820927
32.878323,0.14982708,32.18521,32.802032,33.270054,1.0848427,477.39905,475.01144,137.69946,164.7079,0.6057077,0.57728994,0.2353187,0.56526476,0.97576946,0.74045074,7.7066092,5.3840766,6.5559893,3.9392276,0.20230836,0.8460755,18.40796,0.8101993,9.057367,1.113755,3.8446007,3.2545602,-5.1734643,-2.379147,0.024708144,2.0369034,0.91191816,0.84838945,8.300001,0.38587776,2.9884756,2.4614086,27.191246,0.2405452,546.6792,0.34453383,1382.7965,0.13464062,-113.67901,-0.83853817,1611.2395,0.1546836,1056.8693,0.39737576,-114.87001,-0.7697419,2747.8503,0.081932284,879.7441,0.37690318,-118.60494,-0.7113752,-14.911209,-0.38635162,26.050438,0.27419648,0.058422506,0.27566734,-0.026384262,-0.5353931,0.30503154,0.54127604,29.911654,0.32745987,8.551862,1.2710044,2.9059656,5.1876225,-10.460968,-1.3273287,-5.2635283,12.660036,0.02416783,-0.004239092,0.11399828,4.1825094,2.1683674,0.20647058,0.14708705,0.2211111,0.27598086,-24.252216
34.377354,0.045659684,32.659584,34.73603,35.423702,2.7641182,65.25856,55.543373,21.12185,10.941896,0.545453,0.5987742,0.25980994,0.4705254,0.8507511,0.5909412,6.9802094,3.9677727,7.1129727,3.6596541,0.2536508,0.86170053,20.915525,0.7760701,15.638018,0.8595029,0.0887026,168.76703,-19.419565,-0.75506335,0.016933022,0.8333051,1.3076502,0.70093113,8.0548,0.37288824,4.6046085,2.3772366,32.255077,0.21843496,596.8864,0.29403922,1427.0868,0.13305706,-79.48252,-1.1326554,1674.1459,0.14278476,1069.3549,0.29337028,-86.31291,-0.93243325,2797.0981,0.07547943,868.096,0.3496785,-91.217186,-0.83712167,-17.789505,-0.34610224,28.232868,0.25138152,0.07774989,0.196455,-0.029746175,-0.39849958,0.33358216,0.6535603,29.645514,0.39261252,14.071803,0.99964756,0.75176513,21.003883,-23.664639,-0.6887355,-6.935423,11.627418,0.06047982,-0.012056801,0.117051035,5.7007127,3.125,0.19692308,0.18676946,0.095,0.070987925,-23.90442
32.966343,0.05000724,31.897417,32.672585,33.88138,1.9839611,62.898266,60.108883,39.76573,44.997936,1.0118178,0.5174487,0.59545904,0.8223722,1.4900475,0.8945884,7.9806075,6.1593266,8.50844,9.496338,0.4484874,0.5926848,28.209923,0.35955092,-1.9353113,-4.87889,1.3461113,8.535583,-8.011951,-1.6017739,0.019690733,1.217724,1.1082023,0.81877536,6.8886123,0.47173858,1.9730395,4.074099,26.28364,0.304462,671.912,0.33270946,1427.0725,0.17300159,-113.736145,-0.82324445,1704.5085,0.15249781,1046.7125,0.28496388,-114.06656,-0.7759507,2781.3044,0.08871226,970.8305,0.36422658,-118.06613,-0.71478033,-12.451008,-0.38883498,24.406977,0.2742159,0.0686413,0.20857413,-0.027475812,-0.5712067,0.57429516,0.46565604,33.110493,0.2219395,-2.9165876,-3.3115706,-0.92065513,-13.560106,-11.780848,-1.2303016,-9.202667,18.061867,0.054720383,-0.011292695,0.34348723,2.8837209,3.1835208,0.13558823,0.11695125,0.15852942,0.14779024,-18.82284
28.668777,0.1163047,25.31089,29.583685,31.399933,6.0890427,264.98065,346.43668,30.79524,18.884815,0.4503031,0.66115785,0.1507115,0.39618123,0.7197336,0.56902206,6.0692663,3.5840194,3.2987864,1.7073102,0.2371661,0.9017339,29.063116,0.44469845,8.246318,1.0311105,14.36054,0.8131487,3.4341047,3.7532082,0.025525488,1.0785056,1.0739633,0.88965124,7.084693,0.31169257,3.8269885,2.1392252,28.236374,0.30444252,723.64874,0.32282123,1321.4603,0.14291956,-119.53746,-0.7333117,1767.0245,0.16766816,1102.2621,0.27480778,-123.39933,-0.6639568,2840.5671,0.11002173,985.5852,0.33151656,-126.60842,-0.6201336,-21.036142,-0.26841548,30.200567,0.20350344,0.023898346,1.439286,-0.024133995,-0.9562781,0.36384588,0.53439754,37.07408,0.28768134,12.995104,0.5703212,15.077781,1.006386,1.4254565,11.544223,-10.995306,20.997692,0.008307065,0.004241733,0.13527204,2.359109,2.242744,0.19235294,0.16082615,0.22,0.17489679,-23.256634
32.662155,0.10447456,30.051977,31.92421,35.590267,5.53829,53.167545,63.719524,109.93508,225.77281,0.69814503,0.46179143,0.38207582,0.63355917,0.99309254,0.61101675,5.953931,3.6458557,5.1679378,3.289961,0.28718835,0.74426234,20.965492,0.6945243,15.182114,0.5284993,1.5915105,8.261965,-9.217816,-1.3489325,0.016200276,1.3657842,0.79363763,0.79098773,8.25028,0.32786357,6.800592,0.98257196,33.20449,0.32653975,660.8099,0.28978762,1404.3817,0.15494536,-125.425415,-0.7287849,1746.1327,0.1557608,1145.4335,0.26561376,-130.63199,-0.6300377,2827.9348,0.100484505,1017.4415,0.31693086,-132.72081,-0.60013807,-18.805613,-0.38827252,29.60607,0.3348559,0.055334937,0.3420815,-0.038450833,-0.3897511,0.42074624,0.5858836,31.90766,0.3363896,15.329422,0.5659043,-0.44821855,-37.453728,-14.985876,-1.0712639,-9.936254,16.815638,0.0302271,-0.018824594,0.19956599,2.9234738,2.2452505,0.16923076,0.15806335,0.25538462,0.27558655,-22.322954
30.134315,0.09335654,28.603058,29.632929,31.271645,2.6685867,42.586723,63.238953,118.70584,170.27368,0.6277125,0.5284802,0.3499174,0.53209233,0.8862797,0.5363623,5.9032154,4.2583346,4.462356,3.2289207,0.22206144,0.67905337,18.192978,0.6511706,14.331758,0.7807703,3.371074,4.051573,-4.324191,-2.725337,0.016776795,1.1867915,0.9724594,0.70178413,6.545398,0.35154447,1.6455734,2.914579,26.176188,0.4090735,630.9192,0.26684323,1414.1178,0.15516451,-132.14555,-0.67659944,1732.4493,0.14838476,1198.1342,0.45517826,-136.62036,-0.599141,2736.258,0.11604281,1030.8467,0.3018157,-137.72545,-0.5837976,-15.786235,-0.49181724,23.683104,0.395117,0.0449928,0.45717743,-0.033858262,-0.4760719,0.32921687,0.4955144,26.148449,0.3621749,17.274326,0.7585996,-0.8849276,-18.431623,-5.958647,-2.1446178,-9.341214,15.923544,0.024844151,-0.015905637,0.16395319,3.2528858,2.5316458,0.13208333,0.09763792,0.2328,0.15143368,-25.505066
37.630386,0.14453278,34.96801,36.313457,41.07596,6.1079483,280.63013,429.26187,258.0836,345.13574,0.94542533,0.47437963,0.4554413,0.9380131,1.3572698,0.90182847,8.419423,5.910935,5.7116113,5.6075816,0.3978452,0.79783773,19.805761,0.6510548,9.480989,1.136717,-5.5356207,-2.6570039,-14.097049,-1.1624119,0.037163157,1.8407396,1.1400604,0.7416922,7.5578985,0.5086551,6.926025,1.8179411,23.653303,0.48347747,762.4905,0.2519244,1350.4098,0.22283177,-85.49527,-1.093811,1799.9619,0.1486539,1088.9272,0.2934858,-86.65853,-0.96269596,2865.387,0.07967904,889.4997,0.35810605,-89.29381,-0.9111617,-15.326315,-0.4683466,25.557827,0.2857284,0.06707325,0.29623613,-0.027948959,-0.6391829,0.49217424,0.6534122,25.075342,0.3868808,7.0985975,1.5482697,-6.9631653,-2.3882072,-19.156084,-0.91979414,-8.794906,16.857292,0.041213095,-0.014240127,0.23563844,3.3136096,2.3837905,0.25649998,0.22066432,0.14299999,0.09654533,-19.091873
33.265125,0.059334785,31.78733,32.98262,34.80688,3.0195503,20.79406,9.79634,21.551426,34.714817,0.6698804,0.4844659,0.39627928,0.55769795,1.0036647,0.60738546,6.986129,4.9069104,3.7969742,1.6978468,0.26124015,0.58814716,26.15501,0.4332586,9.231397,1.0647062,2.2010732,5.1203413,-2.3804572,-5.3335695,0.014644872,1.6565176,0.9322571,0.8574363,8.762523,0.26200914,6.452224,1.0005279,33.39579,0.2219391,658.56287,0.2623589,1488.0256,0.16460201,-95.42471,-0.98272806,1705.5211,0.118759274,1140.3662,0.24197371,-101.85919,-0.837891,2785.1604,0.07203011,1052.6669,0.30232552,-106.73803,-0.7572568,-16.998861,-0.3883923,28.221226,0.28372064,0.057744153,0.24602468,-0.0290365,-0.47936118,0.34261823,0.41027287,33.3908,0.24737707,8.223888,1.3310332,0.5165814,25.982985,-7.98172,-1.6560528,-10.721994,18.736742,0.036177024,-0.009455084,0.16489743,2.973396,2.6813881,0.19588235,0.14200492,0.14777777,0.10379227,-22.93451
34.307888,0.051885128,33.434723,34.283516,35.15514,1.720417,91.256966,83.84034,35.87536,23.379908,0.41046453,0.43692887,0.26518008,0.3917446,0.55338174,0.28820166,3.6305299,2.3741336,3.3662274,2.4467132,0.13830039,0.44689342,12.335996,1.0904331,22.047993,0.5156873,9.03176,1.1858383,2.468875,4.6496096,0.03593074,1.982298,1.0820625,0.7162495,7.2791343,0.40171847,7.3851275,0.9429464,22.888405,0.32448778,602.3109,0.32267323,1366.0105,0.12712608,-148.25746,-0.54796207,1712.569,0.14319554,971.4558,0.26652935,-148.6916,-0.5124541,2772.6462,0.07729767,959.4756,0.3881144,-149.44165,-0.50263625,-15.364112,-0.4459974,22.516756,0.34772786,-0.0063532903,-2.7958615,-0.01962023,-0.5376318,0.1654107,0.41650108,20.649048,0.40927714,17.823997,0.65884614,11.1410675,1.0286254,-5.47306,-1.9418406,-12.112744,18.678984,-0.015651572,-0.0071267174,0.13184728,3.799186,2.4590166,0.111111104,0.067977846,0.29,0.25662974,-31.74681
32.681618,0.058631793,31.084244,32.09285,34.844658,3.7604141,47.892944,62.843845,27.54489,23.386164,0.5901196,0.6117902,0.2906941,0.4673873,0.8859897,0.59529567,7.8388643,3.672711,3.8513184,1.8791057,0.19186604,0.8228534,22.975067,0.4400696,-2.077633,-5.921929,-4.750255,-2.5340736,2.6695333,4.5704484,0.014578531,1.2632133,1.0449033,0.6628609,6.702251,0.51974213,-2.3251772,-2.807406,16.137115,0.66471475,617.2148,0.38947278,1461.9749,0.16064942,-107.71412,-0.85678124,1615.1083,0.156762,1253.0327,0.26455772,-104.23173,-0.85686517,2610.4517,0.1198839,1196.678,0.37599698,-108.33847,-0.7877407,-8.375626,-0.79737073,20.71654,0.38199604,0.05301686,0.3114104,-0.011326493,-1.3289338,0.27428362,0.5823363,29.778452,0.2386784,-5.9955254,-2.2050261,-3.7822917,-3.5183225,-1.6960807,-8.520843,-5.132855,15.006161,0.030347954,0.002583877,0.10797037,2.9368577,3.106509,0.15523809,0.15089002,0.14571428,0.111379705,-26.234514
27.552053,0.10893634,27.108887,28.323843,29.042225,1.9333382,42.723385,62.249504,73.97565,77.50235,0.41764173,0.4038732,0.2795857,0.37169456,0.5481013,0.26851562,4.0639625,1.9124917,2.276505,1.6749977,0.1419781,0.7050323,14.677821,0.6890339,15.407001,0.44176087,14.835447,0.6542156,-5.1647687,-1.73196,0.030351562,0.78574806,1.3957057,0.5073973,5.106104,0.42879283,-0.66759074,-9.700504,22.539238,0.24409519,517.4584,0.2767286,1369.4434,0.16870664,-151.2344,-0.5381412,1567.8622,0.14505245,1151.2823,0.31229034,-155.70924,-0.47069255,2641.9512,0.06814873,782.3118,0.519808,-155.8014,-0.4680578,-17.464,-0.2273907,23.916636,0.20771039,0.026907131,0.74579626,-0.024709195,-0.40951267,0.24807122,0.34672356,27.249636,0.21006581,18.913593,0.3651228,12.864862,1.0191715,-10.663597,-0.79770076,-7.959592,11.588184,0.005187706,-0.001069238,0.105575226,3.0344827,1.8055556,0.13384615,0.14079654,0.3707143,0.28277865,-30.047508
38.15069,0.06481972,35.828655,38.31892,39.97227,4.1436157,76.87054,83.12677,29.13849,10.625043,0.88718,0.34810027,0.65765494,0.77784324,1.1286203,0.47096533,6.3307815,4.365081,4.7440963,3.4425788,0.33735135,0.50690293,20.169853,0.2879397,-6.4981236,-1.2265847,10.506246,0.9091028,-10.865459,-0.8900142,0.021730538,0.927526,1.0762435,0.5262247,7.1960263,0.3919726,2.0346677,5.2041516,14.513591,0.557177,745.3657,0.3743411,1330.0319,0.15230183,-133.70657,-0.6421798,1713.7151,0.16399397,1128.4845,0.17601421,-122.82289,-0.70515126,2738.2078,0.07855591,1011.7866,0.39904305,-125.342186,-0.6668702,-9.233679,-0.5008867,19.359352,0.28969315,0.019707987,0.77522224,-0.007017714,-1.2077441,0.43945822,0.4132546,24.57925,0.18000942,-9.111668,-1.1059016,9.139787,1.2982811,-17.47975,-0.5432779,-4.8806458,12.239825,0.008211649,0.004249195,0.26731354,3.2520325,2.9508197,0.13333333,0.11377366,0.17526315,0.16512734,-23.967064
35.920223,0.06987914,34.36986,35.88248,37.042595,2.6727333,43.5601,41.431374,18.635357,24.234238,0.7952908,0.5181752,0.41975355,0.6514646,1.2432165,0.82346296,8.98018,5.8006744,8.02596,5.064327,0.31710184,0.58330065,22.240952,0.3565931,7.148917,1.5797553,6.74629,1.8941029,-7.2477193,-2.0279176,0.015795495,1.0138919,0.92664087,0.6771293,8.619912,0.2857354,0.83665085,9.382559,19.7335,0.39482278,625.67096,0.28663477,1358.8364,0.13306993,-130.174,-0.69523746,1684.3632,0.13804893,1036.6779,0.36506408,-129.39551,-0.66417766,2761.916,0.08126674,900.0801,0.44875306,-130.87398,-0.641602,-12.046329,-0.5131249,20.52777,0.36715,0.031186879,0.4859857,-0.028880985,-0.34538987,0.45142204,0.38073677,27.441153,0.23781632,1.0536122,12.018763,4.519985,3.7702262,-20.278622,-0.7198707,-11.611261,17.634699,0.008666334,-0.017582623,0.23357081,3.1203566,2.0958085,0.17785715,0.15311894,0.27785715,0.35944754,-22.7477
34.166645,0.08949411,32.132908,34.296955,36.429913,4.2970047,31.07302,27.681183,46.132298,39.141647,0.889005,0.5443356,0.3899421,0.82443017,1.4042108,1.0142686,8.942301,5.5847173,9.024263,6.4205027,0.4007406,0.7693202,23.523483,0.548666,9.919541,1.0608637,-0.4431582,-31.796185,-12.343099,-1.2302845,0.022718258,2.6037295,0.9524681,0.982248,8.429481,0.36953372,6.3251376,1.018927,28.438545,0.3242834,715.50104,0.24233995,1358.0671,0.16632321,-111.64151,-0.8420224,1754.8856,0.15060703,1091.6486,0.36951137,-115.58038,-0.7447564,2842.1714,0.08956655,878.93835,0.469518,-118.24337,-0.7025719,-14.584199,-0.48259652,26.039621,0.35848898,0.05572049,0.30161664,-0.030116176,-0.46258846,0.5930952,0.5153693,30.723124,0.34850365,6.9671335,1.724107,-2.316799,-7.628062,-21.676712,-0.72919494,-10.665287,19.074917,0.025494749,-0.014180532,0.22826606,3.5087721,2.282158,0.19954546,0.17263934,0.20869565,0.3245372,-19.815126
34.64686,0.17737313,31.585442,33.097626,35.165,3.5795593,141.64192,103.89392,115.3802,119.48827,0.8875022,0.6203817,0.4064789,0.71867484,1.3683975,0.9619186,10.418512,7.221115,8.215326,5.542287,0.37670127,0.8238359,27.535038,0.427035,2.290121,5.4280615,4.007224,2.859504,-6.495718,-2.1788576,0.030447925,1.8182088,1.1123971,0.77423805,7.389096,0.42537546,4.1999216,2.2726398,23.014053,0.5532081,622.58704,0.29563314,1422.7004,0.14186817,-93.6943,-1.011375,1695.1703,0.14991471,1163.0466,0.4169588,-95.23522,-0.9205882,2722.833,0.10551729,976.89233,0.36118156,-97.282616,-0.87307155,-14.665685,-0.50685304,23.909101,0.36064926,0.042300466,0.38357756,-0.027563972,-0.52698547,0.50939226,0.6403325,32.992645,0.29619685,-0.76150227,-17.23078,2.6022096,4.903047,-11.022146,-1.337537,-11.035585,20.138315,0.013075563,-0.0077697285,0.19956876,3.1093283,2.5201612,0.21959999,0.23193929,0.1564,0.16946694,-19.436129
32.384483,0.08547941,31.094988,32.00083,33.735157,2.6401691,18.622513,12.990508,33.336193,26.748322,0.6814514,0.40457267,0.44327182,0.6281395,0.89068216,0.44741035,5.6717243,4.021057,4.886598,2.6010594,0.2619107,0.5276285,24.299757,0.36739576,6.800316,1.2382079,3.2005098,3.6614034,-4.093292,-2.8755968,0.014328009,0.88642687,1.0653839,0.7025012,7.3663287,0.36677805,7.160143,1.3430253,27.495638,0.4286863,645.0856,0.32511193,1452.6986,0.1549964,-103.73118,-0.90328956,1699.359,0.15733229,1099.8652,0.31171855,-104.18791,-0.84175175,2774.36,0.10389715,973.8597,0.39313117,-108.31854,-0.7742817,-14.349291,-0.38330007,26.03478,0.22131835,0.056834377,0.32564676,-0.021168048,-0.6189222,0.3262373,0.39121103,29.681868,0.18218386,5.454934,1.4950086,3.0415635,4.7761283,-9.863404,-1.2865118,-10.454622,18.72367,0.038094673,-0.010413921,0.1938853,4.2105265,3.030303,0.16299999,0.09360021,0.15421052,0.10256273,-23.771765
30.546574,0.093495645,29.760967,30.372332,31.649197,1.8882294,48.007763,57.514545,37.78377,54.86469,0.83907765,0.554088,0.39335647,0.7564227,1.1621534,0.7687969,10.382159,7.3318224,6.9993668,4.2439446,0.42569992,0.71653235,24.003061,0.5119841,5.419072,2.1546545,9.360745,1.3551375,-5.9989276,-2.1008017,0.029310491,1.0308962,1.1981574,0.7566053,5.0489483,0.6562348,6.4837456,1.115409,19.51462,0.76253057,553.9541,0.3602136,1406.4735,0.21667314,-152.36479,-0.5236804,1642.5198,0.17564756,1091.419,0.39396137,-152.78975,-0.4986357,2649.9204,0.111033246,1038.9304,0.49426806,-152.63332,-0.50043064,-12.93646,-0.5934375,18.593554,0.4433919,0.03682242,0.48312256,-0.029773396,-0.5216437,0.62835604,0.4842967,30.799046,0.28854537,1.2581128,10.242874,14.572866,1.0655048,-13.414152,-1.11037,-10.906851,18.164396,0.015449183,-0.015806872,0.35601208,3.136309,2.4271846,0.09899999,0.07575619,0.30789474,0.27097443,-22.124935
27.823818,0.06590036,26.476381,27.488506,28.773335,2.2969532,40.31295,60.674816,29.211262,32.937256,0.9041516,0.47529963,0.47527418,0.8542858,1.3783807,0.90310645,7.3803716,4.8486986,6.1971736,4.0196486,0.35738862,0.6622226,26.563763,0.5293623,0.736145,14.146889,3.3234482,2.6716835,0.061376862,142.7325,0.015097362,1.2216907,0.82375133,1.0465149,6.635891,0.3591937,-0.38576886,-12.08078,23.945805,0.2806402,675.4833,0.3746979,1332.4375,0.206736,-113.04394,-0.84603816,1748.1779,0.17383595,1010.1505,0.25846002,-116.21512,-0.77347994,2803.0103,0.12170628,1097.58,0.30842093,-119.73627,-0.71956325,-12.882385,-0.3828412,22.418413,0.22875822,0.05479487,0.3002203,-0.026957568,-0.6174836,0.4920282,0.4230655,37.126503,0.24903306,-3.038731,-3.897664,3.085417,3.582278,-0.24256243,-44.594975,-7.762299,15.272253,0.028919753,-0.009806629,0.24980614,3.0558484,2.012712,0.21526316,0.19834498,0.24799998,0.26734993,-20.148716
36.082203,0.078655906,35.251926,36.48255,37.582348,2.3304214,159.53946,158.53635,23.978981,17.444519,0.6115848,0.40836045,0.36097932,0.6263656,0.847905,0.48692566,6.2739596,3.2693102,3.9020038,2.1363783,0.3001988,0.65836656,23.354347,0.5769952,19.03744,0.5200062,6.2368584,1.9396782,-14.158935,-1.0796345,0.02477715,1.3395262,1.1440972,0.6039187,8.65948,0.3621092,13.015354,0.6088142,36.04038,0.23825943,676.6062,0.26833895,1405.7384,0.14163077,-105.31889,-0.8625904,1804.6283,0.14350532,1126.2927,0.28751022,-109.66764,-0.725973,2897.9207,0.07913963,1023.1691,0.486093,-112.17486,-0.68781453,-20.658007,-0.34126014,31.793488,0.27325258,0.061569322,0.31308177,-0.034736745,-0.43780872,0.37563705,0.5192355,31.452667,0.28285006,15.810626,0.54012775,4.305197,3.1578546,-22.749512,-0.53793603,-12.998995,19.479124,0.036458217,-0.015948756,0.21863417,4.1186166,2.9900331,0.17166665,0.14256576,0.13473684,0.11856015,-22.76821
24.063255,0.13703132,21.920542,24.586216,25.343128,3.4225864,82.67634,74.034805,125.44592,109.56805,0.31555828,0.64636284,0.14500889,0.23933788,0.47329652,0.32828763,4.3043113,3.6074634,2.6291618,1.866758,0.14196108,1.1672459,25.165258,0.4153264,4.31293,2.2984197,12.374215,0.9249762,-2.1977983,-4.1293936,0.046925873,1.2555163,1.2751293,0.7844403,4.230148,0.47761416,4.4102874,2.5620413,30.13028,0.27869698,588.8552,0.33184114,1373.5697,0.12159641,-170.2069,-0.38772705,1697.0092,0.17356789,1164.8239,0.28238416,-173.19753,-0.34197474,2813.3135,0.104347624,1003.6142,0.32121983,-174.20961,-0.32764307,-22.638441,-0.2446643,32.90453,0.20517945,0.00646836,3.559521,-0.029321102,-0.60782075,0.2499366,0.5674212,37.745266,0.20950568,15.756601,0.47275573,12.488838,1.0765536,-2.8887892,-3.7886703,-10.250852,19.160715,0.019650461,-0.0020643843,0.12082976,2.1052632,1.5384616,0.098124996,0.09856589,0.530625,0.74775046,-29.326368
25.416643,0.31241602,22.23721,23.49537,24.931175,2.693966,225.2073,253.99973,32.72824,32.3233,0.6448136,0.6664079,0.29578742,0.49674928,0.96992445,0.674137,8.103264,6.202753,6.1974816,4.5992627,0.26268035,0.80649006,28.07089,0.3552178,3.790889,2.7616174,16.446753,0.73182076,-5.993794,-2.516714,0.016769119,1.2862579,1.0624939,0.7328407,4.624574,0.45917198,2.4553273,1.7183043,18.116394,0.5949579,527.481,0.3583661,1261.1743,0.15102635,-117.564705,-0.79030186,1562.0854,0.14946972,1003.5614,0.2726582,-120.76904,-0.71338904,2653.9822,0.085837334,866.2696,0.3592,-122.432304,-0.6884794,-14.441005,-0.4014171,22.287668,0.33861262,0.021405485,1.0116978,-0.0250059,-0.6472564,0.3965471,0.5786993,31.029793,0.28528988,5.227828,2.082898,18.464678,0.83997935,-13.765767,-1.2392426,-11.197727,20.497316,0.004978312,-0.0015617037,0.15607548,2.2819886,2.2094927,0.19259259,0.14975516,0.23925926,0.33606574,-22.231802
35.301353,0.060709402,34.336445,35.276184,36.744995,2.4085503,75.27133,115.52348,37.065125,23.574139,0.9462764,0.67662966,0.33926958,0.7646547,1.6035597,1.2642901,13.599553,9.519952,12.111876,6.017763,0.4762643,0.8561943,24.09162,0.5323625,4.10584,3.337991,3.595702,3.8573864,-6.595418,-2.2644634,0.0241063,1.2558784,1.0788027,0.7454156,8.166013,0.44480762,7.5072427,1.3360773,25.083626,0.29242262,542.78735,0.40958,1370.0089,0.16265096,-96.88244,-0.96845526,1607.0864,0.17669995,996.60846,0.2526377,-89.923416,-0.9566975,2690.0264,0.09844289,903.63367,0.35541555,-93.5612,-0.8854781,-12.957821,-0.49719897,23.2451,0.32113323,0.06890433,0.25120237,-0.02130932,-0.6546666,0.663148,0.6002029,29.823013,0.29255292,-0.30045125,-46.934574,1.7586452,9.139448,-10.197523,-1.6719326,-9.159799,15.708358,0.04095444,-0.008636676,0.20085366,3.6328871,2.7027028,0.21357143,0.12151468,0.12666667,0.107372664,-18.250013
29.446724,0.10252964,26.411234,29.088583,32.497284,6.08605,91.12899,154.52394,22.18139,11.897899,0.6256736,0.5290903,0.39483973,0.4924004,0.8499546,0.45511487,6.2080626,4.037927,4.2869744,3.7657402,0.23319608,0.8375728,27.582644,0.35541028,-4.707427,-1.5641692,1.0199409,9.609478,-0.6546278,-17.72585,0.017991655,0.843271,1.0602342,0.61355114,5.515567,0.4385051,1.7979878,4.0279326,25.754147,0.2817838,615.3802,0.35447407,1520.1997,0.17576247,-121.861626,-0.7691426,1586.9827,0.1409448,1244.4612,0.23921563,-122.78993,-0.732171,2704.9082,0.08962692,1077.39,0.2958034,-128.03911,-0.6537183,-10.824899,-0.5328539,26.743313,0.15546763,0.038894504,0.43511418,-0.012100193,-1.1311094,0.3725979,0.5959005,36.224407,0.16432604,-3.6882029,-2.2713003,0.17763183,68.673676,-9.644413,-1.1534451,-4.6479406,16.605736,0.01753164,0.013108785,0.13644564,2.1454113,1.7985611,0.22133332,0.18249626,0.294375,0.24312982,-25.06772
36.165714,0.1502379,34.11335,35.701626,37.669918,3.5565681,180.28952,184.37898,95.89622,111.62582,0.991545,0.5151614,0.48930544,0.9020142,1.5367222,1.0474167,9.129819,6.742824,8.268982,5.432131,0.39665255,0.6833463,18.115488,0.66218656,8.019912,1.7587552,-0.53498906,-27.787605,-13.835389,-1.1478102,0.03142244,1.5639608,1.0386239,0.6572031,6.530628,0.5836223,3.9776077,2.9399734,18.927986,0.6795627,650.611,0.30917725,1344.6241,0.14935896,-94.745674,-1.0001032,1767.4724,0.16194355,1037.77,0.34752157,-93.98228,-0.9201773,2749.6436,0.09904942,1085.275,0.3879492,-94.10222,-0.9135874,-12.552059,-0.6063596,19.849218,0.42529643,0.06994118,0.276451,-0.03192287,-0.45980135,0.495724,0.57454836,21.548216,0.41025072,3.5828419,3.978076,-0.84669703,-19.190851,-18.888351,-0.87581986,-10.431143,17.207277,0.050819993,-0.023320697,0.2648041,2.6809652,3.1418314,0.17514285,0.15507364,0.13,0.11454786,-20.352638
34.1982,0.059373084,32.937195,33.99602,35.80583,2.8686333,66.9026,149.13252,27.940529,13.752386,0.65841734,0.80170363,0.28038183,0.38317838,1.0756626,0.7952808,11.3331585,10.002411,8.143334,4.0958533,0.26905054,1.1312625,21.252148,0.6086341,-2.6963882,-4.9358335,3.0708191,4.158026,-6.732726,-1.8317628,0.013633387,1.4544195,1.101835,0.97650445,8.063439,0.41641888,8.429127,0.94959754,26.499943,0.3201204,624.18677,0.37150916,1434.7461,0.19113082,-138.55014,-0.6422449,1661.5175,0.15892108,1077.1224,0.28967434,-133.00552,-0.65650034,2722.7249,0.09237686,1054.0084,0.45985958,-135.80469,-0.61450446,-10.7815695,-0.67323256,22.582882,0.3529262,0.08205627,0.18682607,-0.016404182,-0.8483113,0.5342516,0.618382,30.923775,0.38128573,-6.6947317,-2.4658475,6.211326,2.7799466,-16.829958,-0.8052159,-6.153602,13.444364,0.0700477,-0.00094115443,0.12073629,2.4539878,1.9753088,0.173125,0.12632887,0.29411763,0.6450724,-21.909576
36.14054,0.09850515,34.443947,36.03607,38.245754,3.8018074,335.2533,757.69775,79.802505,142.78394,0.8362067,0.5901836,0.32243547,0.7814849,1.3164365,0.99400103,8.468716,4.6968803,6.624562,6.0979233,0.35258824,0.8423113,20.19632,0.74897254,10.45804,1.3267854,-2.031745,-6.4492264,-5.822128,-2.7644231,0.021922061,2.8469403,1.0410082,0.9226829,9.518878,0.35513484,6.9181232,1.1932149,24.177603,0.3848774,721.58417,0.2813686,1342.1573,0.17849854,-124.82391,-0.7159193,1752.5604,0.16714324,1153.6564,0.3068864,-123.6723,-0.67310226,2819.0703,0.08503734,853.6484,0.3012903,-125.686516,-0.64298844,-13.71801,-0.586417,25.647331,0.37078112,0.054392554,0.2862752,-0.022176893,-0.7989344,0.5104944,0.54447204,27.443111,0.45515642,9.682926,1.3391684,-3.3680487,-4.7009525,-11.5752735,-1.6085397,-7.1399817,16.628609,0.033212654,-0.005884509,0.23106334,2.5751073,2.5000002,0.16689655,0.09399571,0.2274074,0.43362892,-19.8741
36.246758,0.05906434,34.907997,36.232925,37.9976,3.0896034,65.04728,154.42593,100.74259,209.57242,1.0019145,0.5751265,0.5015328,0.83367205,1.4735417,0.97200894,9.167685,6.123276,7.7872405,5.7614603,0.4493998,0.812532,18.566206,0.6633521,7.151368,1.7116845,-3.062613,-3.6542983,-17.90244,-0.8987012,0.017102601,1.0245351,0.88947266,0.81438655,8.576878,0.34295604,6.0166383,1.6448363,24.906475,0.36971933,702.5357,0.2777495,1370.8597,0.1478567,-123.983086,-0.7479256,1763.4116,0.14993283,1092.5188,0.30752507,-123.13431,-0.70019484,2862.341,0.08586358,869.379,0.5023386,-124.54249,-0.6782134,-14.326646,-0.53178424,23.572487,0.33921877,0.058991253,0.3492836,-0.029116146,-0.5300242,0.7166886,0.50395745,25.26908,0.36754498,5.898561,2.484373,-2.354017,-6.2849965,-28.987247,-0.5560031,-7.0869637,14.665306,0.026490185,-0.011590734,0.24992502,2.737048,1.9646367,0.211,0.14723791,0.2642857,0.29116467,-19.131868
31.201273,0.058305897,30.312859,31.195887,32.472206,2.1593475,44.98783,48.584923,19.180708,20.189482,0.5387865,0.67378515,0.21676305,0.40987405,0.84040534,0.6236423,8.953035,5.941995,6.6867805,4.5670905,0.19241771,0.84619254,19.863558,0.604784,9.403169,1.2604287,5.447425,2.88495,-8.375856,-1.9169677,0.015558243,1.0371279,1.1636361,0.73029995,6.7722936,0.39350682,3.430199,1.8888924,21.294285,0.36559775,602.9276,0.32834053,1381.8218,0.1331276,-117.08191,-0.7843837,1664.5372,0.17772265,1012.5299,0.24982245,-118.255806,-0.7395634,2714.6216,0.09214053,976.2462,0.34251913,-120.36254,-0.7068168,-12.868723,-0.5081535,22.219587,0.3028366,0.048806425,0.39392963,-0.021138191,-0.72713053,0.30767027,0.48031577,28.782776,0.27917114,4.4386096,2.982455,12.247775,1.3171728,-18.215214,-0.9468518,-8.671951,17.17464,0.027702168,-0.0028431516,0.099066526,3.9816234,2.1604939,0.20071428,0.16381454,0.22533332,0.36631256,-26.629345
37.84022,0.0841881,35.459286,37.102097,40.19697,4.737686,59.594936,85.27828,29.318455,32.03067,0.58418036,0.8158039,0.20969294,0.4008259,0.9388216,0.72912866,8.304952,4.8918095,4.57649,2.5706973,0.29556596,1.2592385,19.859451,0.5618344,1.1090354,9.941348,3.784034,3.8274949,-7.0165825,-2.1930406,0.022216614,0.9573317,1.3364716,0.59435797,7.5349555,0.44671425,8.872968,1.2762735,24.176748,0.42520583,685.63434,0.3248202,1382.1425,0.1799085,-132.48389,-0.67999595,1755.3892,0.16164693,1143.9569,0.37943956,-128.02228,-0.66715527,2780.9968,0.10035626,954.65155,0.35710517,-128.95055,-0.6526386,-12.756272,-0.51687074,24.18543,0.36825436,0.060996424,0.34860858,-0.023306934,-0.6529497,0.59854144,0.6918315,29.733526,0.2975617,-3.7474697,-3.87095,1.1741327,16.13249,-20.489824,-0.71676534,-6.9725895,15.548198,0.016002623,0.0027902974,0.089435615,1.7875919,1.7970401,0.21705882,0.26862973,0.3182353,0.36607993,-21.583021
33.759457,0.06372465,32.640152,33.73197,34.806164,2.1660118,119.45685,161.93642,38.775074,93.47116,1.0655193,0.48197618,0.6479629,0.93325734,1.5426534,0.8946905,10.1501045,6.815416,7.1750903,4.5570025,0.43599203,0.5941731,27.883064,0.52204335,-4.1677127,-3.4654052,3.174856,3.9832842,-3.0033488,-3.671857,0.014988403,1.419986,0.93966454,0.68182254,7.4611354,0.3829633,2.837748,2.9640284,21.940382,0.4814461,650.2981,0.35682824,1453.7601,0.14813673,-86.02713,-1.0614568,1621.797,0.13915384,1204.9679,0.25674686,-84.9213,-1.0085787,2689.4153,0.10765394,1020.6488,0.3559285,-90.50682,-0.89849305,-10.07106,-0.73389626,22.794687,0.36826244,0.059537232,0.2765146,-0.013365557,-0.9530882,0.5112214,0.4944143,34.271095,0.2856982,-6.993609,-2.0863922,3.6956043,3.750059,-2.2370284,-5.1319394,-6.5411906,16.183344,0.05340747,-0.0056475643,0.32024992,3.448276,2.7964208,0.2136,0.17863661,0.11884615,0.09564867,-19.608942
32.22761,0.0985944,30.062199,31.940779,33.848473,3.786274,23.203136,24.823534,197.44536,411.46573,0.6112161,0.71441936,0.274006,0.46387377,0.91912055,0.64511454,7.9835305,6.657749,5.951355,4.7056594,0.23031223,0.9726153,23.025976,0.59095997,5.1850486,1.8791509,8.3525715,1.4678295,-1.8855935,-5.5205474,0.016426688,1.1223215,0.8873253,0.86743456,7.9698505,0.32849362,4.3451514,1.377091,24.937384,0.40989292,570.1626,0.33551624,1356.9796,0.15207618,-138.97128,-0.63191986,1632.7039,0.16576472,1047.8602,0.26694608,-138.50693,-0.5979407,2673.4128,0.11101091,979.17365,0.3682811,-140.45317,-0.5706846,-15.313202,-0.4518586,23.983643,0.3656344,0.043927502,0.3867909,-0.029385306,-0.5495686,0.41870567,0.6055249,35.384624,0.28023776,3.4281719,3.76124,4.6769733,3.4804866,-2.4719265,-5.322141,-8.80317,16.003056,0.022472778,-0.005901709,0.1317933,1.991342,1.826087,0.17999999,0.14729303,0.33136362,0.31029743,-22.852726
29.597265,0.069576785,28.868294,29.848515,30.949617,2.0813236,38.919342,30.583395,38.241776,56.322952,0.7574535,0.5529578,0.38111013,0.69946957,1.1121061,0.73099595,6.636706,3.8500168,4.660699,2.6953392,0.3757542,0.7715118,30.148798,0.38649523,2.0001361,6.2663884,8.028517,1.8088405,9.765797,1.9767249,0.023094546,1.5157219,1.1065476,0.6725536,6.6597176,0.4343974,3.655666,2.3297093,27.7644,0.29096824,583.15454,0.44516015,1295.5833,0.1474267,-80.273895,-1.1497048,1613.4548,0.185177,1015.5736,0.30063596,-83.08875,-1.0252572,2711.5789,0.13331458,963.5148,0.31127125,-89.438446,-0.90090686,-14.57464,-0.40424788,25.687494,0.24869213,0.05324963,0.48545498,-0.010838812,-2.0381598,0.43708813,0.566699,34.855274,0.23964101,4.4383917,2.3221776,7.86802,1.9682753,9.510054,2.244051,-5.8337626,17.473783,0.03471274,0.0046038507,0.27240926,2.877698,2.0319304,0.30571428,0.25438198,0.17846152,0.1964628,-20.20705
23.716946,0.068461604,22.763315,23.788933,24.938297,2.174982,14.736768,4.4039116,19.586506,13.968032,0.6447543,0.6943989,0.21422902,0.5319494,1.0065309,0.7923019,10.704982,6.285146,6.734621,3.1083992,0.30216268,0.9901296,24.657585,0.5553736,7.898957,1.4933838,11.353138,1.3528591,-5.207873,-2.7225869,0.014970945,0.94490534,1.2681214,0.7654866,4.1087584,0.47257778,-1.1997807,-2.9002872,22.864786,0.27820688,550.0077,0.39216802,1303.2998,0.15466487,-95.101295,-1.006262,1602.4532,0.17164244,1016.8005,0.29679233,-101.94102,-0.86797273,2672.6694,0.09810826,821.1179,0.33729407,-105.37335,-0.80840254,-14.942406,-0.38849834,26.185871,0.24714841,0.039362844,0.5083249,-0.020376576,-0.8956114,0.46626717,0.6772998,33.279945,0.2985421,7.4164042,1.7865868,10.105715,1.8210335,-8.813691,-1.8060982,-8.396427,15.887402,0.018447997,0.0024833402,0.11978819,3.460838,2.5830257,0.19714284,0.15313059,0.17,0.25447422,-21.604483
26.251705,0.04919888,25.245903,26.412867,27.350437,2.1045341,67.32453,74.38241,10.785332,7.0512605,0.69408184,0.54604286,0.3437519,0.62700886,0.9865554,0.6428035,8.833113,4.7324677,8.057591,5.282868,0.3179788,0.62084144,28.194658,0.46988654,5.494869,1.773816,18.833464,0.6639694,-3.9337883,-3.4528358,0.017440293,0.88347185,1.080896,0.80873966,5.9495244,0.29965475,-5.602891,-0.71355313,18.76792,0.42398652,545.24713,0.3660853,1339.1838,0.13892365,-102.72513,-0.89207184,1589.0343,0.166483,1064.2665,0.27509663,-109.65692,-0.76788586,2636.027,0.09992464,913.5514,0.2877499,-112.06801,-0.73131573,-15.713761,-0.3577594,24.758493,0.273304,0.011104434,1.6134889,-0.016450388,-0.9712365,0.407739,0.44578546,35.328335,0.24745262,3.3867111,3.1992779,25.110878,0.5020229,-8.301438,-2.0065281,-10.985857,19.928911,0.0016549991,-9.6332005e-05,0.22807023,4.028021,2.6501768,0.18533333,0.114185035,0.160625,0.108654775,-22.041729
32.26218,0.04711861,31.408882,32.18861,33.04405,1.6351662,98.55316,126.7209,23.17575,35.28846,0.773194,0.7413316,0.2594686,0.5462672,1.3553405,1.0958719,12.289205,7.603286,8.404307,6.046705,0.30896106,0.91481906,17.712244,0.8272641,8.391769,1.7477144,5.318349,2.1805594,0.20511372,68.69381,0.015007282,1.1690507,0.8448709,1.0243913,8.061692,0.33645883,3.5026789,2.4632869,20.804688,0.33891138,602.4048,0.41717628,1274.6692,0.14803238,-125.22763,-0.73111224,1668.5198,0.18535745,967.70496,0.27952003,-123.54324,-0.7078796,2709.144,0.10986835,873.0311,0.297257,-125.549614,-0.6773393,-11.507155,-0.5639621,20.688004,0.3097536,0.054368194,0.41730824,-0.024267718,-0.76284933,0.5215007,0.5275526,28.991367,0.37696823,-0.49738783,-31.979696,6.286493,2.3363333,-6.7308903,-2.6355898,-7.627219,16.392105,0.014918389,-0.0010246541,0.15922357,3.4755135,2.5477707,0.154375,0.13495225,0.20470588,0.27077484,-20.858675
32.254444,0.08324625,30.862108,32.087124,33.91604,3.0539303,86.806595,223.57925,27.22223,22.425982,0.7844084,0.57034767,0.44829196,0.5703662,1.1782441,0.72995216,7.218594,4.790315,5.4906073,3.2651753,0.2935112,0.68629307,28.377953,0.36314368,-1.7672681,-5.489007,9.971876,1.2527078,-10.155412,-0.9906213,0.014523009,1.1288654,0.8687913,0.8302976,8.372976,0.3092775,5.601781,1.5792693,24.382536,0.36651868,609.4308,0.33059275,1415.4874,0.13350008,-122.2471,-0.75304,1650.8098,0.1526968,1128.503,0.27286285,-124.36988,-0.6891374,2708.3398,0.087988175,927.14764,0.4004193,-126.04143,-0.6647519,-15.2821665,-0.36834306,23.711885,0.28569162,0.044816136,0.374081,-0.025679475,-0.44268724,0.436817,0.4799281,34.890743,0.22462884,0.26765618,40.12558,17.006239,0.84016603,-14.956856,-0.82726127,-8.4047985,16.788755,0.034944665,-0.008703886,0.18849444,1.8119068,1.8197573,0.22571428,0.20929748,0.30285713,0.34198502,-20.796501
30.089928,0.07734341,29.099062,30.501686,31.70658,2.6075172,32.499493,32.348812,16.632675,6.233,0.6502149,0.706964,0.30225363,0.51976806,0.92359346,0.6213398,9.175426,5.467571,6.3108864,3.477336,0.25244525,0.90722746,25.161398,0.56184596,6.883932,2.0579958,6.340957,2.67261,3.2578673,3.7674065,0.016296752,0.91237986,1.074556,0.8538234,6.8203583,0.36712882,2.3693507,2.4438856,23.070501,0.38044298,548.90576,0.35678196,1454.5009,0.16680278,-92.049866,-0.983995,1578.1174,0.15484138,1118.0406,0.23238115,-94.70864,-0.9097872,2664.3425,0.08874942,1044.9163,0.38037783,-99.89133,-0.81612253,-12.386867,-0.64812106,25.929209,0.2866134,0.03278264,0.66929257,-0.0114436885,-1.2469006,0.3480373,0.7153417,31.966824,0.33692548,5.526363,2.9081948,5.2094436,3.428008,1.8645152,7.276338,-8.406078,18.166832,0.014019526,0.0036258802,0.12426506,3.2367973,2.5773196,0.21666665,0.14956231,0.14999999,0.108443536,-23.630842
21.909426,0.060701687,20.83111,21.717766,22.848785,2.0176754,74.17323,86.312645,13.175055,8.902143,0.4874478,0.52592605,0.20865953,0.40575412,0.7434838,0.53482425,5.929424,4.279267,5.645004,3.4310133,0.16780822,0.714169,16.672297,0.752953,10.748532,0.6864985,9.387907,1.1452585,7.2918606,1.033748,0.018828053,0.7948017,1.2785934,0.7525625,4.0430517,0.35594353,0.4043735,10.55692,25.29451,0.23946853,581.677,0.39867017,1335.3378,0.2170982,-155.66797,-0.5008947,1611.9154,0.16330259,1030.1106,0.2542237,-158.20934,-0.4596564,2607.6746,0.11167588,956.23065,0.28245726,-159.22478,-0.4455629,-15.631531,-0.35969988,22.623177,0.29139116,0.013216617,1.2209504,-0.017111387,-0.9741511,0.2919735,0.32438397,27.389114,0.33914614,14.235733,0.47836834,14.088784,1.0499911,7.3482766,1.3971021,-7.9749737,16.297562,0.007559651,0.0011632893,0.13005087,3.9053254,1.904762,0.115624994,0.082988605,0.36588234,0.66718954,-27.973392
32.49365,0.118788116,31.135311,32.226345,33.324863,2.1895523,91.88986,129.67291,73.75372,38.979477,0.8450498,0.5272368,0.4080758,0.7653162,1.2503042,0.8422284,9.116139,7.08858,7.0448475,4.7533092,0.37410274,0.8269702,19.85448,0.8507781,11.072368,1.2836721,1.1413218,13.028684,-4.450804,-2.9446392,0.02620954,1.7863922,0.94363964,0.9492666,7.6816344,0.37857354,6.207467,1.4118924,28.005415,0.37578562,614.1833,0.33537215,1402.6755,0.115339585,-121.78956,-0.7598249,1671.3931,0.14859234,1089.751,0.3369179,-125.49705,-0.6802113,2766.2263,0.078602456,931.9642,0.33484474,-128.41188,-0.63694376,-15.286835,-0.5181967,27.498528,0.32258326,0.05530288,0.3623825,-0.027863007,-0.63296866,0.5580779,0.5629989,32.69635,0.3852054,7.4566073,2.2914948,2.5045347,7.104428,-9.20451,-1.6354312,-8.46691,16.226145,0.034286752,-0.009186699,0.24625856,3.5611167,2.4224806,0.16319999,0.15833433,0.22038461,0.29918453,-20.350538
36.740135,0.032079507,35.946026,36.686996,37.78038,1.8343544,31.858526,25.411125,15.305258,7.422552,0.7453325,0.5913792,0.39635408,0.59760976,1.1187904,0.7224363,10.05262,4.651608,8.614917,4.295798,0.32263774,0.6891713,27.563442,0.40895167,-5.080101,-2.7556322,9.667578,1.4018842,-4.5296326,-3.3413548,0.017803255,0.8584691,1.0799106,0.670072,8.632937,0.28571838,5.429779,1.6493964,22.49459,0.33133128,654.17346,0.36180538,1451.8181,0.17547353,-105.57496,-0.8540338,1694.3998,0.14341274,1147.3586,0.22577888,-100.68341,-0.8557969,2683.1973,0.10861034,1144.8411,0.44003388,-104.55775,-0.7914844,-11.229234,-0.5500999,22.028748,0.3386055,0.032435846,0.5561566,-0.00987877,-1.0524938,0.42612833,0.5096267,32.175045,0.27227366,-8.605312,-1.7699866,11.85509,1.2767379,-11.62781,-1.3144187,-8.236572,19.284658,0.006383179,0.00769954,0.20453997,4.491726,3.110048,0.16692308,0.09578699,0.13307692,0.115717456,-22.595488
33.23261,0.11324663,31.10221,33.607742,35.406273,4.304064,97.176895,101.989365,143.46541,189.34508,0.80167747,0.62499,0.36945814,0.6178998,1.2949295,0.92547137,11.466182,7.389453,11.292251,6.7401514,0.4196789,0.90819323,21.809942,0.5193006,6.878809,1.6520733,1.6311743,7.6026335,-2.435367,-4.986183,0.033937003,1.7266965,1.1157095,0.73741895,6.50107,0.54287744,5.6062746,1.6700804,22.784117,0.40042126,592.7819,0.41916016,1402.6117,0.1760752,-132.38055,-0.6735293,1630.9648,0.19253409,1083.7856,0.34334183,-125.77423,-0.69161433,2723.1626,0.11451418,938.7093,0.42166078,-128.88011,-0.64664453,-12.130436,-0.6185855,23.31926,0.33780238,0.040567495,0.5119895,-0.01443399,-0.8798108,0.60435706,0.50356954,26.931698,0.29266766,6.342185,1.6513958,1.7768351,8.321912,-6.8774734,-2.1101239,-8.602714,18.34372,0.017697204,-0.004826312,0.2992497,3.465982,2.4547803,0.15578946,0.13891745,0.23052631,0.16838157,-20.815767
33.257298,0.05971553,32.49327,33.462452,34.58266,2.0893898,27.13797,14.687312,37.480896,35.868446,0.89107287,0.5050516,0.47371116,0.7956931,1.3518171,0.878106,10.922387,6.1191134,10.346538,6.519691,0.40250468,0.6435758,22.880459,0.5730298,6.8717823,1.6611006,5.833186,2.5448673,1.7957999,6.6861067,0.02968495,1.4925177,0.8220197,0.8832014,7.585797,0.39233705,4.7611938,1.4928546,24.235456,0.29941845,587.0961,0.3138274,1473.2368,0.16701666,-113.88984,-0.8029516,1616.6808,0.13312085,1111.5242,0.3157134,-113.75168,-0.7628215,2660.3044,0.09279155,996.35645,0.23748143,-117.71538,-0.7003893,-11.637627,-0.59064335,22.311699,0.35464996,0.044283953,0.39686483,-0.020337643,-0.47676867,0.5549226,0.459189,30.966867,0.3440449,1.9268675,6.4343896,5.5242834,3.471989,-3.9838045,-3.2940245,-9.952388,16.556896,0.020963516,-0.008348427,0.27425513,4.7186937,3.113553,0.14352942,0.10905698,0.14833333,0.15997395,-21.011087
31.566412,0.087767646,29.156387,31.24911,34.470028,5.3136406,127.6801,125.65402,20.07496,10.934735,0.6471934,0.5645736,0.2677288,0.62038344,0.9427202,0.67499137,7.152174,5.2233605,3.4549925,1.9996855,0.22369902,0.74310905,24.946775,0.5686729,2.6617684,5.32818,18.835508,0.88448936,-4.0736837,-4.0450025,0.015854094,2.3705325,0.8900864,0.73531634,8.027502,0.37028968,3.7721717,2.112607,24.192448,0.4338039,575.9233,0.38457024,1392.9525,0.16229205,-78.1548,-1.1432235,1633.0531,0.13490874,1101.8838,0.32115617,-83.03654,-0.9916166,2698.078,0.089310914,983.5745,0.39825177,-86.39114,-0.9223037,-14.057806,-0.6561347,25.04964,0.34060082,0.049821213,0.39521244,-0.011141317,-1.4772874,0.28280953,0.5572832,32.38639,0.30243844,2.722053,6.0583315,19.407362,0.9292457,-7.1107063,-2.5736568,-4.3537965,12.706024,0.020246102,0.009623181,0.11071606,2.6221695,1.9207684,0.333125,0.18295214,0.16749999,0.15204851,-23.421232
21.820246,0.052488405,21.177633,22.013626,22.5785,1.4008675,61.890446,64.96532,15.50714,7.7096095,0.381598,0.5085665,0.14001308,0.38736233,0.5407862,0.4007731,4.4441495,2.5091178,3.3760898,2.0905697,0.12446992,0.65803885,23.61669,0.57031906,8.852209,1.1622058,12.364207,0.89663595,4.036403,2.6949537,0.014989926,0.78851545,1.1479398,0.8038668,4.2909765,0.3145754,10.678961,0.5119666,29.37926,0.21707483,502.4439,0.37920398,1333.1158,0.1671788,-111.09804,-0.8089509,1499.4929,0.18871681,1012.5344,0.1974689,-115.32427,-0.73920953,2607.7659,0.098987505,958.47565,0.31489155,-119.944405,-0.6703077,-16.119577,-0.3737982,28.291277,0.2008321,0.0037664706,4.77367,-0.008611464,-1.6832614,0.17134385,0.3965877,32.08599,0.30553883,11.326906,0.7706626,13.080086,0.98512274,2.9317396,4.1761174,-7.693735,17.194246,0.016161356,0.010378048,0.084555574,3.646833,2.7131784,0.16642857,0.14573002,0.16933332,0.19793826,-29.659828
33.803806,0.060010646,33.112473,33.947674,34.79513,1.6826591,187.81096,342.81665,23.809242,42.09157,0.66172206,0.61860913,0.3265011,0.5250597,0.97885895,0.6523578,10.556572,5.9701133,6.660097,4.5567102,0.30910972,0.9144586,29.388622,0.42836756,7.4467444,1.1412328,2.9912212,4.189107,-5.089145,-2.5581958,0.01550396,0.9796778,0.9756233,0.8387809,8.825308,0.28725976,6.323514,1.2851117,32.937405,0.2290036,644.2393,0.2900779,1423.0513,0.1576616,-116.20664,-0.80186605,1711.3195,0.16672128,1199.0067,0.23779646,-121.75181,-0.69199574,2790.8066,0.10024251,1046.3192,0.28131863,-125.03777,-0.6440929,-19.282352,-0.31098694,30.672953,0.24228892,0.031276092,0.6049357,-0.031627942,-0.5371443,0.4761704,0.69751614,38.46924,0.22645538,8.926467,1.1112838,-2.0624506,-7.8024497,-10.086335,-1.6348618,-11.3813715,20.596983,0.0010572593,-0.007816814,0.17579646,2.9374201,2.18509,0.19647057,0.17629991,0.2272222,0.39371172,-20.619377
31.664593,0.04504245,30.799278,31.788656,32.743793,1.9445152,103.65829,266.1225,12.78646,9.502099,0.5656811,0.43315983,0.34690037,0.5578026,0.7586536,0.4117532,4.7263966,2.427132,4.2757463,2.2506664,0.22552365,0.55503166,18.530287,0.7898877,20.17008,0.5473228,-1.1299158,-11.752763,6.1541023,1.8229225,0.01565212,0.79750603,1.0743378,0.7460892,7.3386683,0.32978326,4.7339115,1.9596617,28.129103,0.62454367,539.8078,0.3536468,1387.8942,0.14869392,-107.684326,-0.8819907,1610.0474,0.1766727,1036.22,0.22376165,-112.416084,-0.7733313,2643.3508,0.12810718,1006.1148,0.24449246,-115.83747,-0.71922594,-16.737123,-0.4099876,26.197058,0.2875321,0.019123575,1.040597,-0.023193628,-0.7205947,0.29957086,0.39746475,28.486185,0.2880271,16.728159,0.6176373,-4.098951,-3.6791804,4.7316284,2.7309985,-12.68139,19.857061,-0.008840224,-0.0067684143,0.16555531,4.0735874,2.6455026,0.175,0.14458561,0.17380953,0.13699065,-25.327883
33.30433,0.07731328,31.792637,33.250244,34.70042,2.9077835,272.99194,333.46893,53.286114,67.52265,0.6724888,0.45016518,0.4312701,0.58278996,0.8982558,0.46698573,5.7062764,3.3367112,5.1636157,3.953273,0.3129245,0.5145323,32.336945,0.28804448,3.2286763,2.8940942,6.9951754,1.5657889,-11.533075,-1.0252775,0.016515223,1.4621632,1.1169711,0.7458256,7.071502,0.32514137,2.627742,2.710648,30.91248,0.18178673,620.49536,0.31988308,1446.2334,0.13016789,-124.6961,-0.74112314,1662.6488,0.16975166,1270.732,0.23810937,-126.295364,-0.6755037,2743.0186,0.08850814,1047.202,0.377214,-129.47766,-0.6295423,-15.79988,-0.33475515,28.462328,0.15635636,0.02729772,0.5608016,-0.029869536,-0.40551656,0.42338347,0.39178044,39.63355,0.12009539,0.29435587,29.282907,3.1053152,3.6831443,-20.191399,-0.5759152,-13.353014,22.40243,0.0020883777,-0.011565977,0.23976313,2.9666255,2.7363183,0.14,0.14222261,0.19608696,0.1809333,-23.342749
31.138708,0.051406715,30.087078,31.464222,32.15084,2.0637627,7.988218,3.7510488,14.814415,11.665515,0.61707115,0.64877975,0.28360203,0.5149369,0.96775603,0.68415403,7.536625,4.3265986,5.93625,3.542419,0.19958709,0.7451317,26.855516,0.4947912,2.1577065,6.366294,8.49814,1.6128926,0.539109,19.568504,0.011471117,1.1000465,1.1505142,0.8691212,7.633885,0.3345927,-0.5134388,-12.507967,20.935534,0.35317674,542.74005,0.3046586,1396.8289,0.15052713,-65.937904,-1.2965201,1604.5641,0.11910529,1117.765,0.2673045,-72.02415,-1.1057923,2613.0964,0.097253986,1151.6583,0.3091956,-76.96904,-0.9927164,-13.04246,-0.41880634,23.927662,0.23191817,0.0509638,0.40693486,-0.01875594,-0.66375524,0.2550927,0.5441912,33.09456,0.2662799,-0.1852528,-74.993904,8.40796,1.7650423,-1.0859954,-10.0595255,-7.024019,15.50837,0.0388848,0.005830113,0.077782735,3.473492,2.5925925,0.26142856,0.17855999,0.111538455,0.103317745,-24.876501
27.551615,0.20054479,22.086414,29.000853,31.494028,9.407614,219.72665,227.19092,121.57578,175.48308,0.5872414,0.658238,0.2509081,0.47781038,0.8860906,0.6351825,6.3406773,4.152084,4.932912,2.8660517,0.27701494,0.9281635,29.805563,0.25539437,-2.1436827,-4.5862265,16.168333,0.6413242,1.9458715,6.3666925,0.03201463,1.327918,1.2883106,0.64598113,4.7932954,0.5109808,4.0356283,3.7524726,21.81455,0.44935247,608.40625,0.41532266,1262.1868,0.13445367,-138.34631,-0.62254435,1664.9791,0.1889345,1003.76746,0.26277897,-139.13239,-0.58817947,2668.8274,0.12048681,944.31696,0.26153597,-140.57399,-0.5690564,-13.821731,-0.38500458,22.638725,0.30487067,0.027633462,0.89074975,-0.016945772,-1.0260849,0.46938953,0.6111139,33.986813,0.20192827,-0.0032506653,-3369.0664,17.27859,0.6809683,-0.94227296,-17.112307,-10.26172,19.893787,0.0054890984,0.00073045655,0.18097997,2.1677663,2.6515152,0.117857136,0.109098814,0.266,0.3172255,-23.154068
33.319595,0.10069178,33.035553,33.46352,34.289394,1.2538414,10.729081,3.8040934,78.86679,38.391724,0.5462091,0.46161157,0.32148272,0.4943649,0.76783025,0.44634753,5.526457,3.2527487,4.367854,2.387474,0.21741325,0.68370205,23.217731,0.43164897,8.268368,1.0727108,2.9147985,3.1511781,-6.290933,-1.9511728,0.02522275,1.9946653,0.98664814,0.7172592,8.489974,0.30640465,9.888418,0.906403,34.95572,0.2609349,734.81714,0.31049258,1528.7334,0.19801162,-125.49707,-0.7252993,1774.6405,0.14994049,1132.0663,0.25544158,-124.78845,-0.69174194,2896.1802,0.10434629,1108.5616,0.3771448,-128.15495,-0.64240056,-17.531397,-0.37039343,29.790966,0.2290752,0.064159475,0.23008272,-0.02410339,-0.497493,0.31000295,0.45317116,29.895025,0.2259169,6.082061,1.5088941,1.6645272,6.1201816,-14.635536,-0.7859928,-10.932296,18.928844,0.036807515,-0.012112233,0.15697958,3.6753447,3.2407408,0.11619047,0.088558614,0.17142856,0.1853256,-24.842981
35.938286,0.30039868,28.531282,30.703133,41.145546,12.614264,86.86018,76.44608,41.599052,49.30126,0.86603165,0.41042423,0.4936808,0.90938944,1.1379852,0.6443044,6.9836125,4.2764845,5.916268,3.1439133,0.3398578,0.7357903,20.637875,0.6671464,14.386786,0.704764,-0.9911285,-15.185762,-14.262414,-1.187557,0.027358556,1.2425096,0.9928709,0.697562,7.6562715,0.50874037,-0.0050284136,-1945.7543,23.49151,0.70307714,656.07477,0.3283888,1356.0146,0.18172926,-70.405945,-1.2903547,1715.3876,0.17102611,1131.1045,0.24891084,-77.340004,-1.0204799,2757.3704,0.09729091,1038.3656,0.4389816,-78.76663,-0.9640607,-18.577698,-0.3124717,27.505505,0.25309587,0.05420214,0.3181281,-0.03509722,-0.48549706,0.38105953,0.6846054,24.345121,0.5170035,14.221395,0.7626244,-2.9671142,-5.566029,-18.184725,-0.9681237,-10.20355,17.380543,0.046929814,-0.014603639,0.25053775,3.9370081,2.378256,0.28571427,0.28170523,0.12,0.08203658,-19.543898
38.64077,0.051376943,37.369064,38.699085,40.19554,2.826477,101.92148,114.31214,40.845253,53.224613,0.8398819,0.5407962,0.41744825,0.705738,1.31715,0.8997017,9.784252,4.9734335,7.899266,3.8083704,0.4064852,0.7339044,24.794748,0.44571602,7.307705,1.4953687,1.5244961,8.5691,-16.33137,-0.90568393,0.016642222,0.9502912,0.95785004,0.67269903,9.895643,0.27751803,8.116203,1.1034176,29.679647,0.28249612,727.8158,0.21651459,1387.4637,0.16528533,-105.224266,-0.88751876,1788.9952,0.1372701,1054.211,0.34029084,-104.16605,-0.81169844,2880.7378,0.08121153,882.1524,0.43349245,-107.34005,-0.7595353,-16.085093,-0.38522986,26.891771,0.32750845,0.058695417,0.3137051,-0.037582826,-0.35238332,0.548854,0.54272413,29.62198,0.29852137,3.1223547,3.6591806,-2.4212592,-6.291577,-24.456287,-0.5728491,-12.42727,19.522112,0.036955725,-0.020904925,0.24621594,3.4596376,2.9900331,0.17166665,0.1127066,0.13473684,0.08561655,-19.524132
33.631107,0.05609567,31.925814,33.288315,35.089993,3.1641788,122.32335,127.04354,-6.546366,21.620567,0.68221945,0.66492456,0.26785064,0.54906917,1.0498567,0.782006,10.851937,7.28185,7.8578954,5.910317,0.24627146,0.8061887,19.187593,0.62801486,10.839282,1.3175293,2.216215,5.7307725,-2.591902,-5.888286,0.013964453,1.2305691,0.9750612,0.8896526,8.114814,0.35555544,2.480685,3.0925229,19.095627,0.5015628,605.7527,0.33125114,1357.6925,0.14967935,-121.76848,-0.7408814,1675.0576,0.1722778,1050.6066,0.36798733,-121.616,-0.7093222,2724.0354,0.09454534,1029.6946,0.4178356,-123.454636,-0.6810865,-11.099271,-0.56897694,20.521656,0.41603935,0.044348214,0.41114604,-0.024489153,-0.6140004,0.38706377,0.55492437,25.369778,0.3694939,3.1700282,4.7703514,4.0257187,3.758827,-13.370043,-1.207604,-11.12306,20.121683,0.02056229,-0.0066494094,0.14039673,3.3898306,2.9503105,0.13736843,0.11106386,0.172,0.19833305,-23.840929
35.068096,0.042368248,33.82041,35.121815,36.418533,2.5981216,37.553547,36.388554,12.626602,17.506193,0.89443237,0.55592453,0.45903748,0.749909,1.3555143,0.8964768,10.206994,6.7439446,6.0089855,2.8567145,0.40150452,0.6839659,21.114513,0.51792955,10.263655,1.1047055,1.9504071,7.4566565,-2.543053,-5.1933017,0.01479181,0.95819485,1.0783771,0.62577045,8.121461,0.33794105,6.721263,1.5589069,25.751728,0.38835317,555.8538,0.35978827,1386.727,0.1249922,-104.815155,-0.89111453,1612.0292,0.16254571,1073.081,0.22980468,-102.501915,-0.8482284,2651.6807,0.08882941,1017.6182,0.3451587,-106.34384,-0.78197306,-13.580818,-0.48945665,24.125273,0.32368022,0.03932328,0.5386236,-0.018476238,-0.6816914,0.5573356,0.43622497,27.614109,0.28512654,6.482776,1.8598589,0.0030669193,5281.5654,-8.916167,-1.5122612,-10.422217,19.139494,0.010005834,-0.0052952087,0.2257528,3.4334764,2.8818443,0.177,0.13678816,0.15631579,0.16138254,-19.772854
31.54958,0.054096356,30.592491,31.406837,32.814533,2.222042,237.95749,552.38763,66.90644,84.55197,0.63365185,0.5290415,0.34487364,0.54112476,0.92611164,0.58123803,7.3576393,6.1297584,5.6028357,4.446126,0.27291095,0.7374491,26.442959,0.43793586,7.9744797,1.1352309,10.310574,1.173635,-3.1496737,-3.1612964,0.015071478,1.0445592,0.92889816,0.64964265,7.863143,0.24884689,6.385719,1.5052923,31.196714,0.35965082,592.2737,0.3165348,1419.9425,0.14160715,-140.0741,-0.62456083,1648.0505,0.14893566,1100.6976,0.32312086,-143.5657,-0.5579251,2751.0068,0.09004821,875.0076,0.31534553,-145.93784,-0.52538913,-16.117716,-0.38315853,27.392553,0.31438813,0.026150063,0.57362455,-0.02256516,-0.54433995,0.39853677,0.5601109,32.62586,0.30673647,11.143749,0.8984259,8.544527,1.9675772,-7.6332784,-1.1908052,-12.251673,21.46974,0.0024312008,-0.008107901,0.21424294,2.295333,1.843318,0.16541666,0.113246754,0.3424,0.47050846,-23.518255
31.733488,0.056652337,30.260689,31.416605,32.98622,2.7255325,85.157906,136.63742,47.59962,34.297115,0.7620457,0.55038226,0.40870222,0.63427955,1.1229289,0.7142266,7.2862606,5.5472984,7.402072,4.695846,0.35115746,0.5904026,27.693987,0.37470984,9.4033375,1.402919,1.1531159,9.3162565,-1.2486035,-9.704367,0.017092524,1.6267772,1.111976,0.6277632,6.5677004,0.3558855,1.7859501,3.9679427,24.493153,0.377854,598.8469,0.3512701,1350.9832,0.117282934,-102.945244,-0.907207,1679.6277,0.17309426,1031.1904,0.19891688,-104.35478,-0.83698136,2721.9426,0.11661802,979.3759,0.29232776,-107.583916,-0.78276235,-14.740145,-0.3633402,23.726788,0.231329,0.033292335,0.48682097,-0.029887589,-0.45045778,0.45587626,0.445853,32.67096,0.22505955,2.8569136,4.329309,-0.8762359,-12.628989,-5.9625325,-2.0174198,-15.07151,22.033104,0.016372671,-0.016090084,0.24564742,3.7398374,3.6065574,0.1340909,0.135903,0.12761904,0.12546693,-21.732569
28.62929,0.06742757,26.74044,28.659899,30.289406,3.5489655,154.06488,152.58829,21.300373,9.388327,0.6844883,0.48093483,0.36122015,0.6227707,1.0123427,0.65112257,5.682796,3.4590378,4.3099155,2.8919654,0.25616628,0.63760895,28.41782,0.4192662,1.3018308,5.904742,10.802343,0.79178077,1.0867264,8.088293,0.012352809,1.1728607,0.72932714,0.8783979,7.3582144,0.31359845,2.4621994,2.175822,29.83581,0.26158956,607.825,0.41540036,1427.4313,0.18232867,-107.90931,-0.8863575,1625.4825,0.1673687,1083.8715,0.20873825,-111.33636,-0.80029714,2707.48,0.123738244,1014.8145,0.34699327,-115.77678,-0.7307656,-14.777431,-0.30359328,25.79455,0.25327593,0.045703348,0.34622946,-0.009858777,-1.134436,0.35308954,0.39787957,37.783535,0.1966703,1.7305262,5.0567737,11.057654,0.90583897,2.76866,3.5700877,-7.2206836,16.601952,0.022036832,0.0013881094,0.16442671,2.8632028,1.4973263,0.31785715,0.21703123,0.30733332,0.329251,-22.33363
33.831463,0.18184549,30.939177,32.5428,35.14024,4.201063,47.71683,59.77178,58.770184,100.76755,1.0051926,0.48802128,0.51835424,0.9739923,1.4402261,0.92187184,9.366861,6.7987847,6.858364,3.3851805,0.3907096,0.6820535,22.169275,0.65229464,8.1678295,1.5877948,-1.3408288,-10.451708,-7.422656,-1.6240022,0.024794608,1.5235057,0.8482886,0.7204911,7.2621045,0.55123854,0.42606488,19.83239,21.86444,0.6127787,635.1235,0.3087314,1321.4929,0.14730363,-94.703995,-1.0085745,1709.7004,0.16272332,1025.2014,0.29100108,-99.79677,-0.88489056,2799.7603,0.089007944,968.25964,0.40617207,-101.620415,-0.842056,-14.217065,-0.508914,23.355753,0.3472966,0.05089086,0.35408205,-0.03127136,-0.49906465,0.5033181,0.52782184,29.269062,0.3779457,4.8666706,2.9497738,-2.0419867,-7.54783,-11.541963,-1.097748,-8.719159,16.200089,0.024168935,-0.015513795,0.25486025,3.6803365,2.2198732,0.24095237,0.2043318,0.18857142,0.1946006,-19.451147
33.764256,0.04866562,32.66151,33.816067,34.92339,2.261879,97.04008,133.23236,19.84154,13.608881,0.6509242,0.5641603,0.34383434,0.5496593,0.9472803,0.60344595,8.031634,4.657537,6.655043,4.609097,0.25466427,0.62892616,28.183306,0.51490635,7.135134,1.7355297,3.9795249,3.2670088,-4.832773,-2.7939894,0.018455034,1.4285932,1.0520546,0.7973718,8.084079,0.2847276,4.1170015,1.6845702,29.915262,0.28803903,627.7445,0.30902347,1489.7157,0.16243885,-117.14572,-0.7873564,1623.2683,0.14948331,1135.8574,0.21078262,-118.98029,-0.72188896,2784.22,0.07530405,901.9808,0.42408317,-123.56866,-0.65378755,-14.168027,-0.35768318,28.309322,0.25709733,0.02800624,0.6454313,-0.0240158,-0.5048361,0.35735208,0.44968647,38.868874,0.22953202,0.84098184,13.435056,2.6775894,5.514357,-14.870701,-0.7622072,-12.089713,21.082457,0.007626515,-0.0055890637,0.17229618,3.9024389,2.6229508,0.16375,0.12800756,0.1852941,0.15744719,-23.21819
34.287422,0.1229879,32.066387,34.841263,37.441654,5.375267,162.5899,226.6942,230.02972,265.53674,0.84439814,0.53600496,0.40127265,0.74354726,1.2881266,0.88685393,6.4960527,5.5899043,4.8926506,4.0245795,0.38548803,0.79140437,23.377731,0.5601428,15.125263,0.7237421,0.5692398,21.49428,-14.295106,-1.0599672,0.03841149,1.7415287,1.0513768,0.9524049,7.662643,0.5535701,2.710333,3.126942,32.004845,0.33743793,727.38025,0.19107567,1340.0814,0.15176675,-115.4929,-0.81731176,1854.3033,0.11759987,1064.2346,0.3601926,-123.84037,-0.674043,2941.2524,0.06574597,880.7921,0.40637577,-125.46524,-0.64994943,-20.785994,-0.3498061,30.600302,0.30029866,0.061822876,0.33771133,-0.04911702,-0.2982334,0.585893,0.5411342,32.433537,0.2774039,13.565496,0.92452854,-1.8458216,-7.668253,-25.571482,-0.5421156,-12.310743,20.097715,0.02413701,-0.021420708,0.22873019,2.2099447,1.9032514,0.22416666,0.17095119,0.26959997,0.20950381,-19.079618
27.653507,0.060208242,26.323843,27.443398,28.906887,2.583044,17.22604,6.8415112,56.938957,108.41157,0.96352166,0.44602847,0.58825463,0.8244901,1.3587258,0.77047116,8.412824,3.8517041,6.376795,4.2143226,0.42816597,0.4740608,30.204535,0.30370635,2.3490856,2.6805692,6.8270874,1.4170005,-7.9593663,-1.512038,0.011840472,0.8554009,1.0292761,0.8100009,6.381938,0.28183752,5.007954,1.2812936,27.444872,0.40798894,587.2759,0.37407047,1386.5419,0.13072388,-94.945625,-0.9894127,1586.9762,0.16417153,1126.465,0.2317238,-98.892006,-0.894159,2648.1719,0.12478014,1049.6455,0.28040886,-104.11025,-0.8049077,-14.473988,-0.29370335,25.561283,0.1968089,0.037027705,0.46971688,-0.024808243,-0.6161524,0.53206515,0.36775944,35.840946,0.17206222,1.7483709,3.610988,7.184361,1.6791822,-12.02338,-1.1886197,-9.809822,20.008476,0.022875564,-0.00499168,0.30776075,3.1007752,2.5000002,0.210625,0.13758945,0.169375,0.13506797,-19.203808
32.075348,0.08215826,30.518066,32.26043,34.04453,3.5264626,99.95024,79.86276,36.499733,44.63229,0.81216735,0.3842721,0.5655817,0.7051377,1.0553575,0.48977578,5.5484724,3.650556,5.246811,3.742901,0.41570124,0.7484853,29.961252,0.3074084,1.6529602,5.026802,8.078579,1.2611502,-8.810842,-1.1881841,0.019826945,1.1959982,0.96650344,0.5578755,7.688109,0.288733,2.8903165,5.2280946,29.195234,0.22813804,614.5849,0.33017796,1454.1038,0.11484919,-126.17362,-0.7126866,1631.1074,0.15963608,1260.6881,0.17291556,-130.80922,-0.62681365,2745.1047,0.09122458,1053.5775,0.2779077,-134.07379,-0.5825286,-18.490076,-0.22021425,32.077053,0.1818592,0.01836389,1.2746377,-0.028384726,-0.5669425,0.5595837,0.48171017,37.004177,0.17377828,7.1802216,0.67033136,8.66269,1.632768,-12.819696,-1.0475218,-9.187358,19.8636,0.0009848756,-0.00967756,0.32064676,1.9790454,1.9906323,0.19352941,0.13446806,0.27222222,0.25700313,-19.935257
35.01463,0.087236285,34.09769,35.262173,37.091816,2.9941254,67.928,104.4935,41.41327,40.144466,0.6191457,0.64454806,0.24700597,0.51994413,0.9582019,0.71119595,8.0518265,5.0326853,7.5312324,5.6792283,0.22011,0.8568079,22.875208,0.53604674,4.844461,2.515779,0.35445115,36.330128,-2.88781,-4.864462,0.01935565,1.5107353,0.83674026,0.83399415,8.924844,0.3516269,4.2972493,1.8530492,25.065395,0.39674506,651.2371,0.3219385,1438.4734,0.15584585,-122.75798,-0.7532716,1692.096,0.15003465,1178.4373,0.39898834,-119.434814,-0.738446,2755.2786,0.10843429,1026.1019,0.35331887,-123.35696,-0.6786248,-12.013822,-0.615493,24.266403,0.39415395,0.05898795,0.29018125,-0.01756348,-0.6734603,0.34622762,0.5486869,29.828342,0.31345835,0.4674201,28.254278,-0.026525479,-609.90857,-11.77362,-1.2318206,-9.0279255,17.945139,0.038944483,-0.00568498,0.121100776,2.9161606,2.0782397,0.20411764,0.12476135,0.2422222,0.23460501,-24.4104
29.2341,0.17916372,20.934864,31.733536,32.91275,11.977886,158.31436,125.088615,117.71668,84.927734,0.30595383,0.44286466,0.18445699,0.2817009,0.4252572,0.24080022,3.124436,2.027793,2.4468665,1.6177226,0.11140952,0.5769578,22.800014,0.4074109,13.566421,0.6575827,6.0319943,1.7020038,15.278194,0.6233076,0.05999476,1.6766416,1.29882,0.5220381,5.3047733,0.5047639,10.956044,0.5988758,33.91832,0.250662,661.9817,0.35479054,1442.9247,0.13478743,-150.82144,-0.5383528,1682.1097,0.11721453,1198.1771,0.40157872,-152.71414,-0.4953411,2795.5364,0.08330667,981.27496,0.3166066,-155.04855,-0.46446288,-17.107098,-0.40254498,29.866274,0.2568003,0.028644456,0.63794154,-0.0140613755,-0.9590096,0.17002594,0.34118512,31.045282,0.22997658,14.008515,0.7007989,4.007403,3.304366,9.4397335,1.176147,-12.4567375,23.139736,0.0036053073,-0.0006412636,0.090620495,3.1487513,2.3001094,0.10619047,0.07637478,0.2940909,0.25920612,-32.940464
39.790398,0.07921765,37.676643,40.0095,42.57053,4.8938866,84.917206,96.278336,32.74982,21.346252,0.9116496,0.7085131,0.3730592,0.68959713,1.5106523,1.137593,14.590948,7.7067533,9.44653,3.9730046,0.63288486,0.95590436,28.14916,0.42689246,0.11225509,108.749756,-0.036683284,-532.7846,-16.797068,-0.8118961,0.02095744,0.95302594,1.114582,0.9150479,10.44823,0.339767,4.2418513,2.190731,25.783392,0.5433652,789.122,0.23601185,1369.577,0.15338251,-87.7743,-0.9898647,1836.8793,0.14327963,1148.8835,0.26199752,-89.69493,-0.8700188,2879.5486,0.09131413,1069.8557,0.2310157,-94.10442,-0.79109806,-16.515657,-0.5380578,29.511929,0.32464552,0.052489467,0.39547783,-0.021193095,-0.80835146,0.817046,0.76254284,31.884676,0.30724633,-1.6620674,-8.226079,-4.8002276,-4.4693923,-19.821949,-0.708884,-10.97427,19.804317,0.03244452,-0.008355472,0.31651914,3.4542315,3.3158813,0.18473683,0.12304763,0.10277777,0.066816956,-15.710738
31.144278,0.07696529,30.72445,31.634176,32.42024,1.6957893,160.35622,286.73624,41.663116,46.201797,0.5704877,0.3481048,0.4196417,0.5097931,0.7228785,0.3032368,4.002719,2.6020453,2.8835943,1.7255045,0.22684312,0.32968834,24.825027,0.28046474,5.148062,1.4952363,9.42125,0.87220556,-1.7282518,-5.1861844,0.031964898,1.901987,1.1669377,0.57969666,4.7337446,0.31929895,6.1965933,1.5867145,22.09583,0.29006246,578.72284,0.32036936,1424.3175,0.14662832,-147.09206,-0.56133115,1565.1481,0.1563275,1144.0114,0.22922042,-147.70677,-0.53816247,2681.6985,0.08298946,899.33496,0.36630335,-150.13286,-0.5041997,-11.240397,-0.4099403,21.743584,0.19931756,0.009147094,1.3468332,-0.016215945,-0.6017963,0.275694,0.2632357,31.25608,0.15987146,-0.9627809,-10.640312,4.9934096,1.9948533,-7.4408536,-1.2579103,-12.499934,21.860819,-0.004352498,-0.004179848,0.20808433,3.7225044,2.7303755,0.094375,0.07097259,0.25062498,0.23351842,-28.551428
35.89471,0.079525255,34.608078,36.0604,37.685577,3.0774994,22.414835,9.808255,26.983307,14.456649,0.69102854,0.80515057,0.21541373,0.47736344,1.2256012,1.0101875,12.152121,6.5834117,10.842532,5.887712,0.29751495,1.0166447,18.614336,0.61500555,-0.58968276,-24.402195,9.518456,1.6649799,-11.624018,-1.8294581,0.017753836,1.1682167,1.077132,0.803023,7.5872397,0.42021286,5.664816,1.8054945,23.432808,0.42931014,635.6947,0.3697236,1359.8729,0.17753547,-99.22185,-0.95109546,1698.8627,0.1384543,1059.9313,0.33260062,-92.90233,-0.93477184,2750.6555,0.08211413,1007.82574,0.30697426,-96.54391,-0.8676418,-10.549801,-0.6174004,21.423199,0.37446487,0.06447769,0.3261893,-0.021755777,-0.60039043,0.43492034,0.70210946,24.394285,0.33317673,-4.5872936,-3.5007641,7.9692974,2.1711032,-23.626785,-0.82363534,-5.8646255,13.950477,0.03783123,0.0025408897,0.11149555,3.7701976,3.2608695,0.16833334,0.1549283,0.130625,0.19162035,-22.647537
34.152336,0.07649289,33.485737,34.48457,35.64675,2.1610146,198.85283,175.7557,174.62782,229.53073,0.72175306,0.48810458,0.42623317,0.5946148,1.0287442,0.60251105,8.920557,4.646182,7.523644,4.7349544,0.25779113,0.67949647,20.24319,0.6130879,0.44961867,28.453678,3.2257924,4.477105,0.46780774,33.27048,0.029014852,1.9463679,1.0849054,0.7604936,7.7828712,0.42670053,2.8656085,3.1871555,20.678652,0.32352117,597.6193,0.41006315,1405.2673,0.1795572,-88.084724,-0.99396265,1608.2728,0.16049117,1115.4838,0.35998687,-81.243866,-0.9999029,2660.4758,0.1050583,1069.8851,0.29886937,-85.52315,-0.9121468,-10.997401,-0.46833232,22.835001,0.2835185,0.06357114,0.31289998,-0.00896999,-1.3304121,0.32759124,0.54387575,26.567335,0.3491116,-2.0097454,-6.2163687,6.5206256,2.3191507,-4.554948,-3.5124307,-5.3148837,12.949943,0.04545901,0.0030735445,0.13478893,4.6004844,3.9215686,0.15625,0.11920963,0.0775,0.037499998,-23.547
27.48043,0.11114516,25.55509,27.114456,28.70048,3.1453896,25.096775,8.344675,29.125004,10.650609,0.7274395,0.5598181,0.36322978,0.5680137,1.15559,0.7923603,9.484116,5.8615026,8.7037325,6.2494426,0.35678145,0.8188822,19.992115,0.61967796,11.0762825,0.8461237,6.4224124,1.8819447,-0.8507049,-12.385043,0.01984612,0.83729374,1.1019037,0.8609361,5.217297,0.52989393,5.891964,1.2886281,24.379648,0.328306,585.17236,0.40547168,1287.6912,0.1531346,-141.39822,-0.6028314,1673.6163,0.18109678,973.0694,0.33515418,-143.46622,-0.55814654,2682.907,0.112320594,916.9308,0.2701752,-144.06462,-0.5502758,-15.342324,-0.4020973,23.331179,0.28532046,0.032335933,0.64731354,-0.029852364,-0.5462923,0.62806654,0.43196043,29.169777,0.31937423,9.399244,1.1779206,11.807671,1.3547297,-0.90820986,-16.410133,-9.873402,17.398573,0.01961566,-0.014321135,0.2351547,3.748622,2.5498893,0.11434783,0.088505775,0.24666665,0.3295536,-21.722778
29.714712,0.050934955,29.073233,29.606873,30.854464,1.7812309,25.728815,28.2602,16.918606,9.18932,0.81268615,0.54890245,0.3099182,0.7952345,1.2358814,0.9259633,11.026104,7.127156,9.003457,4.7274284,0.3641523,0.7712307,19.173895,0.77059186,12.384066,1.0381929,7.066925,2.0026948,-8.884187,-1.383839,0.01602445,0.92701364,1.0080147,0.8961271,6.6402254,0.3905241,0.6480715,8.416305,22.136175,0.32222864,601.1599,0.3532927,1267.414,0.1692205,-108.01367,-0.8875733,1732.5835,0.16736975,870.4084,0.31771272,-113.19143,-0.7700421,2738.6763,0.11510644,813.1327,0.28548136,-113.52948,-0.7644063,-15.691487,-0.36907193,22.276888,0.27518573,0.0621267,0.24337499,-0.039344445,-0.424086,0.5344227,0.5003196,27.947578,0.34107822,9.771725,1.2966448,10.773569,1.5938466,-12.376396,-1.2034338,-8.34529,13.721911,0.04218647,-0.020307599,0.2168249,4.469274,2.4436092,0.1876923,0.15457903,0.18642856,0.1687605,-20.92804
31.34736,0.08699744,29.542494,31.098759,32.850445,3.307951,97.181175,117.92252,17.135824,16.255688,0.5995298,0.5276126,0.30757472,0.54378384,0.87725914,0.5696844,7.410927,4.2467284,7.0887303,3.8113825,0.2702794,0.6752193,28.486612,0.46467823,9.667997,0.79928493,7.833,1.5231911,2.623435,4.216924,0.029586298,1.4754622,1.128977,0.843829,7.3476534,0.30933747,3.6829088,2.0815687,29.542994,0.2599957,644.78284,0.3602754,1369.9976,0.13901813,-101.37201,-0.90502304,1682.1287,0.17466842,1118.8406,0.23157528,-104.56384,-0.8152483,2765.2778,0.12667286,1005.0421,0.20048219,-110.009026,-0.73060715,-16.70238,-0.36220053,27.882795,0.198932,0.026013307,0.74286216,-0.015466786,-0.90357316,0.34001473,0.55480695,34.99415,0.22431771,9.920942,0.78814614,4.779627,2.926591,3.8772464,2.7298505,-11.629031,20.828173,0.0074118804,-0.0013066223,0.19015794,4.325033,2.110818,0.24749999,0.19067314,0.19352941,0.1439747,-23.445293
34.782593,0.11131507,34.477474,35.529953,36.71724,2.2397652,173.2077,128.9856,76.64646,75.10529,0.64564705,0.57775927,0.2723035,0.58000153,0.9839617,0.71165824,7.6153646,4.6279173,6.114036,3.3197718,0.29591107,0.84506917,19.216148,0.7574809,16.931625,0.6047529,-5.734469,-2.7328184,-8.483804,-1.5708219,0.03466506,2.1781435,1.0009266,1.0665187,8.916057,0.44771868,10.905912,0.94559735,37.812893,0.2184203,676.6002,0.25573006,1447.8119,0.1536599,-124.78177,-0.7257037,1744.9381,0.15533024,1193.3282,0.20949095,-128.49837,-0.6411758,2895.5095,0.095583625,1092.4298,0.23662528,-132.46483,-0.5855279,-18.292923,-0.46636137,32.0038,0.2549526,0.06308676,0.32358098,-0.028114257,-0.50028974,0.477351,0.5209081,30.792294,0.2933194,18.913137,0.5562976,-13.578574,-1.3754797,-16.008478,-0.7755796,-7.783024,15.489471,0.015174135,-0.00863242,0.16969496,3.4528553,2.4064171,0.16333334,0.15712696,0.21947367,0.22008307,-21.984938
36.577824,0.1455536,34.423862,36.01517,37.93199,3.5081291,171.53035,356.72424,60.111958,70.51912,0.73307216,0.62026244,0.27941707,0.6632688,1.1179767,0.8385596,7.877529,6.112022,5.213993,3.5271795,0.31360874,0.7852206,22.944662,0.57758415,9.963833,1.1092588,5.4017553,2.18453,1.0752625,12.269818,0.019611046,1.2809285,1.0543493,0.7093784,8.670447,0.40077212,7.150523,1.5904418,25.780464,0.4615924,709.653,0.29087663,1378.3894,0.17475075,-116.76657,-0.77797765,1762.1407,0.13466814,1037.736,0.3076668,-115.64357,-0.7362339,2835.8013,0.09229004,936.45496,0.38189027,-118.97469,-0.6842785,-15.962335,-0.5708097,26.580551,0.37557837,0.05703429,0.30032256,-0.02359906,-0.7018931,0.43893877,0.565954,28.785616,0.38772306,8.767537,1.3551908,2.0446663,6.7074847,-2.285427,-6.474519,-10.939875,18.764767,0.043494336,-0.008373915,0.19822644,2.4199846,2.4294672,0.18903224,0.17559767,0.1959375,0.18698026,-20.78806
31.75392,0.06422888,30.149458,32.05508,33.39118,3.2417202,82.70436,111.76341,51.05403,62.66008,1.1936249,0.52574915,0.6383952,1.0038489,1.7671177,1.1287225,10.801564,8.198459,9.9996,6.1608243,0.62080646,0.73879784,28.360632,0.36276075,-3.7015893,-2.3285346,1.712962,6.1555095,-2.9871204,-3.7457647,0.021313459,1.3317068,1.0199891,0.7136741,6.4536705,0.45244402,0.03703247,245.77063,23.32523,0.53085154,600.67426,0.41624805,1359.479,0.17827988,-115.600586,-0.79886013,1565.149,0.16925685,1079.6481,0.21201566,-113.79228,-0.78530365,2644.25,0.12324437,960.58417,0.26291096,-119.685005,-0.6955236,-10.514448,-0.55242354,24.816994,0.28843582,0.048019685,0.34861764,-0.017975278,-0.813989,0.9092108,0.49553394,35.204655,0.2409274,-3.9986718,-2.7812357,-1.3935044,-9.290908,-2.3176937,-5.621045,-6.163892,18.33691,0.03676808,-0.0007148028,0.3752096,2.4892704,2.586207,0.17033333,0.10495977,0.19633333,0.23110577,-16.528252
32.97959,0.058940183,31.327599,33.123676,34.291977,2.9643784,48.712906,36.728443,29.759003,36.36462,0.5753773,0.6020627,0.27064586,0.47412455,0.8477807,0.57713485,8.953298,6.014048,7.4451313,4.0986753,0.22109373,0.89476997,19.612093,0.5615061,7.09446,1.4072586,6.8920918,1.611888,1.6042528,7.8038135,0.014761297,0.9812135,0.99788517,0.7478109,7.885865,0.3012571,-1.6636688,-4.1325383,20.910677,0.34931847,597.0836,0.36477152,1402.1509,0.18308732,-133.59424,-0.6600853,1625.7867,0.17230381,1085.887,0.2867341,-133.0781,-0.63274336,2699.3845,0.09798901,1024.1237,0.37234715,-136.0161,-0.59048146,-12.804659,-0.47059685,24.609959,0.2647539,0.044064913,0.41697097,-0.019451253,-0.6496811,0.37142307,0.53234595,28.131727,0.2993718,6.2889447,1.5120233,5.757261,2.4639478,-6.1725955,-2.1482372,-8.234192,16.218481,0.030151611,-0.0011758676,0.13384163,3.4690802,2.2796352,0.15466666,0.099456295,0.24687499,0.35207808,-25.250835
23.16831,0.0622423,22.182955,23.15132,24.033117,1.8501625,30.335636,22.971199,12.156553,9.5310955,0.5868335,0.5119429,0.32226032,0.52831876,0.8205025,0.4982422,5.221792,2.3007138,4.5697155,2.0522268,0.23129201,0.7867774,26.542967,0.51660067,-1.9893137,-4.616704,15.619247,0.84701914,4.9219193,2.155667,0.019903928,0.96225905,1.0791471,0.7071917,4.5378747,0.38911813,9.007801,0.96483284,25.02606,0.33965048,600.72754,0.38866466,1307.2551,0.17885774,-105.99851,-0.8555712,1643.9849,0.17544477,1003.24805,0.2698832,-109.827866,-0.7878064,2690.5522,0.12144881,985.6688,0.3108349,-112.94272,-0.7383712,-14.457013,-0.4196806,24.462881,0.23670588,0.0073713316,3.239021,-0.009669868,-1.4830158,0.31539917,0.5726114,35.94237,0.2299793,-0.42959496,-24.24276,18.790651,0.7709493,6.788752,1.8275084,-5.794621,14.496556,0.003420662,0.004552304,0.15113038,3.888025,2.664577,0.17882353,0.12092206,0.1661111,0.17663957,-24.164255
35.452667,0.079935886,33.587025,36.125946,37.531723,3.9446983,40.97879,44.694202,21.85759,12.518801,0.8597599,0.62832224,0.42170754,0.5987987,1.3638395,0.942132,11.71048,6.8428445,11.110881,6.9401975,0.40153825,0.781435,24.877438,0.36249182,1.6970412,6.325262,9.27923,1.3908315,-13.061274,-1.1363733,0.013458911,0.9119291,0.90781456,0.66397184,8.50338,0.33446902,8.661264,1.0992022,22.365246,0.35832754,608.5375,0.3568509,1401.7913,0.1847203,-122.28255,-0.7508474,1692.0038,0.15284008,1118.7397,0.45766053,-116.89171,-0.7441689,2723.5115,0.08206701,971.2349,0.43288788,-117.12029,-0.7401842,-13.456919,-0.34845966,20.521845,0.3218589,0.049477927,0.34835196,-0.026887849,-0.45355186,0.61492145,0.5343759,28.3185,0.23802845,-3.2781527,-3.3746498,11.674715,1.4291099,-23.633059,-0.6122902,-11.302892,19.95329,0.02104257,-0.010397189,0.22508043,3.1770048,2.7439024,0.15777777,0.11659786,0.17631578,0.17321147,-20.37277
28.455185,0.055923477,27.395702,28.43599,29.562866,2.1671638,53.174644,70.71775,16.558075,6.1055703,0.41410002,0.691441,0.15912618,0.35164204,0.6115577,0.45243156,5.3385224,3.371426,3.774882,3.056695,0.12900262,0.9074985,26.441324,0.5249507,3.0074506,3.9754112,8.350844,1.4793444,7.088267,1.6769617,0.017173978,1.1208395,1.103776,0.8840364,6.785897,0.33466026,3.737211,1.5709656,25.00159,0.3038954,524.64233,0.3729695,1424.1985,0.1519136,-106.057076,-0.8671232,1547.7906,0.16165991,1114.3756,0.19235747,-109.19182,-0.798089,2579.4092,0.10359317,1052.0223,0.32220075,-113.62639,-0.72774726,-13.4377985,-0.48520926,24.967123,0.24545069,0.041015793,0.43686786,-0.00957273,-1.491804,0.19828662,0.62030727,35.854885,0.29798567,3.1875446,4.069653,6.9015303,2.1242924,7.564728,1.9363165,-6.810944,15.826204,0.020655684,0.013709528,0.062465977,2.907916,2.7687297,0.1717647,0.13084501,0.15944444,0.26502562,-27.879341
36.068687,0.05418889,35.259,36.193336,37.403015,2.1440163,40.92197,53.25319,24.887463,12.18112,0.91484517,0.5724888,0.43046924,0.8312842,1.3876923,0.95722306,11.15113,6.71994,10.171882,6.683707,0.44373724,0.79875344,21.971193,0.7785216,8.174035,1.7395327,-0.4320761,-38.138756,-5.808471,-2.472881,0.016163249,2.6283305,0.7679055,1.0010841,10.0985,0.29416293,6.6863647,1.3947614,29.815765,0.34575704,651.8954,0.27820608,1392.1318,0.14434956,-95.261215,-0.95941126,1717.6622,0.13320145,1085.819,0.23271355,-97.079636,-0.85712445,2800.9778,0.09055585,1006.99255,0.38821954,-101.29223,-0.7831557,-16.009699,-0.57067955,27.707565,0.39452383,0.06414066,0.32723972,-0.025321929,-0.5414316,0.59624904,0.569005,31.067137,0.42878503,5.5710278,2.7956998,-4.15406,-4.5488896,-12.324137,-1.1340417,-7.0508223,13.878559,0.021077394,-0.005397335,0.2346876,4.021938,2.9520295,0.18875,0.12297739,0.121764705,0.11678212,-18.209694
32.403034,0.06471846,31.887009,32.47945,33.48141,1.5944023,65.814995,77.22197,-0.18454634,45.080708,0.4675816,0.4071473,0.30376282,0.42788324,0.62730527,0.32354245,3.8139813,2.6298559,3.4944224,2.2067144,0.18321234,0.5045412,24.775791,0.4630274,4.8968954,1.9808922,17.868038,0.68173397,0.6011251,19.156313,0.030574625,1.6149985,1.128647,0.53992754,6.4038224,0.3682112,5.104638,1.6331737,24.71397,0.3726241,614.83203,0.34738982,1359.663,0.1659062,-139.3329,-0.6201378,1680.9569,0.1895306,1204.4348,0.39009222,-142.81805,-0.55386573,2697.6423,0.095168315,916.5588,0.29643387,-143.8147,-0.53945166,-15.768003,-0.38662392,25.095695,0.24493732,0.008712975,1.7928025,-0.020596623,-0.7531577,0.2598319,0.34448606,35.848984,0.17429315,3.9071732,2.5778248,14.793424,1.0349542,-9.6884,-1.1845701,-11.020339,18.711111,-0.015386583,0.0048737656,0.14670326,3.4165573,2.1164021,0.146875,0.11660396,0.304375,0.2452287,-28.725237
36.081932,0.06928133,34.942215,36.494816,37.416595,2.4743805,54.55613,81.86537,34.6656,11.109301,0.9969237,0.5419077,0.47125018,0.84344786,1.5454403,1.0741901,11.299001,6.7650547,10.548644,7.021245,0.4358888,0.81718624,16.319408,0.8586388,8.677436,1.6408598,2.8895786,4.986082,-10.217938,-1.7201867,0.021554293,3.2849984,0.9226887,1.0417771,9.351673,0.35276225,4.673376,1.962516,22.250553,0.32459512,703.1778,0.2979275,1362.0405,0.14862804,-95.31645,-0.9675942,1755.0435,0.15212664,1078.8228,0.35732603,-99.167984,-0.8529274,2800.5183,0.08941915,874.12775,0.32374695,-101.79946,-0.8049792,-13.648311,-0.46706113,23.254745,0.32440332,0.059079573,0.37175983,-0.024081245,-0.58460724,0.5534346,0.665096,24.452164,0.38369894,5.104405,2.955639,2.6239579,6.0801578,-19.210024,-0.8747985,-5.9600205,13.1100445,0.031888623,-0.0050370214,0.28799716,3.937008,3.1746032,0.1685,0.13093032,0.12,0.094918504,-18.938866
27.100845,0.045692515,26.250105,27.157938,28.068134,1.8180294,23.868917,8.285864,14.157522,5.551393,0.51150376,0.4096607,0.30730963,0.51050824,0.7149283,0.4076187,4.5390983,2.5737967,3.78997,2.3483021,0.28519124,0.61258256,21.99469,0.58092463,21.835337,0.4525211,3.5904315,2.5602107,0.5937813,17.359926,0.02166534,0.88396704,1.1814321,0.55381733,4.7836504,0.38045654,0.45347404,13.672982,34.712227,0.1795777,601.4178,0.24121852,1388.7212,0.1530915,-134.89581,-0.65530944,1751.07,0.106332354,1041.6096,0.33812687,-141.43848,-0.56133115,2838.086,0.108164586,1072.2002,0.2444293,-144.0262,-0.52671885,-22.762613,-0.19712941,27.558695,0.24648331,0.0052923043,3.571561,-0.039890483,-0.38236758,0.42886767,0.38562438,31.99888,0.24757151,24.875826,0.29995033,5.164737,1.7010237,2.2907746,5.8158326,-14.61156,21.660082,-0.003986512,-0.018168673,0.22475052,4.355109,2.3648648,0.13285714,0.08284483,0.26857144,0.27304778,-25.263746
31.225323,0.064333946,30.098286,31.336878,32.62411,2.5258255,126.391685,119.88977,21.283077,14.213258,0.6210605,0.64399534,0.28648195,0.48581815,0.95184255,0.66536057,7.3172817,4.3789845,7.4288273,3.35141,0.2705953,0.7909734,22.933025,0.51808643,10.038523,0.9570091,14.147238,0.75880104,-4.9392548,-2.5421925,0.017889747,1.0335883,1.2319008,0.83494884,7.034473,0.39802158,3.8186467,2.0656686,29.546122,0.44317463,607.36365,0.33555242,1411.0051,0.15413447,-115.26854,-0.8015522,1696.8325,0.14550997,1115.598,0.3887063,-120.53321,-0.70006514,2809.4292,0.08755232,948.9642,0.3292635,-122.926674,-0.6648726,-17.28352,-0.386866,26.875156,0.29232478,0.06826118,0.213876,-0.031285647,-0.5615391,0.4142649,0.499244,31.458836,0.2924822,8.966996,1.2258241,12.1369505,1.0893586,-12.345797,-1.154421,-10.929428,18.015219,0.04408886,-0.011274288,0.16000898,2.8257458,3.322785,0.1247619,0.111039214,0.1635,0.15573296,-22.735277
33.2576,0.056072883,32.168507,33.42979,34.75576,2.5872536,28.181217,15.523738,20.69264,26.228477,0.95065916,0.5544035,0.45474473,0.81689376,1.4604803,1.0057356,10.514153,7.379623,8.42519,4.7303624,0.39462107,0.7384797,22.84616,0.5254125,-0.20608546,-64.40378,1.2183226,10.718289,-4.4048243,-2.4536545,0.012675953,0.8361519,0.84448326,0.6239017,7.2677846,0.36238304,8.358066,0.8658366,24.093578,0.40269512,733.05084,0.32284534,1401.5264,0.18500313,-109.10845,-0.87476027,1762.4004,0.16802786,1036.6296,0.26269364,-104.59957,-0.8723742,2838.1482,0.12397472,1011.78973,0.40353918,-108.02486,-0.8129662,-8.1154175,-0.9508341,20.448769,0.33681583,0.04400988,0.35583755,-0.011548126,-1.257147,0.5612374,0.5179913,29.305765,0.28452685,-4.8966513,-2.7015781,-0.38576555,-40.214737,-5.8351536,-1.9400463,-7.2095156,15.503075,0.02055443,-0.005287557,0.22880864,3.413401,2.4173028,0.19999999,0.13436007,0.1835,0.20362401,-20.582216
37.021023,0.06269625,35.7034,36.654354,38.03258,2.3291817,230.32874,224.89165,14.682581,22.177258,0.89955795,0.5013602,0.49020207,0.78620297,1.3366818,0.8464798,11.145827,4.690027,7.6857557,4.165743,0.48887193,0.73477083,22.087685,0.50946647,4.7035203,3.2568128,-1.126863,-18.910353,-18.388857,-0.9327384,0.022980377,1.4059126,1.360555,0.7448462,7.9197564,0.40356308,13.325654,0.82223874,24.488659,0.3342512,607.7293,0.401969,1281.51,0.13186452,-97.91349,-0.9375985,1684.523,0.17138237,994.56683,0.30464676,-89.859,-0.91947824,2773.4768,0.10228881,831.7293,0.39450386,-91.04292,-0.89875823,-13.408849,-0.35743347,21.815447,0.3240476,0.09135357,0.16310056,-0.01973398,-0.5019855,0.5245785,0.6109781,25.304565,0.31978676,0.9902038,13.310664,6.033881,3.2225304,-23.762566,-0.7526351,-10.7249,20.736635,0.087351695,-0.01661962,0.44606847,4.6913586,3.75,0.15333332,0.17991358,0.09199999,0.033901818,-20.560127
29.86192,0.06997071,28.556732,29.89164,31.673023,3.116291,226.82025,387.77786,100.22482,267.51917,0.5533364,0.58898497,0.22109175,0.5106856,0.8451421,0.6240504,6.166903,4.102199,4.2698426,2.9985838,0.22366379,0.9819111,29.804813,0.4687822,8.993013,1.2857482,14.61696,0.82438785,1.1253228,10.264318,0.018179704,2.113773,0.78738815,0.8996959,8.57682,0.2768855,-1.1481485,-5.6205096,28.443357,0.29782683,534.6019,0.34662864,1367.4712,0.15632753,-97.19856,-0.94508547,1608.6115,0.15892999,1093.4918,0.25085995,-104.837524,-0.78825366,2749.2336,0.07977709,918.9485,0.32036388,-109.31995,-0.7182973,-20.819895,-0.35981485,33.260323,0.21875027,0.038919427,0.51685613,-0.01569774,-0.98991853,0.3098494,0.7930698,37.752384,0.25651544,14.102636,0.7311642,16.494413,0.8648627,2.3764527,5.1368594,-8.29969,17.930399,0.036056407,0.006739726,0.11457607,2.566296,1.6323025,0.33473682,0.28784806,0.2445,0.26002836,-21.048447
34.397175,0.118522376,34.26639,35.93005,36.857952,2.5915604,324.36496,423.2119,142.67632,128.61815,0.65103835,0.58135647,0.35003138,0.5327757,0.90664643,0.55661505,6.280082,4.738356,4.745723,3.5538166,0.26645732,0.7447342,22.319864,0.60412836,9.829832,1.1191512,9.975247,1.1839371,-8.129538,-1.628046,0.028111186,2.1395667,1.0417218,0.83696777,8.854683,0.3552599,9.072785,0.8042325,29.75528,0.33338568,684.5871,0.25378573,1319.0914,0.12475426,-142.3217,-0.60160536,1784.8982,0.116027184,960.8831,0.37134698,-144.54881,-0.54185915,2865.168,0.067174785,815.34717,0.44504863,-145.37424,-0.5307358,-19.02243,-0.38396072,26.861332,0.37463254,0.06217669,0.2891245,-0.041834462,-0.27026296,0.44508067,0.47707358,31.92089,0.32966968,9.359993,1.0576141,12.268995,1.1258185,-20.932594,-0.6128275,-10.908046,16.80505,0.040586945,-0.019923443,0.18285954,2.6285715,2.183908,0.13736843,0.09368716,0.285,0.3054914,-22.56096
30.945328,0.10536018,28.80191,30.450201,33.009197,4.207287,50.764446,32.1117,79.19719,80.56839,0.79142547,0.52089274,0.4508905,0.6666519,1.1555793,0.7046888,9.183779,5.6416903,7.9201336,4.473872,0.3659,0.6054958,27.32198,0.3819247,6.453577,1.48186,3.359576,4.0340195,-3.8086143,-3.164878,0.027769405,1.8664008,1.1739119,0.62172765,5.7314773,0.46468467,5.2674356,1.7642951,25.447113,0.41066393,643.51404,0.3481061,1368.3536,0.12048699,-97.5059,-0.93295306,1673.418,0.15181339,1147.1285,0.27566433,-100.350105,-0.8520839,2739.0034,0.09860076,1001.52655,0.2818202,-104.84925,-0.7772373,-12.898977,-0.4796539,25.836637,0.28517962,0.034403235,0.5257856,-0.018550798,-0.7400039,0.46117562,0.4717967,31.992586,0.24233885,3.292988,2.7920513,1.0710368,15.033993,-6.633883,-1.9277455,-12.2895565,21.783735,0.018559424,-0.008107001,0.25903895,4.012841,4.0453076,0.12479999,0.1049617,0.10956522,0.106993616,-22.17764
31.392391,0.20087203,28.539837,29.24849,31.914206,3.3743687,163.93391,193.56424,106.05939,175.61765,0.7357048,0.41309476,0.43012285,0.7215268,1.0306765,0.60055363,7.632835,4.9173894,6.03501,3.9345803,0.32136375,0.7133482,20.825151,0.62200904,14.449816,0.65351814,2.424396,5.3334537,-4.745261,-2.9162443,0.023752922,1.3056813,1.2337083,0.7400884,6.148514,0.37297645,1.9501218,5.0780053,24.388512,0.36309332,667.10236,0.3328268,1296.0356,0.1536417,-115.68656,-0.7916143,1729.5824,0.17657346,1068.7317,0.25086138,-119.57493,-0.710757,2745.3035,0.09842845,929.3521,0.3110281,-121.76601,-0.6755082,-16.854248,-0.2960157,26.162872,0.23743945,0.045638535,0.48766398,-0.02996633,-0.57869625,0.38741958,0.5862695,28.213055,0.30724427,13.255173,0.6183992,0.66121376,20.136183,-7.844314,-1.9926853,-9.961248,16.58555,0.03077985,-0.015410817,0.27177498,4.730618,3.3068783,0.1268,0.145044,0.1556,0.13044783,-22.935543
24.904648,0.2312946,22.044964,23.20042,24.63721,2.592247,174.19826,149.49313,129.62599,69.229935,0.8470401,0.46297115,0.47400847,0.81516546,1.2169576,0.7429491,7.0510693,3.7624204,5.8478537,3.942515,0.38211784,0.7130926,25.263329,0.58296573,9.981661,1.2531303,3.3183415,3.7321568,-5.0796995,-2.2356765,0.0299923,1.454959,1.0011253,0.60544926,4.504077,0.4148422,-1.7188935,-3.9561443,21.357443,0.4551482,513.5612,0.30772167,1327.0135,0.1667669,-95.6801,-0.9821971,1504.6444,0.16911493,1104.6918,0.23469321,-101.802765,-0.85144347,2589.3318,0.1054952,993.61444,0.36430997,-106.49953,-0.7741497,-16.69819,-0.40542743,27.458889,0.26003614,0.01750405,1.0006711,-0.030734656,-0.5529641,0.49046013,0.5894584,32.995922,0.29673672,10.238543,1.2661328,2.481665,5.565981,-9.54996,-1.1758224,-8.013869,17.25899,0.0014219604,-0.0025678219,0.25698817,3.730018,2.688172,0.19266666,0.1969591,0.15799999,0.11553932,-20.132229
26.653448,0.10172811,24.361359,27.347242,29.09235,4.7309914,77.86937,58.87713,34.01606,16.09405,0.58842766,0.65583026,0.119367756,0.6017147,0.89271116,0.7733434,7.4550104,3.675812,7.105027,3.7960122,0.29469842,1.0123531,20.080692,0.7935996,14.871066,0.7567092,12.871797,1.1847,9.285912,1.4603543,0.021608619,0.95521903,1.241037,0.9313033,5.425104,0.47865075,3.3837292,1.8316529,28.096504,0.2784072,601.9084,0.38068634,1276.3839,0.18121038,-103.85899,-0.873498,1681.142,0.14793022,987.67773,0.35561177,-110.48098,-0.7541423,2715.7483,0.107910015,971.69086,0.3345007,-112.46759,-0.7219833,-17.618624,-0.41316977,24.628777,0.3126797,0.041261084,0.55189145,-0.023154639,-0.86094385,0.45409507,0.6936235,30.079958,0.39783,14.577943,0.75771224,13.515495,1.2753317,7.493144,2.0631604,-8.579623,15.578659,0.033638503,0.0017891877,0.13574563,4.07332,3.4979427,0.13588235,0.087518655,0.12222222,0.12834655,-21.610561
33.22462,0.04703175,32.11256,32.95317,34.670933,2.5583725,131.90404,237.60378,15.242393,12.179979,0.55076295,0.55577046,0.31786352,0.453213,0.7480751,0.4302116,6.860917,4.5937357,5.286627,3.6322575,0.18841231,0.84610635,22.948338,0.3960539,-4.5490413,-2.2155285,3.5796442,3.5580049,-11.157243,-1.0385833,0.014221302,1.0296618,1.0142875,0.6071726,6.599362,0.3661993,2.3184185,3.108201,21.035631,0.38111782,660.2373,0.3499859,1388.7739,0.14434826,-132.32358,-0.66814923,1679.3947,0.16945924,1162.4276,0.28997973,-132.26253,-0.64364433,2714.768,0.096722186,1069.3379,0.34798187,-135.18752,-0.60074854,-9.012114,-0.67250687,21.919683,0.28621784,0.044876255,0.34832507,-0.012960525,-1.038914,0.31436345,0.58698463,29.746658,0.23311146,-4.1210237,-2.8558993,4.0711126,3.8769295,-19.701118,-0.6509429,-5.4125757,13.990074,0.032976963,-0.0023092523,0.1169499,2.9876976,2.8368795,0.120625,0.08598465,0.19882353,0.18939167,-27.715687
33.420685,0.09218407,31.922718,33.66948,35.198765,3.2760468,337.4081,523.70636,62.876137,87.69326,0.56021696,0.51536334,0.34282738,0.48648104,0.72768813,0.38486075,5.151516,2.8666012,3.436892,3.652231,0.227713,0.9777535,23.27817,0.40326625,2.8249595,3.188829,3.6653743,2.863228,-0.3581923,-28.84727,0.031542677,1.5035238,1.1596878,0.588888,6.8188925,0.47140902,6.2341137,1.584506,27.027765,0.31206718,656.6166,0.35560015,1419.2489,0.17024186,-142.25159,-0.6031256,1652.3472,0.16727896,1143.9806,0.2544813,-140.23633,-0.5857951,2784.057,0.08456927,900.06793,0.40251988,-143.18228,-0.54437166,-15.38585,-0.42128268,29.055363,0.20595007,0.0378124,0.509895,-0.01524834,-0.9620876,0.39744726,0.7336211,32.864094,0.1695645,4.8134756,2.0787787,0.47792634,26.564135,-5.8364434,-1.9897201,-7.4548674,16.715775,0.019738303,0.0027088872,0.1418593,1.578532,1.7432647,0.18454546,0.16811056,0.3681818,0.3493193,-25.34553
33.61512,0.054455444,32.66008,33.70529,34.847137,2.1870575,79.464226,103.860306,36.94959,68.625336,0.6855796,0.5780119,0.3221961,0.6148533,1.1009427,0.7787466,9.156676,4.4009013,6.1040573,3.7921464,0.25265008,0.7335913,26.198774,0.45702013,2.4813476,4.6702576,14.8524885,0.937348,-13.421128,-1.4220121,0.015936434,1.2327094,1.0917602,0.8135455,8.059724,0.41179252,7.7798457,1.3141671,22.1901,0.4878709,573.7347,0.3882205,1375.7715,0.14561546,-76.43284,-1.1658211,1609.3522,0.18327118,1091.2856,0.3058805,-77.803566,-1.0303687,2704.9724,0.087012425,785.9539,0.35607547,-79.71223,-0.9868409,-13.573566,-0.45733738,21.782724,0.34084558,0.047805298,0.3592906,-0.016158672,-1.0389557,0.3319493,0.51958346,31.140465,0.3026407,3.0424562,3.9526265,15.638901,0.98803747,-19.169542,-0.9979311,-6.9621773,15.510463,0.019160496,0.004681362,0.0881825,3.817915,2.218935,0.2993333,0.2719183,0.14,0.13840933,-22.986399
27.824038,0.12713106,26.422,27.355843,29.073772,2.6517715,101.4197,142.10272,42.488506,49.08587,0.91955954,0.49644634,0.47372273,0.8243219,1.3896685,0.91594577,10.518253,6.9767575,9.759735,5.9013033,0.43162414,0.75133014,18.897842,0.82227266,8.916407,1.2914864,6.5414853,2.135561,-3.3069909,-3.9961076,0.015802452,0.79074836,1.0039446,0.97410446,5.9612036,0.4192231,2.3704405,2.9624841,23.363537,0.3307213,562.79565,0.36192372,1317.2805,0.14105901,-128.20622,-0.7032109,1623.582,0.14353278,1012.2964,0.36354238,-131.46548,-0.6373527,2643.8323,0.084449634,919.38916,0.34146073,-132.50613,-0.62356955,-15.653444,-0.43416208,23.941778,0.32147545,0.03513117,0.7477317,-0.02811269,-0.66889626,0.65522707,0.50481224,30.37121,0.34461465,9.583658,1.1872735,13.730453,1.2392691,-3.0946574,-5.548675,-6.3816934,14.019241,0.029267037,-0.011059734,0.29057768,4.193971,2.110818,0.174375,0.15842856,0.26235294,0.30523914,-19.499386
36.25311,0.087340325,34.939823,36.64208,38.391476,3.4516525,74.0946,95.44062,86.225655,108.14795,0.70020705,0.6238448,0.29779306,0.5671557,1.0606233,0.76283026,7.7063603,4.7281423,8.1747465,6.7050476,0.32972765,0.819079,24.457104,0.4915815,8.960308,1.0592037,5.8421984,2.1408243,-5.4773865,-2.4745946,0.024150556,1.0196135,1.0988336,0.7220656,8.428706,0.37160152,15.057378,0.4894025,31.343216,0.3851135,607.4753,0.3412193,1437.1593,0.16151212,-124.456795,-0.7328045,1679.0581,0.1448038,1070.9244,0.3747143,-117.22556,-0.7254255,2797.5667,0.096616834,977.1853,0.41274473,-120.52792,-0.6754476,-15.664384,-0.3971717,27.2987,0.28263184,0.07290958,0.22811694,-0.023410792,-0.6177386,0.5010019,0.56010854,29.362598,0.3013944,4.9513264,1.7438776,3.4395597,4.3801436,-13.170616,-1.0067679,-13.003575,21.227985,0.0429633,-0.01154821,0.18395258,3.8626611,3.0259366,0.1447619,0.10121259,0.16571428,0.16185154,-20.885712
33.970028,0.057075866,32.544678,33.951675,35.55355,3.008873,33.412067,41.014244,34.568123,46.08464,1.2538685,0.5323332,0.677445,1.0639043,1.8697686,1.1923237,13.092099,8.845049,11.434961,7.4949927,0.6049675,0.6700188,27.04172,0.36128983,-3.7430222,-3.6121519,2.9708977,4.189904,-10.454764,-1.1369861,0.011394239,1.0444417,0.9085861,0.7864229,8.0265,0.3288859,3.5479767,2.3471382,22.071226,0.51135486,604.0047,0.34614846,1442.7598,0.19351889,-96.6714,-0.9763967,1633.0887,0.1410772,1152.1152,0.28157213,-95.4513,-0.93047804,2671.9814,0.10653753,1083.9675,0.42758396,-99.48514,-0.85808843,-10.795194,-0.6971768,22.484802,0.35635474,0.05283143,0.3168519,-0.022717949,-0.71760935,0.77094775,0.5040785,31.440062,0.26916245,-7.5010605,-1.9976637,2.8881218,5.1215997,-14.111873,-0.9449716,-8.72396,18.121412,0.038354043,-0.012556792,0.39490542,3.1367629,3.0341341,0.175,0.12355836,0.13458332,0.11740169,-16.958324
34.97761,0.111081615,32.863686,34.083073,36.84272,3.9790344,22.452497,17.418669,28.354485,28.583147,0.59322935,0.5034917,0.26027605,0.5592725,0.8945143,0.63423824,6.717756,4.595701,4.1348248,2.6265285,0.18574916,0.87969714,18.998083,0.8289766,11.308379,0.97840375,3.3629925,3.9646559,-7.279148,-2.0482316,0.012510283,1.5075691,0.74148864,1.0901029,10.376708,0.30339047,7.322582,1.3523637,28.117395,0.42682168,717.45135,0.2638721,1355.544,0.16029549,-114.638885,-0.7927218,1796.948,0.13847618,1117.6458,0.30281016,-119.41852,-0.6914477,2862.8232,0.07672827,898.7301,0.33728412,-121.380905,-0.6622559,-18.000065,-0.5468353,28.274958,0.42158127,0.055113338,0.3126417,-0.024720173,-0.6664175,0.25556204,0.6809099,30.144512,0.4145768,13.573608,0.93858606,6.521959,2.278608,-13.772317,-1.1687799,-5.7046614,13.571678,0.036610868,-0.00025034897,0.12397586,3.3579032,2.055921,0.222,0.16122036,0.23461537,0.24400865,-23.203152
34.96306,0.056359082,34.265083,35.189465,36.34017,2.0750885,159.69595,391.70807,56.838642,120.680664,0.9463856,0.5324096,0.47383714,0.8152235,1.4580063,0.9841691,9.88181,5.7142124,9.75433,6.5354915,0.39303023,0.61142033,25.925093,0.38190714,1.8150997,5.7396626,7.3120403,1.7647982,-12.409396,-0.98299503,0.014931858,1.5253862,1.0207876,0.7193642,8.892339,0.26600742,5.6377664,1.3851359,23.309652,0.45986512,620.9912,0.3408316,1466.5532,0.15480678,-92.77553,-1.0120373,1682.871,0.16463296,1079.154,0.3078698,-91.15391,-0.9443234,2737.6394,0.100490645,982.4708,0.379072,-93.59348,-0.89701617,-12.4697895,-0.45162207,22.280497,0.29854876,0.06500487,0.2618987,-0.017160485,-0.71826077,0.48741564,0.47259977,29.648201,0.26244956,-0.5275786,-21.264473,6.0349517,2.5767791,-16.592142,-0.78902835,-9.940574,19.150312,0.0413924,-0.0036409218,0.2588122,3.8639877,2.647975,0.21647058,0.14966397,0.14117646,0.116915375,-20.120045
27.888927,0.07949779,26.085611,27.568293,29.418707,3.3330956,54.166145,58.875095,15.099106,13.456116,0.7189312,0.6419801,0.24635336,0.6431708,1.1952081,0.9488547,9.012339,6.5035634,8.821835,5.5483904,0.34117427,0.88503087,22.027786,0.5303758,12.101708,0.71080124,10.136491,1.2353363,-3.298091,-3.7180932,0.01962641,0.9335458,1.1435462,0.8506466,5.888524,0.44613352,4.5302286,1.259112,23.306541,0.34088594,560.7952,0.35715434,1262.6577,0.14887148,-123.33863,-0.7399424,1664.8331,0.18098855,889.97675,0.29677734,-129.03433,-0.64809084,2685.741,0.10567951,884.9143,0.2841838,-128.97891,-0.6476547,-16.136343,-0.42391035,21.912546,0.34084412,0.035264637,0.5511286,-0.03600143,-0.4867835,0.5762375,0.49850336,28.661646,0.29518166,13.107684,0.82150674,15.222324,1.0031568,-3.7703366,-4.4041057,-10.930402,18.026985,0.015739813,-0.01709546,0.18574128,4.016064,2.2911053,0.16705883,0.124841765,0.235,0.29550803,-21.069202
33.921127,0.0762925,33.145496,34.529697,35.199688,2.0541916,47.914295,66.62993,17.402191,12.568821,0.82987446,0.52926385,0.4531907,0.66941625,1.2684184,0.81522775,8.90377,5.7767034,7.0450244,5.2938356,0.32048252,0.58799803,27.622702,0.35117522,-1.3897668,-8.46264,6.6617765,1.7612617,-10.018058,-1.4032185,0.01770072,2.8084276,0.92911315,0.7471747,7.93871,0.34084547,10.202039,1.5445563,25.022524,0.36985496,691.75916,0.33714876,1441.1115,0.1875173,-113.576965,-0.83651227,1710.2618,0.14477572,1200.4037,0.37005264,-113.20345,-0.7886561,2718.9407,0.10197755,1039.8824,0.41461122,-115.189865,-0.7568004,-11.644315,-0.5285313,23.036566,0.3110429,0.02976159,0.59184915,-0.018991193,-0.67553633,0.41650453,0.4544119,32.40299,0.22155146,-4.822992,-2.7307706,6.7553678,2.2327535,-17.414104,-0.9188391,-10.212922,19.083223,0.0056115002,-0.0078708725,0.23999535,3.5019455,2.6109662,0.17,0.11558547,0.192,0.21846282,-21.867508
36.54365,0.056034755,35.167294,36.29532,38.145622,2.9783287,12.408235,13.593288,16.555902,7.6484475,0.7900459,0.65965974,0.32800415,0.6454,1.2715282,0.9435241,12.047776,6.532911,10.642853,6.582454,0.42617506,0.8372853,27.223797,0.49420735,3.2498012,4.6493797,4.7481174,3.078155,-2.2095752,-6.8084774,0.017004203,1.0445805,1.113421,0.7844167,8.446404,0.31329206,10.947915,0.82145035,27.993343,0.37160477,689.1671,0.31639966,1414.9564,0.14503895,-111.23248,-0.8463195,1690.2944,0.116020165,1096.1289,0.3056141,-107.21843,-0.8188425,2766.5767,0.089064874,1013.0833,0.441143,-111.405716,-0.751142,-12.536955,-0.6184242,23.670725,0.35158026,0.06453067,0.29229552,-0.020393206,-0.63486207,0.65511125,0.53160524,32.88863,0.3409142,-3.6226857,-4.3169837,-0.21474017,-77.88965,-9.87641,-1.6645557,-12.612682,21.160303,0.03784931,-0.007069886,0.19475107,3.6649215,2.9929578,0.16,0.12266645,0.145,0.19134755,-19.984451
23.484854,0.079599105,22.125366,23.200388,25.31667,3.1913033,31.260948,13.737807,17.839914,9.486481,0.81290007,0.4426157,0.50837004,0.70797867,1.0884551,0.58008504,7.7059298,5.417016,8.765087,7.092094,0.37959284,0.6586201,26.880863,0.5084063,-0.2910484,-36.131653,7.487398,1.3225703,-1.8021052,-5.642492,0.025295228,1.263521,1.3178664,0.7237513,3.6586533,0.54405695,-1.6731298,-2.7282178,18.956402,0.30190355,712.93115,0.32416973,1250.4938,0.1533917,-130.5767,-0.6883125,1785.6084,0.15280758,949.1497,0.18410893,-134.05235,-0.63058776,2779.2786,0.10580351,965.62646,0.2537329,-135.7133,-0.6074628,-13.387582,-0.40801015,20.339334,0.26556528,0.031259935,0.52787286,-0.021105524,-0.917076,0.5791266,0.38147545,37.404495,0.217511,-4.2951636,-2.1722264,12.739873,0.69705915,-0.82134646,-14.850239,-8.215248,15.576763,0.014792163,-0.0088315895,0.27085277,3.7735848,2.5951557,0.12933333,0.087366395,0.220625,0.20406704,-21.768442
22.139446,0.08761661,21.237835,21.922567,23.379581,2.1417465,22.25552,5.6185274,17.334515,9.646333,0.44344664,0.5282514,0.23246498,0.37838936,0.65389943,0.42143446,5.3080087,4.0512114,4.4374514,2.8491538,0.24123542,0.38214082,22.36253,0.55051076,18.826082,0.62874115,15.335897,0.85554016,4.3118424,2.6041317,0.013461428,0.98869485,0.84198487,0.69773567,3.0923283,0.44265556,1.2190388,2.5568635,21.52073,0.37728512,553.63916,0.30881086,1313.1956,0.16310774,-134.33008,-0.66991204,1661.0099,0.15464972,899.05743,0.3997326,-140.23459,-0.5826626,2677.7205,0.10827146,924.6307,0.30744967,-140.03625,-0.58457285,-17.445513,-0.3573298,21.135303,0.33547938,-0.0005549897,-28.367304,-0.03487193,-0.44374108,0.2984042,0.24244319,31.706833,0.20495187,10.611539,0.99135816,21.600859,0.6721746,-1.7187705,-8.069102,-19.157106,26.507866,-0.031549804,-0.011111187,0.22194222,3.8291605,2.2255194,0.14133333,0.09756137,0.269375,0.25749922,-27.42479
34.07273,0.14809309,30.030724,32.654465,37.11944,7.0887146,106.43657,174.20302,120.63307,133.20573,0.8514479,0.5076183,0.45690876,0.78226614,1.1871735,0.7302647,8.196092,5.9974837,4.8478293,2.0872092,0.37532103,0.7372628,24.685698,0.4235739,8.361363,1.6301643,-1.2997801,-8.849994,-12.068508,-1.3748302,0.024215074,1.6137735,1.050707,0.73844784,7.335704,0.45156693,4.7460036,2.9919229,27.517265,0.50835484,709.10095,0.27915272,1394.0106,0.16754451,-73.63651,-1.2867392,1783.3525,0.1386641,1085.8596,0.3466354,-81.328125,-1.0561526,2826.5874,0.090018,1038.1571,0.3711601,-85.01033,-0.9781831,-17.488588,-0.49237877,27.433489,0.34046277,0.072449066,0.23412004,-0.03328154,-0.4982014,0.4518425,0.6297646,28.401379,0.26595533,6.089064,2.2824552,-2.444646,-5.0041018,-18.766088,-0.82021284,-11.5079775,19.922989,0.044227935,-0.015342075,0.23809715,2.8459275,2.366864,0.26208332,0.24112545,0.15318182,0.11710083,-19.714525
28.893585,0.13003221,29.177662,29.895271,31.116302,1.9386406,137.583,92.88068,223.68077,379.96738,0.4948052,0.47483182,0.26834074,0.45819473,0.71103036,0.44268963,5.5702715,3.8771408,3.8556974,2.179299,0.19723706,0.7484752,22.428102,0.5695501,8.703342,0.99497956,15.027111,0.7436721,-2.6560369,-3.635903,0.045587648,1.929023,1.0357641,0.71159416,6.8681126,0.39237836,10.871789,0.9899601,30.762339,0.24386585,597.087,0.3417667,1419.985,0.13335367,-137.6925,-0.620954,1676.1868,0.158811,1084.3114,0.31377596,-140.38947,-0.56054133,2775.062,0.08448714,932.08966,0.3956036,-141.59949,-0.5446844,-19.433752,-0.27467194,29.06795,0.24335738,0.023444125,0.69900334,-0.019045917,-0.5849656,0.274748,0.43277243,33.330524,0.17647886,13.086149,0.5087445,18.60621,0.6240889,-5.5001287,-1.7307885,-8.5378475,16.346653,0.00797244,-0.0031754388,0.15763994,3.611457,2.5062656,0.1295,0.09557588,0.2485,0.22891647,-26.280848
30.755466,0.08425523,28.674236,30.603819,32.65841,3.9841728,31.321762,16.473104,21.532314,8.863953,0.6034239,0.7679082,0.119078144,0.56108165,0.96343344,0.8443553,9.564574,5.4938693,5.7773595,3.070927,0.24738811,0.9658347,22.562954,0.57178205,5.5485673,2.347829,5.4422293,2.757049,-0.47425783,-22.457853,0.018118978,0.9540596,1.1997402,0.6709253,5.9900074,0.5025659,4.2466955,1.2992764,27.09447,0.26728255,621.28656,0.37080228,1408.4928,0.20962247,-111.577385,-0.84342384,1631.09,0.14445162,1092.7567,0.27411717,-115.695885,-0.7589123,2709.7336,0.09868148,926.67365,0.3753372,-119.32032,-0.7015984,-12.942001,-0.6052525,25.036306,0.3074452,0.0621204,0.25807098,-0.016852465,-0.929751,0.42227975,0.51195157,29.224163,0.40859893,8.71851,1.5344443,1.7258433,10.444425,-0.23598681,-56.085335,-7.161082,15.937146,0.041737717,0.0049922913,0.09700051,2.237927,2.3724794,0.1865,0.11650213,0.22578947,0.5539932,-23.39869
28.710697,0.122689486,28.208197,29.552917,30.592735,2.3845387,87.731766,117.7984,38.716896,38.753998,0.64408755,0.6385495,0.2136653,0.5919333,0.9988208,0.7851555,11.686967,7.2174454,9.799948,7.428022,0.4148354,1.2600284,24.43401,0.6579394,10.892932,1.0521666,8.41092,1.487136,3.1587915,3.7942643,0.036277335,2.0679677,1.3988488,0.80623716,6.4693923,0.4558404,-0.6567898,-8.608193,28.789238,0.27904508,569.11163,0.3528899,1316.7338,0.12987094,-121.53238,-0.75674295,1638.2305,0.1669502,1104.5535,0.30391642,-127.141136,-0.65717435,2727.418,0.08731331,968.0075,0.36669874,-129.9309,-0.6175331,-19.182499,-0.36828265,29.71116,0.26393464,0.054995343,0.39563903,-0.026504006,-0.745165,0.5934517,0.7916738,35.35901,0.32990655,14.180438,0.7760947,9.773808,1.5463723,1.0489359,13.464047,-9.377562,18.383118,0.0330153,-0.004559938,0.29395133,4.381847,2.5236595,0.15625,0.11725373,0.21875,0.33350176,-19.776548
34.74832,0.04858942,33.565838,34.35147,36.18657,2.6207314,20.052284,9.979559,22.42576,12.769637,0.91378605,0.7232722,0.39736974,0.6584611,1.419484,1.0221143,16.59571,9.464539,12.987313,9.297887,0.42139336,0.8954849,23.825012,0.4696664,-4.3358703,-3.4525378,7.172191,2.2218137,-6.5388675,-2.0831106,0.016201714,0.980192,1.2126487,0.71116,7.1857686,0.43915308,5.4809065,1.4409279,16.39515,0.42281485,616.1728,0.42762136,1303.2675,0.16887182,-106.089424,-0.87355524,1701.6897,0.17808512,920.2918,0.29235134,-97.87405,-0.90372705,2698.4602,0.09497394,916.27594,0.24018312,-99.17718,-0.8795997,-6.990735,-0.72175205,15.220673,0.35621,0.053026736,0.36377335,-0.013640089,-0.8604207,0.6107972,0.6748221,27.441002,0.3304331,-10.703046,-1.4108115,8.474599,2.0571525,-11.632918,-1.2844913,-8.232527,16.499073,0.027247533,-0.0025278039,0.20508645,5.0574713,3.4883723,0.14666666,0.10879134,0.111875,0.10459557,-20.738956
32.756725,0.047633685,31.790419,32.62566,34.179337,2.388918,62.539658,143.3453,59.68442,94.93274,1.0553927,0.4473053,0.6558644,0.8984957,1.440228,0.78436357,10.751092,7.945293,9.187168,8.190892,0.47879875,0.7079131,24.146633,0.4353283,1.2397944,8.120359,4.6459484,2.7330468,-5.2421775,-1.956756,0.012803849,0.99572873,1.0163217,0.6764229,7.311554,0.32370445,7.309146,0.85077786,24.3677,0.3448188,621.3775,0.35809445,1422.7896,0.16471449,-113.995415,-0.82564634,1627.5077,0.15348426,1149.8685,0.26973122,-114.02689,-0.7796912,2700.001,0.09780639,943.237,0.3417557,-117.07464,-0.73119473,-11.192107,-0.5623384,21.798414,0.33035332,0.030327657,0.5543462,-0.016360791,-0.7325233,0.61735576,0.5144135,29.61008,0.26283133,-0.79622275,-12.216709,5.621867,2.6377046,-9.406346,-1.1225797,-8.152847,16.621523,0.017605174,-0.008610902,0.36325216,3.1383739,2.586207,0.17055555,0.12335459,0.18526316,0.13043928,-19.82359
34.1214,0.034801554,33.33041,34.004913,34.965084,1.6346741,71.65827,62.70147,21.293602,9.123124,0.9170141,0.47721252,0.565444,0.7594623,1.2273139,0.6618699,10.05283,7.166991,9.789885,5.1749387,0.4130818,0.5665657,23.610842,0.44523847,1.8942484,5.528704,5.095447,1.9950652,-7.676287,-1.4424056,0.013554178,0.9184925,0.980327,0.6419069,7.4531465,0.26392645,8.915787,0.82594657,26.697512,0.2958696,618.93005,0.33669224,1481.2777,0.13068748,-124.03339,-0.7348337,1634.9265,0.16447267,1068.1718,0.20688576,-118.69916,-0.7321911,2754.119,0.08986959,991.715,0.38048828,-122.31918,-0.677079,-10.173943,-0.6199624,21.63082,0.34475225,0.029760255,0.51643103,-0.015399122,-0.6589014,0.5726016,0.4038338,29.085896,0.28645328,-1.5446975,-7.0634418,4.947189,2.5345583,-14.0294695,-0.8657502,-8.484916,17.019289,0.016696835,-0.0055938847,0.29277873,3.9548023,3.6121674,0.112105265,0.082435235,0.137,0.14227085,-21.55957
28.112928,0.19010602,24.249565,26.677555,29.462177,5.212612,174.5974,304.30362,31.431164,44.924675,0.7278697,0.5218904,0.3996574,0.6559028,1.0671335,0.6674762,9.021579,5.532073,6.61965,4.2007484,0.39046267,0.7376613,30.98443,0.43976796,6.52725,1.6302067,13.880147,0.9755346,1.3463573,10.076585,0.020942047,0.9797356,1.2299545,0.71240234,5.7808447,0.4100698,1.5830492,5.2795596,24.811022,0.49290252,567.16174,0.3297226,1366.0397,0.15581658,-80.67593,-1.098018,1665.8546,0.13777892,1008.42255,0.30062234,-87.91518,-0.902556,2696.5164,0.10575682,1019.69836,0.27453545,-90.8633,-0.8481687,-18.787842,-0.3487218,26.401783,0.2544316,0.04551664,0.48200172,-0.030762808,-0.5792633,0.48766586,0.6180105,37.685608,0.2840941,5.9681377,1.8963122,14.976954,1.0185975,2.3485594,6.551646,-11.541344,18.48159,0.04506055,-0.014770761,0.23195644,4.2796006,3.8793104,0.15407407,0.13270013,0.0837037,0.08380525,-19.651894
27.763615,0.03938006,26.921537,27.612465,28.486658,1.5651207,55.674038,75.4128,24.347605,12.152464,0.8950151,0.3953234,0.52487993,0.8487076,1.2639303,0.7390504,8.941439,6.977852,7.838008,4.165736,0.4170482,0.50920737,24.468863,0.500598,7.5686307,1.6190461,7.384918,1.1770394,-7.5144167,-1.4856836,0.023188757,0.9704292,0.9976392,0.7129627,4.9082694,0.5939412,-0.64807093,-11.224889,23.421583,0.3057441,616.70544,0.36379626,1301.7858,0.12708057,-121.84817,-0.764315,1667.8784,0.1865308,1040.0669,0.29905474,-125.595604,-0.693481,2715.95,0.123114735,917.1699,0.3723848,-127.741264,-0.6615708,-13.880728,-0.35475355,23.098984,0.21129885,0.0460623,0.42473513,-0.030672066,-0.45120493,0.56596404,0.3704003,33.4238,0.23773235,1.1132413,12.42608,9.375987,1.1799837,-12.428056,-1.0623991,-10.702693,18.038988,0.01743928,-0.01674999,0.31759056,4.809287,2.173913,0.17846152,0.13013874,0.24214284,0.20901737,-21.516516
36.58763,0.09323276,34.318535,35.88576,38.933697,4.615162,65.55591,55.357323,46.78562,40.928017,0.9900471,0.49357194,0.58107954,0.86276907,1.4438376,0.8627581,8.950389,5.176683,7.685475,4.624966,0.4125007,0.64288485,22.72478,0.40675536,-2.3557458,-5.2655315,-1.8816779,-7.8148227,-12.70378,-0.947411,0.016456818,1.5562783,1.0319699,0.6385334,7.806027,0.3980805,8.932434,1.1974323,23.583923,0.5291603,752.58795,0.3041868,1431.2313,0.23114482,-74.46712,-1.2212597,1770.7169,0.13151471,1155.7146,0.37873274,-71.6655,-1.1498994,2807.0762,0.10537407,1035.0361,0.38032854,-75.06691,-1.0653546,-10.909738,-0.5494221,21.580622,0.33616447,0.073944695,0.2304544,-0.02405634,-0.5367333,0.48459464,0.56304234,25.385633,0.30604938,-5.20049,-2.311774,-2.720625,-5.9949307,-16.344017,-0.74889606,-8.455456,16.432579,0.05099416,-0.016180554,0.26570392,3.4042554,3.4285715,0.18958333,0.20341825,0.09238095,0.05846487,-19.873104
34.065502,0.07454978,31.745409,33.857887,35.234455,3.489046,38.903965,43.493023,81.97425,198.74527,0.71700597,0.6167336,0.2596911,0.6495063,1.1734172,0.9137261,8.159755,5.7016344,6.4175105,4.216628,0.2687891,0.9976355,15.374717,1.0291191,16.983585,0.78446203,-1.3717501,-10.5240135,-0.8631127,-16.6449,0.017109675,1.1299278,0.84307325,0.86007637,8.348346,0.47735322,9.912592,0.87480646,27.332811,0.33633536,690.36096,0.30526945,1389.2301,0.15531518,-104.378975,-0.8746123,1748.458,0.15179758,1057.3102,0.31530362,-105.40716,-0.80425996,2836.0403,0.085588194,890.30585,0.41946352,-107.93344,-0.76182646,-14.9460945,-0.55964065,25.76594,0.34224975,0.057869624,0.36049196,-0.01978788,-0.8759294,0.37625542,0.7724611,22.888311,0.5223539,18.323944,0.8058867,-3.3090773,-5.104446,-4.051815,-4.1879363,-6.2334847,13.356891,0.03837681,-0.0044563697,0.14489318,3.6519873,2.2678185,0.22904761,0.17405266,0.19095238,0.17342228,-21.008879
32.376823,0.07291969,30.792004,32.65149,34.491085,3.6990814,120.826324,124.153305,35.026653,33.706882,0.47678262,0.49013418,0.27790487,0.42136922,0.6237877,0.34588283,3.574476,2.2314935,2.9915984,2.1108797,0.17896925,0.74246067,25.15511,0.4831381,2.676299,4.0392866,16.850628,0.5768454,-3.750957,-3.569849,0.05575024,2.842087,1.0245104,0.57431144,8.226526,0.27511582,9.005935,1.0910152,29.611595,0.28465337,639.01166,0.38364553,1478.2708,0.27279145,-138.35332,-0.61835027,1646.4431,0.16039565,1207.0575,0.21595086,-137.38083,-0.5869818,2734.784,0.09801788,1014.7944,0.29994723,-139.96013,-0.55209094,-17.16466,-0.2798561,29.79545,0.21438295,0.024807189,1.0220962,-0.01071407,-1.6391735,0.27574214,0.51986676,35.194183,0.23829159,5.0421104,1.2963972,17.231068,0.660442,-9.612927,-1.7257028,-8.138297,16.957117,-0.001864407,0.008536844,0.12436026,2.3696682,1.9108281,0.18166666,0.15010183,0.29615384,0.26281136,-25.593441
24.445229,0.08152117,22.959972,24.35512,25.992182,3.0322094,29.248001,14.389748,13.561208,9.535204,0.72260165,0.6225014,0.3434867,0.626674,0.99642706,0.6529404,8.829968,7.30445,7.427346,3.6722026,0.2794786,0.7101349,24.634583,0.5597669,3.4095247,2.8502789,6.6909947,1.5227835,4.6303644,2.5667331,0.016407413,1.072776,1.0080396,0.7878143,4.6914563,0.4353506,-1.5522692,-2.087456,19.840878,0.29067945,617.00385,0.40104797,1303.3988,0.14536199,-112.512794,-0.8145546,1625.6632,0.16002083,1015.623,0.2572165,-115.967384,-0.7493442,2645.131,0.10451987,903.4118,0.2897885,-119.17127,-0.70086515,-10.980034,-0.48595524,21.525126,0.23331755,0.023047153,0.9390576,-0.010300166,-1.4326236,0.40181386,0.48110268,32.42194,0.28422654,0.49077362,20.853294,8.517675,1.473837,4.3271008,3.5179913,-8.274129,17.364801,0.0030511143,-0.0001345378,0.17756379,3.2315981,3.0797102,0.14,0.09755843,0.155,0.15118973,-22.517296
27.938332,0.07309373,26.367714,28.026255,29.166582,2.7988682,81.99439,106.15379,83.469795,173.16461,0.7573552,0.552066,0.38646755,0.6517162,1.1593734,0.7729058,7.294468,4.6038094,5.7995553,3.2012165,0.3358647,0.64726126,26.654707,0.5097334,11.701568,1.0564173,10.456925,1.1132329,0.39729697,28.66374,0.021051493,1.503586,1.0275742,0.7724744,5.731125,0.40522382,1.0123777,6.3890715,25.393847,0.33839977,546.6421,0.3197905,1359.6262,0.18508391,-91.758316,-1.0066992,1613.7645,0.13960534,1036.1329,0.26381832,-99.67694,-0.85318756,2668.831,0.08320689,938.95764,0.29530355,-102.98692,-0.7972999,-17.214191,-0.37312943,25.401804,0.29000646,0.043857507,0.46381107,-0.027885703,-0.52407324,0.43114233,0.50364035,31.604921,0.34771383,11.619666,1.17905,10.7248,1.1928253,0.44026217,29.213036,-12.35887,20.070711,0.04243995,-0.0117160985,0.21646886,2.545969,2.7065527,0.19842106,0.17278714,0.14299999,0.14488271,-20.473482
33.19117,0.105275884,32.048317,34.067825,35.36494,3.3166237,152.4874,214.32205,95.06841,111.326164,0.6510974,0.74572825,0.23060197,0.47476467,1.0694381,0.83883613,10.423263,7.468919,8.914713,4.4485893,0.32928666,0.9283991,23.351908,0.62180096,13.667556,0.92592037,1.0550741,14.153135,5.423342,2.1299171,0.031130735,1.5111132,1.2507421,0.7604765,7.478937,0.50007606,10.537123,0.82428646,32.41167,0.34197262,668.94354,0.3233296,1378.8041,0.12618443,-123.37651,-0.73340994,1762.028,0.15677643,1154.1677,0.43319413,-126.30827,-0.6540239,2794.3533,0.12005997,1087.4165,0.2808286,-128.68207,-0.6212595,-16.928225,-0.46722063,26.944378,0.365793,0.048006337,0.41654402,-0.02568543,-0.6027891,0.51754695,0.6009443,32.37285,0.3514933,10.9295635,1.2210345,-4.397072,-3.9001853,0.56052166,22.207056,-12.544817,19.84503,0.017045831,-0.008485145,0.19885498,3.7583895,3.3783786,0.11399999,0.09720082,0.15538462,0.11004303,-20.977333
28.237026,0.0908648,26.51045,28.238283,29.203194,2.6927433,109.325615,126.571144,38.716953,50.944233,0.936314,0.50613546,0.42144933,0.8716833,1.448711,1.0272617,8.681347,5.3874936,7.1069646,4.994912,0.41151577,0.7274245,21.592665,0.58002293,12.60387,0.71816355,2.6426923,3.7407854,-1.7050319,-7.408166,0.02201536,1.5312235,0.9361062,0.8380637,5.826204,0.4935855,-3.1849532,-1.7932935,21.920082,0.36655417,567.5043,0.35746366,1296.5883,0.14262697,-109.03339,-0.8789835,1625.3376,0.16790475,1001.3777,0.23713364,-115.27935,-0.76085895,2620.6936,0.110578954,915.69464,0.26352495,-117.21771,-0.73162633,-16.631647,-0.28729403,23.982126,0.28070825,0.04387896,0.52496386,-0.029608201,-0.4705043,0.5954042,0.47454426,28.325993,0.33531952,14.143848,0.6481359,4.2062654,2.8186407,0.28234008,57.67799,-10.08554,16.544521,0.025537938,-0.01732832,0.25020492,3.4443169,1.8475751,0.24562499,0.22138679,0.274375,0.34702247,-18.633844
35.002754,0.11117837,34.16452,34.929607,36.445156,2.2806358,377.204,508.22687,210.29584,392.28918,0.81098974,0.4455969,0.41733703,0.75335175,1.1836929,0.7663559,7.898882,5.8690166,5.68157,4.2291856,0.36670557,0.6411439,21.765293,0.6439362,18.71471,0.6084352,-2.754708,-4.8023386,-12.389202,-0.96715766,0.028741809,1.6952322,0.9917631,0.7745398,8.636545,0.40743908,3.9134414,2.1518877,31.715813,0.28286737,696.8254,0.24967247,1390.6678,0.18416409,-120.0797,-0.7643458,1768.937,0.14146397,1123.949,0.28735638,-124.692055,-0.66119754,2869.3535,0.08078386,883.42505,0.34871504,-127.18928,-0.6247267,-19.864826,-0.3986952,31.323929,0.26929235,0.04816115,0.38839617,-0.035831403,-0.3900428,0.48045444,0.48115548,30.961601,0.3305523,18.881493,0.52466893,-4.046867,-3.9504647,-16.344084,-0.83546597,-10.570316,18.11373,0.027917234,-0.0206501,0.27943525,3.5502958,2.0238097,0.21,0.15755484,0.26294115,0.30021098,-20.290176
32.989536,0.085395396,31.954151,32.83095,33.97712,2.0229683,691.1157,1108.7584,103.614174,111.64697,0.8312423,0.52082324,0.47563106,0.7251584,1.1985354,0.7229044,7.5600247,4.837197,6.4243207,3.7749488,0.3335509,0.7103093,20.793201,0.6953637,10.69195,1.1301125,0.21808831,68.4094,8.678291,1.5902181,0.019553863,1.5837088,0.9964257,0.6649377,8.206502,0.31515503,1.988056,5.1710734,22.844063,0.42541537,627.6068,0.3144051,1372.1182,0.1673172,-112.279625,-0.8087887,1662.7391,0.1520493,1060.1519,0.25678325,-114.94745,-0.74102205,2721.1904,0.08953977,957.4065,0.31352863,-118.71736,-0.6836114,-15.428389,-0.41962823,25.59756,0.25630397,0.027253537,0.69844514,-0.024707465,-0.68475693,0.42769903,0.52565956,30.387989,0.28087136,10.085784,1.0044494,-3.8457565,-4.3162165,8.720834,1.643521,-7.940484,15.499701,0.014169252,-0.002174877,0.24418004,3.5110533,2.7522938,0.1652381,0.1460143,0.17809524,0.10002947,-20.536062
28.915308,0.044963244,27.581898,29.113499,29.910095,2.3281975,15.542875,10.966175,11.224003,4.5476933,0.4462393,0.5535518,0.22523029,0.38781774,0.6962053,0.47097504,5.4578533,3.3836627,3.850614,2.025167,0.15739615,0.7463819,24.192194,0.5104275,11.30057,1.1255212,7.9383984,1.9386008,6.421536,1.7453663,0.014413349,0.986103,1.13118,0.74636817,6.4974484,0.37522087,1.9162544,3.2548518,26.966938,0.23486173,581.7636,0.30091438,1402.0719,0.15611337,-84.40794,-1.063066,1631.1152,0.13843402,1067.4863,0.27145055,-91.92319,-0.89576674,2698.9326,0.07420913,932.4124,0.3295635,-95.98372,-0.82297444,-16.135946,-0.35953388,25.794796,0.2716281,0.036035363,0.49552816,-0.019644337,-0.7546096,0.21419235,0.51687425,30.129534,0.3443227,14.254096,0.7409613,5.86578,2.7787347,5.007654,2.4115515,-7.869992,16.326303,0.015284427,0.0074348105,0.0708883,4.025765,2.7597404,0.21235293,0.13295418,0.12882352,0.1308741,-27.758034
33.0812,0.04459396,31.897484,32.947235,34.055386,2.1579018,60.606167,69.356064,16.749866,19.863161,0.77038467,0.5943031,0.31949824,0.6698254,1.2135779,0.8940796,10.374999,5.50675,8.477812,4.7959337,0.2937429,0.823085,16.685755,0.898217,13.242764,0.7914569,0.6145662,23.518248,0.5062734,21.725878,0.015480352,1.1710885,1.1355166,0.871624,7.777802,0.38294998,1.9918575,2.8247294,25.292683,0.36181384,591.0423,0.30430296,1349.8196,0.1273151,-116.57231,-0.7941043,1676.8549,0.16708435,1011.3287,0.22379474,-120.271255,-0.7183959,2765.397,0.09758199,1054.549,0.35802802,-123.528305,-0.6700462,-13.406165,-0.53960854,23.536354,0.40024322,0.05032836,0.3722159,-0.03277582,-0.5004656,0.45150778,0.54456687,27.560135,0.37521255,9.517094,1.2275575,-6.098523,-2.6377907,-3.0259366,-4.050387,-7.3478184,13.3406105,0.022223894,-0.011247813,0.17311661,3.924222,2.8610356,0.14428571,0.12677582,0.17636363,0.19072935,-22.152948
34.902794,0.06632021,33.069324,34.781414,36.811646,3.742321,60.872875,67.43491,85.49985,124.87787,0.9672675,0.7355686,0.36854815,0.6973441,1.5945282,1.22598,12.926468,7.7311234,10.363692,5.4471574,0.50288826,1.0046742,20.115553,0.7787175,1.91906,7.70826,-4.199066,-3.8789606,-4.69629,-2.8355129,0.028922027,1.1695462,1.0411156,0.6788347,6.1795754,0.6588247,7.2337394,1.0675176,24.653015,0.37997034,643.6801,0.3798334,1411.6444,0.18360029,-114.97315,-0.79725856,1681.3414,0.16334122,1083.3988,0.26833448,-108.943306,-0.802506,2738.5688,0.091120735,978.97363,0.3810984,-112.73925,-0.7406786,-10.591853,-0.81211716,22.963297,0.38685986,0.06795868,0.2816856,-0.016852396,-0.9781569,0.7508964,0.71423376,27.409298,0.4438095,0.50968117,29.752897,-3.0357049,-5.9654307,-7.282728,-1.6742008,-5.752767,16.178886,0.051263362,-0.0012491959,0.2646496,3.242542,3.1331594,0.14958332,0.11939009,0.14874999,0.13213985,-18.439169
32.054253,0.067397885,30.955936,31.952576,33.08358,2.1276436,89.463234,132.63078,88.54134,136.69818,0.9041668,0.30735004,0.7001729,0.80314976,1.1264594,0.42628646,4.58165,2.3344498,3.964731,3.3548174,0.40245944,0.33330017,26.101974,0.19884749,-2.6817312,-1.8738506,9.184925,0.85623944,-8.35489,-1.1452045,0.0211045,1.4007943,1.1820003,0.44809365,4.602928,0.38546243,1.8041543,4.453794,20.926434,0.34456125,592.2929,0.33786938,1414.4828,0.12267389,-134.358,-0.66164,1551.879,0.16066614,1236.3241,0.2199991,-131.07103,-0.66398764,2597.8213,0.102620795,1088.2612,0.36372367,-134.58452,-0.6131066,-8.960259,-0.4770916,21.975395,0.24213389,0.033001386,0.3957197,-0.010231881,-0.98008245,0.5106683,0.24271384,30.203716,0.12599114,-4.394413,-1.325913,5.64364,1.7042452,-16.541655,-0.5456153,-8.216247,19.470558,0.021607943,0.0016935546,0.34078583,2.4896266,2.2284124,0.1575,0.11355065,0.25470588,0.15703568,-23.624397
33.443844,0.077071585,31.977222,33.99985,35.36078,3.3835564,155.37497,201.77766,41.232395,58.187057,0.6433207,0.5194126,0.30944195,0.58207893,0.9989934,0.6895515,6.23034,5.552347,5.348876,3.4063754,0.24932365,0.76064306,22.76847,0.5666747,17.74509,0.6183211,5.3063817,2.4401789,-9.970972,-1.5322177,0.017623309,1.7933284,0.9280598,0.8285768,8.718814,0.35388395,6.1473303,1.444046,30.236528,0.32655808,643.3189,0.28297406,1422.5176,0.16528936,-94.56725,-0.9681447,1733.7449,0.14733428,1077.5399,0.35287157,-101.615265,-0.8144824,2831.1924,0.07879447,887.5799,0.3339106,-104.23819,-0.77080226,-19.242022,-0.3513998,28.382963,0.27696672,0.049673803,0.4180554,-0.029608853,-0.48990944,0.32720202,0.6073955,29.09535,0.3222014,17.028694,0.6887129,7.1977863,2.0628672,-16.191154,-1.0103016,-11.704652,19.437603,0.025438545,-0.01623311,0.14940497,2.9075804,2.8183715,0.1911111,0.1393725,0.14807692,0.10630214,-22.1721
35.449867,0.0296794,34.63029,35.485188,36.306343,1.6760521,16.283133,7.083465,30.833567,30.141075,0.86833274,0.622888,0.4180851,0.618812,1.3979445,0.97985935,8.352501,5.389797,10.481218,5.8406096,0.337837,0.75547093,19.163559,0.4530393,4.7314954,2.7322075,0.26613697,37.835705,-8.656638,-1.7029386,0.014052041,1.1655415,0.7850731,0.68899083,8.200963,0.29658267,2.1497297,4.480619,17.327639,0.59787506,655.4066,0.33371437,1281.9215,0.13871889,-130.99825,-0.6943647,1731.1011,0.17625464,969.21045,0.26106843,-126.02131,-0.7024415,2735.3208,0.10023925,936.5427,0.25386456,-127.714714,-0.67675495,-9.663652,-0.83152866,19.367798,0.35361966,0.047742005,0.36684555,-0.018869799,-0.8943485,0.5495235,0.46428764,21.14762,0.41310826,-0.8067416,-20.199306,1.5783442,8.199339,-17.260897,-1.0884036,-9.683482,17.675188,0.021711234,-0.012826286,0.19806467,2.5374856,1.9721578,0.19411764,0.14608856,0.2761111,0.48986548,-21.934738
34.37139,0.08729182,34.17998,34.96135,35.916195,1.7362137,75.64186,107.45766,40.856915,55.78872,0.64794827,0.5035732,0.29584643,0.61855984,0.9732749,0.6774285,6.7802653,3.9009879,5.5819364,3.3706164,0.22461773,0.767374,20.901709,0.69118905,12.937232,0.84283644,5.445042,2.3761382,-1.8855282,-6.5557127,0.025238762,2.1262896,0.87818056,1.0621741,9.973545,0.31107292,5.9442825,1.5672584,26.717375,0.35607806,668.4139,0.33513647,1397.6511,0.15432589,-99.22088,-0.9149376,1735.5887,0.1628925,1093.1016,0.29389268,-101.77469,-0.81090844,2813.0378,0.08690226,962.0695,0.35977748,-105.03224,-0.75528854,-17.987116,-0.4044513,28.86834,0.28252375,0.04928372,0.4720421,-0.021851815,-0.6122043,0.26763168,0.60177124,29.86934,0.27643648,12.793121,0.91737133,3.8954282,3.8645716,-3.9510252,-3.665127,-7.13132,14.314136,0.024677612,-0.0075038173,0.16985445,4.172662,2.6086957,0.20888889,0.20259124,0.15444444,0.114853635,-22.660849
33.159077,0.056824252,32.44651,33.409927,34.349106,1.9025955,61.235218,79.45761,17.227457,11.91699,1.150382,0.4637886,0.63706434,1.0432545,1.6826226,1.0455582,11.713403,7.1451364,11.290863,6.733142,0.48972285,0.6275911,21.15142,0.64395434,2.9860196,4.5170918,5.68605,1.9835651,-11.135543,-1.3632079,0.011765363,1.0391531,0.7814241,0.88781327,8.322777,0.32251883,3.4155416,1.9814998,22.97699,0.36443436,613.4026,0.28020597,1514.5543,0.15799221,-109.19495,-0.861393,1639.9838,0.14994723,1154.2872,0.33603305,-109.068565,-0.81803423,2691.7393,0.10551528,1028.0209,0.4691411,-112.698685,-0.758694,-10.849453,-0.57162666,20.924623,0.32465762,0.05222667,0.36948204,-0.023960173,-0.54663914,0.6622632,0.46742418,29.404373,0.32816038,-1.4734069,-10.481702,6.537061,2.118464,-19.667976,-0.84747416,-6.597671,13.793795,0.028318897,-0.01174725,0.3297592,4.120444,2.715655,0.1717647,0.10727838,0.1661111,0.18735404,-18.712225
34.254673,0.062395107,33.5759,34.60894,35.422844,1.8469429,98.98485,129.91577,29.69741,31.0259,0.7109004,0.5147794,0.3915971,0.64908916,0.9892031,0.597606,7.7372904,3.7660391,6.4762177,3.786031,0.34049994,0.63847494,26.329214,0.5212603,12.191075,1.0692647,10.617971,1.28682,-2.0446804,-6.879644,0.018778034,0.9311669,1.1042017,0.8064315,8.420753,0.3437586,9.516257,0.70631295,33.963684,0.2844912,659.70544,0.30273587,1422.6555,0.16214624,-96.09595,-0.94592285,1744.3096,0.12765238,1102.2695,0.34266275,-101.67876,-0.801602,2829.294,0.07980515,1029.2657,0.39782363,-105.58275,-0.73803014,-18.5173,-0.39561307,29.687334,0.30585122,0.066650204,0.18544479,-0.025480112,-0.60786587,0.42995614,0.5041982,34.739174,0.23797637,9.493188,1.3812901,10.442148,1.4782425,-8.715185,-1.516836,-12.267956,20.428339,0.053209055,-0.008154546,0.2285502,3.2786887,3.6764705,0.144,0.10823124,0.10699999,0.06173329,-21.021048
35.549007,0.090099,33.81519,35.570206,37.63838,3.8231888,190.66797,217.1754,229.78557,518.2465,0.9389752,0.62986296,0.4209295,0.7803852,1.4099466,0.98901707,14.577006,9.215566,9.335132,5.037684,0.49023184,0.9453776,21.65692,0.63522416,4.8157873,3.038417,0.2895508,49.28733,-4.818106,-3.0660295,0.017128557,1.0995773,0.95364183,0.92014724,8.35549,0.44731426,10.067442,0.94377494,28.196587,0.41499254,661.1702,0.3285212,1423.2418,0.17113164,-94.568245,-0.9791153,1735.4521,0.13468036,1121.4487,0.28662807,-94.10111,-0.89845586,2751.1777,0.1134403,1090.4794,0.3337707,-97.44376,-0.83894354,-14.448074,-0.6551714,23.928083,0.42861602,0.08043641,0.19000906,-0.02677301,-0.60734403,0.67723405,0.731532,28.000023,0.40551552,2.8050838,5.7758536,-2.0060499,-7.548468,-8.10777,-1.9483193,-7.928168,15.409834,0.06577352,-0.010475037,0.23333149,3.9187229,3.5087721,0.15708333,0.12407924,0.10708333,0.09680218,-17.846485
32.22066,0.054744303,30.464882,32.250412,33.85221,3.387329,37.59545,54.059563,32.252495,19.061913,0.7688461,0.5792542,0.44647172,0.59102577,1.0607927,0.614321,8.118198,7.331236,7.304286,4.2144384,0.3347098,0.62401336,23.483194,0.39355746,6.108436,1.8278203,6.2261286,1.4537313,-7.6245384,-1.9019655,0.018290086,0.94649416,1.161022,0.67518866,6.08681,0.44684526,4.5251803,1.7972944,22.72083,0.5139532,676.75604,0.33200854,1526.9097,0.19685455,-130.58055,-0.6965237,1675.7302,0.11168339,1223.1542,0.3184812,-130.17963,-0.6696872,2703.516,0.098777704,978.3584,0.46947336,-131.6366,-0.6478706,-12.554392,-0.6316194,21.096867,0.37883928,0.06450023,0.20888384,-0.029079719,-0.44663748,0.50576514,0.45545503,26.604902,0.25415733,0.44853076,29.95549,8.884164,1.13278,-19.731916,-0.76931345,-12.166403,19.50535,0.0483924,-0.018373618,0.23472731,2.477184,2.4934382,0.14105262,0.1488162,0.22749999,0.21858351,-23.102316
32.644276,0.1005031,31.134823,32.47533,35.07122,3.9363976,54.19111,21.052576,18.681335,10.555795,0.6099873,0.645815,0.22975302,0.51238006,0.9450648,0.71531177,8.560635,5.323762,8.530857,5.4681106,0.28203875,0.855433,25.634073,0.5379337,3.251965,3.2095969,8.404557,1.4426308,-6.846197,-2.0665061,0.016671628,1.0066072,0.99816245,0.87149775,7.3169227,0.3867989,2.8899276,2.6136055,30.96029,0.25592962,651.82605,0.2740041,1436.4211,0.1101379,-126.15043,-0.7324155,1702.0963,0.15257227,1095.7667,0.28487206,-130.16081,-0.65342367,2810.5112,0.08253435,905.69806,0.40432942,-133.388,-0.6060829,-15.860187,-0.44457865,28.554792,0.29791856,0.0421827,0.5144761,-0.028055817,-0.5768277,0.47491753,0.48156464,37.405533,0.24612151,-1.1870612,-10.298661,2.8526032,5.3756266,-17.791903,-0.81196517,-10.470974,18.669237,0.0038442365,-0.0028896763,0.16421042,3.898051,2.7190332,0.13222222,0.11133312,0.21444444,0.22088766,-22.761839
26.676094,0.15324558,24.307247,25.632479,29.006296,4.699049,265.3582,624.08734,58.36687,49.1937,0.98243773,0.4122503,0.6374366,0.9542269,1.2911602,0.6537236,7.2203393,3.5002685,4.06391,1.9443952,0.4287466,0.65655553,27.151606,0.47473368,2.3557858,3.816059,1.3780802,8.782765,-7.8452168,-1.5004023,0.022740474,1.6557431,1.0461278,0.5876972,4.770335,0.51001877,-3.5418904,-1.5961595,19.164047,0.5502674,566.55084,0.34491304,1373.2861,0.13708143,-79.816025,-1.164664,1558.1165,0.16988468,1108.3708,0.2047053,-85.04354,-1.0178525,2620.8337,0.09968909,1041.6335,0.36683917,-90.85551,-0.9056301,-13.816481,-0.34662017,25.29195,0.25027224,0.03201917,0.66041064,-0.02677557,-0.48007974,0.5279672,0.5634841,33.582664,0.27048022,2.0282998,4.334812,-1.253566,-8.633005,-9.300271,-1.2922125,-7.026337,16.08867,0.016144745,-0.005336075,0.27796286,3.1613977,3.2094593,0.18210526,0.1542581,0.10947368,0.05375125,-19.292585
34.594215,0.050638497,33.58014,34.52948,35.02049,1.4403496,47.512417,80.25283,15.724273,12.965464,0.5739215,0.5172809,0.27827123,0.550829,0.85134745,0.57307625,5.5215864,3.3388186,4.0545964,2.9225357,0.28298,0.6645964,29.449903,0.39597693,7.2195873,1.8148814,2.323926,5.4367557,4.7784295,2.3188255,0.018767638,0.8441474,1.2265341,0.6209576,6.7448997,0.40199444,7.843732,1.114837,30.160341,0.27850103,607.34814,0.34673524,1485.3423,0.1301953,-131.23575,-0.67663705,1630.4059,0.1727973,1150.8506,0.2376058,-129.7351,-0.6537524,2747.6526,0.10920666,1061.7048,0.33352733,-134.13318,-0.5916888,-14.44824,-0.44493404,27.6017,0.23103279,0.03031474,0.48408264,-0.017508758,-0.6288831,0.39415616,0.39422044,37.63292,0.16281918,2.3052633,4.781647,-0.56241876,-24.980408,-1.7462423,-6.2073035,-13.1744795,21.893927,0.010738064,-0.0039883843,0.21830247,3.9453719,2.9051988,0.123684205,0.09027505,0.19947368,0.20633325,-25.208513
24.610401,0.08487613,22.993702,24.41124,26.58984,3.596138,136.12308,170.81674,29.459618,8.188081,0.39865676,0.38199025,0.2966519,0.34756327,0.48262045,0.18596855,2.0258672,1.7309995,1.3861827,1.003607,0.10689966,0.8312565,18.141253,0.43532932,-5.1356654,-1.4868351,9.609371,0.7891302,6.8484707,1.3304275,0.026032638,0.96863484,0.9409941,0.7727204,6.0055456,0.24952282,8.923492,1.4682739,22.42814,0.42661935,802.0007,0.3463484,1326.7117,0.20259595,-157.09811,-0.4804795,1752.5621,0.1569377,1260.0892,0.22506286,-158.12352,-0.46114045,2782.118,0.08413602,986.194,0.3669299,-159.59468,-0.44106814,-16.947985,-0.24358179,28.725897,0.16781558,-0.007763904,-3.715143,-0.0014670193,-10.503767,0.19288167,0.5151305,28.931555,0.18220846,5.007723,1.0696832,17.70671,0.38954496,9.017141,1.4839082,-2.3840742,10.744148,0.010282542,0.015136481,0.07930315,1.3442868,1.1244378,0.20933332,0.16802646,0.61812496,0.53181547,-29.419966
33.416836,0.077052064,32.27227,32.973457,34.483974,2.2117043,82.00039,122.62398,27.238308,29.792274,0.76997685,0.62331444,0.30138963,0.6711995,1.2175419,0.9161523,10.830858,5.542456,7.7587004,4.551565,0.34679073,0.90976036,27.16309,0.59922105,8.305408,1.4153522,2.7576215,5.641161,-4.9635773,-2.4327672,0.017111395,1.6622088,0.9231892,1.1527896,9.002544,0.3398565,7.824667,0.98798823,35.50536,0.2654706,662.8493,0.30321276,1392.3497,0.13075167,-105.583595,-0.88939464,1739.4668,0.16957377,1126.7627,0.2781908,-111.37121,-0.7610436,2849.8264,0.09473193,979.1111,0.3283158,-115.86569,-0.6914832,-18.724033,-0.41199344,31.420559,0.28982487,0.051187508,0.40085015,-0.030053766,-0.54288304,0.5182769,0.6420339,37.791927,0.29331782,10.996556,1.0599538,-2.3991246,-7.33429,-8.717657,-1.4301828,-8.695833,16.467731,0.017648526,-0.00693517,0.17422515,3.2694476,2.3809524,0.20380953,0.15971631,0.18681818,0.15357515,-19.059965
32.979904,0.04966872,31.856546,32.78734,33.95534,2.098795,44.35979,64.57515,16.715588,11.587653,1.343732,0.4665113,0.7705008,1.192225,1.9719045,1.2014037,11.532617,6.855598,10.121346,6.072384,0.60222876,0.55113864,28.850864,0.37033853,-3.5581663,-3.2234652,6.065959,2.3732672,-5.89071,-1.9663525,0.018411,1.616561,0.98414433,0.68854314,7.5319457,0.33727586,5.1549006,1.3668511,20.286156,0.54237235,643.19135,0.39497375,1459.2468,0.2080145,-44.959255,-1.6668923,1643.1227,0.16015099,1062.559,0.24133675,-46.208015,-1.4631361,2739.9514,0.084679015,1001.9937,0.49891946,-51.715385,-1.2551254,-10.819928,-0.5124934,21.681591,0.33516735,0.060145494,0.2806884,-0.015278883,-0.84932023,0.63988787,0.521152,31.496973,0.27869305,-5.3428454,-2.0971885,6.0539517,2.3960245,-7.509634,-1.547218,-8.757728,18.390116,0.04882743,-0.002881995,0.43079194,3.3182507,2.435312,0.328125,0.20767218,0.07142857,0.033563826,-16.744637
33.216854,0.049635775,32.282978,33.376637,34.391167,2.1081886,20.988754,21.526964,18.9966,8.517675,0.7906968,0.48695078,0.40788326,0.7002926,1.1662161,0.75833285,8.200961,5.1989527,9.378302,4.300811,0.39694467,0.6066646,20.289337,0.55243653,17.328838,0.64467317,0.8645113,16.110514,-3.09565,-5.1495414,0.01613117,1.0150737,1.1977879,0.83763605,7.603121,0.33929986,7.687773,1.1004266,31.12171,0.2498015,658.8476,0.33160287,1432.0176,0.16746096,-129.90897,-0.6962211,1702.4283,0.18583861,1155.984,0.34379512,-131.59116,-0.63875884,2784.5642,0.12066576,983.65875,0.3153229,-133.88495,-0.6043574,-14.588387,-0.47178185,25.257248,0.27845052,0.04476588,0.33551076,-0.028822763,-0.49629563,0.5655448,0.3438142,25.170652,0.38960007,15.725605,0.76792836,-3.7557037,-4.697428,-15.727844,-0.9813865,-12.926193,21.482101,0.016364753,-0.015869081,0.29691353,3.8897893,2.777778,0.12764706,0.078179985,0.19999999,0.2835685,-21.28083
23.991535,0.14595589,22.431404,23.12622,24.154907,1.7235031,395.48306,731.17737,13.39624,6.539656,0.5407503,0.5975812,0.22545062,0.45737362,0.8710634,0.6456128,6.048948,3.3672354,6.791414,3.4437637,0.19559076,0.7866989,21.732918,0.7478105,12.296358,0.815484,10.811573,1.2849633,3.4226675,3.1409795,0.0143117225,0.94022846,0.8417804,0.74935013,5.2058744,0.37600094,3.1714296,1.4615091,27.391523,0.31751674,562.13916,0.4085708,1322.3525,0.17997293,-118.63502,-0.78241575,1619.6561,0.19168757,1016.1213,0.2939027,-124.441475,-0.683314,2658.8623,0.10992495,944.54266,0.26015875,-126.26939,-0.6558426,-15.902663,-0.4020134,25.745625,0.33177277,0.022786057,0.8612966,-0.024238043,-0.8000791,0.26495367,0.5437367,33.988422,0.34907472,10.566779,1.0903808,13.533767,1.3000778,1.9376853,7.3088813,-8.998657,17.157969,0.011375101,-0.0027815183,0.14942127,4.2301188,2.901024,0.13588235,0.112357564,0.17777778,0.20622413,-24.684214
28.536863,0.16205435,25.928118,27.92025,29.547888,3.61977,280.49622,756.9674,50.776485,66.76292,0.8575032,0.70087904,0.31173798,0.6863864,1.368265,1.056527,8.906155,7.5375037,7.107777,5.3881335,0.37136516,0.8723796,29.560213,0.4706326,9.205075,1.8849123,10.860323,1.4233414,-6.5483413,-2.1959772,0.016329573,1.2995197,0.8791202,0.82087004,6.4126515,0.41600105,1.3902395,7.119261,23.147203,0.4807179,567.1132,0.2981937,1322.752,0.15455402,-65.102196,-1.3554064,1668.6797,0.15168059,995.4036,0.36940125,-75.40016,-1.0734612,2723.8813,0.095871545,993.68524,0.42686582,-78.63469,-1.0012318,-17.000551,-0.44982928,24.850056,0.36622122,0.050486222,0.36564332,-0.036785644,-0.39879203,0.47480154,0.6921693,34.57996,0.3159042,6.1997595,2.982617,12.555683,1.321718,-9.614197,-1.5468516,-13.401692,19.40545,0.045186684,-0.020803409,0.14503515,2.6795285,1.9417477,0.3472222,0.30477324,0.15588234,0.12063845,-18.566053
35.458664,0.11272857,33.60045,34.528366,37.18142,3.5809708,214.19208,431.0534,50.15428,36.75834,1.0755992,0.4251583,0.66194403,1.0071627,1.4823151,0.82037103,11.443421,8.813206,8.649977,6.7167945,0.43946245,0.6659585,17.445541,0.8947283,7.004629,2.232686,-2.5313618,-5.464031,-3.566906,-4.037261,0.018567607,1.5802305,1.0112011,0.8392701,8.041267,0.41231257,3.6052206,2.8009422,19.306614,0.54072446,635.2985,0.3229006,1356.5433,0.14200105,-89.13208,-1.0224688,1679.351,0.15446417,1021.80225,0.30417565,-89.0693,-0.9535786,2735.7476,0.08347814,952.215,0.42932642,-92.5217,-0.8876868,-11.297163,-0.65284145,21.486036,0.40954474,0.05796661,0.36782083,-0.02193437,-0.6531728,0.51093966,0.5310126,25.115776,0.43741646,2.026633,6.859989,-1.301625,-11.288701,-6.363781,-2.3945596,-5.6521544,13.049648,0.035554487,-0.011121224,0.33488414,4.489796,3.150685,0.18304348,0.14275046,0.11347826,0.0612627,-19.686558
30.690994,0.06672418,28.889551,30.809198,32.20192,3.3123684,43.666283,68.65166,56.49971,105.40986,0.5624124,0.6023612,0.23956084,0.5032313,0.8659189,0.62635803,6.4663057,4.8761687,5.190423,4.059839,0.19153228,1.0152218,18.78089,0.9259401,10.834887,1.0429053,3.3206396,3.5017872,-5.9258676,-1.9144568,0.016114376,1.321869,0.9314263,1.0468543,7.8764534,0.38124388,6.617031,1.1887239,30.276453,0.27521396,586.6188,0.34110254,1354.7719,0.13769805,-118.65574,-0.7874926,1661.8328,0.17018153,1142.961,0.24319372,-123.21256,-0.6965073,2674.1748,0.120458744,1060.3568,0.28603756,-126.1698,-0.6527133,-16.901747,-0.4473791,28.123093,0.2727664,0.055658516,0.3112984,-0.024505401,-0.69431657,0.29419842,0.5080694,34.075935,0.28160465,10.305578,1.1407086,5.319785,2.8303306,-8.28573,-1.6819896,-4.6597066,10.501829,0.037846506,-0.0056523494,0.11434672,2.2222223,1.8085107,0.23117647,0.15392445,0.28444445,0.364436,-24.304935
23.119616,0.13586971,20.850983,22.753357,25.573795,4.7228127,100.4399,102.842514,51.494427,82.633736,0.48568684,0.5692276,0.25572246,0.4221778,0.6786569,0.4229344,6.9641547,3.648097,4.0989976,2.6623719,0.18517628,0.81574357,29.369102,0.40184796,-1.9190991,-4.466479,13.4309,0.74276614,-5.717233,-2.15106,0.019465515,1.090056,1.1886718,0.7619177,4.188904,0.47390372,4.0747313,1.5434991,24.554117,0.2936502,596.3775,0.37364557,1342.449,0.14584155,-116.01712,-0.7861768,1600.1066,0.20312464,1110.1222,0.19103771,-120.1899,-0.7108503,2675.5684,0.09305724,900.6569,0.36542946,-122.54327,-0.6756097,-15.441835,-0.28492665,25.798773,0.24462576,0.009559738,2.6765425,-0.021081941,-0.83656496,0.2845969,0.56609595,38.592808,0.19327152,1.250217,7.472909,14.200087,0.8629509,-8.826233,-1.5894576,-6.932382,16.470291,-0.0020061135,0.0069997422,0.10559076,3.09119,2.3364487,0.18333334,0.13941145,0.23928571,0.20179424,-25.910595
30.92649,0.13490778,29.957703,31.482557,32.47144,2.5137367,9.096234,0.0,-353.69983,0.0,0.395342,0.37064874,0.29078418,0.39179352,0.50983876,0.21905458,3.3408587,1.7893773,2.8262093,1.3723315,0.18687256,0.4096496,16.344925,0.54972726,19.844774,0.48635378,3.3800478,2.9169493,0.97424227,12.985225,0.015946656,0.60586774,1.4270428,0.54753506,2.9421852,0.6679737,1.4241883,4.9790998,24.406324,0.32491633,499.18903,0.29566458,1386.4027,0.12914275,-181.24013,-0.30201128,1515.5544,0.1489701,1238.8823,0.38788426,-181.31938,-0.28981826,2684.1921,0.09516434,843.44275,0.34304202,-182.07516,-0.27699268,-15.158073,-0.3252846,23.920715,0.25641382,-0.0067490935,-2.9062033,-0.019972663,-0.55375516,0.22269133,0.36403224,24.192846,0.17178361,15.50829,0.5136931,2.6545787,4.0852523,-12.78014,-0.89346576,-16.081234,24.636528,-0.024996536,-0.008403252,0.18989311,4.3087974,1.6304348,0.055555552,0.03269764,0.48299998,0.3087086,-31.452124
31.121511,0.04640751,29.696924,31.212118,32.170017,2.473093,40.994545,47.795193,22.598448,11.956156,0.55689776,0.5067815,0.26944733,0.50886756,0.8248143,0.555367,5.5276423,3.1720624,4.901522,3.57459,0.21582654,0.739135,18.885479,0.73560804,19.437632,0.5028049,1.5570862,9.418763,-3.685984,-2.5110958,0.01531226,0.75536114,0.89521784,1.0042757,8.007872,0.2724352,10.064521,0.7343263,37.15385,0.1668988,675.69415,0.2786182,1463.1481,0.20620768,-122.63567,-0.74877936,1725.5989,0.14450756,1127.4663,0.27485242,-128.20871,-0.6464711,2820.03,0.08778783,942.73615,0.31648216,-130.99977,-0.6059839,-19.379366,-0.33740702,31.37698,0.27329344,0.048950575,0.33222216,-0.03458024,-0.39584395,0.32825217,0.46074232,29.835087,0.33608925,20.878365,0.44440138,-4.1690984,-4.5728793,-6.0110884,-1.8491627,-10.194787,16.803442,0.020032357,-0.01514327,0.14004526,3.5573125,2.65252,0.1455,0.09568045,0.21049999,0.3483744,-24.556791
31.34339,0.062390544,30.565788,31.383574,32.437843,1.872055,23.253149,15.06684,36.04877,66.12922,0.917081,0.5279195,0.51540273,0.75596076,1.3660706,0.8506679,10.212017,6.9417157,10.231556,5.4414024,0.3955844,0.7871855,22.900597,0.57111967,2.8676581,3.7386959,12.956632,1.0983747,-6.5657973,-2.1585367,0.01602924,2.37895,1.0665765,0.72100127,7.439299,0.34979805,8.694408,0.82041085,24.236969,0.33030835,648.13983,0.36458802,1404.9946,0.16561519,-110.818375,-0.8403246,1689.3882,0.17203279,1043.1012,0.3474394,-111.73485,-0.78076625,2779.9395,0.10517461,952.44464,0.3786935,-112.882484,-0.76244533,-11.528797,-0.57571054,20.913084,0.33944267,0.026905151,0.73341733,-0.013071971,-1.0930487,0.57246107,0.5776823,30.75774,0.30842096,1.1999683,8.869258,18.895689,0.79925144,-14.244512,-1.0332944,-7.0503674,14.058437,0.006320536,-0.0009049109,0.23313376,3.6220472,2.3809526,0.19666666,0.11953614,0.202,0.15913098,-19.798561
35.132896,0.07124804,34.223473,35.41781,36.68009,2.4566193,58.820507,62.67682,37.434036,25.69268,0.82637787,0.50405097,0.4949291,0.70606154,1.088695,0.593766,9.459478,5.590682,7.260153,5.1291986,0.4120826,0.772023,24.949783,0.42656898,7.6875043,1.4860083,-3.105825,-4.242958,-7.3734927,-1.6481142,0.028864251,1.7382876,1.1045432,0.64694947,7.8654866,0.35861894,5.431108,1.4866277,28.61461,0.311514,663.047,0.23521455,1407.267,0.14187168,-108.59562,-0.85871404,1758.0117,0.11775597,1058.079,0.32846862,-112.51542,-0.7585291,2787.6853,0.076918885,951.4456,0.35042277,-115.29421,-0.71535474,-16.383207,-0.3755294,26.317759,0.29828247,0.06511113,0.26286247,-0.036606673,-0.33739755,0.579993,0.6126995,30.406128,0.2772792,8.158657,1.4027029,-5.2273674,-3.0138836,-9.182403,-1.4788094,-11.581582,17.809887,0.04739333,-0.02767348,0.2507986,3.3383918,2.7522936,0.17,0.11259563,0.18176469,0.19844204,-20.12551
26.869125,0.06046786,25.697838,26.75767,28.29024,2.5924015,25.548918,12.589621,27.424494,32.366154,0.4777926,0.82743216,0.12775487,0.37926948,0.8019718,0.6742169,7.234139,5.006482,4.7645884,2.6072657,0.17378642,1.0249645,24.98095,0.40016803,-1.9765092,-5.6488056,18.128292,0.6476911,-2.374492,-3.8896453,0.019998964,0.971283,1.1965678,0.58883893,4.404432,0.5416867,4.1661587,1.4794993,19.024763,0.45566112,541.3055,0.3430245,1287.097,0.15561302,-133.28801,-0.6744535,1599.4302,0.12539206,960.37915,0.46468946,-135.14595,-0.6346589,2634.3809,0.09573199,926.51624,0.33761647,-136.16115,-0.6198839,-12.45179,-0.4090363,16.949305,0.35429367,0.04251804,0.37328526,-0.024325283,-0.5536784,0.33675936,0.47810975,31.337713,0.36495897,-2.849908,-5.08537,22.67749,0.6345366,-8.0247755,-1.2072384,-8.596594,16.740988,0.014732148,0.0055250474,0.08669406,2.2704837,1.984127,0.16799998,0.11779643,0.3004762,0.39639416,-26.702085
33.248314,0.06472138,32.337353,33.11299,34.242218,1.9048653,70.6527,166.43298,24.996119,13.366193,0.79882705,0.541479,0.36609223,0.70379394,1.2023641,0.8362719,10.230518,7.5639997,8.449263,7.093088,0.2736368,0.76548845,15.242642,0.93578285,10.942235,1.1732336,5.2079353,2.4268186,-7.5607486,-2.2301993,0.015331042,1.010322,0.91406095,0.8976501,7.389701,0.4406317,3.898974,1.6479554,20.675493,0.4295691,655.24426,0.3330124,1394.3429,0.12804785,-120.42206,-0.7542008,1710.6996,0.15708208,1078.6543,0.39099407,-120.125984,-0.71737003,2787.2021,0.1018392,944.32983,0.40663373,-121.46813,-0.696786,-10.737042,-0.63934064,19.523994,0.42164797,0.037385367,0.51188374,-0.018981336,-0.79808676,0.40545076,0.547631,22.596336,0.5025197,8.598255,1.7733046,10.123266,1.4952651,-17.756546,-1.014652,-6.642797,13.342877,0.022214934,-0.0067468095,0.16831608,3.5131745,2.1464648,0.19999999,0.15177383,0.23166665,0.20971543,-23.179373
34.400543,0.047807988,33.1891,34.470287,35.880104,2.6910057,41.03095,51.972996,25.927116,24.726997,1.1320554,0.55654925,0.5378745,0.936049,1.7443882,1.2065136,15.234675,9.135729,9.78454,5.0910673,0.48992294,0.6475087,19.165749,0.5488513,2.320358,4.8972416,11.969986,1.0324284,-8.144033,-1.7616413,0.011559847,1.0129056,0.99137145,0.814267,7.739108,0.32339913,11.448842,0.85199606,23.673018,0.39701575,675.9678,0.3776003,1360.2793,0.19501163,-107.199425,-0.8768187,1726.3479,0.14827849,1054.7191,0.31229728,-104.189186,-0.8422673,2753.5667,0.09868962,1016.63947,0.27819172,-106.21868,-0.8082588,-10.238232,-0.6269614,19.9936,0.37460646,0.03734204,0.5083194,-0.014479813,-0.8858018,0.66072834,0.46396667,23.946814,0.36740676,-1.320619,-9.8417225,12.494347,1.165256,-15.37403,-0.92536855,-7.9157267,15.854639,0.015423637,-0.0018841851,0.30596322,3.4770515,3.0812325,0.15954545,0.1101436,0.13826087,0.11969716,-19.051388
23.48936,0.09869494,22.088045,24.1728,25.181593,3.0935478,42.187714,35.72452,27.729841,23.687038,0.54627544,0.59156895,0.24691375,0.46484566,0.7713032,0.52438945,4.8817697,3.7241883,4.282813,3.649293,0.18539794,0.86753345,14.879521,0.7448821,10.995106,0.7195404,11.802884,1.012918,-1.7437645,-6.1660476,0.018724266,0.84476805,1.0374876,0.71567917,4.3283906,0.5019618,4.0070667,1.0673462,20.755419,0.33492213,582.4793,0.36040324,1347.3141,0.16178393,-128.85486,-0.70926714,1656.9083,0.15776123,1071.645,0.2489168,-134.39055,-0.6265733,2633.3171,0.109553546,966.1608,0.3490375,-134.58078,-0.62400365,-15.479694,-0.26737654,21.376211,0.26951998,0.025819046,0.80603766,-0.025957353,-0.695945,0.30927294,0.5223495,26.090042,0.25446883,10.683877,0.9456674,14.982794,0.930398,-7.1741304,-1.8379453,-6.3808174,11.374612,0.012003421,0.0033041767,0.11526058,2.3952098,1.8072289,0.19399999,0.14407405,0.3175,0.3458052,-25.572363
33.34299,0.0897893,31.931213,33.021374,34.334106,2.402893,149.29543,187.32358,41.46377,34.74665,0.6396206,0.57698035,0.26458982,0.57713646,0.9653166,0.70072675,6.5766025,3.3048363,5.787833,3.701046,0.25127658,0.87723523,16.824936,0.9333443,18.513744,0.4821106,6.7715774,1.7735204,-1.6054482,-7.951999,0.015848685,2.5534904,0.8644108,1.0047827,9.031047,0.2986387,3.7821324,2.0958364,29.96759,0.23311189,565.6436,0.29611322,1345.5758,0.11621493,-113.8846,-0.8279638,1683.9375,0.1496507,1003.5756,0.39597225,-119.9889,-0.7010639,2811.9395,0.07390843,856.33875,0.32241464,-122.54779,-0.6615154,-18.686272,-0.3381543,27.254314,0.30584124,0.045889948,0.35377163,-0.033985283,-0.42188862,0.37520528,0.5988932,27.659868,0.40527722,19.955133,0.4601194,5.6864805,2.532456,-7.1792846,-1.8774743,-8.331086,14.845463,0.009329379,-0.011542299,0.1479881,3.2167833,2.3943663,0.18294117,0.12573384,0.20222221,0.1894599,-21.820086
25.543846,0.0822514,24.26964,25.54252,26.960207,2.690567,99.13432,103.931725,26.74884,18.190626,0.92142504,0.50305283,0.41877234,0.8933075,1.4073039,0.9885316,9.132438,4.738103,10.224006,6.411766,0.43880725,0.6977964,20.538923,0.6930688,12.014938,0.74607235,1.5663965,8.354481,-1.4995227,-7.7851515,0.020282092,1.0217113,0.9944655,0.7613599,4.617533,0.47090402,-0.22826836,-17.573946,24.850853,0.29847217,601.7808,0.38450262,1356.9382,0.2186292,-112.53671,-0.8279027,1671.1405,0.17676076,1015.98926,0.20490323,-118.41815,-0.7282862,2698.1094,0.11888456,1039.3403,0.28524366,-121.54957,-0.681177,-14.369047,-0.46312764,25.30294,0.28582424,0.03601449,0.5807318,-0.029016923,-0.7082195,0.66199774,0.42630622,29.270542,0.35191125,13.262717,0.7550699,-0.2844889,-60.780582,-2.8305018,-5.4068117,-8.475803,16.21149,0.013298832,-0.011648402,0.2626419,4.16,2.903226,0.1461111,0.13145083,0.16842106,0.1458645,-19.36176
33.978466,0.10023152,31.805729,33.144543,35.24062,3.4348907,83.75411,86.138405,71.37922,101.34268,1.0286399,0.52519345,0.49709138,0.90447444,1.5983461,1.1012547,9.011959,6.4548974,7.7966576,4.892279,0.41723886,0.7523358,18.440514,0.6658043,0.39174706,32.813705,-3.099626,-4.110144,-14.414631,-1.1542293,0.01370428,1.7081401,0.8144424,0.726901,7.333525,0.46172115,4.4001985,1.9086748,23.176008,0.41820425,730.50696,0.29657465,1390.901,0.19124983,-111.63201,-0.8560625,1761.8671,0.13821617,1112.774,0.3226499,-112.098816,-0.79532874,2785.306,0.09811183,892.97504,0.42281482,-113.21098,-0.776301,-10.900472,-0.70879054,20.645418,0.3923924,0.07150919,0.2400724,-0.028802315,-0.60646087,0.5822052,0.54794496,24.927258,0.41913047,0.6539345,22.068914,-0.6839371,-21.694794,-22.161335,-0.8378758,-5.328097,13.616661,0.058398604,-0.012061577,0.2678784,3.0812325,2.5352113,0.17851852,0.14099392,0.19592592,0.38993126,-18.948439
31.667488,0.046660986,30.370834,31.595404,32.81346,2.442627,61.001087,115.29191,27.725788,17.935469,0.7530172,0.4688167,0.4767574,0.7265411,1.0353471,0.5585897,7.506593,5.0094786,6.4787536,3.6356459,0.3306525,0.6977395,23.461195,0.7333341,10.694436,1.0516497,6.463931,1.9596075,3.460405,2.9236002,0.018362558,0.87872326,0.87058157,0.7690998,7.7767196,0.36688527,6.2091923,1.2753081,30.272816,0.31683093,616.1088,0.35477808,1434.2994,0.16766043,-111.54752,-0.80493224,1655.0233,0.16788086,1153.3491,0.25251988,-114.674706,-0.7250075,2766.2869,0.096508555,1044.9062,0.24557905,-119.25602,-0.65825,-17.144243,-0.39294496,31.51831,0.2543417,0.022366839,0.7901626,-0.01614912,-0.8894058,0.399051,0.5822477,34.755905,0.31517303,10.819487,0.9701006,6.5415225,2.1433055,3.6660457,2.8770964,-7.196935,16.114883,0.013313869,0.0013255487,0.26998037,4.221252,2.785924,0.16736841,0.14707112,0.1625,0.10449282,-21.346458
27.770046,0.056709733,26.513466,27.697365,28.994143,2.4806767,47.316196,53.790367,22.380356,6.699145,0.8347704,0.53414017,0.3706215,0.7979304,1.2292876,0.8586661,11.025227,7.854529,9.206632,4.1745234,0.45425892,0.9222157,21.551157,0.8409935,9.482853,1.3400365,12.16186,1.1350976,2.0192513,7.592574,0.02118243,0.83980256,1.1046376,0.592417,5.9687214,0.34698397,1.6670115,3.351327,24.861286,0.40423727,520.92914,0.38336924,1301.3918,0.1571867,-117.665184,-0.7779981,1580.9595,0.18299057,943.05225,0.3231178,-122.63923,-0.68532795,2670.664,0.104145475,893.9066,0.32655552,-124.27006,-0.66209835,-17.116802,-0.46634763,24.72103,0.3599528,0.02827737,0.79144526,-0.026755031,-0.86744475,0.69132745,0.5471342,33.30489,0.37880024,11.592105,1.0416394,15.984316,0.9976757,-1.2666515,-15.289082,-6.090673,14.189532,0.008798574,-0.0006888709,0.274424,5.140962,2.508361,0.16666666,0.13299958,0.21066667,0.20980841,-19.052757
26.320078,0.05325627,25.316105,26.44565,27.45222,2.136116,121.66719,163.70917,56.40665,123.97495,0.6417508,0.6220516,0.26446944,0.5325765,1.0143244,0.749855,7.6881084,3.744078,5.4456067,3.2466178,0.28174806,0.72967815,30.142607,0.38205183,4.5294003,2.0316446,6.7306485,1.8913027,-2.182521,-6.7720733,0.013175048,1.162427,1.057893,0.8184056,5.354778,0.4771997,-2.6880867,-2.2160478,25.438978,0.3396029,594.56836,0.3602795,1365.8928,0.16874829,-105.64439,-0.90609825,1655.7672,0.1698601,1119.3127,0.2568003,-109.98155,-0.8123082,2693.2915,0.11879601,1076.8878,0.2760407,-114.868866,-0.7341588,-15.58331,-0.4758293,28.149635,0.28185776,0.053125586,0.32567272,-0.025204679,-0.85001636,0.41406226,0.41463768,37.035053,0.21934745,4.972545,2.1259463,1.4325702,9.739136,-6.380771,-2.7529602,-11.282714,21.298622,0.026893184,0.0012397392,0.15708782,2.5957973,2.363184,0.19736841,0.1816834,0.195,0.21622904,-22.18631
24.72376,0.063484594,23.974588,24.6223,25.599798,1.6252098,36.449055,39.814842,12.5265045,9.051492,0.500861,0.5845442,0.22679931,0.4760313,0.7583591,0.53155977,6.425839,2.964844,4.5566106,3.4074194,0.2010219,0.8216488,27.943388,0.52498776,5.270162,2.0209596,15.767982,0.98703593,5.3063526,2.1211212,0.023287984,0.9083985,1.1151463,0.8277897,4.815709,0.469304,2.3515072,2.255827,25.344965,0.31099355,526.099,0.3679702,1323.3053,0.13950202,-99.4649,-0.9279698,1558.809,0.16689676,991.6493,0.280038,-105.251526,-0.8120669,2606.5178,0.111678764,933.07806,0.32119665,-108.15033,-0.76612246,-15.924812,-0.42160565,24.741188,0.28729993,0.02087903,0.8668883,-0.013485942,-1.2702178,0.2706258,0.495903,36.836918,0.2610342,5.8942614,1.9554049,18.628712,0.95104736,8.1535635,1.6601639,-8.379023,17.036299,0.021186221,0.007184402,0.12606044,3.5413156,2.2108846,0.23307692,0.15948883,0.18428572,0.16697794,-25.186058
27.871086,0.057523888,26.307198,27.72184,29.339027,3.0318298,101.01419,135.90524,23.807777,12.282018,0.75531197,0.43303847,0.42593247,0.7454777,1.074798,0.6488655,9.104139,5.715049,7.62979,5.292807,0.3348388,0.7357228,17.409578,0.8256525,11.94245,0.7386292,8.911427,1.3472764,-5.6179996,-1.8456824,0.016144231,0.81571364,1.0770397,0.9753864,6.028278,0.4026929,-0.7889261,-6.7464905,22.610102,0.28648987,530.57825,0.2958849,1310.2263,0.14863718,-130.66173,-0.6884449,1580.614,0.1527282,1067.8458,0.29356965,-135.95395,-0.6030828,2604.2412,0.09481708,955.3887,0.29461676,-137.5577,-0.5808678,-17.397041,-0.32435727,25.840542,0.27289712,0.03283531,0.6107644,-0.036632296,-0.4409116,0.5197679,0.45976263,30.321363,0.3210011,13.409504,0.7461359,9.582645,1.606235,-5.035921,-2.6853185,-6.8363433,12.615832,0.016343066,-0.014640196,0.23113365,4.011065,2.0891366,0.166,0.13225229,0.27375,0.3464981,-22.086973
31.7848,0.10725718,29.58259,31.691036,33.57761,3.99502,111.64657,139.8629,121.9848,134.84952,0.70354784,0.77557814,0.2115098,0.5318609,1.1897314,0.97822154,13.4805155,6.8768673,9.525624,5.118938,0.30594608,0.942892,22.174776,0.51079106,5.7709713,2.0953622,4.8254614,3.0689561,1.8509475,7.8778644,0.017792773,1.4033242,1.1730527,0.77160245,6.860303,0.3703863,0.071146205,106.70539,20.21771,0.52991873,569.84814,0.37220445,1400.3641,0.18114564,-113.38129,-0.83853006,1627.5448,0.16426787,1071.055,0.28765848,-112.48135,-0.7993928,2628.4766,0.11883191,990.32635,0.3248551,-114.137024,-0.77244735,-12.103427,-0.5779212,21.5224,0.3890534,0.074193574,0.22724636,-0.026783237,-0.5453701,0.5303781,0.5217564,29.462963,0.26854563,-0.27435195,-47.624863,0.087480895,198.89471,-6.246251,-2.438567,-10.117304,18.569075,0.032961898,-0.0039131036,0.11696276,2.9850748,2.8428094,0.15470588,0.13664542,0.16666666,0.19933224,-22.073385
26.110868,0.30609384,17.841581,22.978357,34.696865,16.855284,261.41852,235.33125,415.94238,556.8458,0.59446776,0.42556572,0.3930137,0.52300495,0.76157004,0.36855635,5.3508897,3.5634084,4.8033066,2.8539858,0.65086937,0.63694644,29.384388,0.2710406,9.312639,1.1267684,17.647339,0.60288364,7.3007746,1.8474919,0.011247147,1.2020303,1.4186841,0.7767953,2.2786765,1.0494487,10.928625,3.08018,28.007805,0.22950153,626.2323,0.3230959,1356.6265,0.16950375,-185.48587,-0.25264686,1645.0336,0.15478839,1186.6108,0.22470525,-185.9442,-0.24324861,2665.4653,0.07531018,1055.8422,0.33244956,-186.7027,-0.22918051,-16.24519,-0.3149678,28.968416,0.17987074,-0.027196253,-0.95967066,-0.013714742,-1.1069113,0.4923692,0.49598348,32.19936,0.25367478,4.9252625,1.7215471,10.225702,1.5143212,-5.7727313,-2.987177,-19.603273,29.670147,-0.042538393,-0.007585353,0.6629215,3.862069,1.6666667,0.04,0.028867511,0.5383333,0.46818504,-20.529213
35.229603,0.088629626,34.183826,35.26832,37.501373,3.3175468,128.23729,135.77414,38.116318,40.839962,0.63133407,0.54335546,0.34674174,0.53864807,0.9019439,0.5552022,7.2414885,6.246917,4.7089157,2.871915,0.23532727,0.78117615,22.229208,0.57863605,-0.46531692,-24.357887,4.7061663,3.2010515,-12.671586,-1.2970322,0.022290397,1.4073256,1.0876933,0.7178219,7.917319,0.39886057,5.140957,1.5198208,24.883825,0.35677496,712.98724,0.28170645,1432.1355,0.150623,-100.06102,-0.9290393,1721.5786,0.14779192,1145.2758,0.23218626,-98.59439,-0.8789467,2808.6482,0.08578309,967.9724,0.4085743,-102.38157,-0.81164265,-12.275848,-0.5423424,24.310785,0.33103567,0.05899589,0.33738372,-0.016436197,-0.78267574,0.32613716,0.5662994,30.720573,0.26060292,-2.6329722,-4.656166,2.232838,7.516696,-21.742758,-0.66791993,-5.1045556,12.695033,0.03344799,0.0054116063,0.12485103,3.2478633,2.9310346,0.18058822,0.15527852,0.13941176,0.15697397,-24.942875
24.50192,0.07238456,23.273703,24.331343,25.645523,2.3718204,71.85948,121.00151,27.636768,37.044296,0.79057795,0.4838007,0.34719238,0.7730293,1.1485506,0.8013582,6.798182,3.7078767,6.392258,3.0310044,0.3225706,0.60645217,20.74524,0.6981977,10.257805,1.160517,4.963217,2.2101858,-4.8710027,-2.420375,0.020516347,1.6021298,0.9441154,0.6883717,3.9512134,0.4586249,2.3386672,1.7398927,22.67368,0.33027282,647.00146,0.34756747,1282.0134,0.15003988,-117.75467,-0.80008173,1724.6447,0.18168579,944.49866,0.23292291,-122.52429,-0.7193087,2738.4832,0.11197311,907.3389,0.40923584,-124.350876,-0.6919363,-12.966986,-0.46912113,21.73719,0.33162922,0.04146481,0.4482375,-0.034124367,-0.46063954,0.44924632,0.35746467,30.185635,0.28007224,5.374517,2.4252663,7.2218275,1.8200564,-11.003706,-1.198466,-8.991691,16.128708,0.022928601,-0.011850847,0.23459178,4.2789226,2.5559106,0.154375,0.12025851,0.20352942,0.18739517,-22.93733
32.654785,0.03997033,32.02394,32.576504,33.235874,1.2119331,13.903836,20.66015,60.852608,56.68449,0.5342706,0.62023187,0.23979384,0.44992533,0.82547915,0.5856853,8.526053,4.238364,5.422038,2.9553788,0.1667146,0.7272983,22.484789,0.4575768,7.0755424,1.5141467,5.415591,2.789206,-6.2325726,-2.218059,0.01711255,1.483952,1.2023537,0.7567783,7.2617927,0.4394769,1.6457987,3.8970263,21.997822,0.36964265,622.5485,0.36835107,1430.0897,0.15986535,-74.399025,-1.1658368,1665.0865,0.1638869,1081.9115,0.23789173,-76.41598,-1.0564953,2786.9807,0.09953602,1005.28094,0.4164926,-81.535446,-0.9468702,-12.198655,-0.43434784,24.272942,0.3013147,0.045610555,0.4544396,-0.0125440005,-1.036896,0.21178356,0.5515654,26.185322,0.34355506,6.967929,1.4450816,4.0326753,3.9723315,-9.931798,-1.350435,-8.352964,16.837667,0.026185742,0.005635746,0.07573584,3.9399626,3.2196972,0.20058823,0.145944,0.08444445,0.04946629,-26.923103
21.14688,0.085464165,19.906784,20.863295,22.440056,2.5332718,94.52753,110.27565,16.091417,15.246727,0.46602112,0.5592744,0.2061735,0.4488398,0.69448084,0.48830736,5.7414517,3.7489507,5.65978,3.7225025,0.17098036,0.74017227,16.98125,0.90638816,11.314447,0.952704,13.783379,0.96883035,3.3932576,3.0058317,0.020063262,0.7142917,1.3113747,0.82592964,3.80952,0.3633552,-0.01575987,-595.04474,22.31659,0.5499451,626.2504,0.38914207,1357.3799,0.15878825,-136.09161,-0.6216924,1672.4219,0.18449233,1116.391,0.3027008,-139.80324,-0.5690591,2713.0613,0.12616086,1014.6075,0.31925368,-141.46083,-0.54680026,-16.434687,-0.3606419,27.095024,0.21988596,-0.007828601,-2.473791,-0.0103621725,-1.4820075,0.21788138,0.48236984,28.360409,0.2763944,13.434161,0.5877709,15.429618,1.022345,4.3562794,2.7700863,-5.56814,14.649915,0.01776636,0.010538696,0.14898404,4.521739,2.2807019,0.14384614,0.12048227,0.25428572,0.26117083,-27.980162
32.845833,0.06306824,31.832466,32.884735,34.254147,2.4216805,94.41821,137.98647,69.37254,131.74371,1.0284631,0.61251384,0.46780324,0.8995128,1.5978844,1.1300812,12.552455,6.5253067,11.390962,6.5972605,0.46633798,0.7339026,27.17489,0.55278856,2.0428898,6.8420925,10.601729,1.2412833,-5.3288794,-3.2971349,0.016256625,2.5641222,0.9136396,1.0047418,8.942835,0.278564,2.5753806,3.403526,22.55538,0.38002434,557.42554,0.34665942,1450.455,0.16154417,-92.704765,-0.99856275,1567.1786,0.15202354,1121.6995,0.35833505,-93.93374,-0.92175055,2697.671,0.09277576,969.74615,0.520464,-97.70172,-0.853068,-13.162845,-0.4742034,23.147532,0.30524033,0.046509966,0.5107132,-0.02176867,-0.7076889,0.59854317,0.57088065,34.02563,0.296853,-1.4458406,-9.168121,11.751664,1.2034079,-12.190715,-1.4407188,-9.030708,17.475416,0.017422631,-0.0026049202,0.29087076,3.9800997,2.6755853,0.208125,0.15553209,0.13647059,0.067033015,-17.637226
35.577576,0.05644878,34.375248,35.609375,36.98278,2.6075325,41.575527,57.697254,22.997433,17.508402,0.69736624,0.596781,0.25092095,0.6265319,1.0754304,0.82450944,6.4022245,3.244082,5.904337,3.6472213,0.23856683,0.95055765,24.299519,0.53788304,3.0127726,3.7151442,4.095304,3.7805269,-7.9885135,-1.5290823,0.01064956,0.9127407,0.813919,0.7790551,9.640593,0.2594578,5.1433063,1.6029696,24.948805,0.55753654,623.65045,0.3662438,1399.8607,0.14016771,-98.96126,-0.95057344,1660.7065,0.1783835,1165.403,0.26629618,-93.410904,-0.93541,2755.961,0.11010608,1025.2227,0.37566328,-98.51837,-0.8434062,-12.175021,-0.6080329,25.20386,0.42915106,0.053872634,0.41616997,-0.012207646,-1.1395503,0.3087299,0.670675,29.963936,0.34375826,1.5838118,7.7440934,-1.5645618,-10.982874,-12.003474,-1.09417,-7.4885545,16.214542,0.024465417,0.0030334557,0.14089699,2.6537998,1.8203884,0.31399998,0.24093705,0.21533333,0.18010613,-22.77048
33.884422,0.059022427,33.137665,34.09403,35.2858,2.1481361,82.723434,100.85164,55.197998,88.39391,1.210813,0.54679966,0.62545115,1.0343632,1.7295641,1.1041129,11.150271,6.1821017,10.03218,8.265307,0.55944884,0.6094367,30.365742,0.36399934,-3.2788258,-3.69053,3.7118056,3.230768,-16.463768,-0.94701064,0.024796007,1.9025995,1.1409975,0.7395289,7.1826596,0.52376884,7.507026,1.0639244,25.66942,0.35683376,698.0088,0.32556787,1377.2688,0.15993059,-65.92815,-1.3414834,1719.8733,0.15453096,1106.4121,0.32527214,-69.1739,-1.1697646,2779.7432,0.10168898,919.54706,0.3076702,-72.77225,-1.0779212,-13.360967,-0.4901092,23.595322,0.32377374,0.07722348,0.19431993,-0.022421332,-0.57506186,0.65459126,0.5132224,32.57257,0.3007524,-5.224621,-2.4027095,3.1529343,4.111346,-21.259449,-0.72184527,-11.590699,21.32319,0.06404628,-0.008585604,0.34451437,2.8880868,2.9055688,0.23208334,0.16792804,0.088,0.0767333,-16.531345
21.182434,0.06514411,20.019213,21.258244,22.358915,2.3397026,77.40495,110.83215,18.219948,11.697396,0.48611003,0.5945343,0.20241968,0.4634602,0.7257493,0.5233296,5.724062,3.4812477,5.550498,2.7511942,0.18759322,0.8494396,17.15965,0.8891722,7.0190606,1.7745991,9.145806,1.7134953,2.8565536,3.6550612,0.022810884,0.5684128,1.4495751,0.62729895,2.3796697,0.6134795,4.4932194,0.74164146,24.042315,0.26579508,538.1572,0.3537666,1321.2048,0.12967083,-138.3852,-0.60543185,1540.3187,0.14281517,1061.5358,0.26756394,-139.54276,-0.5803446,2616.5444,0.07424184,889.591,0.34189853,-141.63611,-0.55103296,-12.150923,-0.40014777,21.522396,0.31519827,-0.004538055,-4.925755,-0.016248856,-0.723886,0.32055938,0.49604076,29.867937,0.34355497,5.720867,1.8521203,9.273591,2.1798787,-0.1966662,-60.652466,-5.0686235,13.611122,0.00370778,0.0073404373,0.12436008,4.573805,3.1512606,0.09666667,0.08178562,0.1875,0.19136027,-27.670227
33.42758,0.044169236,32.35952,33.168335,34.634033,2.2745132,21.073162,15.080036,22.163895,7.7014155,0.5531159,0.5187041,0.28491923,0.47189966,0.8043995,0.5194802,6.424107,4.126085,6.8856363,4.1241302,0.26147002,0.6177877,24.118559,0.46306884,11.326644,0.9822039,10.092017,1.0743824,0.46491888,25.673077,0.017985713,0.9895755,1.0510325,0.7043429,7.702166,0.33475313,14.295328,0.63986,34.45616,0.23512237,691.0684,0.32367057,1456.9882,0.15725334,-139.72295,-0.6213728,1756.4762,0.13578339,1081.5592,0.30505162,-139.99078,-0.58483475,2839.0222,0.10050012,1004.0772,0.3669534,-142.51636,-0.5494266,-16.703167,-0.44525632,27.62028,0.31850004,0.057196844,0.23082328,-0.020875273,-0.56759006,0.39340162,0.36696282,31.89098,0.24182574,5.2195306,2.0414712,8.586307,1.6337398,-10.963899,-1.0196579,-13.586172,21.383087,0.030246362,-0.009427134,0.19834553,4.4189854,2.4752476,0.12533334,0.09912058,0.25733334,0.340949,-24.49916
32.263268,0.09428576,30.424902,31.699547,33.46189,3.0369892,24.05765,11.215434,33.060455,22.578444,0.876781,0.643147,0.40688172,0.6954132,1.3075941,0.9007124,8.244059,5.6011806,7.523764,5.134523,0.37221235,0.7133502,31.86134,0.435781,1.288795,12.4514,8.962263,1.6852108,-5.0117183,-2.4154217,0.016002806,1.1205891,0.8954909,0.72984177,7.702781,0.3400011,4.7683215,1.889437,25.955486,0.49892887,581.40326,0.3100636,1412.536,0.17208286,-84.168,-1.0904939,1650.002,0.14579299,1128.8127,0.2960434,-90.17808,-0.94257563,2686.036,0.10537097,1096.7454,0.3293577,-94.36057,-0.86640966,-15.065419,-0.5099702,24.706118,0.3835018,0.038175777,0.501577,-0.026638145,-0.53856355,0.48040527,0.5473377,39.02045,0.23623686,-3.1580682,-5.316395,9.149162,1.8484013,-6.254288,-1.8836626,-12.424053,20.401714,0.01565801,-0.012784862,0.21189621,2.7677498,2.663438,0.21818182,0.18646558,0.13636364,0.107684106,-19.906343
36.969646,0.08071002,34.913868,36.991707,38.754593,3.840725,81.94115,55.70778,129.033,183.03413,0.7133987,0.6939394,0.29787943,0.5378677,1.1109378,0.8130584,8.9633045,5.3413887,7.605687,4.440353,0.3838083,1.0711752,22.02226,0.65426415,9.738077,1.4185281,3.3061025,3.5034637,-0.78122073,-15.890779,0.021621276,1.1379216,0.8890918,0.77489716,9.442675,0.37372527,12.693447,0.8069178,27.840094,0.3785207,579.2896,0.3979622,1317.4745,0.13340513,-134.14648,-0.6778651,1721.5115,0.17608362,995.17365,0.38003585,-124.261665,-0.6949001,2748.025,0.111904725,1009.3416,0.3750009,-125.81818,-0.6722894,-17.969063,-0.3886658,26.603773,0.31935915,0.077952385,0.24680512,-0.032267075,-0.42297986,0.6833655,0.6624069,30.283224,0.35282823,4.218057,3.6289093,0.6762628,21.434277,-6.6167197,-2.1946023,-11.3724785,17.959455,0.043981552,-0.0131317815,0.16198598,2.5414364,1.6666666,0.24733333,0.15145808,0.33133334,0.38288146,-18.667315
30.100727,0.15552123,29.795343,30.762558,32.584217,2.7888737,175.44308,311.36517,102.02479,121.763306,0.6479151,0.648748,0.28805128,0.54752,1.0307528,0.74270153,7.803944,4.5346403,5.0180817,2.706283,0.27409887,0.7754439,28.721312,0.42219514,3.0008628,3.7089205,10.506507,1.2790574,0.28073275,53.41409,0.025264911,1.8349146,1.0821342,0.7632558,6.4534655,0.51299745,6.603147,2.4974432,26.027586,0.37283033,580.7634,0.376874,1439.7886,0.14659733,-84.08007,-1.0881271,1601.3702,0.15572934,1108.161,0.30110982,-86.77413,-0.9906347,2682.0652,0.09836349,993.0867,0.33969805,-91.78511,-0.89392245,-14.513882,-0.38703462,25.42954,0.23002678,0.024333404,1.0847907,-0.017242476,-0.9266719,0.36727196,0.5755691,35.028397,0.21759681,-0.029171957,-393.3074,9.399101,1.5798467,-4.005746,-4.005097,-11.8955765,20.94437,-0.013104906,0.0022116941,0.13176452,3.4482758,2.8700907,0.20473684,0.17759706,0.13,0.07180219,-22.394585
27.111605,0.090443596,25.06356,27.334526,28.899506,3.8359451,82.41467,107.975075,29.144978,11.163466,0.72757524,0.6187766,0.31895933,0.64019984,1.1881597,0.86920035,9.245706,6.2097425,9.266575,6.5957775,0.42638293,1.0310737,28.216248,0.45686185,9.578115,1.4146099,16.75188,0.99839014,-3.1429548,-4.652009,0.026246222,1.2022184,1.1068106,0.8670619,5.169598,0.51816034,-0.5494978,-10.473807,22.208193,0.39230078,537.4562,0.34557498,1298.6602,0.1739464,-106.35642,-0.8765978,1632.0325,0.16714007,970.9488,0.35165736,-114.02451,-0.74370515,2681.0562,0.0978081,858.13684,0.30502194,-114.212204,-0.7404817,-17.686573,-0.4118473,23.904701,0.35848203,0.040705275,0.535301,-0.03441816,-0.6154174,0.5216993,0.6017977,35.862576,0.20352288,7.038631,2.258299,22.228022,0.8414407,-6.490396,-2.6836224,-13.49475,19.984665,0.028627653,-0.022355303,0.34112743,3.68,2.419355,0.19333334,0.14709029,0.186875,0.129794,-19.91368
26.864155,0.14759704,24.66119,25.909737,28.578373,3.917183,145.54018,283.9004,86.94032,105.16255,0.93077826,0.3306744,0.6161628,0.96336365,1.1980803,0.5819175,7.4052663,3.6112602,6.4265423,3.6364033,0.3971882,0.53576714,20.8827,0.66922617,14.095805,0.6577601,4.075442,3.752163,-7.0486794,-1.7197549,0.018520743,0.9583724,0.9201119,0.8705361,5.4701133,0.46754012,3.349547,1.8441192,27.596775,0.2226767,580.7553,0.3642257,1372.2375,0.14421815,-76.31977,-1.1902504,1614.1667,0.17539506,1099.5063,0.28718424,-83.76048,-0.9959154,2682.4827,0.09274235,932.459,0.36597112,-87.90876,-0.9113394,-15.122191,-0.36866096,24.210691,0.2381779,0.042894468,0.4060591,-0.022323519,-0.6301415,0.44169164,0.49369857,28.391928,0.2769147,13.98559,0.72660315,8.377719,1.6900814,-9.55044,-1.3490435,-7.2268023,15.543236,0.041465607,-0.014215216,0.33145797,5.942275,3.082192,0.1972222,0.19054906,0.112941176,0.076139554,-20.714075
33.290737,0.075946994,31.820658,32.57517,33.954556,2.1338978,206.94199,299.99832,47.672512,45.11577,1.0697683,0.36118364,0.73202133,0.9558528,1.385771,0.6537497,7.5907326,5.3549347,4.2578855,2.0766048,0.49108556,0.4370887,26.39814,0.20474447,-7.970037,-1.5367877,10.581728,1.0711579,-7.036069,-1.3204777,0.029253827,1.6094018,1.4390111,0.7069621,3.8094668,0.4983595,5.2455835,1.4512944,12.090943,1.2512548,620.70325,0.39610386,1351.5548,0.16720721,-141.14919,-0.6055894,1569.0774,0.1794097,1133.0643,0.28625336,-132.2133,-0.66598433,2601.0767,0.07987802,925.32306,0.36908188,-133.88966,-0.64197254,-6.0055237,-1.027782,15.003941,0.56044424,0.039176058,0.42382556,-0.008900545,-1.5559889,0.60318357,0.32140896,29.742918,0.14594737,-13.983684,-0.87785584,10.687805,1.0629127,-10.711961,-1.0686488,-7.2903776,17.184116,0.02819444,-0.003692661,0.43267542,2.4032044,2.5537634,0.13,0.066885605,0.25444445,0.32501662,-21.857752
34.28542,0.050441567,33.592667,34.457134,35.076305,1.4836388,349.24622,596.5035,11.078787,18.320822,0.672049,0.54610974,0.3776214,0.5891293,0.93648386,0.55886245,8.453642,4.6416826,8.215869,6.382459,0.31780595,0.6985317,23.649809,0.5184587,11.428763,0.92655975,7.528939,1.7790651,-5.0284705,-2.3816335,0.02280914,1.2803766,1.1276627,0.60002166,8.150525,0.2510672,9.575048,1.1616343,30.17534,0.264513,640.0403,0.3259314,1463.6987,0.15471785,-116.57034,-0.7772695,1688.2067,0.15107018,1166.9292,0.28074998,-118.52818,-0.7056382,2801.483,0.101047516,1011.55237,0.45339608,-121.91487,-0.65548635,-15.82669,-0.41878256,27.082874,0.25972235,0.030549014,0.6492694,-0.016538557,-0.7479245,0.44841084,0.5114481,30.446905,0.2755114,10.260816,1.0301896,3.8170063,4.423745,-10.471762,-1.2738149,-11.7838545,20.064377,0.0035290853,-0.0054361545,0.20791547,4.347826,3.3333335,0.12947369,0.10328671,0.14947368,0.088939585,-22.809082
32.20756,0.0958982,30.378965,31.262789,33.083836,2.7048702,35.720802,31.00604,33.68311,33.08779,0.66938984,0.43727663,0.4078644,0.64699036,0.91327685,0.50541246,7.155684,5.0601683,6.9655313,4.193552,0.3001351,0.6611963,23.905636,0.56365657,8.796098,1.2030191,4.7063565,2.5509124,-6.1425643,-2.0932946,0.016599696,0.9316043,1.1702383,0.71085024,6.626204,0.43208387,4.523511,1.6063261,28.046103,0.33276463,659.7017,0.31307098,1413.5157,0.15091728,-97.09461,-0.9433531,1697.686,0.15094334,1091.4932,0.2820142,-103.316925,-0.8204264,2803.7993,0.09832209,987.51776,0.33767527,-107.033394,-0.75931454,-14.722531,-0.36173135,25.628674,0.2770196,0.06622509,0.2218483,-0.025172519,-0.5599202,0.36842746,0.52317864,31.493612,0.271433,7.3662863,1.4152333,3.78795,3.065033,-11.225721,-1.0602895,-9.8982525,17.642134,0.050696753,-0.011405745,0.22726214,5.199307,3.8528895,0.12954545,0.093101956,0.12578946,0.0789614,-23.53953
31.80213,0.11449461,32.155693,32.57977,33.758087,1.6023941,167.81493,152.055,57.377583,89.76271,0.74935573,0.4742802,0.36262596,0.70895886,1.1045183,0.74189234,7.3998923,3.930288,5.5881968,3.1507256,0.33782014,0.6444534,26.257753,0.5966852,13.36959,0.7151105,2.455354,5.271437,-4.6462765,-2.3968904,0.03222794,1.8125299,0.8903997,0.8867472,8.071815,0.38696215,3.7711067,1.8450651,32.196133,0.25121906,631.4145,0.23738638,1403.0533,0.12437053,-109.10171,-0.86626667,1679.7603,0.11971894,1077.1522,0.37260512,-116.90155,-0.73453754,2850.2598,0.066260904,820.7347,0.37529773,-121.03955,-0.67243063,-19.138445,-0.29922304,30.131916,0.25078765,0.04905299,0.33050126,-0.03682898,-0.37336037,0.44209498,0.48941264,37.468575,0.19768627,11.305497,0.76179975,-0.60642296,-24.08874,-8.353732,-1.5032177,-10.006892,17.503874,0.016592873,-0.016190268,0.2502602,4.240283,2.606635,0.16954546,0.16108942,0.19318181,0.16532025,-21.23539
28.483282,0.07316336,26.785599,28.353945,30.443392,3.657793,25.970236,6.257382,15.775511,17.024797,0.52134573,0.6514378,0.21190976,0.48603106,0.7700281,0.55811834,6.730673,6.0604515,4.868545,4.264988,0.1960484,0.8712812,22.405859,0.7053429,9.922071,1.4567797,10.640544,1.3218672,-4.538178,-3.1557465,0.016717233,0.9416814,1.0119632,0.7582995,6.204244,0.40037155,3.2972813,1.827081,29.215689,0.31771842,581.22363,0.3281277,1438.705,0.1445517,-109.02755,-0.8538435,1656.7192,0.15991446,1180.4445,0.32419842,-114.63549,-0.7458115,2747.2197,0.102046385,994.5284,0.3893147,-117.46988,-0.7012,-16.285208,-0.45127466,26.86046,0.31086734,0.04900906,0.3459521,-0.023166671,-0.6208844,0.306541,0.51836336,33.13389,0.34058654,10.515858,1.4860626,11.994183,1.290104,-11.416011,-1.2633356,-7.251112,14.541434,0.036535975,0.003681586,0.094532296,2.4420025,2.4570026,0.1875,0.0967923,0.19849999,0.19716175,-25.418524
31.989986,0.06912972,30.72766,31.891083,33.29635,2.5686893,16.590899,14.70788,113.66283,238.93245,0.74383456,0.535881,0.36989704,0.6922596,1.057677,0.68778,8.044707,5.811344,5.2680593,2.7460687,0.2992628,0.72447985,26.48454,0.53939825,10.452025,1.063087,6.8514514,1.8310624,-1.3870615,-9.021177,0.016093567,2.0968127,0.89684045,0.96240634,8.458936,0.33653915,3.8421962,2.073465,28.916786,0.28233364,593.8835,0.29974633,1390.1033,0.1647685,-100.14277,-0.94888306,1692.0979,0.1363228,1057.6277,0.37217468,-107.869675,-0.7950149,2752.5923,0.086035416,964.49475,0.39261392,-110.403885,-0.7542867,-18.410496,-0.37377235,26.467686,0.28728977,0.06298735,0.26106903,-0.036646545,-0.4113246,0.39988497,0.5953977,34.307217,0.24721691,9.073315,1.2181267,7.568249,1.9305693,-4.563586,-3.2397451,-10.927378,17.331799,0.044461485,-0.019907944,0.19569024,3.0480657,2.5943398,0.19,0.18664503,0.17454545,0.16819164,-20.782198
34.409153,0.081710994,32.53029,34.550682,35.698647,3.1683578,17.942413,8.568256,41.528618,49.294254,0.52825415,0.6278574,0.18269922,0.46703377,0.84096843,0.6582692,7.1613283,4.249221,4.909845,3.2795172,0.20482129,0.8931748,26.389286,0.4254029,0.65516675,14.638714,5.473459,2.7535553,-1.5964093,-7.5077405,0.018427514,1.5970781,1.0765718,0.71793467,7.8563023,0.44656792,8.824207,1.0900962,25.64909,0.3905641,636.1904,0.37240338,1370.5314,0.14816462,-98.28546,-0.9575185,1696.2952,0.15642564,1006.24255,0.23741765,-96.17475,-0.90336466,2753.8438,0.11381981,1022.15485,0.27848208,-99.93546,-0.836741,-13.9646435,-0.49197525,23.51334,0.32419926,0.058369827,0.41546446,-0.015737226,-1.047506,0.30427885,0.5804126,31.681734,0.3381147,0.8392967,12.552762,5.494356,3.3434155,-2.4352312,-5.461577,-8.0144615,16.60268,0.03009683,0.0036899857,0.07253063,3.1563847,1.734104,0.3241667,0.22254056,0.23083334,0.2379586,-24.25442
32.552982,0.09761585,31.914892,32.809982,34.206963,2.2920704,42.424625,24.203142,46.406963,34.42118,0.5635752,0.58599234,0.2868002,0.47109577,0.84866774,0.56186754,7.159344,4.362802,5.1312385,2.9236069,0.2277383,0.69542015,27.558933,0.46931154,7.267306,1.3624278,8.396933,1.7264467,-4.068462,-3.559962,0.020342631,1.5275642,1.2040555,0.75831074,7.505187,0.3727465,2.7826588,2.5581899,30.465025,0.28352585,604.98145,0.29426333,1422.2816,0.14439267,-114.7072,-0.82015914,1651.0566,0.15381427,1107.0934,0.32749814,-119.739136,-0.7156602,2745.7097,0.086706355,915.07684,0.40054736,-123.19523,-0.66453695,-16.698555,-0.32963556,27.780937,0.30084887,0.028297167,0.69298816,-0.027805412,-0.6201053,0.31824052,0.5049516,36.75447,0.22639391,5.5278697,1.5083749,2.406315,6.3587804,-12.081397,-1.1259143,-11.614072,19.779217,-0.004082667,-0.0018556964,0.15681766,3.536068,2.7065527,0.15631579,0.1613173,0.19210525,0.10630537,-24.062946
30.96063,0.12609027,29.4099,30.500198,32.786186,3.3762856,177.98286,163.9605,69.00393,85.684044,0.6736426,0.5310858,0.34924057,0.6019452,0.94347715,0.5942366,7.469338,4.8989706,6.0227237,3.0514135,0.2856578,0.7198999,24.706638,0.58232605,8.248905,1.4630241,12.667694,1.1260456,1.1073784,11.624022,0.02215565,1.4195266,0.9971381,0.77102906,7.631491,0.34565595,9.952809,1.3399991,29.927835,0.3257697,599.8228,0.40247706,1410.8553,0.17267534,-109.29045,-0.8436957,1658.1781,0.16785397,1120.0593,0.32406926,-112.594284,-0.75708544,2734.3643,0.104522206,989.45966,0.39885432,-115.44583,-0.711911,-16.397217,-0.5115154,26.755974,0.31965458,0.032608327,0.6293637,-0.014147663,-1.0305715,0.38304427,0.51479685,34.2873,0.2767081,7.152476,1.8178376,13.815723,1.188748,-0.12584315,-103.84817,-9.912011,18.258,0.010613774,0.000321346,0.19298717,3.3857317,2.676399,0.17545454,0.13186519,0.17,0.118468486,-22.21331
29.15967,0.13305235,26.447147,30.030445,31.752888,5.3057404,278.0511,313.79175,104.32844,113.595215,0.6021559,0.75130975,0.24243337,0.4543816,0.8689544,0.62652105,6.742455,3.91773,4.9363437,2.835843,0.27942505,0.9206958,26.264648,0.46929413,2.8976765,3.763861,12.549009,1.0229186,6.831406,1.82438,0.045893468,1.6369866,1.1865106,0.5952441,5.099759,0.5654066,-2.1840322,-3.5327926,20.715717,0.4265609,491.64697,0.41294408,1293.8624,0.15365517,-130.07182,-0.6977117,1512.1183,0.15857759,1023.336,0.29920304,-130.92276,-0.65789926,2585.4587,0.09516282,847.5671,0.36236188,-133.72012,-0.6182515,-14.617092,-0.34272432,25.222485,0.25394732,0.051537786,0.4079883,-0.020002075,-0.7588534,0.44066593,0.5869634,36.20952,0.22112681,0.67286015,15.412952,7.1769705,1.7203226,0.7447659,16.835417,-10.341414,20.215788,0.014702117,0.0049387775,0.18376419,2.8753996,2.1436226,0.16700001,0.12633684,0.2657143,0.23911683,-22.808937
31.951508,0.06393759,30.454,32.270443,33.428936,2.9749355,22.743834,12.073746,8.955315,9.118138,0.7277284,0.6199814,0.33677188,0.5522956,1.1799994,0.8432275,8.782209,5.5815277,8.046033,3.9412897,0.3277686,0.8453944,25.621363,0.4955213,6.300098,1.819359,2.6023302,4.885859,-0.49625978,-26.84374,0.015957968,1.1800064,1.0569782,1.1155528,8.442897,0.31421745,12.251164,0.7050467,34.448036,0.29390988,666.96765,0.34075248,1432.3658,0.17164904,-110.9586,-0.8617785,1733.9353,0.15764962,1081.4597,0.295693,-115.01755,-0.7646289,2855.2205,0.10529789,1017.89966,0.32057995,-118.29148,-0.71395814,-17.728416,-0.46011633,29.151922,0.29183143,0.044370897,0.38959175,-0.024297612,-0.74136615,0.501244,0.52186865,34.508633,0.2558163,6.022554,2.3492522,4.5097394,3.456486,-7.7007627,-1.8635529,-8.848871,16.892235,0.01077601,-0.0011925624,0.17676142,3.0942335,2.124646,0.212,0.14124212,0.223125,0.33668825,-19.199678
33.165253,0.1009453,31.875727,32.84922,34.18433,2.3086033,74.31995,87.355835,75.69311,91.94484,0.9057746,0.56742823,0.3655996,0.78309554,1.4480772,1.0824776,12.123404,7.8967843,10.77886,6.540854,0.34303045,0.80403244,15.579169,0.77495843,5.1505113,2.0705373,-1.7777141,-7.0356474,-1.7450614,-6.113235,0.011145295,0.97265446,0.8994548,1.0141243,7.519534,0.36532316,2.2579544,3.1345773,18.107405,0.55022573,653.16595,0.36388695,1412.8806,0.19385527,-117.776405,-0.78956944,1674.6124,0.17355466,1152.4191,0.33145306,-116.30995,-0.7642934,2682.7485,0.104883604,1052.2028,0.29054272,-118.57205,-0.7284807,-8.71956,-0.74663377,18.725174,0.44221732,0.04605952,0.3607145,-0.019027887,-0.68578297,0.50555,0.50087565,22.549652,0.4314467,1.8990694,5.689083,-4.1910486,-3.7359674,-5.008438,-2.5536666,-5.207816,12.96769,0.017196953,-0.005163922,0.21640721,4.223228,3.0395138,0.138,0.12085527,0.16238093,0.17901595,-22.126177
35.591923,0.08430942,34.684174,35.705624,37.309895,2.625721,70.01526,86.272354,51.661304,34.384205,0.57446706,0.53416604,0.28781292,0.48932108,0.9074643,0.61965144,8.329253,5.4840994,5.5548816,3.160091,0.21877524,0.79141563,20.814642,0.7306157,14.244795,0.80085,4.0392833,4.0424166,-3.7190802,-3.164999,0.021637594,2.0012286,0.89198726,0.9879934,9.255763,0.35727426,6.3230596,1.3642198,27.281975,0.30190104,636.4468,0.3049828,1435.9812,0.16583468,-108.98777,-0.82841325,1704.2014,0.16287667,981.18494,0.27865836,-108.24685,-0.77187806,2781.7847,0.092835456,980.588,0.3598772,-111.65906,-0.7177295,-16.706232,-0.4203125,27.282604,0.30952197,0.054623056,0.36888897,-0.026263302,-0.47984874,0.29192516,0.6385035,28.90479,0.4078244,12.860746,0.88791513,1.9698806,9.592819,-7.5583825,-1.5283968,-9.740088,17.374176,0.024548324,-0.013997104,0.14093386,4.4925127,3.1932774,0.15473685,0.11722081,0.13842104,0.12516358,-24.363855
28.619574,0.09593737,26.880142,27.411627,29.218222,2.3380795,38.94164,14.255741,9.278993,6.843518,0.61405194,0.21789037,0.50218004,0.6136053,0.72521466,0.22303462,3.2699037,1.8283292,2.2463267,0.89000684,0.28659257,0.27480495,32.945354,0.12328762,-3.3133426,-1.8232156,12.877537,0.82822853,-5.2460685,-1.4857597,0.018270565,1.0382439,1.31507,0.5252667,4.5480924,0.36487418,-2.1310427,-4.312804,24.834064,0.22712357,686.2736,0.35025308,1525.8402,0.21010081,-147.52869,-0.55973274,1652.2443,0.15780655,1331.3246,0.3178104,-146.40349,-0.5398777,2731.9922,0.08027016,952.49817,0.3312882,-147.8216,-0.52073556,-15.160462,-0.29146227,26.101547,0.17903584,0.027858164,0.67179996,-0.010326999,-0.796843,0.30613458,0.23853396,35.32537,0.08390098,-0.7948902,-6.469645,11.05362,0.80713326,-10.677535,-0.5987113,-11.649667,21.13997,0.011648889,-0.003679903,0.28057575,4.1584163,3.0,0.088,0.08975523,0.210625,0.17075086,-26.804419
28.450321,0.0872786,25.926153,28.447014,30.58421,4.6580563,56.146606,40.707184,21.059725,13.360844,0.6664349,0.69249153,0.22049762,0.53060704,1.1148192,0.89432156,11.388844,8.171406,7.862837,5.973838,0.25229454,0.9655108,22.022772,0.657998,5.575445,2.2030566,4.584366,2.4783313,3.755881,3.053353,0.015964719,1.2536287,1.1144421,0.9989133,6.55383,0.3863578,1.6947372,3.176268,21.92579,0.34560245,560.0473,0.3873313,1385.3108,0.1390414,-123.57389,-0.7412617,1596.1039,0.18234253,1029.1649,0.32946897,-125.97514,-0.68579227,2645.7683,0.0896136,921.33563,0.29245287,-128.06439,-0.6546541,-13.43719,-0.5342055,21.685005,0.3007067,0.039538424,0.48471257,-0.018985717,-0.973059,0.42537546,0.563163,33.25961,0.3296647,4.120546,3.8446257,10.727465,1.2304304,6.3569508,2.2698812,-6.5475383,15.641111,0.029612191,-0.00075128564,0.13339664,2.8290284,1.980198,0.19874999,0.118842065,0.285,0.45795742,-22.552338
28.365269,0.058910932,27.19195,28.418762,29.3505,2.1585503,48.302223,58.89525,25.801903,16.271093,0.8741431,0.440346,0.45136568,0.8593158,1.2454302,0.7940645,9.656451,6.05234,9.553525,4.0579205,0.43583077,0.6422036,23.169178,0.5664066,9.91066,0.90019536,-0.5480356,-18.692877,-2.0323517,-5.428383,0.017326124,0.7458353,0.9895724,0.81877506,5.4241223,0.39753366,0.14787534,37.526497,25.69727,0.23169611,589.22974,0.3831908,1370.8695,0.120930985,-98.19598,-0.95404404,1601.1973,0.18191168,1078.2753,0.20833199,-100.58497,-0.86528033,2663.1436,0.12458744,971.39465,0.33737895,-105.0331,-0.7903566,-14.434851,-0.346814,24.471397,0.20969982,0.041677196,0.44009492,-0.026718702,-0.6956165,0.5863616,0.43236947,30.848782,0.2668491,9.093258,1.0845544,-1.9499849,-6.600094,-3.6517262,-3.7169292,-8.219342,16.339397,0.015078284,-0.0073459144,0.2649763,5.6644883,3.0837004,0.16642857,0.12309155,0.128,0.09765244,-20.787859
34.056496,0.06323431,31.92812,34.186337,35.664455,3.7363358,23.687315,9.859697,11.695419,10.402141,1.0033431,0.5965958,0.46873832,0.88452274,1.5530654,1.0843271,13.004955,9.709545,12.3518095,7.138656,0.4579549,0.8990795,13.579358,1.3961929,10.342277,1.8204683,-4.4699497,-3.9620364,-3.8276882,-4.3132977,0.0150114,1.7001492,0.8926875,0.9063871,8.292354,0.3768997,1.5167825,5.1320467,21.514887,0.45028526,648.5454,0.30879945,1401.3767,0.14769356,-93.423836,-0.9857958,1708.976,0.1616632,1047.7905,0.27741924,-90.57385,-0.9543643,2778.3804,0.1016802,921.4778,0.35707927,-94.61511,-0.8739626,-11.039479,-0.7905041,22.621328,0.4508596,0.057948306,0.40097922,-0.02513099,-0.6253847,0.59461397,0.6708115,25.184523,0.48434082,7.3039002,2.8630955,-7.000565,-2.7141209,-9.998891,-1.7357426,-0.79573256,8.388549,0.03235366,0.0017245422,0.25988153,3.7037036,2.922078,0.195,0.11354148,0.13294117,0.13800105,-19.040346
27.695808,0.07249208,25.966408,27.704147,28.971243,3.0048351,27.041834,18.31434,14.567249,9.523331,0.4139066,0.61857784,0.17396611,0.37701282,0.61546266,0.44149655,4.3142633,2.7631972,2.7866282,1.4896193,0.14928553,0.8593854,23.429811,0.60243946,4.103943,2.6922185,9.977572,1.3056928,4.660923,2.5105407,0.014062081,1.0791489,0.953894,0.75200784,6.406557,0.39082673,2.3953948,2.5068128,26.020462,0.42640495,588.066,0.33437824,1293.4512,0.14012393,-127.24374,-0.7124698,1669.7437,0.1526544,987.82367,0.28690615,-131.9875,-0.634928,2716.3545,0.12949777,951.73486,0.31677333,-134.60484,-0.59878564,-17.08111,-0.48397255,24.187744,0.2835309,0.03547762,0.6659766,-0.023027783,-0.92977625,0.23858467,0.51961607,35.28649,0.2524249,6.3348184,1.8806846,12.741379,1.2488618,0.73816025,17.742783,-6.922212,17.02667,0.011152742,0.009559648,0.09470345,2.9252439,2.069717,0.17631578,0.14023328,0.272,0.23871742,-27.39467
29.181347,0.10363771,27.034014,28.976452,30.838182,3.8041687,57.145756,95.47169,24.042738,5.023893,0.6601934,0.6186851,0.3622881,0.58915424,0.8398605,0.4775724,8.003217,4.9231157,7.076135,5.758695,0.30179375,0.9824316,19.752357,0.80936277,10.055469,1.1999092,8.9131565,1.9672157,8.585842,1.4445577,0.024229014,0.88326454,1.2752628,0.6741432,5.619191,0.50724226,4.6064177,1.0142462,25.255844,0.2999695,497.44592,0.33550882,1359.8997,0.12129742,-105.98342,-0.86004907,1539.3834,0.13905753,1018.7662,0.298817,-108.67102,-0.7795666,2577.9243,0.0853494,942.26434,0.39029494,-111.295296,-0.7372646,-14.027715,-0.4067573,23.679077,0.29971242,0.043513138,0.48982212,-0.01881405,-0.67473304,0.44928542,0.72831935,28.615992,0.40451485,11.615675,1.0384494,7.142464,2.9475067,8.939354,1.5621138,-6.070995,14.83654,0.034485526,0.0055584987,0.15140752,3.7182,3.3596838,0.14294118,0.09404409,0.12666667,0.16596521,-22.627415
39.60879,0.043608304,38.331753,39.30875,41.904404,3.572651,44.2297,0.0,-9.666011,19.429144,0.686021,0.60223556,0.34488344,0.58065873,1.135381,0.79049754,10.253682,5.007211,9.272931,1.9251984,0.31133255,0.79350525,28.89125,0.32110146,-13.326263,-0.8463829,-3.4777508,-3.2012913,-1.8028916,-3.2443583,0.021524843,0.9979356,1.3094721,0.534368,6.702907,0.33502588,2.2866924,1.644393,24.131813,0.15680999,678.393,0.28270417,1634.0488,0.2101043,-151.07622,-0.5377628,1604.9883,0.093154915,1206.2175,0.13351306,-130.43034,-0.6912118,2687.0413,0.08466793,1070.0718,0.26842022,-136.60457,-0.6018396,-3.7262442,-0.66143584,19.203102,0.16754672,0.050325647,0.2224925,-0.0054168333,-1.1323726,0.53011,0.38838765,37.211258,0.13515662,-24.046854,-0.3720739,-14.990895,-0.59463733,-5.8712287,-1.0618371,-6.192261,16.432861,0.044915967,0.0068513425,0.17232376,4.597701,3.6585367,0.086666666,0.032998316,0.16666666,0.10208928,-25.115955
33.08327,0.07193487,32.10897,33.13898,34.763367,2.654396,74.58769,90.53345,73.980576,71.10039,0.50484884,0.516092,0.25289154,0.47115052,0.71107936,0.45818782,5.737724,3.513831,3.732281,2.1155014,0.18383034,0.74783844,27.318024,0.4549173,-2.6095397,-5.0951457,14.56269,0.7359586,-0.51029545,-22.947193,0.028134385,1.7000705,1.148759,0.7041243,7.3506594,0.37310222,4.0596437,1.747064,23.28678,0.39242345,612.8314,0.3393391,1412.8921,0.13975276,-125.467125,-0.71444136,1652.6616,0.15845199,1084.6088,0.3308677,-125.63215,-0.6743264,2722.193,0.119881295,1079.4647,0.46477428,-128.16171,-0.6384375,-13.858644,-0.5513648,22.986795,0.26946655,0.031864278,0.53215015,-0.012837291,-0.9570689,0.2616985,0.48699558,36.60705,0.18368241,-3.6149209,-4.051543,16.885798,0.7478443,-6.2246737,-2.1226463,-7.593043,12.8147955,0.009762738,0.002685707,0.1292918,2.9372497,2.2849462,0.17470588,0.14192449,0.22888888,0.16636269,-27.703579
33.88543,0.057937574,33.26983,33.92186,34.519043,1.2492142,36.823322,22.402145,17.974634,13.849917,0.76112735,0.5092214,0.4301692,0.64666057,1.0504433,0.62027407,9.179177,6.8827367,6.7652245,4.125534,0.27419695,0.679859,16.760685,0.78196603,6.572405,1.9428061,5.586272,2.0375006,-8.958998,-1.4626882,0.02024076,2.0691745,0.9285795,0.63405335,7.249061,0.35054198,7.150174,1.2464426,21.068708,0.37296772,640.24805,0.33294815,1313.5542,0.11099558,-118.733116,-0.7811486,1701.5739,0.15552662,979.16205,0.25796387,-120.384766,-0.7280207,2777.8289,0.08726941,919.5477,0.35283005,-122.17661,-0.7005541,-10.948713,-0.5423415,19.552282,0.32637894,0.044699326,0.35918787,-0.023501892,-0.5927737,0.39844853,0.475759,25.260519,0.3501427,1.2072589,10.216186,7.597491,1.7361668,-16.411478,-0.889811,-6.514684,12.925379,0.02769065,-0.012634897,0.18010409,4.038772,2.4429967,0.16933332,0.14438221,0.205625,0.22022626,-24.576765
34.44235,0.12523282,32.79499,33.711624,34.870205,2.0752144,253.05405,253.6628,91.634895,132.47716,0.77632755,0.4018803,0.47191024,0.750473,1.040171,0.5682608,7.08136,5.269561,4.783709,2.8518937,0.30070877,0.5887299,25.349527,0.47139397,9.187752,0.9243927,-1.400073,-8.683081,-10.869227,-0.9541852,0.022706198,1.4337413,0.9920919,0.6129716,7.404197,0.4343812,0.5902761,14.427987,23.387897,0.5056235,680.12195,0.25364387,1361.8672,0.16454215,-91.6744,-1.0102949,1760.3987,0.1546294,1103.4231,0.3062917,-98.66128,-0.8628996,2787.3513,0.08511107,1038.477,0.3801312,-101.26259,-0.8142959,-16.978315,-0.29140022,26.353607,0.30259982,0.042644836,0.3623742,-0.035968587,-0.29772478,0.36528996,0.45859066,30.93742,0.32608643,7.972016,1.1798652,-0.3881613,-35.269962,-14.283379,-0.72050464,-11.803197,19.098034,0.02656607,-0.022680594,0.2186079,3.851852,2.8400598,0.19105263,0.21329235,0.15647058,0.19001365,-22.375908
33.87719,0.058169447,32.791016,34.277534,35.23347,2.4424553,35.730675,56.39405,23.279152,24.427282,0.6391405,0.6519481,0.23774919,0.5281268,1.0447915,0.80704224,7.9588275,4.4044933,6.055329,2.6691248,0.24724244,0.7898687,29.267471,0.42415982,-2.2731414,-5.176758,15.424051,1.008155,-2.331041,-4.986511,0.023164464,1.4057243,1.2164433,0.6386833,7.9161334,0.3822836,3.5556417,2.775902,22.54649,0.3768564,596.63855,0.35253426,1394.0092,0.15990259,-51.06893,-1.4791704,1632.1311,0.13912058,1110.0842,0.29621562,-55.736202,-1.2243187,2694.2778,0.09210508,1040.7627,0.32801872,-61.891483,-1.0521294,-13.689213,-0.46205154,24.74226,0.29611617,0.044525217,0.5039911,-0.010215157,-1.4566857,0.29502863,0.63236326,32.36727,0.3370859,-0.9291467,-12.324354,15.459848,1.0602505,-4.1901813,-2.825742,-2.8065662,14.793424,0.019605586,0.018279029,0.04901344,3.8277512,1.4492754,0.54888886,0.45287833,0.15285714,0.13284945,-22.347874
36.309296,0.03267601,35.315125,35.948353,37.498817,2.183693,84.19554,78.48725,16.359554,6.9544444,0.59759426,0.565893,0.20979512,0.6021556,0.91284055,0.7030454,9.418289,4.682785,7.2066164,3.6988976,0.27311906,0.8494586,14.9004135,1.0400271,20.028881,0.5262025,6.886001,1.9870932,-0.0871113,-152.89313,0.018809093,0.8511202,1.0693182,0.79120374,9.948164,0.2507611,13.142489,0.7328058,31.250986,0.23792364,634.88385,0.26234764,1408.8044,0.14276834,-128.52562,-0.68631715,1763.4878,0.14788967,1096.2689,0.3010193,-130.20479,-0.60458964,2799.4639,0.08119092,1019.58704,0.47207734,-130.57693,-0.59883595,-20.904589,-0.35626507,28.269434,0.2942784,0.056570668,0.3409718,-0.029149707,-0.46898738,0.42702734,0.5093766,26.324392,0.34204084,21.044859,0.47496253,7.0714593,2.3238285,-10.437307,-1.0312246,-8.144566,14.894546,0.011112222,-0.0011683417,0.16191752,5.132193,2.3510973,0.17133333,0.12935053,0.21875,0.24834137,-21.993494
27.443377,0.12359017,25.084864,26.837133,29.292114,4.2072506,246.09486,433.38504,39.612522,27.131544,0.70250344,0.66431373,0.26716965,0.57618475,1.1330205,0.86585087,10.693801,5.296297,8.585816,4.068766,0.3512062,0.9458384,25.088736,0.5922783,10.136831,1.1607599,3.7865002,3.8522897,-7.0870543,-2.4542308,0.021359453,1.4648017,1.409017,0.7827333,5.235376,0.44639462,0.105229035,46.039745,25.782928,0.31871,564.0679,0.40520656,1262.3934,0.12637801,-92.556786,-1.0194888,1633.3724,0.19713607,930.82513,0.19791092,-97.75561,-0.88287455,2700.325,0.117470816,879.0329,0.34067604,-101.51014,-0.8168917,-15.9248295,-0.45152882,25.988691,0.29383183,0.058984213,0.28655386,-0.031130135,-0.72255003,0.49810597,0.69159895,32.408268,0.3428723,9.941063,1.0347806,4.1687727,3.9145255,-13.687844,-1.3362612,-7.6755605,16.958544,0.035263985,-0.00352975,0.1736386,3.3519554,3.5714288,0.1463158,0.122009926,0.112631574,0.11529559,-19.78745
26.924059,0.06829751,25.137236,27.239199,28.584797,3.4475613,35.406734,23.4482,25.084473,11.2378645,0.86607045,0.5337834,0.44683585,0.7239194,1.3627135,0.9158776,10.928586,6.466153,9.581063,5.2423058,0.39337656,0.7282555,20.77276,0.51249766,8.758784,1.1486322,-0.012487452,-819.02814,-3.1853244,-3.6835053,0.019628925,0.8942864,0.9881666,1.0366477,5.1302705,0.42927715,-1.4771824,-3.1726477,20.105553,0.33180907,697.2458,0.35978445,1362.8605,0.15606594,-134.75233,-0.6558333,1671.459,0.15559886,1061.8635,0.25575888,-136.10643,-0.6238236,2746.1274,0.11203749,862.4423,0.29705715,-138.26724,-0.59329313,-12.074986,-0.33146617,21.534056,0.24558131,0.05259082,0.39960995,-0.025320413,-0.6360533,0.63972795,0.39479053,28.955547,0.23521654,2.572294,4.1886897,-0.24306627,-53.671387,-5.4861364,-3.1720977,-10.406391,17.619507,0.02835536,-0.016750056,0.26921397,3.508772,2.8938909,0.10833333,0.09782354,0.21611111,0.30668727,-21.127247
34.57523,0.05970467,33.44876,34.388954,35.8775,2.4287376,16.353994,5.749013,-8.287023,23.974789,0.5419412,0.6794617,0.19597946,0.46401033,0.8707653,0.67478585,6.7243114,3.5040185,5.9259963,2.7355325,0.19260192,0.8881158,21.635477,0.68890744,2.6070642,5.5155334,10.092878,1.5654665,-12.209576,-1.3643488,0.013618637,1.0660102,1.0340998,0.7700656,8.150632,0.36943886,5.773775,1.6093282,24.405539,0.37866482,612.2153,0.3318583,1430.2992,0.15203466,-92.22524,-1.0162748,1653.1447,0.14459954,1143.7651,0.3248032,-94.645134,-0.9121451,2745.7195,0.08685143,925.43164,0.49119666,-97.67073,-0.8559291,-12.224973,-0.6690513,23.03854,0.3874666,0.06597592,0.30217955,-0.015129612,-0.87421906,0.27005336,0.6082679,30.032614,0.34166738,0.3857975,41.4344,8.55639,2.0589042,-19.787197,-0.84007466,-5.006286,12.265913,0.03708386,0.006700887,0.087865256,3.425775,2.4671054,0.22666666,0.17544863,0.148125,0.1744713,-25.965876
29.343103,0.11723042,28.37986,30.132322,31.343117,2.9632568,367.1564,458.83902,56.812298,48.3328,0.5139685,0.61145157,0.18843329,0.4753029,0.7642604,0.5758271,7.380871,4.709654,4.7888155,3.2848814,0.21107206,0.8211062,24.43867,0.4824916,10.026195,1.1321539,6.4836097,2.3192103,0.8489775,14.212849,0.043995403,2.2127657,1.2387586,0.6865612,5.7902865,0.5107898,4.8953104,1.3147547,28.033913,0.31005895,591.02246,0.3294128,1421.5831,0.13194273,-118.78729,-0.7635016,1627.784,0.15436329,1138.1982,0.34057698,-123.417114,-0.682733,2724.7717,0.08608475,929.97406,0.27303234,-126.56464,-0.637284,-16.705442,-0.36975542,27.33181,0.3059629,0.04620543,0.38807467,-0.022363666,-0.6627055,0.30252248,0.5260931,31.667208,0.30634755,13.065281,0.7913983,6.3643203,2.7060053,-3.8584123,-3.6229868,-10.630852,20.341604,0.032938667,0.0016825573,0.14376901,3.0349016,3.058104,0.13149999,0.08776532,0.1745,0.2191911,-26.129808
33.15792,0.1696471,30.774506,32.95037,36.721745,5.947239,228.53304,169.65833,56.574062,24.249542,1.0446403,0.43217197,0.63848776,0.9422317,1.4356109,0.79712313,7.701537,4.6274705,5.959957,2.5944917,0.5016364,0.67323446,25.429758,0.42510468,3.1214244,3.4941845,1.912102,7.2821865,-12.136008,-0.72889924,0.03344058,1.743144,1.0764533,0.54887366,6.204356,0.47099933,4.4278007,1.998814,25.762568,0.33717477,593.95483,0.3580282,1338.8002,0.14382678,-85.79307,-1.0931517,1614.7924,0.15179263,1119.9174,0.29419687,-86.59365,-0.9794013,2671.5076,0.082995355,954.86304,0.26795986,-90.80478,-0.8990127,-14.289522,-0.44570333,24.993326,0.3372054,0.055575736,0.2935776,-0.02777759,-0.47457555,0.57906413,0.5835521,28.969799,0.32996243,5.0497513,1.9406309,0.47148502,33.122097,-12.011332,-0.77139056,-8.124143,17.15142,0.042950775,-0.0141662825,0.38418642,3.169572,3.1948884,0.1835,0.14533669,0.119444445,0.07374673,-18.889585
25.251087,0.14158289,22.13258,25.09292,28.009253,5.8766727,314.99805,668.0837,47.87787,22.160454,0.5343369,0.5219047,0.30195057,0.45999193,0.7714014,0.46945083,6.801305,5.007516,3.4715867,1.5363269,0.2494934,0.67079073,33.773304,0.3635762,3.32938,3.377367,14.859922,1.0249608,-2.180797,-5.891806,0.031259038,1.4169542,1.1666746,0.78815806,4.412318,0.5448308,2.9609866,1.927313,27.61128,0.34012425,539.1691,0.3268593,1363.5071,0.15281259,-90.58973,-0.99624187,1606.1378,0.15265645,1107.572,0.30882928,-97.92955,-0.8437992,2659.3164,0.09665163,1019.0137,0.2769301,-101.44348,-0.7856921,-17.910673,-0.43198794,27.493254,0.2784729,0.0194337,1.195934,-0.022222746,-0.7936673,0.32059506,0.5186474,39.603798,0.24221604,3.3468723,3.9522028,18.235495,0.92981666,-4.849245,-2.5235817,-12.821617,22.723415,0.00661651,-0.0011145105,0.15780906,3.3587787,3.2307692,0.1695238,0.1147036,0.114090905,0.055486206,-24.58413
